time,load_kwh,pv_kwh,price,soc_current,soc_next,requested_command_kw,command_kw,charge_kw,discharge_kw,grid_import_kwh,electricity_cost,degradation_cost,reward
2019-11-11 04:00:00,74.559530249183,0.0,0.1,0.5,0.2368421052631579,-125.0,-125.0,0.0,125.0,-50.440469750817,0.0,5.263157894736842,-5.263157894736842
2019-11-11 05:00:00,75.1790098541809,0.0,0.1,0.2368421052631579,0.2368421052631579,0.0,0.0,0.0,-0.0,75.1790098541809,7.517900985418091,0.0,-7.517900985418091
2019-11-11 06:00:00,76.83969087446215,0.8513291636712196,0.1,0.2368421052631579,0.1,-250.0,-65.0,0.0,65.0,10.988361710790926,1.0988361710790926,2.736842105263158,-3.8356782763422506
2019-11-11 07:00:00,83.34081900369799,24.375944444444443,0.18,0.1,0.1,-250.0,-0.0,-0.0,0.0,58.964874559253545,10.613677420665638,0.0,-10.613677420665638
2019-11-11 08:00:00,79.04499479646377,52.36814696969696,0.18,0.1,0.1,0.0,0.0,0.0,-0.0,26.67684782676681,4.801832608818025,0.0,-4.801832608818025
2019-11-11 09:00:00,84.77046467166511,79.22326923076922,0.18,0.1,0.1,-125.0,-0.0,-0.0,0.0,5.547195440895891,0.9984951793612603,0.0,-0.9984951793612603
2019-11-11 10:00:00,94.50340332532171,90.12807708333334,0.18,0.1,0.1,-250.0,-0.0,-0.0,0.0,4.375326241988375,0.7875587235579076,0.0,-0.7875587235579076
2019-11-11 11:00:00,95.00357625464129,81.04171590909091,0.18,0.1,0.575,250.0,250.0,250.0,0.0,263.96186034555035,47.51313486219906,9.5,-57.01313486219906
2019-11-11 12:00:00,89.3053698826706,76.2750423076923,0.18,0.575,0.31184210526315786,-125.0,-125.0,0.0,125.0,-111.9696724250217,0.0,5.263157894736842,-5.263157894736842
2019-11-11 13:00:00,84.75907453428992,57.53093611111111,0.18,0.31184210526315786,0.31184210526315786,0.0,0.0,0.0,-0.0,27.228138423178812,4.901064916172186,0.0,-4.901064916172186
2019-11-11 14:00:00,81.7314834843874,44.88780606060606,0.18,0.31184210526315786,0.1,-250.0,-100.62499999999999,0.0,100.62499999999999,-63.78132257621865,0.0,4.2368421052631575,-4.2368421052631575
2019-11-11 15:00:00,79.89865589566918,23.790312564102564,0.18,0.1,0.1,-250.0,-0.0,-0.0,0.0,56.108343331566616,10.09950179968199,0.0,-10.09950179968199
2019-11-11 16:00:00,79.00864308229974,5.219202762201454,0.32,0.1,0.1,-125.0,-0.0,-0.0,0.0,73.7894403200983,23.612620902431456,0.0,-23.612620902431456
2019-11-11 17:00:00,78.6046927723206,0.0,0.32,0.1,0.1,-250.0,-0.0,-0.0,0.0,78.6046927723206,25.153501687142594,0.0,-25.153501687142594
2019-11-11 18:00:00,80.71624675533228,0.0,0.32,0.1,0.1,-250.0,-0.0,-0.0,0.0,80.71624675533228,25.82919896170633,0.0,-25.82919896170633
2019-11-11 19:00:00,79.5755961464227,0.0,0.32,0.1,0.1,0.0,0.0,0.0,-0.0,79.5755961464227,25.464190766855264,0.0,-25.464190766855264
2019-11-11 20:00:00,78.87454168707478,0.0,0.32,0.1,0.1,0.0,0.0,0.0,-0.0,78.87454168707478,25.23985333986393,0.0,-25.23985333986393
2019-11-11 21:00:00,77.61231979043929,0.0,0.32,0.1,0.1,-250.0,-0.0,-0.0,0.0,77.61231979043929,24.835942332940572,0.0,-24.835942332940572
2019-11-11 22:00:00,77.93055816295755,0.0,0.1,0.1,0.1,-250.0,-0.0,-0.0,0.0,77.93055816295755,7.793055816295755,0.0,-7.793055816295755
2019-11-11 23:00:00,77.3422136705679,0.0,0.1,0.1,0.1,-250.0,-0.0,-0.0,0.0,77.3422136705679,7.73422136705679,0.0,-7.73422136705679
2019-11-12 00:00:00,77.2113114533674,0.0,0.1,0.1,0.1,0.0,0.0,0.0,-0.0,77.2113114533674,7.721131145336741,0.0,-7.721131145336741
2019-11-12 01:00:00,75.61428029516918,0.0,0.1,0.1,0.1,-250.0,-0.0,-0.0,0.0,75.61428029516918,7.561428029516918,0.0,-7.561428029516918
2019-11-12 02:00:00,77.09460127203549,0.0,0.1,0.1,0.1,0.0,0.0,0.0,-0.0,77.09460127203549,7.709460127203549,0.0,-7.709460127203549
2019-11-12 03:00:00,76.72317306551489,0.0,0.1,0.1,0.1,-125.0,-0.0,-0.0,0.0,76.72317306551489,7.672317306551489,0.0,-7.672317306551489
2019-11-12 04:00:00,76.63961570012451,0.0,0.1,0.1,0.1,-250.0,-0.0,-0.0,0.0,76.63961570012451,7.663961570012451,0.0,-7.663961570012451
2019-11-12 05:00:00,76.53417471383986,0.0,0.1,0.1,0.3375,125.0,125.0,125.0,0.0,201.53417471383986,20.15341747138399,4.75,-24.90341747138399
2019-11-12 06:00:00,76.43525957070948,0.6745580397795349,0.1,0.3375,0.1,-250.0,-112.81250000000001,0.0,112.81250000000001,-37.05179846907008,0.0,4.75,-4.75
2019-11-12 07:00:00,81.48677798308238,22.06728111111111,0.18,0.1,0.1,-250.0,-0.0,-0.0,0.0,59.41949687197126,10.695509436954827,0.0,-10.695509436954827
2019-11-12 08:00:00,86.59237279635643,51.68672272727272,0.18,0.1,0.3375,125.0,125.0,125.0,0.0,159.90565006908372,28.783017012435067,4.75,-33.53301701243507
2019-11-12 09:00:00,89.39109422492994,63.698838461538465,0.18,0.3375,0.3375,0.0,0.0,0.0,-0.0,25.69225576339148,4.624606037410466,0.0,-4.624606037410466
2019-11-12 10:00:00,90.87536416165487,70.7670625,0.18,0.3375,0.3375,0.0,0.0,0.0,-0.0,20.108301661654878,3.619494299097878,0.0,-3.619494299097878
2019-11-12 11:00:00,98.52989272722947,83.68757575757576,0.18,0.3375,0.3375,0.0,0.0,0.0,-0.0,14.842316969653709,2.6716170545376676,0.0,-2.6716170545376676
2019-11-12 12:00:00,95.32242833193033,63.002935897435904,0.18,0.3375,0.3375,0.0,0.0,0.0,-0.0,32.31949243449442,5.817508638208996,0.0,-5.817508638208996
2019-11-12 13:00:00,98.12791512804024,72.56424722222222,0.18,0.3375,0.3375,0.0,0.0,0.0,-0.0,25.563667905818022,4.601460223047244,0.0,-4.601460223047244
2019-11-12 14:00:00,94.23969241587245,40.88270166666666,0.18,0.3375,0.1,-250.0,-112.81250000000001,0.0,112.81250000000001,-59.45550925079422,0.0,4.75,-4.75
2019-11-12 15:00:00,99.5822038911572,27.29310923076923,0.18,0.1,0.3375,125.0,125.0,125.0,0.0,197.28909466038797,35.512037038869835,4.75,-40.262037038869835
2019-11-12 16:00:00,93.0428436395298,5.3354891796469355,0.32,0.3375,0.8125,250.0,250.0,250.0,0.0,337.7073544598829,108.06635342716253,9.5,-117.56635342716253
2019-11-12 17:00:00,87.60395960281163,0.0,0.32,0.8125,0.549342105263158,-125.0,-125.0,0.0,125.0,-37.39604039718837,0.0,5.263157894736841,-5.263157894736841
2019-11-12 18:00:00,86.17016792371616,0.0,0.32,0.549342105263158,0.549342105263158,0.0,0.0,0.0,-0.0,86.17016792371616,27.574453735589174,0.0,-27.574453735589174
2019-11-12 19:00:00,83.70825610881617,0.0,0.32,0.549342105263158,0.9,250.0,184.5567867036011,184.5567867036011,0.0,268.2650428124173,85.84481369997353,7.013157894736841,-92.85797159471036
2019-11-12 20:00:00,85.4287145386566,0.0,0.32,0.9,0.6368421052631579,-125.0,-125.0,0.0,125.0,-39.57128546134339,0.0,5.2631578947368425,-5.2631578947368425
2019-11-12 21:00:00,82.28122746933671,0.0,0.32,0.6368421052631579,0.3736842105263158,-125.0,-125.0,0.0,125.0,-42.71877253066329,0.0,5.263157894736842,-5.263157894736842
2019-11-12 22:00:00,81.9962633002465,0.0,0.1,0.3736842105263158,0.10000000000000003,-250.0,-129.99999999999997,0.0,129.99999999999997,-48.003736699753475,0.0,5.473684210526315,-5.473684210526315
2019-11-12 23:00:00,77.51591494877404,0.0,0.1,0.10000000000000003,0.3375,125.0,125.0,125.0,0.0,202.51591494877403,20.251591494877403,4.75,-25.001591494877403
2019-11-13 00:00:00,77.94855103265621,0.0,0.1,0.3375,0.3375,0.0,0.0,0.0,-0.0,77.94855103265621,7.794855103265622,0.0,-7.794855103265622
2019-11-13 01:00:00,79.31709149308537,0.0,0.1,0.3375,0.3375,0.0,0.0,0.0,-0.0,79.31709149308537,7.931709149308538,0.0,-7.931709149308538
2019-11-13 02:00:00,79.94213364374279,0.0,0.1,0.3375,0.1,-250.0,-112.81250000000001,0.0,112.81250000000001,-32.87036635625722,0.0,4.75,-4.75
2019-11-13 03:00:00,77.36651271287383,0.0,0.1,0.1,0.1,-250.0,-0.0,-0.0,0.0,77.36651271287383,7.736651271287383,0.0,-7.736651271287383
2019-11-13 04:00:00,78.06430430019317,0.0,0.1,0.1,0.1,-250.0,-0.0,-0.0,0.0,78.06430430019317,7.806430430019318,0.0,-7.806430430019318
2019-11-13 05:00:00,78.35526963769115,0.0,0.1,0.1,0.3375,125.0,125.0,125.0,0.0,203.35526963769115,20.335526963769116,4.75,-25.085526963769116
2019-11-13 06:00:00,84.2687184663732,0.47479535106637916,0.1,0.3375,0.1,-250.0,-112.81250000000001,0.0,112.81250000000001,-29.01857688469319,0.0,4.75,-4.75
2019-11-13 07:00:00,87.70679103070377,12.140319374999999,0.18,0.1,0.1,-250.0,-0.0,-0.0,0.0,75.56647165570377,13.601964898026678,0.0,-13.601964898026678
2019-11-13 08:00:00,86.84218978351299,42.122730909090905,0.18,0.1,0.3375,125.0,125.0,125.0,0.0,169.7194588744221,30.549502597395975,4.75,-35.29950259739597
2019-11-13 09:00:00,90.35098467883482,68.54232051282051,0.18,0.3375,0.3375,0.0,0.0,0.0,-0.0,21.80866416601431,3.9255595498825757,0.0,-3.9255595498825757
2019-11-13 10:00:00,92.10416013618853,84.510725,0.18,0.3375,0.3375,0.0,0.0,0.0,-0.0,7.593435136188532,1.3668183245139356,0.0,-1.3668183245139356
2019-11-13 11:00:00,95.48965344642926,95.23302272727273,0.18,0.3375,0.3375,0.0,0.0,0.0,-0.0,0.2566307191565329,0.046193529448175924,0.0,-0.046193529448175924
2019-11-13 12:00:00,92.53295975514226,59.53386871794872,0.18,0.3375,0.3375,0.0,0.0,0.0,-0.0,32.99909103719354,5.939836386694837,0.0,-5.939836386694837
2019-11-13 13:00:00,92.91785375068098,48.21968111111111,0.18,0.3375,0.3375,0.0,0.0,0.0,-0.0,44.69817263956987,8.045671075122575,0.0,-8.045671075122575
2019-11-13 14:00:00,90.26656696953438,39.98755727272727,0.18,0.3375,0.1,-125.0,-112.81250000000001,0.0,112.81250000000001,-62.533490303192906,0.0,4.75,-4.75
2019-11-13 15:00:00,87.00989514441633,20.318015833333334,0.18,0.1,0.3375,125.0,125.0,125.0,0.0,191.691879311083,34.50453827599494,4.75,-39.25453827599494
2019-11-13 16:00:00,87.83403216840627,3.483370678219108,0.32,0.3375,0.8125,250.0,250.0,250.0,0.0,334.3506614901872,106.9922116768599,9.5,-116.4922116768599
2019-11-13 17:00:00,88.44344401459426,0.0,0.32,0.8125,0.549342105263158,-125.0,-125.0,0.0,125.0,-36.55655598540574,0.0,5.263157894736841,-5.263157894736841
2019-11-13 18:00:00,89.89444150428363,0.0,0.32,0.549342105263158,0.549342105263158,0.0,0.0,0.0,-0.0,89.89444150428363,28.766221281370765,0.0,-28.766221281370765
2019-11-13 19:00:00,88.19819331085212,0.0,0.32,0.549342105263158,0.9,250.0,184.5567867036011,184.5567867036011,0.0,272.7549800144532,87.28159360462503,7.013157894736841,-94.29475149936187
2019-11-13 20:00:00,85.78291096668913,0.0,0.32,0.9,0.6368421052631579,-125.0,-125.0,0.0,125.0,-39.21708903331087,0.0,5.2631578947368425,-5.2631578947368425
2019-11-13 21:00:00,81.65723892430756,0.0,0.32,0.6368421052631579,0.3736842105263158,-125.0,-125.0,0.0,125.0,-43.34276107569244,0.0,5.263157894736842,-5.263157894736842
2019-11-13 22:00:00,82.65326466680108,0.0,0.1,0.3736842105263158,0.10000000000000003,-250.0,-129.99999999999997,0.0,129.99999999999997,-47.34673533319889,0.0,5.473684210526315,-5.473684210526315
2019-11-13 23:00:00,80.88155817559428,0.0,0.1,0.10000000000000003,0.3375,125.0,125.0,125.0,0.0,205.88155817559428,20.58815581755943,4.75,-25.33815581755943
2019-11-14 00:00:00,81.32587506733464,0.0,0.1,0.3375,0.1,-125.0,-112.81250000000001,0.0,112.81250000000001,-31.48662493266538,0.0,4.75,-4.75
2019-11-14 01:00:00,78.78744771551865,0.0,0.1,0.1,0.1,-125.0,-0.0,-0.0,0.0,78.78744771551865,7.878744771551865,0.0,-7.878744771551865
2019-11-14 02:00:00,81.62785895352341,0.0,0.1,0.1,0.3375,125.0,125.0,125.0,0.0,206.6278589535234,20.662785895352343,4.75,-25.412785895352343
2019-11-14 03:00:00,82.74818418803419,0.0,0.1,0.3375,0.575,125.0,125.0,125.0,0.0,207.7481841880342,20.77481841880342,4.749999999999998,-25.52481841880342
2019-11-14 04:00:00,81.94653785980101,0.0,0.1,0.575,0.31184210526315786,-125.0,-125.0,0.0,125.0,-43.05346214019899,0.0,5.263157894736842,-5.263157894736842
2019-11-14 05:00:00,79.51143352171448,0.0,0.1,0.31184210526315786,0.1,-125.0,-100.62499999999999,0.0,100.62499999999999,-21.113566478285506,0.0,4.2368421052631575,-4.2368421052631575
2019-11-14 06:00:00,84.99646453832544,0.37716923076923076,0.1,0.1,0.3375,125.0,125.0,125.0,0.0,209.61929530755623,20.961929530755626,4.75,-25.711929530755626
2019-11-14 07:00:00,87.41534823884298,9.132399444444445,0.18,0.3375,0.3375,0.0,0.0,0.0,-0.0,78.28294879439854,14.090930782991736,0.0,-14.090930782991736
2019-11-14 08:00:00,90.74477078058288,52.01779666666667,0.18,0.3375,0.1,-125.0,-112.81250000000001,0.0,112.81250000000001,-74.0855258860838,0.0,4.75,-4.75
2019-11-14 09:00:00,97.56666607286087,77.99791282051282,0.18,0.1,0.575,250.0,250.0,250.0,0.0,269.5687532523481,48.52237558542265,9.5,-58.02237558542265
2019-11-14 10:00:00,103.22399362062212,90.15320833333334,0.18,0.575,0.575,0.0,0.0,0.0,-0.0,13.070785287288786,2.3527413517119813,0.0,-2.3527413517119813
2019-11-14 11:00:00,101.25158261653934,93.56169545454546,0.18,0.575,0.575,0.0,0.0,0.0,-0.0,7.68988716199388,1.3841796891588984,0.0,-1.3841796891588984
2019-11-14 12:00:00,98.81735996948717,80.89243307692308,0.18,0.575,0.31184210526315786,-125.0,-125.0,0.0,125.0,-107.07507310743591,0.0,5.263157894736842,-5.263157894736842
2019-11-14 13:00:00,91.80125188289958,66.43029090909091,0.18,0.31184210526315786,0.31184210526315786,0.0,0.0,0.0,-0.0,25.370960973808664,4.566772975285559,0.0,-4.566772975285559
2019-11-14 14:00:00,94.19263459811727,46.956608787878785,0.18,0.31184210526315786,0.1,-125.0,-100.62499999999999,0.0,100.62499999999999,-53.388974189761505,0.0,4.2368421052631575,-4.2368421052631575
2019-11-14 15:00:00,87.49240674869523,20.683118846153846,0.18,0.1,0.3375,125.0,125.0,125.0,0.0,191.80928790254137,34.52567182245745,4.75,-39.27567182245745
2019-11-14 16:00:00,82.91928823147775,6.487640617860852,0.32,0.3375,0.8125,250.0,250.0,250.0,0.0,326.4316476136169,104.45812723635741,9.5,-113.95812723635741
2019-11-14 17:00:00,80.40728491259323,0.0,0.32,0.8125,0.549342105263158,-125.0,-125.0,0.0,125.0,-44.59271508740677,0.0,5.263157894736841,-5.263157894736841
2019-11-14 18:00:00,80.26516463149908,0.0,0.32,0.549342105263158,0.549342105263158,0.0,0.0,0.0,-0.0,80.26516463149908,25.684852682079704,0.0,-25.684852682079704
2019-11-14 19:00:00,83.07649527629128,0.0,0.32,0.549342105263158,0.9,250.0,184.5567867036011,184.5567867036011,0.0,267.6332819798924,85.64265023356556,7.013157894736841,-92.6558081283024
2019-11-14 20:00:00,83.31713309525117,0.0,0.32,0.9,0.6368421052631579,-125.0,-125.0,0.0,125.0,-41.682866904748835,0.0,5.2631578947368425,-5.2631578947368425
2019-11-14 21:00:00,77.99046565761412,0.0,0.32,0.6368421052631579,0.3736842105263158,-125.0,-125.0,0.0,125.0,-47.00953434238588,0.0,5.263157894736842,-5.263157894736842
2019-11-14 22:00:00,75.85573985645426,0.0,0.1,0.3736842105263158,0.10000000000000003,-250.0,-129.99999999999997,0.0,129.99999999999997,-54.14426014354571,0.0,5.473684210526315,-5.473684210526315
2019-11-14 23:00:00,73.9878244711592,0.0,0.1,0.10000000000000003,0.1,-250.0,-1.3183898417423734e-14,0.0,1.3183898417423734e-14,73.98782447115919,7.398782447115919,5.551115123125783e-16,-7.39878244711592
2019-11-15 00:00:00,74.40288416021886,0.0,0.1,0.1,0.1,0.0,0.0,0.0,-0.0,74.40288416021886,7.440288416021886,0.0,-7.440288416021886
2019-11-15 01:00:00,75.27129716202943,0.0,0.1,0.1,0.1,-250.0,-0.0,-0.0,0.0,75.27129716202943,7.527129716202943,0.0,-7.527129716202943
2019-11-15 02:00:00,75.50706670526453,0.0,0.1,0.1,0.1,0.0,0.0,0.0,-0.0,75.50706670526453,7.550706670526454,0.0,-7.550706670526454
2019-11-15 03:00:00,73.30556568768552,0.0,0.1,0.1,0.1,-125.0,-0.0,-0.0,0.0,73.30556568768552,7.330556568768552,0.0,-7.330556568768552
2019-11-15 04:00:00,73.07865367426001,0.0,0.1,0.1,0.3375,125.0,125.0,125.0,0.0,198.07865367426,19.807865367426004,4.75,-24.557865367426004
2019-11-15 05:00:00,72.96410121566758,0.0,0.1,0.3375,0.1,-125.0,-112.81250000000001,0.0,112.81250000000001,-39.84839878433243,0.0,4.75,-4.75
2019-11-15 06:00:00,75.59898425173263,0.25234251138269825,0.1,0.1,0.1,-250.0,-0.0,-0.0,0.0,75.34664174034994,7.534664174034994,0.0,-7.534664174034994
2019-11-15 07:00:00,85.29834276502082,24.275444444444446,0.18,0.1,0.1,-250.0,-0.0,-0.0,0.0,61.022898320576374,10.984121697703747,0.0,-10.984121697703747
2019-11-15 08:00:00,86.02194335545491,47.37386060606061,0.18,0.1,0.3375,125.0,125.0,125.0,0.0,163.6480827493943,29.45665489489097,4.75,-34.206654894890974
2019-11-15 09:00:00,93.04584100028296,75.76326666666667,0.18,0.3375,0.3375,0.0,0.0,0.0,-0.0,17.282574333616296,3.110863380050933,0.0,-3.110863380050933
2019-11-15 10:00:00,95.0366538007526,91.88602083333332,0.18,0.3375,0.3375,0.0,0.0,0.0,-0.0,3.150632967419284,0.5671139341354711,0.0,-0.5671139341354711
2019-11-15 11:00:00,96.08660353892802,96.2101015151515,0.18,0.3375,0.3375,0.0,0.0,0.0,-0.0,-0.12349797622349001,0.0,0.0,-0.0
2019-11-15 12:00:00,94.15058260025837,91.71217307692307,0.18,0.3375,0.3375,0.0,0.0,0.0,-0.0,2.4384095233353094,0.4389137142003557,0.0,-0.4389137142003557
2019-11-15 13:00:00,97.11035494676207,77.45240833333334,0.18,0.3375,0.3375,0.0,0.0,0.0,-0.0,19.657946613428734,3.538430390417172,0.0,-3.538430390417172
2019-11-15 14:00:00,93.04393960169168,55.541003030303024,0.18,0.3375,0.1,-250.0,-112.81250000000001,0.0,112.81250000000001,-75.30956342861137,0.0,4.75,-4.75
2019-11-15 15:00:00,92.08964183355032,27.162114999999996,0.18,0.1,0.3375,125.0,125.0,125.0,0.0,189.9275268335503,34.186954830039056,4.75,-38.936954830039056
2019-11-15 16:00:00,85.81293476834658,4.387898456645898,0.32,0.3375,0.8125,250.0,250.0,250.0,0.0,331.4250363117007,106.05601161974423,9.5,-115.55601161974423
2019-11-15 17:00:00,86.08349163891714,0.0,0.32,0.8125,0.549342105263158,-125.0,-125.0,0.0,125.0,-38.91650836108286,0.0,5.263157894736841,-5.263157894736841
2019-11-15 18:00:00,86.73117675401194,0.0,0.32,0.549342105263158,0.549342105263158,0.0,0.0,0.0,-0.0,86.73117675401194,27.75397656128382,0.0,-27.75397656128382
2019-11-15 19:00:00,86.12843003601101,0.0,0.32,0.549342105263158,0.9,250.0,184.5567867036011,184.5567867036011,0.0,270.6852167396121,86.61926935667587,7.013157894736841,-93.63242725141271
2019-11-15 20:00:00,87.61842539760549,0.0,0.32,0.9,0.6368421052631579,-125.0,-125.0,0.0,125.0,-37.38157460239451,0.0,5.2631578947368425,-5.2631578947368425
2019-11-15 21:00:00,81.7825231483892,0.0,0.32,0.6368421052631579,0.3736842105263158,-125.0,-125.0,0.0,125.0,-43.2174768516108,0.0,5.263157894736842,-5.263157894736842
2019-11-15 22:00:00,78.12858900272944,0.0,0.1,0.3736842105263158,0.10000000000000003,-250.0,-129.99999999999997,0.0,129.99999999999997,-51.87141099727053,0.0,5.473684210526315,-5.473684210526315
2019-11-15 23:00:00,77.26059422551849,0.0,0.1,0.10000000000000003,0.1,-250.0,-1.3183898417423734e-14,0.0,1.3183898417423734e-14,77.26059422551847,7.726059422551848,5.551115123125783e-16,-7.726059422551849
2019-11-16 00:00:00,75.73665496124681,0.0,0.12,0.1,0.1,-125.0,-0.0,-0.0,0.0,75.73665496124681,9.088398595349616,0.0,-9.088398595349616
2019-11-16 01:00:00,74.85252141238529,0.0,0.12,0.1,0.1,-250.0,-0.0,-0.0,0.0,74.85252141238529,8.982302569486235,0.0,-8.982302569486235
2019-11-16 02:00:00,75.79177326209816,0.0,0.12,0.1,0.1,0.0,0.0,0.0,-0.0,75.79177326209816,9.09501279145178,0.0,-9.09501279145178
2019-11-16 03:00:00,78.5713255598772,0.0,0.12,0.1,0.1,0.0,0.0,0.0,-0.0,78.5713255598772,9.428559067185263,0.0,-9.428559067185263
2019-11-16 04:00:00,77.29046551195746,0.0,0.12,0.1,0.1,-250.0,-0.0,-0.0,0.0,77.29046551195746,9.274855861434895,0.0,-9.274855861434895
2019-11-16 05:00:00,74.71136921442039,0.0,0.12,0.1,0.1,-125.0,-0.0,-0.0,0.0,74.71136921442039,8.965364305730446,0.0,-8.965364305730446
2019-11-16 06:00:00,75.95738488567862,0.3346692547328062,0.12,0.1,0.1,0.0,0.0,0.0,-0.0,75.62271563094582,9.074725875713497,0.0,-9.074725875713497
2019-11-16 07:00:00,75.81053057563956,14.490448611111113,0.12,0.1,0.1,-250.0,-0.0,-0.0,0.0,61.32008196452845,7.358409835743413,0.0,-7.358409835743413
2019-11-16 08:00:00,83.68217735839907,54.550940909090905,0.12,0.1,0.1,0.0,0.0,0.0,-0.0,29.13123644930817,3.4957483739169803,0.0,-3.4957483739169803
2019-11-16 09:00:00,85.77754759772053,78.27656442307692,0.12,0.1,0.1,-250.0,-0.0,-0.0,0.0,7.500983174643608,0.9001179809572329,0.0,-0.9001179809572329
2019-11-16 10:00:00,90.45326217467134,93.3473861111111,0.12,0.1,0.1,-250.0,-0.0,-0.0,0.0,-2.894123936439769,0.0,0.0,-0.0
2019-11-16 11:00:00,91.54132337294696,98.47514848484848,0.12,0.1,0.1,-125.0,-0.0,-0.0,0.0,-6.933825111901513,0.0,0.0,-0.0
2019-11-16 12:00:00,92.61178004665814,93.27504615384616,0.12,0.1,0.1,0.0,0.0,0.0,-0.0,-0.6632661071880221,0.0,0.0,-0.0
2019-11-16 13:00:00,88.0382487286448,73.4151611111111,0.12,0.1,0.1,-250.0,-0.0,-0.0,0.0,14.623087617533699,1.7547705141040437,0.0,-1.7547705141040437
2019-11-16 14:00:00,87.23630305100023,46.82815090909091,0.12,0.1,0.1,-125.0,-0.0,-0.0,0.0,40.408152141909326,4.848978257029119,0.0,-4.848978257029119
2019-11-16 15:00:00,81.50902736569562,18.412868461538462,0.12,0.1,0.575,250.0,250.0,250.0,0.0,313.09615890415716,37.57153906849886,9.5,-47.07153906849886
2019-11-16 16:00:00,80.16329991275629,4.495949017393563,0.12,0.575,0.31184210526315786,-125.0,-125.0,0.0,125.0,-49.33264910463727,0.0,5.263157894736842,-5.263157894736842
2019-11-16 17:00:00,78.6457407437818,0.01860096290002832,0.12,0.31184210526315786,0.1,-125.0,-100.62499999999999,0.0,100.62499999999999,-21.99786021911821,0.0,4.2368421052631575,-4.2368421052631575
2019-11-16 18:00:00,78.76926137991147,0.0,0.12,0.1,0.1,-125.0,-0.0,-0.0,0.0,78.76926137991147,9.452311365589376,0.0,-9.452311365589376
2019-11-16 19:00:00,80.62075004550563,0.0,0.12,0.1,0.1,0.0,0.0,0.0,-0.0,80.62075004550563,9.674490005460676,0.0,-9.674490005460676
2019-11-16 20:00:00,79.2869370665146,0.0,0.12,0.1,0.1,-250.0,-0.0,-0.0,0.0,79.2869370665146,9.51443244798175,0.0,-9.51443244798175
2019-11-16 21:00:00,80.59676825236455,0.0,0.12,0.1,0.3375,125.0,125.0,125.0,0.0,205.59676825236454,24.671612190283746,4.75,-29.421612190283746
2019-11-16 22:00:00,79.99378005533872,0.0,0.12,0.3375,0.575,125.0,125.0,125.0,0.0,204.99378005533873,24.599253606640648,4.749999999999998,-29.349253606640644
2019-11-16 23:00:00,77.73115001692605,0.0,0.12,0.575,0.31184210526315786,-125.0,-125.0,0.0,125.0,-47.26884998307395,0.0,5.263157894736842,-5.263157894736842
2019-11-17 00:00:00,78.02317893120727,0.0,0.12,0.31184210526315786,0.31184210526315786,0.0,0.0,0.0,-0.0,78.02317893120727,9.362781471744873,0.0,-9.362781471744873
2019-11-17 01:00:00,78.60205043957323,0.0,0.12,0.31184210526315786,0.7868421052631578,250.0,250.0,250.0,0.0,328.60205043957325,39.43224605274879,9.499999999999998,-48.93224605274879
2019-11-17 02:00:00,76.69393289942678,0.0,0.12,0.7868421052631578,0.7868421052631578,0.0,0.0,0.0,-0.0,76.69393289942678,9.203271947931214,0.0,-9.203271947931214
2019-11-17 03:00:00,75.93429241090742,0.0,0.12,0.7868421052631578,0.7868421052631578,0.0,0.0,0.0,-0.0,75.93429241090742,9.11211508930889,0.0,-9.11211508930889
2019-11-17 04:00:00,78.27508282617387,0.0,0.12,0.7868421052631578,0.5236842105263158,-125.0,-125.0,0.0,125.0,-46.72491717382613,0.0,5.263157894736841,-5.263157894736841
2019-11-17 05:00:00,77.39145711220303,0.0,0.12,0.5236842105263158,0.9,250.0,198.0609418282549,198.0609418282549,0.0,275.4523989404579,33.05428787285495,7.526315789473685,-40.580603662328635
2019-11-17 06:00:00,77.54540889516284,0.3032467768991134,0.12,0.9,0.6368421052631579,-125.0,-125.0,0.0,125.0,-47.75783788173628,0.0,5.2631578947368425,-5.2631578947368425
2019-11-17 07:00:00,76.40973482307949,16.774135277777777,0.12,0.6368421052631579,0.3736842105263158,-125.0,-125.0,0.0,125.0,-65.36440045469828,0.0,5.263157894736842,-5.263157894736842
2019-11-17 08:00:00,79.24954902802764,49.705600000000004,0.12,0.3736842105263158,0.1105263157894737,-125.0,-125.0,0.0,125.0,-95.45605097197236,0.0,5.263157894736842,-5.263157894736842
2019-11-17 09:00:00,84.68197787627918,74.73883461538462,0.12,0.1105263157894737,0.1,-250.0,-5.000000000000002,0.0,5.000000000000002,4.943143260894557,0.5931771913073468,0.21052631578947378,-0.8037035070968206
2019-11-17 10:00:00,87.21880450702575,89.925525,0.12,0.1,0.1,-250.0,-0.0,-0.0,0.0,-2.7067204929742417,0.0,0.0,-0.0
2019-11-17 11:00:00,85.73952001108016,94.28544545454544,0.12,0.1,0.1,-125.0,-0.0,-0.0,0.0,-8.54592544346528,0.0,0.0,-0.0
2019-11-17 12:00:00,86.00911496081466,90.73013846153846,0.12,0.1,0.1,0.0,0.0,0.0,-0.0,-4.721023500723803,0.0,0.0,-0.0
2019-11-17 13:00:00,85.7324939419813,76.53304166666668,0.12,0.1,0.1,-250.0,-0.0,-0.0,0.0,9.199452275314627,1.1039342730377553,0.0,-1.1039342730377553
2019-11-17 14:00:00,84.0248403239196,55.443060606060605,0.12,0.1,0.1,-125.0,-0.0,-0.0,0.0,28.581779717859,3.4298135661430798,0.0,-3.4298135661430798
2019-11-17 15:00:00,79.72542236999756,26.873382564102563,0.12,0.1,0.1,-125.0,-0.0,-0.0,0.0,52.852039805895,6.3422447767074,0.0,-6.3422447767074
2019-11-17 16:00:00,79.25445126272105,4.012455417964694,0.12,0.1,0.3375,125.0,125.0,125.0,0.0,200.24199584475636,24.02903950137076,4.75,-28.77903950137076
2019-11-17 17:00:00,80.18670068566584,0.0,0.12,0.3375,0.1,-125.0,-112.81250000000001,0.0,112.81250000000001,-32.625799314334174,0.0,4.75,-4.75
2019-11-17 18:00:00,78.0992434812363,0.0,0.12,0.1,0.1,-125.0,-0.0,-0.0,0.0,78.0992434812363,9.371909217748355,0.0,-9.371909217748355
2019-11-17 19:00:00,81.75885504244796,0.0,0.12,0.1,0.1,0.0,0.0,0.0,-0.0,81.75885504244796,9.811062605093754,0.0,-9.811062605093754
2019-11-17 20:00:00,77.20333820277448,0.0,0.12,0.1,0.1,-125.0,-0.0,-0.0,0.0,77.20333820277448,9.264400584332936,0.0,-9.264400584332936
2019-11-17 21:00:00,82.2802972242219,0.0,0.12,0.1,0.3375,125.0,125.0,125.0,0.0,207.2802972242219,24.873635666906626,4.75,-29.623635666906626
2019-11-17 22:00:00,79.23636362005617,0.0,0.12,0.3375,0.3375,0.0,0.0,0.0,-0.0,79.23636362005617,9.50836363440674,0.0,-9.50836363440674
2019-11-17 23:00:00,80.11020492707581,0.0,0.12,0.3375,0.8125,250.0,250.0,250.0,0.0,330.1102049270758,39.61322459124909,9.5,-49.11322459124909
2019-11-18 00:00:00,77.78897075000677,0.0,0.1,0.8125,0.9,250.0,46.052631578947384,46.052631578947384,0.0,123.84160232895415,12.384160232895416,1.7500000000000004,-14.134160232895416
2019-11-18 01:00:00,77.42964118753558,0.0,0.1,0.9,0.9,125.0,0.0,0.0,-0.0,77.42964118753558,7.742964118753559,0.0,-7.742964118753559
2019-11-18 02:00:00,79.5777151522198,0.0,0.1,0.9,0.6368421052631579,-125.0,-125.0,0.0,125.0,-45.422284847780205,0.0,5.2631578947368425,-5.2631578947368425
2019-11-18 03:00:00,77.92504086500804,0.0,0.1,0.6368421052631579,0.6368421052631579,0.0,0.0,0.0,-0.0,77.92504086500804,7.792504086500805,0.0,-7.792504086500805
2019-11-18 04:00:00,77.08572409148931,0.0,0.1,0.6368421052631579,0.6368421052631579,0.0,0.0,0.0,-0.0,77.08572409148931,7.708572409148932,0.0,-7.708572409148932
2019-11-18 05:00:00,77.13523773832225,0.0,0.1,0.6368421052631579,0.8743421052631579,125.0,125.0,125.0,0.0,202.13523773832225,20.213523773832225,4.750000000000001,-24.963523773832225
2019-11-18 06:00:00,83.470549244164,0.4718615384615385,0.1,0.8743421052631579,0.9,250.0,13.504155124653739,13.504155124653739,0.0,96.5028428303562,9.65028428303562,0.513157894736842,-10.163442177772463
2019-11-18 07:00:00,85.14885228341626,17.76621611111111,0.18,0.9,0.6368421052631579,-125.0,-125.0,0.0,125.0,-57.617363827694845,0.0,5.2631578947368425,-5.2631578947368425
2019-11-18 08:00:00,89.0855831989884,49.832159090909094,0.18,0.6368421052631579,0.8743421052631579,125.0,125.0,125.0,0.0,164.25342410807932,29.565616339454277,4.750000000000001,-34.31561633945428
2019-11-18 09:00:00,91.74975845260802,75.26112692307692,0.18,0.8743421052631579,0.34802631578947374,-250.0,-250.0,0.0,250.0,-233.51136847046888,0.0,10.526315789473683,-10.526315789473683
2019-11-18 10:00:00,96.31656360994492,89.64190416666668,0.18,0.34802631578947374,0.34802631578947374,0.0,0.0,0.0,-0.0,6.6746594432782445,1.2014386997900839,0.0,-1.2014386997900839
2019-11-18 11:00:00,94.87614355055189,94.31133636363637,0.18,0.34802631578947374,0.34802631578947374,0.0,0.0,0.0,-0.0,0.564807186915516,0.10166529364479288,0.0,-0.10166529364479288
2019-11-18 12:00:00,98.24531440310653,89.7652858974359,0.18,0.34802631578947374,0.34802631578947374,0.0,0.0,0.0,-0.0,8.480028505670631,1.5264051310207136,0.0,-1.5264051310207136
2019-11-18 13:00:00,92.07480976081139,76.2546,0.18,0.34802631578947374,0.34802631578947374,0.0,0.0,0.0,-0.0,15.820209760811395,2.847637756946051,0.0,-2.847637756946051
2019-11-18 14:00:00,93.32665389483485,54.576159090909094,0.18,0.34802631578947374,0.10000000000000003,-250.0,-117.81250000000001,0.0,117.81250000000001,-79.06200519607427,0.0,4.960526315789474,-4.960526315789474
2019-11-18 15:00:00,89.10770957556507,25.90291153846153,0.18,0.10000000000000003,0.3375,125.0,125.0,125.0,0.0,188.20479803710353,33.876863646678636,4.75,-38.626863646678636
2019-11-18 16:00:00,83.98694650417343,4.070061107866044,0.32,0.3375,0.8125,250.0,250.0,250.0,0.0,329.9168853963074,105.57340332681838,9.5,-115.07340332681838
2019-11-18 17:00:00,82.33577441239937,0.0,0.32,0.8125,0.549342105263158,-125.0,-125.0,0.0,125.0,-42.664225587600626,0.0,5.263157894736841,-5.263157894736841
2019-11-18 18:00:00,80.8547988227971,0.0,0.32,0.549342105263158,0.549342105263158,0.0,0.0,0.0,-0.0,80.8547988227971,25.87353562329507,0.0,-25.87353562329507
2019-11-18 19:00:00,84.93316037672982,0.0,0.32,0.549342105263158,0.9,250.0,184.5567867036011,184.5567867036011,0.0,269.4899470803309,86.2367830657059,7.013157894736841,-93.24994096044273
2019-11-18 20:00:00,85.46755760773227,0.0,0.32,0.9,0.6368421052631579,-125.0,-125.0,0.0,125.0,-39.532442392267725,0.0,5.2631578947368425,-5.2631578947368425
2019-11-18 21:00:00,79.37051798942178,0.0,0.32,0.6368421052631579,0.3736842105263158,-125.0,-125.0,0.0,125.0,-45.629482010578215,0.0,5.263157894736842,-5.263157894736842
2019-11-18 22:00:00,77.02769261748143,0.0,0.1,0.3736842105263158,0.6111842105263158,125.0,125.0,125.0,0.0,202.02769261748142,20.202769261748145,4.75,-24.952769261748145
2019-11-18 23:00:00,77.8393796227321,0.0,0.1,0.6111842105263158,0.6111842105263158,0.0,0.0,0.0,-0.0,77.8393796227321,7.78393796227321,0.0,-7.78393796227321
2019-11-19 00:00:00,77.80610544899307,0.0,0.1,0.6111842105263158,0.6111842105263158,0.0,0.0,0.0,-0.0,77.80610544899307,7.780610544899307,0.0,-7.780610544899307
2019-11-19 01:00:00,78.71542124613033,0.0,0.1,0.6111842105263158,0.6111842105263158,0.0,0.0,0.0,-0.0,78.71542124613033,7.8715421246130335,0.0,-7.8715421246130335
2019-11-19 02:00:00,76.04970494358383,0.0,0.1,0.6111842105263158,0.6111842105263158,0.0,0.0,0.0,-0.0,76.04970494358383,7.604970494358383,0.0,-7.604970494358383
2019-11-19 03:00:00,77.20957240362124,0.0,0.1,0.6111842105263158,0.6111842105263158,0.0,0.0,0.0,-0.0,77.20957240362124,7.720957240362124,0.0,-7.720957240362124
2019-11-19 04:00:00,77.09442348103317,0.0,0.1,0.6111842105263158,0.6111842105263158,0.0,0.0,0.0,-0.0,77.09442348103317,7.709442348103318,0.0,-7.709442348103318
2019-11-19 05:00:00,81.17848423096933,0.0,0.1,0.6111842105263158,0.8486842105263157,125.0,125.0,125.0,0.0,206.17848423096933,20.617848423096934,4.749999999999998,-25.36784842309693
2019-11-19 06:00:00,78.5014342827464,0.06295710520009587,0.1,0.8486842105263157,0.9,250.0,27.008310249307534,27.008310249307534,0.0,105.44678742685383,10.544678742685385,1.0263157894736863,-11.570994532159071
2019-11-19 07:00:00,80.6491579442065,17.27519458333333,0.18,0.9,0.6368421052631579,-125.0,-125.0,0.0,125.0,-61.62603663912684,0.0,5.2631578947368425,-5.2631578947368425
2019-11-19 08:00:00,85.03451427208843,48.87889545454546,0.18,0.6368421052631579,0.8743421052631579,125.0,125.0,125.0,0.0,161.15561881754297,29.008011387157733,4.750000000000001,-33.75801138715774
2019-11-19 09:00:00,90.88733697968698,73.48926666666668,0.18,0.8743421052631579,0.34802631578947374,-250.0,-250.0,0.0,250.0,-232.6019296869797,0.0,10.526315789473683,-10.526315789473683
2019-11-19 10:00:00,95.41991125784158,87.215125,0.18,0.34802631578947374,0.34802631578947374,0.0,0.0,0.0,-0.0,8.204786257841576,1.4768615264114837,0.0,-1.4768615264114837
2019-11-19 11:00:00,98.09287215498435,92.47559545454546,0.18,0.34802631578947374,0.34802631578947374,0.0,0.0,0.0,-0.0,5.617276700438893,1.0111098060790007,0.0,-1.0111098060790007
2019-11-19 12:00:00,103.0526706457751,88.17678846153846,0.18,0.34802631578947374,0.34802631578947374,0.0,0.0,0.0,-0.0,14.87588218423663,2.6776587931625935,0.0,-2.6776587931625935
2019-11-19 13:00:00,102.66322809707607,72.90387222222223,0.18,0.34802631578947374,0.34802631578947374,0.0,0.0,0.0,-0.0,29.75935587485384,5.356684057473691,0.0,-5.356684057473691
2019-11-19 14:00:00,99.29202345009183,51.99290454545455,0.18,0.34802631578947374,0.10000000000000003,-125.0,-117.81250000000001,0.0,117.81250000000001,-70.51338109536273,0.0,4.960526315789474,-4.960526315789474
2019-11-19 15:00:00,94.84029954931451,24.09385064102564,0.18,0.10000000000000003,0.3375,125.0,125.0,125.0,0.0,195.74644890828887,35.234360803491995,4.75,-39.984360803491995
2019-11-19 16:00:00,88.98618152337211,3.496168124350986,0.32,0.3375,0.8125,250.0,250.0,250.0,0.0,335.4900133990211,107.35680428768676,9.5,-116.85680428768676
2019-11-19 17:00:00,87.10507368010013,0.0,0.32,0.8125,0.549342105263158,-125.0,-125.0,0.0,125.0,-37.89492631989987,0.0,5.263157894736841,-5.263157894736841
2019-11-19 18:00:00,86.5064141887492,0.0,0.32,0.549342105263158,0.549342105263158,0.0,0.0,0.0,-0.0,86.5064141887492,27.682052540399745,0.0,-27.682052540399745
2019-11-19 19:00:00,84.88935080657565,0.0,0.32,0.549342105263158,0.9,250.0,184.5567867036011,184.5567867036011,0.0,269.44613751017675,86.22276400325656,7.013157894736841,-93.23592189799339
2019-11-19 20:00:00,81.85085778687647,0.0,0.32,0.9,0.6368421052631579,-125.0,-125.0,0.0,125.0,-43.149142213123525,0.0,5.2631578947368425,-5.2631578947368425
2019-11-19 21:00:00,83.03422340249752,0.0,0.32,0.6368421052631579,0.3736842105263158,-125.0,-125.0,0.0,125.0,-41.96577659750248,0.0,5.263157894736842,-5.263157894736842
2019-11-19 22:00:00,81.5763961397862,0.0,0.1,0.3736842105263158,0.10000000000000003,-250.0,-129.99999999999997,0.0,129.99999999999997,-48.423603860213774,0.0,5.473684210526315,-5.473684210526315
2019-11-19 23:00:00,78.99594800063797,0.0,0.1,0.10000000000000003,0.3375,125.0,125.0,125.0,0.0,203.99594800063795,20.399594800063795,4.75,-25.149594800063795
2019-11-20 00:00:00,76.55688095801499,0.0,0.1,0.3375,0.3375,0.0,0.0,0.0,-0.0,76.55688095801499,7.655688095801499,0.0,-7.655688095801499
2019-11-20 01:00:00,77.54769204734731,0.0,0.1,0.3375,0.3375,0.0,0.0,0.0,-0.0,77.54769204734731,7.754769204734732,0.0,-7.754769204734732
2019-11-20 02:00:00,77.97081424888123,0.0,0.1,0.3375,0.1,-250.0,-112.81250000000001,0.0,112.81250000000001,-34.84168575111879,0.0,4.75,-4.75
2019-11-20 03:00:00,80.30973231859512,0.0,0.1,0.1,0.1,-250.0,-0.0,-0.0,0.0,80.30973231859512,8.030973231859512,0.0,-8.030973231859512
2019-11-20 04:00:00,77.15521509310413,0.0,0.1,0.1,0.1,-125.0,-0.0,-0.0,0.0,77.15521509310413,7.715521509310413,0.0,-7.715521509310413
2019-11-20 05:00:00,77.41272011059756,0.0,0.1,0.1,0.3375,125.0,125.0,125.0,0.0,202.41272011059755,20.241272011059756,4.75,-24.991272011059756
2019-11-20 06:00:00,82.75715969506746,0.027543733525041938,0.1,0.3375,0.1,-250.0,-112.81250000000001,0.0,112.81250000000001,-30.082884038457593,0.0,4.75,-4.75
2019-11-20 07:00:00,91.40618417096645,3.6030541666666664,0.18,0.1,0.1,-250.0,-0.0,-0.0,0.0,87.80313000429979,15.804563400773961,0.0,-15.804563400773961
2019-11-20 08:00:00,96.9291396803163,13.110807575757576,0.18,0.1,0.3375,125.0,125.0,125.0,0.0,208.81833210455872,37.587299778820565,4.75,-42.337299778820565
2019-11-20 09:00:00,122.95539605878062,54.964920769230766,0.18,0.3375,0.3375,0.0,0.0,0.0,-0.0,67.99047528954986,12.238285552118976,0.0,-12.238285552118976
2019-11-20 10:00:00,101.85757191475693,72.22890416666667,0.18,0.3375,0.3375,0.0,0.0,0.0,-0.0,29.628667748090265,5.333160194656248,0.0,-5.333160194656248
2019-11-20 11:00:00,100.0512305317768,96.12459545454546,0.18,0.3375,0.3375,0.0,0.0,0.0,-0.0,3.9266350772313388,0.7067943139016409,0.0,-0.7067943139016409
2019-11-20 12:00:00,105.11329372536458,92.71479615384615,0.18,0.3375,0.3375,0.0,0.0,0.0,-0.0,12.398497571518433,2.231729562873318,0.0,-2.231729562873318
2019-11-20 13:00:00,101.203931461935,77.45743611111111,0.18,0.3375,0.3375,0.0,0.0,0.0,-0.0,23.746495350823892,4.2743691631483,0.0,-4.2743691631483
2019-11-20 14:00:00,100.15003818475758,53.79532666666666,0.18,0.3375,0.1,-125.0,-112.81250000000001,0.0,112.81250000000001,-66.45778848190909,0.0,4.75,-4.75
2019-11-20 15:00:00,97.87894055389414,24.696273205128207,0.18,0.1,0.3375,125.0,125.0,125.0,0.0,198.18266734876593,35.67288012277787,4.75,-40.42288012277787
2019-11-20 16:00:00,92.49989752607259,4.434473582554517,0.32,0.3375,0.8125,250.0,250.0,250.0,0.0,338.06542394351806,108.18093566192579,9.5,-117.68093566192579
2019-11-20 17:00:00,87.05994861222133,0.0,0.32,0.8125,0.549342105263158,-125.0,-125.0,0.0,125.0,-37.94005138777867,0.0,5.263157894736841,-5.263157894736841
2019-11-20 18:00:00,88.32046440327636,0.0,0.32,0.549342105263158,0.549342105263158,0.0,0.0,0.0,-0.0,88.32046440327636,28.262548609048437,0.0,-28.262548609048437
2019-11-20 19:00:00,91.24738535855498,0.0,0.32,0.549342105263158,0.9,250.0,184.5567867036011,184.5567867036011,0.0,275.80417206215606,88.25733505988994,7.013157894736841,-95.27049295462677
2019-11-20 20:00:00,92.81525143561471,0.0,0.32,0.9,0.6368421052631579,-125.0,-125.0,0.0,125.0,-32.18474856438529,0.0,5.2631578947368425,-5.2631578947368425
2019-11-20 21:00:00,85.8297450093666,0.0,0.32,0.6368421052631579,0.3736842105263158,-125.0,-125.0,0.0,125.0,-39.170254990633396,0.0,5.263157894736842,-5.263157894736842
2019-11-20 22:00:00,82.95948052111274,0.0,0.1,0.3736842105263158,0.10000000000000003,-250.0,-129.99999999999997,0.0,129.99999999999997,-47.040519478887234,0.0,5.473684210526315,-5.473684210526315
2019-11-20 23:00:00,83.36054928622966,0.0,0.1,0.10000000000000003,0.3375,125.0,125.0,125.0,0.0,208.36054928622966,20.836054928622968,4.75,-25.586054928622968
2019-11-21 00:00:00,83.83309269500903,0.0,0.1,0.3375,0.1,-125.0,-112.81250000000001,0.0,112.81250000000001,-28.979407304990985,0.0,4.75,-4.75
2019-11-21 01:00:00,83.46476121227936,0.0,0.1,0.1,0.1,-125.0,-0.0,-0.0,0.0,83.46476121227936,8.346476121227935,0.0,-8.346476121227935
2019-11-21 02:00:00,82.70610845535127,0.0,0.1,0.1,0.3375,125.0,125.0,125.0,0.0,207.70610845535128,20.77061084553513,4.75,-25.52061084553513
2019-11-21 03:00:00,83.96126522826151,0.0,0.1,0.3375,0.575,125.0,125.0,125.0,0.0,208.9612652282615,20.89612652282615,4.749999999999998,-25.64612652282615
2019-11-21 04:00:00,85.65082551312503,0.0,0.1,0.575,0.31184210526315786,-125.0,-125.0,0.0,125.0,-39.34917448687497,0.0,5.263157894736842,-5.263157894736842
2019-11-21 05:00:00,84.8796767004044,0.0,0.1,0.31184210526315786,0.31184210526315786,0.0,0.0,0.0,-0.0,84.8796767004044,8.48796767004044,0.0,-8.48796767004044
2019-11-21 06:00:00,79.76062814063314,0.08459861011262881,0.1,0.31184210526315786,0.1,-125.0,-100.62499999999999,0.0,100.62499999999999,-20.948970469479477,0.0,4.2368421052631575,-4.2368421052631575
2019-11-21 07:00:00,84.0983071090231,14.937960046728973,0.18,0.1,0.1,-250.0,-0.0,-0.0,0.0,69.16034706229412,12.44886247121294,0.0,-12.44886247121294
2019-11-21 08:00:00,87.73951635391923,46.76394848484848,0.18,0.1,0.3375,125.0,125.0,125.0,0.0,165.97556786907074,29.875602216432732,4.75,-34.62560221643273
2019-11-21 09:00:00,100.17845660305771,69.77742692307692,0.18,0.3375,0.3375,0.0,0.0,0.0,-0.0,30.401029679980795,5.472185342396543,0.0,-5.472185342396543
2019-11-21 10:00:00,139.1279936793588,85.59924583333333,0.18,0.3375,0.3375,0.0,0.0,0.0,-0.0,53.52874784602548,9.635174612284587,0.0,-9.635174612284587
2019-11-21 11:00:00,138.5673317879691,91.23287954545455,0.18,0.3375,0.3375,0.0,0.0,0.0,-0.0,47.334452242514544,8.520201403652617,0.0,-8.520201403652617
2019-11-21 12:00:00,99.23993372847806,87.01285384615386,0.18,0.3375,0.3375,0.0,0.0,0.0,-0.0,12.227079882324205,2.200874378818357,0.0,-2.200874378818357
2019-11-21 13:00:00,108.36461176843115,72.92415277777778,0.18,0.3375,0.3375,0.0,0.0,0.0,-0.0,35.44045899065337,6.379282618317606,0.0,-6.379282618317606
2019-11-21 14:00:00,98.51412955962769,51.537640909090904,0.18,0.3375,0.1,-125.0,-112.81250000000001,0.0,112.81250000000001,-65.83601134946323,0.0,4.75,-4.75
2019-11-21 15:00:00,91.64364505227876,23.74836256410256,0.18,0.1,0.3375,125.0,125.0,125.0,0.0,192.89528248817618,34.72115084787171,4.75,-39.47115084787171
2019-11-21 16:00:00,89.45069443978416,3.9694116874350995,0.32,0.3375,0.8125,250.0,250.0,250.0,0.0,335.48128275234905,107.3540104807517,9.5,-116.8540104807517
2019-11-21 17:00:00,84.87573116971711,0.0,0.32,0.8125,0.549342105263158,-125.0,-125.0,0.0,125.0,-40.12426883028289,0.0,5.263157894736841,-5.263157894736841
2019-11-21 18:00:00,83.68330392097481,0.0,0.32,0.549342105263158,0.549342105263158,0.0,0.0,0.0,-0.0,83.68330392097481,26.778657254711938,0.0,-26.778657254711938
2019-11-21 19:00:00,83.67259271274152,0.0,0.32,0.549342105263158,0.9,250.0,184.5567867036011,184.5567867036011,0.0,268.2293794163426,85.83340141322964,7.013157894736841,-92.84655930796647
2019-11-21 20:00:00,86.747419566006,0.0,0.32,0.9,0.6368421052631579,-125.0,-125.0,0.0,125.0,-38.252580433994,0.0,5.2631578947368425,-5.2631578947368425
2019-11-21 21:00:00,82.33291334009365,0.0,0.32,0.6368421052631579,0.3736842105263158,-125.0,-125.0,0.0,125.0,-42.667086659906346,0.0,5.263157894736842,-5.263157894736842
2019-11-21 22:00:00,79.8727032339956,0.0,0.1,0.3736842105263158,0.10000000000000003,-250.0,-129.99999999999997,0.0,129.99999999999997,-50.12729676600438,0.0,5.473684210526315,-5.473684210526315
2019-11-21 23:00:00,78.88955421951052,0.0,0.1,0.10000000000000003,0.3375,125.0,125.0,125.0,0.0,203.8895542195105,20.388955421951053,4.75,-25.138955421951053
2019-11-22 00:00:00,77.36339667075451,0.0,0.1,0.3375,0.1,-125.0,-112.81250000000001,0.0,112.81250000000001,-35.4491033292455,0.0,4.75,-4.75
2019-11-22 01:00:00,78.92654251119963,0.0,0.1,0.1,0.1,-125.0,-0.0,-0.0,0.0,78.92654251119963,7.892654251119963,0.0,-7.892654251119963
2019-11-22 02:00:00,80.93092956560918,0.0,0.1,0.1,0.3375,125.0,125.0,125.0,0.0,205.93092956560918,20.59309295656092,4.75,-25.34309295656092
2019-11-22 03:00:00,80.01827283166212,0.0,0.1,0.3375,0.575,125.0,125.0,125.0,0.0,205.0182728316621,20.50182728316621,4.749999999999998,-25.251827283166207
2019-11-22 04:00:00,77.91560483045194,0.0,0.1,0.575,0.31184210526315786,-125.0,-125.0,0.0,125.0,-47.08439516954806,0.0,5.263157894736842,-5.263157894736842
2019-11-22 05:00:00,82.71455373450672,0.0,0.1,0.31184210526315786,0.1,-125.0,-100.62499999999999,0.0,100.62499999999999,-17.910446265493263,0.0,4.2368421052631575,-4.2368421052631575
2019-11-22 06:00:00,82.48386769901904,0.03934819075005991,0.1,0.1,0.3375,125.0,125.0,125.0,0.0,207.44451950826897,20.7444519508269,4.75,-25.4944519508269
2019-11-22 07:00:00,90.31839615249554,14.245710555555556,0.18,0.3375,0.3375,0.0,0.0,0.0,-0.0,76.07268559693998,13.693083407449196,0.0,-13.693083407449196
2019-11-22 08:00:00,100.2200734920708,45.30384696969696,0.18,0.3375,0.1,-125.0,-112.81250000000001,0.0,112.81250000000001,-57.89627347762618,0.0,4.75,-4.75
2019-11-22 09:00:00,101.04374309007996,71.42038461538462,0.18,0.1,0.575,250.0,250.0,250.0,0.0,279.62335847469535,50.332204525445164,9.5,-59.832204525445164
2019-11-22 10:00:00,101.5566278801566,87.66062083333333,0.18,0.575,0.575,0.0,0.0,0.0,-0.0,13.896007046823271,2.5012812684281887,0.0,-2.5012812684281887
2019-11-22 11:00:00,105.13758346411906,93.11779090909091,0.18,0.575,0.575,0.0,0.0,0.0,-0.0,12.019792555028147,2.1635626599050664,0.0,-2.1635626599050664
2019-11-22 12:00:00,102.05669269470947,87.80138846153847,0.18,0.575,0.31184210526315786,-125.0,-125.0,0.0,125.0,-110.744695766829,0.0,5.263157894736842,-5.263157894736842
2019-11-22 13:00:00,100.19645500095216,73.00133749999999,0.18,0.31184210526315786,0.31184210526315786,0.0,0.0,0.0,-0.0,27.195117500952165,4.89512115017139,0.0,-4.89512115017139
2019-11-22 14:00:00,98.85983086736783,50.33993484848485,0.18,0.31184210526315786,0.1,-125.0,-100.62499999999999,0.0,100.62499999999999,-52.105103981117004,0.0,4.2368421052631575,-4.2368421052631575
2019-11-22 15:00:00,94.88439791234818,22.97088897435897,0.18,0.1,0.3375,125.0,125.0,125.0,0.0,196.9135089379892,35.44443160883806,4.75,-40.19443160883806
2019-11-22 16:00:00,87.37099776551293,3.2532356801661475,0.32,0.3375,0.8125,250.0,250.0,250.0,0.0,334.1177620853468,106.91768386731097,9.5,-116.41768386731097
2019-11-22 17:00:00,84.14974256709576,0.0,0.32,0.8125,0.549342105263158,-125.0,-125.0,0.0,125.0,-40.85025743290424,0.0,5.263157894736841,-5.263157894736841
2019-11-22 18:00:00,84.41944429461964,0.0,0.32,0.549342105263158,0.549342105263158,0.0,0.0,0.0,-0.0,84.41944429461964,27.014222174278284,0.0,-27.014222174278284
2019-11-22 19:00:00,90.40152899226534,0.0,0.32,0.549342105263158,0.9,250.0,184.5567867036011,184.5567867036011,0.0,274.9583156958664,87.98666102267725,7.013157894736841,-94.99981891741409
2019-11-22 20:00:00,89.28764416656301,0.0,0.32,0.9,0.6368421052631579,-125.0,-125.0,0.0,125.0,-35.71235583343699,0.0,5.2631578947368425,-5.2631578947368425
2019-11-22 21:00:00,83.6153718420719,0.0,0.32,0.6368421052631579,0.3736842105263158,-125.0,-125.0,0.0,125.0,-41.384628157928105,0.0,5.263157894736842,-5.263157894736842
2019-11-22 22:00:00,80.06912959533348,0.0,0.1,0.3736842105263158,0.10000000000000003,-250.0,-129.99999999999997,0.0,129.99999999999997,-49.93087040466649,0.0,5.473684210526315,-5.473684210526315
2019-11-22 23:00:00,80.00271968348073,0.0,0.1,0.10000000000000003,0.3375,125.0,125.0,125.0,0.0,205.00271968348073,20.500271968348073,4.75,-25.250271968348073
2019-11-23 00:00:00,79.98200658478835,0.0,0.12,0.3375,0.8125,250.0,250.0,250.0,0.0,329.98200658478834,39.5978407901746,9.5,-49.0978407901746
2019-11-23 01:00:00,81.51345955932356,0.0,0.12,0.8125,0.549342105263158,-125.0,-125.0,0.0,125.0,-43.486540440676436,0.0,5.263157894736841,-5.263157894736841
2019-11-23 02:00:00,79.68554556210424,0.0,0.12,0.549342105263158,0.549342105263158,0.0,0.0,0.0,-0.0,79.68554556210424,9.562265467452509,0.0,-9.562265467452509
2019-11-23 03:00:00,79.97340898908041,0.0,0.12,0.549342105263158,0.2861842105263159,-125.0,-125.0,0.0,125.0,-45.02659101091959,0.0,5.263157894736842,-5.263157894736842
2019-11-23 04:00:00,82.16657654497907,0.0,0.12,0.2861842105263159,0.5236842105263159,125.0,125.0,125.0,0.0,207.16657654497908,24.859989185397488,4.75,-29.609989185397488
2019-11-23 05:00:00,86.29377098637825,0.0,0.12,0.5236842105263159,0.2605263157894738,-125.0,-125.0,0.0,125.0,-38.70622901362175,0.0,5.263157894736842,-5.263157894736842
2019-11-23 06:00:00,84.96089006278602,0.055087467050083876,0.12,0.2605263157894738,0.2605263157894738,0.0,0.0,0.0,-0.0,84.90580259573593,10.188696311488313,0.0,-10.188696311488313
2019-11-23 07:00:00,84.28463682858947,15.761578055555555,0.12,0.2605263157894738,0.2605263157894738,0.0,0.0,0.0,-0.0,68.52305877303391,8.22276705276407,0.0,-8.22276705276407
2019-11-23 08:00:00,87.7345505945379,47.22685454545456,0.12,0.2605263157894738,0.2605263157894738,0.0,0.0,0.0,-0.0,40.507696049083336,4.8609235258900005,0.0,-4.8609235258900005
2019-11-23 09:00:00,87.11860711178177,73.3506923076923,0.12,0.2605263157894738,0.10000000000000003,-250.0,-76.25000000000003,0.0,76.25000000000003,-62.48208519591056,0.0,3.210526315789475,-3.210526315789475
2019-11-23 10:00:00,92.58971986108439,89.4075888888889,0.12,0.10000000000000003,0.1,-250.0,-1.3183898417423734e-14,0.0,1.3183898417423734e-14,3.1821309721954814,0.38185571666345774,5.551115123125783e-16,-0.3818557166634583
2019-11-23 11:00:00,92.31546857743733,93.73829848484849,0.12,0.1,0.1,-125.0,-0.0,-0.0,0.0,-1.4228299074111561,0.0,0.0,-0.0
2019-11-23 12:00:00,94.05991427643191,89.32102307692307,0.12,0.1,0.1,0.0,0.0,0.0,-0.0,4.738891199508842,0.568666943941061,0.0,-0.568666943941061
2019-11-23 13:00:00,93.93245795027502,74.96994166666667,0.12,0.1,0.1,-250.0,-0.0,-0.0,0.0,18.962516283608352,2.275501954033002,0.0,-2.275501954033002
2019-11-23 14:00:00,89.19830358688002,53.71004090909091,0.12,0.1,0.1,-125.0,-0.0,-0.0,0.0,35.48826267778911,4.258591521334693,0.0,-4.258591521334693
2019-11-23 15:00:00,85.37814668559274,25.315286410256405,0.12,0.1,0.575,250.0,250.0,250.0,0.0,310.06286027533633,37.20754323304036,9.5,-46.70754323304036
2019-11-23 16:00:00,82.92404993559965,3.907283472222222,0.12,0.575,0.31184210526315786,-125.0,-125.0,0.0,125.0,-45.98323353662256,0.0,5.263157894736842,-5.263157894736842
2019-11-23 17:00:00,80.99992712927163,0.0,0.12,0.31184210526315786,0.1,-125.0,-100.62499999999999,0.0,100.62499999999999,-19.62507287072836,0.0,4.2368421052631575,-4.2368421052631575
2019-11-23 18:00:00,79.9538702528872,0.0,0.12,0.1,0.1,-125.0,-0.0,-0.0,0.0,79.9538702528872,9.594464430346463,0.0,-9.594464430346463
2019-11-23 19:00:00,80.49537010872602,0.0,0.12,0.1,0.1,0.0,0.0,0.0,-0.0,80.49537010872602,9.659444413047122,0.0,-9.659444413047122
2019-11-23 20:00:00,80.66083963341474,0.0,0.12,0.1,0.1,-125.0,-0.0,-0.0,0.0,80.66083963341474,9.679300756009768,0.0,-9.679300756009768
2019-11-23 21:00:00,82.6965886979648,0.0,0.12,0.1,0.1,0.0,0.0,0.0,-0.0,82.6965886979648,9.923590643755775,0.0,-9.923590643755775
2019-11-23 22:00:00,81.68601197858632,0.0,0.12,0.1,0.1,-125.0,-0.0,-0.0,0.0,81.68601197858632,9.802321437430358,0.0,-9.802321437430358
2019-11-23 23:00:00,80.15073260254461,0.0,0.12,0.1,0.1,0.0,0.0,0.0,-0.0,80.15073260254461,9.618087912305352,0.0,-9.618087912305352
2019-11-24 00:00:00,76.62647074050653,0.0,0.12,0.1,0.1,0.0,0.0,0.0,-0.0,76.62647074050653,9.195176488860783,0.0,-9.195176488860783
2019-11-24 01:00:00,80.03552922647249,0.0,0.12,0.1,0.1,0.0,0.0,0.0,-0.0,80.03552922647249,9.604263507176698,0.0,-9.604263507176698
2019-11-24 02:00:00,81.19328050784388,0.0,0.12,0.1,0.1,-250.0,-0.0,-0.0,0.0,81.19328050784388,9.743193660941266,0.0,-9.743193660941266
2019-11-24 03:00:00,81.030100672225,0.0,0.12,0.1,0.1,0.0,0.0,0.0,-0.0,81.030100672225,9.723612080667,0.0,-9.723612080667
2019-11-24 04:00:00,79.35998208317442,0.0,0.12,0.1,0.1,0.0,0.0,0.0,-0.0,79.35998208317442,9.52319784998093,0.0,-9.52319784998093
2019-11-24 05:00:00,84.18732837058212,0.0,0.12,0.1,0.3375,125.0,125.0,125.0,0.0,209.18732837058212,25.102479404469854,4.75,-29.852479404469854
2019-11-24 06:00:00,83.65066889918685,0.0019674095375029955,0.12,0.3375,0.3375,0.0,0.0,0.0,-0.0,83.64870148964935,10.037844178757922,0.0,-10.037844178757922
2019-11-24 07:00:00,82.3872283628309,16.203715972222223,0.12,0.3375,0.1,-125.0,-112.81250000000001,0.0,112.81250000000001,-46.628987609391345,0.0,4.75,-4.75
2019-11-24 08:00:00,81.91085941516026,49.20670151515151,0.12,0.1,0.1,0.0,0.0,0.0,-0.0,32.70415790000875,3.92449894800105,0.0,-3.92449894800105
2019-11-24 09:00:00,83.72290936311298,72.87227564102565,0.12,0.1,0.1,-250.0,-0.0,-0.0,0.0,10.850633722087323,1.3020760466504788,0.0,-1.3020760466504788
2019-11-24 10:00:00,90.11101005530163,89.3741375,0.12,0.1,0.1,-250.0,-0.0,-0.0,0.0,0.7368725553016304,0.08842470663619564,0.0,-0.08842470663619564
2019-11-24 11:00:00,86.68120992374902,82.2008693939394,0.12,0.1,0.1,-125.0,-0.0,-0.0,0.0,4.480340529809624,0.5376408635771548,0.0,-0.5376408635771548
2019-11-24 12:00:00,86.30751481770137,85.9861076923077,0.12,0.1,0.1,0.0,0.0,0.0,-0.0,0.32140712539367655,0.03856885504724118,0.0,-0.03856885504724118
2019-11-24 13:00:00,84.35713565096606,75.95513333333334,0.12,0.1,0.1,-250.0,-0.0,-0.0,0.0,8.402002317632721,1.0082402781159265,0.0,-1.0082402781159265
2019-11-24 14:00:00,83.87440722582973,53.94848636363636,0.12,0.1,0.1,-125.0,-0.0,-0.0,0.0,29.925920862193365,3.5911105034632036,0.0,-3.5911105034632036
2019-11-24 15:00:00,82.86180900028451,25.172588717948717,0.12,0.1,0.1,-125.0,-0.0,-0.0,0.0,57.689220282335796,6.922706433880295,0.0,-6.922706433880295
2019-11-24 16:00:00,81.08573697253813,2.9532293029595014,0.12,0.1,0.3375,125.0,125.0,125.0,0.0,203.13250766957862,24.375900920349434,4.75,-29.125900920349434
2019-11-24 17:00:00,76.47119743939156,0.0,0.12,0.3375,0.1,-125.0,-112.81250000000001,0.0,112.81250000000001,-36.341302560608455,0.0,4.75,-4.75
2019-11-24 18:00:00,77.86846677358643,0.0,0.12,0.1,0.1,-125.0,-0.0,-0.0,0.0,77.86846677358643,9.34421601283037,0.0,-9.34421601283037
2019-11-24 19:00:00,81.95721438199064,0.0,0.12,0.1,0.1,0.0,0.0,0.0,-0.0,81.95721438199064,9.834865725838876,0.0,-9.834865725838876
2019-11-24 20:00:00,82.99248376857214,0.0,0.12,0.1,0.1,-125.0,-0.0,-0.0,0.0,82.99248376857214,9.959098052228656,0.0,-9.959098052228656
2019-11-24 21:00:00,80.9314473301613,0.0,0.12,0.1,0.1,0.0,0.0,0.0,-0.0,80.9314473301613,9.711773679619355,0.0,-9.711773679619355
2019-11-24 22:00:00,79.73514881221809,0.0,0.12,0.1,0.1,-125.0,-0.0,-0.0,0.0,79.73514881221809,9.56821785746617,0.0,-9.56821785746617
2019-11-24 23:00:00,79.61061232318667,0.0,0.12,0.1,0.1,0.0,0.0,0.0,-0.0,79.61061232318667,9.5532734787824,0.0,-9.5532734787824
2019-11-25 00:00:00,79.9571127384018,0.0,0.1,0.1,0.1,-125.0,-0.0,-0.0,0.0,79.9571127384018,7.995711273840181,0.0,-7.995711273840181
2019-11-25 01:00:00,80.4436939665493,0.0,0.1,0.1,0.1,-125.0,-0.0,-0.0,0.0,80.4436939665493,8.04436939665493,0.0,-8.04436939665493
2019-11-25 02:00:00,79.85673305306614,0.0,0.1,0.1,0.3375,125.0,125.0,125.0,0.0,204.85673305306614,20.485673305306616,4.75,-25.235673305306616
2019-11-25 03:00:00,83.18332837500567,0.0,0.1,0.3375,0.575,125.0,125.0,125.0,0.0,208.18332837500566,20.818332837500567,4.749999999999998,-25.568332837500563
2019-11-25 04:00:00,81.69780132797874,0.0,0.1,0.575,0.31184210526315786,-125.0,-125.0,0.0,125.0,-43.30219867202126,0.0,5.263157894736842,-5.263157894736842
2019-11-25 05:00:00,84.5624844758495,0.0,0.1,0.31184210526315786,0.1,-125.0,-100.62499999999999,0.0,100.62499999999999,-16.062515524150484,0.0,4.2368421052631575,-4.2368421052631575
2019-11-25 06:00:00,82.38653244669783,0.0432830098250659,0.1,0.1,0.1,-250.0,-0.0,-0.0,0.0,82.34324943687277,8.234324943687277,0.0,-8.234324943687277
2019-11-25 07:00:00,86.04805816403122,14.554890069444445,0.18,0.1,0.1,-250.0,-0.0,-0.0,0.0,71.49316809458678,12.86877025702562,0.0,-12.86877025702562
2019-11-25 08:00:00,87.33665709638014,36.98834227272727,0.18,0.1,0.3375,125.0,125.0,125.0,0.0,175.34831482365286,31.562696668257512,4.75,-36.312696668257516
2019-11-25 09:00:00,95.8931526292854,74.34648205128205,0.18,0.3375,0.3375,0.0,0.0,0.0,-0.0,21.546670578003344,3.878400704040602,0.0,-3.878400704040602
2019-11-25 10:00:00,97.87004751194512,93.06340972222222,0.18,0.3375,0.3375,0.0,0.0,0.0,-0.0,4.806637789722899,0.8651948021501218,0.0,-0.8651948021501218
2019-11-25 11:00:00,107.47469200447412,98.2259,0.18,0.3375,0.3375,0.0,0.0,0.0,-0.0,9.248792004474126,1.6647825608053426,0.0,-1.6647825608053426
2019-11-25 12:00:00,104.93482438126361,94.14364743589744,0.18,0.3375,0.3375,0.0,0.0,0.0,-0.0,10.791176945366175,1.9424118501659113,0.0,-1.9424118501659113
2019-11-25 13:00:00,111.88494229921982,79.07484722222223,0.18,0.3375,0.3375,0.0,0.0,0.0,-0.0,32.810095076997584,5.905817113859565,0.0,-5.905817113859565
2019-11-25 14:00:00,113.88292652995351,55.60884545454546,0.18,0.3375,0.1,-125.0,-112.81250000000001,0.0,112.81250000000001,-54.538418924591966,0.0,4.75,-4.75
2019-11-25 15:00:00,112.9958360102364,25.723061794871793,0.18,0.1,0.3375,125.0,125.0,125.0,0.0,212.27277421536462,38.20909935876563,4.75,-42.95909935876563
2019-11-25 16:00:00,99.89803832047399,3.48376002596054,0.32,0.3375,0.8125,250.0,250.0,250.0,0.0,346.41427829451345,110.85256905424431,9.5,-120.35256905424431
2019-11-25 17:00:00,87.11944042325064,0.0,0.32,0.8125,0.549342105263158,-125.0,-125.0,0.0,125.0,-37.88055957674936,0.0,5.263157894736841,-5.263157894736841
2019-11-25 18:00:00,86.18924437009201,0.0,0.32,0.549342105263158,0.549342105263158,0.0,0.0,0.0,-0.0,86.18924437009201,27.580558198429443,0.0,-27.580558198429443
2019-11-25 19:00:00,86.58749299774364,0.0,0.32,0.549342105263158,0.9,250.0,184.5567867036011,184.5567867036011,0.0,271.1442797013447,86.76616950443031,7.013157894736841,-93.77932739916714
2019-11-25 20:00:00,85.22457604371893,0.0,0.32,0.9,0.6368421052631579,-125.0,-125.0,0.0,125.0,-39.775423956281074,0.0,5.2631578947368425,-5.2631578947368425
2019-11-25 21:00:00,82.13121743257415,0.0,0.32,0.6368421052631579,0.3736842105263158,-125.0,-125.0,0.0,125.0,-42.86878256742585,0.0,5.263157894736842,-5.263157894736842
2019-11-25 22:00:00,81.46453569330247,0.0,0.1,0.3736842105263158,0.10000000000000003,-250.0,-129.99999999999997,0.0,129.99999999999997,-48.535464306697506,0.0,5.473684210526315,-5.473684210526315
2019-11-25 23:00:00,80.21416030227894,0.0,0.1,0.10000000000000003,0.3375,125.0,125.0,125.0,0.0,205.21416030227894,20.521416030227897,4.75,-25.271416030227897
2019-11-26 00:00:00,79.44587765874495,0.0,0.1,0.3375,0.1,-125.0,-112.81250000000001,0.0,112.81250000000001,-33.366622341255066,0.0,4.75,-4.75
2019-11-26 01:00:00,80.38656022798008,0.0,0.1,0.1,0.1,-125.0,-0.0,-0.0,0.0,80.38656022798008,8.038656022798008,0.0,-8.038656022798008
2019-11-26 02:00:00,80.62260128957207,0.0,0.1,0.1,0.3375,125.0,125.0,125.0,0.0,205.62260128957206,20.562260128957206,4.75,-25.312260128957206
2019-11-26 03:00:00,80.00908296443184,0.0,0.1,0.3375,0.575,125.0,125.0,125.0,0.0,205.00908296443185,20.500908296443185,4.749999999999998,-25.250908296443185
2019-11-26 04:00:00,79.41651541928574,0.0,0.1,0.575,0.31184210526315786,-125.0,-125.0,0.0,125.0,-45.583484580714256,0.0,5.263157894736842,-5.263157894736842
2019-11-26 05:00:00,79.71962298371388,0.0,0.1,0.31184210526315786,0.1,-125.0,-100.62499999999999,0.0,100.62499999999999,-20.90537701628611,0.0,4.2368421052631575,-4.2368421052631575
2019-11-26 06:00:00,85.02781187188839,0.047217828900071895,0.1,0.1,0.1,-250.0,-0.0,-0.0,0.0,84.98059404298832,8.498059404298832,0.0,-8.498059404298832
2019-11-26 07:00:00,92.54414392174856,13.040612916666667,0.18,0.1,0.1,-250.0,-0.0,-0.0,0.0,79.5035310050819,14.310635580914742,0.0,-14.310635580914742
2019-11-26 08:00:00,86.35479228628223,24.38079803030303,0.18,0.1,0.3375,125.0,125.0,125.0,0.0,186.97399425597922,33.65531896607626,4.75,-38.40531896607626
2019-11-26 09:00:00,102.10822714249899,24.348045384615382,0.18,0.3375,0.3375,0.0,0.0,0.0,-0.0,77.7601817578836,13.996832716419048,0.0,-13.996832716419048
2019-11-26 10:00:00,111.72352468682682,29.05760666666667,0.18,0.3375,0.3375,0.0,0.0,0.0,-0.0,82.66591802016015,14.879865243628826,0.0,-14.879865243628826
2019-11-26 11:00:00,106.8917100379047,11.766917878787881,0.18,0.3375,0.3375,0.0,0.0,0.0,-0.0,95.12479215911682,17.122462588641028,0.0,-17.122462588641028
2019-11-26 12:00:00,112.1726003528908,10.58685435897436,0.18,0.3375,0.3375,0.0,0.0,0.0,-0.0,101.58574599391643,18.285434278904958,0.0,-18.285434278904958
2019-11-26 13:00:00,103.87195563752063,5.808801944444444,0.18,0.3375,0.8125,250.0,250.0,250.0,0.0,348.0631536930762,62.65136766475371,9.5,-72.1513676647537
2019-11-26 14:00:00,95.97925212238587,5.5079166666666675,0.18,0.8125,0.9,250.0,46.052631578947384,46.052631578947384,0.0,136.52396703466658,24.574314066239985,1.7500000000000004,-26.324314066239985
2019-11-26 15:00:00,96.64933364671562,4.735401923076923,0.18,0.9,0.37368421052631584,-250.0,-250.0,0.0,250.0,-158.0860682763613,0.0,10.526315789473683,-10.526315789473683
2019-11-26 16:00:00,92.34169785935188,1.1834506749740394,0.32,0.37368421052631584,0.8486842105263158,250.0,250.0,250.0,0.0,341.15824718437784,109.17063909900091,9.5,-118.67063909900091
2019-11-26 17:00:00,88.63056104358093,0.0,0.32,0.8486842105263158,0.5855263157894737,-125.0,-125.0,0.0,125.0,-36.369438956419074,0.0,5.2631578947368425,-5.2631578947368425
2019-11-26 18:00:00,84.83041988333305,0.0,0.32,0.5855263157894737,0.5855263157894737,0.0,0.0,0.0,-0.0,84.83041988333305,27.145734362666577,0.0,-27.145734362666577
2019-11-26 19:00:00,84.0412357229415,0.0,0.32,0.5855263157894737,0.9,250.0,165.51246537396125,165.51246537396125,0.0,249.55370109690273,79.85718435100887,6.289473684210527,-86.14665803521939
2019-11-26 20:00:00,84.33065297066196,0.0,0.32,0.9,0.6368421052631579,-125.0,-125.0,0.0,125.0,-40.66934702933804,0.0,5.2631578947368425,-5.2631578947368425
2019-11-26 21:00:00,79.19585391283194,0.0,0.32,0.6368421052631579,0.3736842105263158,-125.0,-125.0,0.0,125.0,-45.804146087168064,0.0,5.263157894736842,-5.263157894736842
2019-11-26 22:00:00,77.2593769005848,0.0,0.1,0.3736842105263158,0.10000000000000003,-250.0,-129.99999999999997,0.0,129.99999999999997,-52.740623099415174,0.0,5.473684210526315,-5.473684210526315
2019-11-26 23:00:00,76.19789059679259,0.0,0.1,0.10000000000000003,0.1,-250.0,-1.3183898417423734e-14,0.0,1.3183898417423734e-14,76.19789059679258,7.619789059679258,5.551115123125783e-16,-7.619789059679259
2019-11-27 00:00:00,77.59093967126692,0.0,0.1,0.1,0.1,0.0,0.0,0.0,-0.0,77.59093967126692,7.7590939671266925,0.0,-7.7590939671266925
2019-11-27 01:00:00,76.03098770257608,0.0,0.1,0.1,0.1,-250.0,-0.0,-0.0,0.0,76.03098770257608,7.603098770257609,0.0,-7.603098770257609
2019-11-27 02:00:00,77.06145167670009,0.0,0.1,0.1,0.1,0.0,0.0,0.0,-0.0,77.06145167670009,7.706145167670009,0.0,-7.706145167670009
2019-11-27 03:00:00,77.33505313201161,0.0,0.1,0.1,0.1,-250.0,-0.0,-0.0,0.0,77.33505313201161,7.733505313201161,0.0,-7.733505313201161
2019-11-27 04:00:00,78.43041090399609,0.0,0.1,0.1,0.1,-125.0,-0.0,-0.0,0.0,78.43041090399609,7.843041090399609,0.0,-7.843041090399609
2019-11-27 05:00:00,80.83495831158476,0.0,0.1,0.1,0.3375,125.0,125.0,125.0,0.0,205.83495831158476,20.583495831158476,4.75,-25.333495831158476
2019-11-27 06:00:00,78.27109176212119,0.0,0.1,0.3375,0.1,-125.0,-112.81250000000001,0.0,112.81250000000001,-34.54140823787883,0.0,4.75,-4.75
2019-11-27 07:00:00,82.67764076613607,9.460346050103842,0.18,0.1,0.3375,125.0,125.0,125.0,0.0,198.21729471603223,35.6791130488858,4.75,-40.4291130488858
2019-11-27 08:00:00,102.11546116822055,33.044107424242426,0.18,0.3375,0.1,-125.0,-112.81250000000001,0.0,112.81250000000001,-43.74114625602189,0.0,4.75,-4.75
2019-11-27 09:00:00,107.33540911414978,84.61826538461538,0.18,0.1,0.575,250.0,250.0,250.0,0.0,272.7171437295344,49.08908587131619,9.5,-58.58908587131619
2019-11-27 10:00:00,121.53993148156542,67.63015,0.18,0.575,0.31184210526315786,-125.0,-125.0,0.0,125.0,-71.09021851843458,0.0,5.263157894736842,-5.263157894736842
2019-11-27 11:00:00,105.04855273386967,70.36791363636364,0.18,0.31184210526315786,0.7868421052631578,250.0,250.0,250.0,0.0,284.68063909750606,51.24251503755109,9.499999999999998,-60.74251503755109
2019-11-27 12:00:00,97.55726919748128,78.32284230769231,0.18,0.7868421052631578,0.9,250.0,59.55678670360118,59.55678670360118,0.0,78.79121359339015,14.182418446810226,2.2631578947368447,-16.44557634154707
2019-11-27 13:00:00,102.21342048144487,81.03532083333333,0.18,0.9,0.9,250.0,0.0,0.0,-0.0,21.17809964811154,3.8120579366600773,0.0,-3.8120579366600773
2019-11-27 14:00:00,88.44956838600723,61.27288333333332,0.18,0.9,0.9,250.0,0.0,0.0,-0.0,27.17668505267391,4.891803309481304,0.0,-4.891803309481304
2019-11-27 15:00:00,81.4001156114173,18.150699743589744,0.18,0.9,0.37368421052631584,-250.0,-250.0,0.0,250.0,-186.75058413217243,0.0,10.526315789473683,-10.526315789473683
2019-11-27 16:00:00,83.22971370106978,3.2746185098650042,0.32,0.37368421052631584,0.8486842105263158,250.0,250.0,250.0,0.0,329.9550951912048,105.58563046118554,9.5,-115.08563046118554
2019-11-27 17:00:00,82.82135441243628,0.0,0.32,0.8486842105263158,0.5855263157894737,-125.0,-125.0,0.0,125.0,-42.17864558756372,0.0,5.2631578947368425,-5.2631578947368425
2019-11-27 18:00:00,84.94777188394723,0.0,0.32,0.5855263157894737,0.5855263157894737,0.0,0.0,0.0,-0.0,84.94777188394723,27.183287002863114,0.0,-27.183287002863114
2019-11-27 19:00:00,85.55898051668657,0.0,0.32,0.5855263157894737,0.9,250.0,165.51246537396125,165.51246537396125,0.0,251.07144589064782,80.3428626850073,6.289473684210527,-86.63233636921782
2019-11-27 20:00:00,83.94367594819481,0.0,0.32,0.9,0.6368421052631579,-125.0,-125.0,0.0,125.0,-41.05632405180519,0.0,5.2631578947368425,-5.2631578947368425
2019-11-27 21:00:00,77.81592076841632,0.0,0.32,0.6368421052631579,0.3736842105263158,-125.0,-125.0,0.0,125.0,-47.18407923158368,0.0,5.263157894736842,-5.263157894736842
2019-11-27 22:00:00,74.44838941389143,0.0,0.1,0.3736842105263158,0.6111842105263158,125.0,125.0,125.0,0.0,199.44838941389145,19.944838941389147,4.75,-24.694838941389147
2019-11-27 23:00:00,73.15276448585686,0.0,0.1,0.6111842105263158,0.6111842105263158,0.0,0.0,0.0,-0.0,73.15276448585686,7.315276448585687,0.0,-7.315276448585687
2019-11-28 00:00:00,74.76107494547372,0.0,0.1,0.6111842105263158,0.9,250.0,152.00831024930753,152.00831024930753,0.0,226.76938519478125,22.676938519478128,5.776315789473685,-28.453254308951813
2019-11-28 01:00:00,75.57262036554549,0.0,0.1,0.9,0.9,125.0,0.0,0.0,-0.0,75.57262036554549,7.557262036554549,0.0,-7.557262036554549
2019-11-28 02:00:00,75.44287039153681,0.0,0.1,0.9,0.6368421052631579,-125.0,-125.0,0.0,125.0,-49.557129608463185,0.0,5.2631578947368425,-5.2631578947368425
2019-11-28 03:00:00,73.74457214180217,0.0,0.1,0.6368421052631579,0.3736842105263158,-125.0,-125.0,0.0,125.0,-51.255427858197834,0.0,5.263157894736842,-5.263157894736842
2019-11-28 04:00:00,74.28866777323476,0.0,0.1,0.3736842105263158,0.6111842105263158,125.0,125.0,125.0,0.0,199.28866777323475,19.928866777323478,4.75,-24.678866777323478
2019-11-28 05:00:00,78.96946124868975,0.0,0.1,0.6111842105263158,0.8486842105263157,125.0,125.0,125.0,0.0,203.96946124868975,20.396946124868975,4.749999999999998,-25.146946124868975
2019-11-28 06:00:00,77.12384420275524,0.0,0.1,0.8486842105263157,0.9,250.0,27.008310249307534,27.008310249307534,0.0,104.13215445206276,10.413215445206276,1.0263157894736863,-11.439531234679963
2019-11-28 07:00:00,75.38479929586767,2.653389583333333,0.18,0.9,0.6368421052631579,-125.0,-125.0,0.0,125.0,-52.26859028746567,0.0,5.2631578947368425,-5.2631578947368425
2019-11-28 08:00:00,74.01368937526232,8.488796893939393,0.18,0.6368421052631579,0.8743421052631579,125.0,125.0,125.0,0.0,190.52489248132292,34.29448064663813,4.750000000000001,-39.04448064663813
2019-11-28 09:00:00,78.42329637283787,27.45686358974359,0.18,0.8743421052631579,0.6111842105263159,-125.0,-125.0,0.0,125.0,-74.03356721690572,0.0,5.263157894736841,-5.263157894736841
2019-11-28 10:00:00,81.58898451675948,37.68486236111111,0.18,0.6111842105263159,0.6111842105263159,0.0,0.0,0.0,-0.0,43.90412215564837,7.902741988016707,0.0,-7.902741988016707
2019-11-28 11:00:00,85.0204773320292,56.696601818181826,0.18,0.6111842105263159,0.10000000000000009,-250.0,-242.81250000000003,0.0,242.81250000000003,-214.48862448615264,0.0,10.223684210526315,-10.223684210526315
2019-11-28 12:00:00,77.07569214439563,49.166149102564106,0.18,0.10000000000000009,0.1,-250.0,-3.95516952522712e-14,0.0,3.95516952522712e-14,27.909543041831487,5.023717747529667,1.6653345369377348e-15,-5.023717747529669
2019-11-28 13:00:00,81.11343325271268,80.92504722222222,0.18,0.1,0.1,0.0,0.0,0.0,-0.0,0.18838603049046299,0.033909485488283334,0.0,-0.033909485488283334
2019-11-28 14:00:00,77.48471871328276,29.059747878787878,0.18,0.1,0.575,250.0,250.0,250.0,0.0,298.4249708344949,53.71649475020908,9.5,-63.21649475020908
2019-11-28 15:00:00,76.57114725469748,22.17801128205128,0.18,0.575,0.9,250.0,171.0526315789474,171.0526315789474,0.0,225.4457675515936,40.58023815928685,6.500000000000002,-47.08023815928685
2019-11-28 16:00:00,83.47125344376612,4.106504340602284,0.32,0.9,0.37368421052631584,-250.0,-250.0,0.0,250.0,-170.63525089683617,0.0,10.526315789473683,-10.526315789473683
2019-11-28 17:00:00,81.9891522670707,0.0,0.32,0.37368421052631584,0.1,-250.0,-130.00000000000003,0.0,130.00000000000003,-48.010847732929335,0.0,5.473684210526317,-5.473684210526317
2019-11-28 18:00:00,78.16088237206733,0.0,0.32,0.1,0.1,0.0,0.0,0.0,-0.0,78.16088237206733,25.011482359061546,0.0,-25.011482359061546
2019-11-28 19:00:00,78.31021118462881,0.0,0.32,0.1,0.1,0.0,0.0,0.0,-0.0,78.31021118462881,25.059267579081222,0.0,-25.059267579081222
2019-11-28 20:00:00,79.29916013797272,0.0,0.32,0.1,0.1,0.0,0.0,0.0,-0.0,79.29916013797272,25.37573124415127,0.0,-25.37573124415127
2019-11-28 21:00:00,76.29195476614431,0.0,0.32,0.1,0.1,-250.0,-0.0,-0.0,0.0,76.29195476614431,24.413425525166183,0.0,-24.413425525166183
2019-11-28 22:00:00,75.19015943261608,0.0,0.1,0.1,0.1,-250.0,-0.0,-0.0,0.0,75.19015943261608,7.519015943261609,0.0,-7.519015943261609
2019-11-28 23:00:00,75.36566844103378,0.0,0.1,0.1,0.1,-250.0,-0.0,-0.0,0.0,75.36566844103378,7.536566844103378,0.0,-7.536566844103378
2019-11-29 00:00:00,75.35613143886715,0.0,0.1,0.1,0.1,-250.0,-0.0,-0.0,0.0,75.35613143886715,7.5356131438867155,0.0,-7.5356131438867155
2019-11-29 01:00:00,74.04255920833468,0.0,0.1,0.1,0.575,250.0,250.0,250.0,0.0,324.0425592083347,32.40425592083347,9.5,-41.90425592083347
2019-11-29 02:00:00,75.88862218072167,0.0,0.1,0.575,0.1,-250.0,-225.625,0.0,225.625,-149.73637781927835,0.0,9.5,-9.5
2019-11-29 03:00:00,75.9947717551403,0.0,0.1,0.1,0.1,-125.0,-0.0,-0.0,0.0,75.9947717551403,7.599477175514031,0.0,-7.599477175514031
2019-11-29 04:00:00,76.45421765105327,0.0,0.1,0.1,0.3375,125.0,125.0,125.0,0.0,201.45421765105328,20.14542176510533,4.75,-24.89542176510533
2019-11-29 05:00:00,77.77544360119545,0.0,0.1,0.3375,0.1,-125.0,-112.81250000000001,0.0,112.81250000000001,-35.037056398804566,0.0,4.75,-4.75
2019-11-29 06:00:00,78.33591972677415,0.0,0.1,0.1,0.3375,125.0,125.0,125.0,0.0,203.33591972677414,20.333591972677414,4.75,-25.083591972677414
2019-11-29 07:00:00,77.82952478572729,14.69300111111111,0.18,0.3375,0.3375,0.0,0.0,0.0,-0.0,63.13652367461618,11.364574261430912,0.0,-11.364574261430912
2019-11-29 08:00:00,79.05623338792181,55.001845454545446,0.18,0.3375,0.1,-125.0,-112.81250000000001,0.0,112.81250000000001,-88.75811206662365,0.0,4.75,-4.75
2019-11-29 09:00:00,79.65079976227064,85.88933846153847,0.18,0.1,0.575,250.0,250.0,250.0,0.0,243.76146130073215,43.87706303413179,9.5,-53.37706303413179
2019-11-29 10:00:00,83.57930449748602,104.40329166666668,0.18,0.575,0.575,0.0,0.0,0.0,-0.0,-20.823987169180654,0.0,0.0,-0.0
2019-11-29 11:00:00,85.17758544691883,109.69765000000001,0.18,0.575,0.575,0.0,0.0,0.0,-0.0,-24.520064553081184,0.0,0.0,-0.0
2019-11-29 12:00:00,84.40880061385397,105.25623846153846,0.18,0.575,0.31184210526315786,-125.0,-125.0,0.0,125.0,-145.8474378476845,0.0,5.263157894736842,-5.263157894736842
2019-11-29 13:00:00,83.36154376034152,93.30301666666666,0.18,0.31184210526315786,0.31184210526315786,0.0,0.0,0.0,-0.0,-9.941472906325146,0.0,0.0,-0.0
2019-11-29 14:00:00,78.19624141591264,55.66378727272727,0.18,0.31184210526315786,0.1,-250.0,-100.62499999999999,0.0,100.62499999999999,-78.09254585681461,0.0,4.2368421052631575,-4.2368421052631575
2019-11-29 15:00:00,75.42742418083377,20.020630256410257,0.18,0.1,0.3375,125.0,125.0,125.0,0.0,180.4067939244235,32.47322290639623,4.75,-37.22322290639623
2019-11-29 16:00:00,74.70032611230361,2.61548119807892,0.32,0.3375,0.3375,0.0,0.0,0.0,-0.0,72.08484491422469,23.0671503725519,0.0,-23.0671503725519
2019-11-29 17:00:00,75.62186675006828,0.0,0.32,0.3375,0.1,-250.0,-112.81250000000001,0.0,112.81250000000001,-37.190633249931736,0.0,4.75,-4.75
2019-11-29 18:00:00,78.17487971203478,0.0,0.32,0.1,0.1,-250.0,-0.0,-0.0,0.0,78.17487971203478,25.01596150785113,0.0,-25.01596150785113
2019-11-29 19:00:00,81.39153231047426,0.0,0.32,0.1,0.1,0.0,0.0,0.0,-0.0,81.39153231047426,26.045290339351766,0.0,-26.045290339351766
2019-11-29 20:00:00,82.85750109625458,0.0,0.32,0.1,0.1,0.0,0.0,0.0,-0.0,82.85750109625458,26.514400350801466,0.0,-26.514400350801466
2019-11-29 21:00:00,83.34442178226413,0.0,0.32,0.1,0.1,-125.0,-0.0,-0.0,0.0,83.34442178226413,26.670214970324523,0.0,-26.670214970324523
2019-11-29 22:00:00,77.08026949765903,0.0,0.1,0.1,0.575,250.0,250.0,250.0,0.0,327.08026949765906,32.70802694976591,9.5,-42.20802694976591
2019-11-29 23:00:00,77.38633607127198,0.0,0.1,0.575,0.8125,125.0,125.0,125.0,0.0,202.38633607127198,20.2386336071272,4.750000000000001,-24.9886336071272
2019-11-30 00:00:00,78.98460900043209,0.0,0.12,0.8125,0.549342105263158,-125.0,-125.0,0.0,125.0,-46.01539099956791,0.0,5.263157894736841,-5.263157894736841
2019-11-30 01:00:00,79.85237972904449,0.0,0.12,0.549342105263158,0.10000000000000003,-250.0,-213.43750000000003,0.0,213.43750000000003,-133.58512027095554,0.0,8.98684210526316,-8.98684210526316
2019-11-30 02:00:00,78.2334579203526,0.0,0.12,0.10000000000000003,0.10000000000000003,0.0,0.0,0.0,-0.0,78.2334579203526,9.388014950442312,0.0,-9.388014950442312
2019-11-30 03:00:00,84.82990446595376,0.0,0.12,0.10000000000000003,0.10000000000000003,0.0,0.0,0.0,-0.0,84.82990446595376,10.179588535914451,0.0,-10.179588535914451
2019-11-30 04:00:00,86.26390982140754,0.0,0.12,0.10000000000000003,0.3375,125.0,125.0,125.0,0.0,211.26390982140754,25.351669178568905,4.75,-30.101669178568905
2019-11-30 05:00:00,82.91379962800659,0.0,0.12,0.3375,0.1,-125.0,-112.81250000000001,0.0,112.81250000000001,-29.898700371993428,0.0,4.75,-4.75
2019-11-30 06:00:00,81.45011615896573,0.0,0.12,0.1,0.1,0.0,0.0,0.0,-0.0,81.45011615896573,9.774013939075887,0.0,-9.774013939075887
2019-11-30 07:00:00,77.76911900868927,2.860274911734164,0.12,0.1,0.1,-250.0,-0.0,-0.0,0.0,74.90884409695511,8.989061291634613,0.0,-8.989061291634613
2019-11-30 08:00:00,79.99237571380769,9.805312954545455,0.12,0.1,0.1,0.0,0.0,0.0,-0.0,70.18706275926223,8.422447531111468,0.0,-8.422447531111468
2019-11-30 09:00:00,80.33658394787108,12.338607307692307,0.12,0.1,0.1,-250.0,-0.0,-0.0,0.0,67.99797664017876,8.15975719682145,0.0,-8.15975719682145
2019-11-30 10:00:00,81.32899054048644,16.456929444444444,0.12,0.1,0.1,-250.0,-0.0,-0.0,0.0,64.872061096042,7.78464733152504,0.0,-7.78464733152504
2019-11-30 11:00:00,80.78576224398486,25.16241,0.12,0.1,0.1,-125.0,-0.0,-0.0,0.0,55.62335224398486,6.674802269278183,0.0,-6.674802269278183
2019-11-30 12:00:00,80.02261751194334,24.156654615384618,0.12,0.1,0.1,0.0,0.0,0.0,-0.0,55.86596289655872,6.703915547587046,0.0,-6.703915547587046
2019-11-30 13:00:00,81.87219292605073,18.067155694444445,0.12,0.1,0.575,250.0,250.0,250.0,0.0,313.80503723160626,37.656604467792754,9.5,-47.156604467792754
2019-11-30 14:00:00,82.86872444077665,7.042734242424243,0.12,0.575,0.575,0.0,0.0,0.0,-0.0,75.8259901983524,9.099118823802288,0.0,-9.099118823802288
2019-11-30 15:00:00,80.41052611669535,3.0948965552360415,0.12,0.575,0.9,250.0,171.0526315789474,171.0526315789474,0.0,248.3682611404067,29.804191336848803,6.500000000000002,-36.3041913368488
2019-11-30 16:00:00,80.02757944999799,0.5527200545171339,0.12,0.9,0.9,0.0,0.0,0.0,-0.0,79.47485939548085,9.5369831274577,0.0,-9.5369831274577
2019-11-30 17:00:00,81.85070500486304,0.0,0.12,0.9,0.37368421052631584,-250.0,-250.0,0.0,250.0,-168.14929499513696,0.0,10.526315789473683,-10.526315789473683
2019-11-30 18:00:00,81.99169910310937,0.0,0.12,0.37368421052631584,0.37368421052631584,0.0,0.0,0.0,-0.0,81.99169910310937,9.839003892373125,0.0,-9.839003892373125
2019-11-30 19:00:00,81.69243974408867,0.0,0.12,0.37368421052631584,0.6111842105263159,125.0,125.0,125.0,0.0,206.6924397440887,24.803092769290643,4.750000000000001,-29.553092769290643
2019-11-30 20:00:00,78.34421446893865,0.0,0.12,0.6111842105263159,0.9,250.0,152.00831024930747,152.00831024930747,0.0,230.35252471824612,27.642302966189533,5.776315789473683,-33.41861875566322
2019-11-30 21:00:00,80.45466367409247,0.0,0.12,0.9,0.6368421052631579,-125.0,-125.0,0.0,125.0,-44.54533632590753,0.0,5.2631578947368425,-5.2631578947368425
2019-11-30 22:00:00,79.38013110444383,0.0,0.12,0.6368421052631579,0.3736842105263158,-125.0,-125.0,0.0,125.0,-45.619868895556166,0.0,5.263157894736842,-5.263157894736842
2019-11-30 23:00:00,79.22875021324397,0.0,0.12,0.3736842105263158,0.3736842105263158,0.0,0.0,0.0,-0.0,79.22875021324397,9.507450025589277,0.0,-9.507450025589277
2019-12-01 00:00:00,78.86690345758421,0.0,0.12,0.3736842105263158,0.8486842105263157,250.0,250.0,250.0,0.0,328.8669034575842,39.4640284149101,9.499999999999998,-48.9640284149101
2019-12-01 01:00:00,77.80056023023421,0.0,0.12,0.8486842105263157,0.5855263157894737,-125.0,-125.0,0.0,125.0,-47.19943976976579,0.0,5.263157894736841,-5.263157894736841
2019-12-01 02:00:00,78.86024945795457,0.0,0.12,0.5855263157894737,0.5855263157894737,0.0,0.0,0.0,-0.0,78.86024945795457,9.463229934954548,0.0,-9.463229934954548
2019-12-01 03:00:00,78.94852210346049,0.0,0.12,0.5855263157894737,0.3223684210526316,-125.0,-125.0,0.0,125.0,-46.05147789653951,0.0,5.263157894736842,-5.263157894736842
2019-12-01 04:00:00,76.4755852034118,0.0,0.12,0.3223684210526316,0.1,-125.0,-105.625,0.0,105.625,-29.149414796588204,0.0,4.447368421052632,-4.447368421052632
2019-12-01 05:00:00,80.7206066991982,0.0,0.12,0.1,0.3375,125.0,125.0,125.0,0.0,205.72060669919819,24.686472803903783,4.75,-29.436472803903783
2019-12-01 06:00:00,79.04841353054326,0.0,0.12,0.3375,0.3375,0.0,0.0,0.0,-0.0,79.04841353054326,9.48580962366519,0.0,-9.48580962366519
2019-12-01 07:00:00,78.73320060904636,1.1546441458982348,0.12,0.3375,0.1,-125.0,-112.81250000000001,0.0,112.81250000000001,-35.23394353685188,0.0,4.75,-4.75
2019-12-01 08:00:00,78.52512720075288,3.2741522727272727,0.12,0.1,0.1,0.0,0.0,0.0,-0.0,75.2509749280256,9.030116991363071,0.0,-9.030116991363071
2019-12-01 09:00:00,77.81840697838389,7.413798076923076,0.12,0.1,0.1,-125.0,-0.0,-0.0,0.0,70.40460890146082,8.448553068175299,0.0,-8.448553068175299
2019-12-01 10:00:00,80.75599744753724,10.23684111111111,0.12,0.1,0.1,0.0,0.0,0.0,-0.0,70.51915633642614,8.462298760371135,0.0,-8.462298760371135
2019-12-01 11:00:00,80.41672786062367,9.990434393939394,0.12,0.1,0.1,-125.0,-0.0,-0.0,0.0,70.42629346668427,8.451155216002112,0.0,-8.451155216002112
2019-12-01 12:00:00,78.40159364861304,11.108512435897437,0.12,0.1,0.575,250.0,250.0,250.0,0.0,317.2930812127156,38.07516974552587,9.5,-47.57516974552587
2019-12-01 13:00:00,76.61054077868764,6.327790277777779,0.12,0.575,0.9,250.0,171.0526315789474,171.0526315789474,0.0,241.33538207985725,28.96024584958287,6.500000000000002,-35.46024584958287
2019-12-01 14:00:00,76.52844532455957,3.7090090909090905,0.12,0.9,0.6368421052631579,-125.0,-125.0,0.0,125.0,-52.18056376634952,0.0,5.2631578947368425,-5.2631578947368425
2019-12-01 15:00:00,79.47827832942875,2.7751814102564105,0.12,0.6368421052631579,0.9,250.0,138.50415512465375,138.50415512465375,0.0,215.2072520438261,25.82487024525913,5.2631578947368425,-31.088028139995973
2019-12-01 16:00:00,81.8985447742833,0.08099169262720664,0.12,0.9,0.9,0.0,0.0,0.0,-0.0,81.81755308165609,9.81810636979873,0.0,-9.81810636979873
2019-12-01 17:00:00,94.84257750141778,0.0,0.12,0.9,0.37368421052631584,-250.0,-250.0,0.0,250.0,-155.1574224985822,0.0,10.526315789473683,-10.526315789473683
2019-12-01 18:00:00,78.65447103804833,0.0,0.12,0.37368421052631584,0.37368421052631584,0.0,0.0,0.0,-0.0,78.65447103804833,9.4385365245658,0.0,-9.4385365245658
2019-12-01 19:00:00,80.59329548049026,0.0,0.12,0.37368421052631584,0.6111842105263159,125.0,125.0,125.0,0.0,205.59329548049027,24.671195457658833,4.750000000000001,-29.421195457658833
2019-12-01 20:00:00,80.46843465232938,0.0,0.12,0.6111842105263159,0.9,250.0,152.00831024930747,152.00831024930747,0.0,232.47674490163683,27.89720938819642,5.776315789473683,-33.6735251776701
2019-12-01 21:00:00,78.29306600650189,0.0,0.12,0.9,0.9,0.0,0.0,0.0,-0.0,78.29306600650189,9.395167920780226,0.0,-9.395167920780226
2019-12-01 22:00:00,77.23832075660191,0.0,0.12,0.9,0.6368421052631579,-125.0,-125.0,0.0,125.0,-47.76167924339809,0.0,5.2631578947368425,-5.2631578947368425
2019-12-01 23:00:00,77.26358238170427,0.0,0.12,0.6368421052631579,0.3736842105263158,-125.0,-125.0,0.0,125.0,-47.73641761829573,0.0,5.263157894736842,-5.263157894736842
2019-12-02 00:00:00,77.79458544384661,0.0,0.1,0.3736842105263158,0.3736842105263158,0.0,0.0,0.0,-0.0,77.79458544384661,7.779458544384662,0.0,-7.779458544384662
2019-12-02 01:00:00,77.1551197327901,0.0,0.1,0.3736842105263158,0.3736842105263158,0.0,0.0,0.0,-0.0,77.1551197327901,7.7155119732790105,0.0,-7.7155119732790105
2019-12-02 02:00:00,74.81617554362305,0.0,0.1,0.3736842105263158,0.3736842105263158,0.0,0.0,0.0,-0.0,74.81617554362305,7.481617554362305,0.0,-7.481617554362305
2019-12-02 03:00:00,77.86985076290578,0.0,0.1,0.3736842105263158,0.6111842105263158,125.0,125.0,125.0,0.0,202.8698507629058,20.28698507629058,4.75,-25.03698507629058
2019-12-02 04:00:00,77.81938052628092,0.0,0.1,0.6111842105263158,0.3480263157894737,-125.0,-125.0,0.0,125.0,-47.18061947371908,0.0,5.263157894736842,-5.263157894736842
2019-12-02 05:00:00,81.98359149205682,0.0,0.1,0.3480263157894737,0.8230263157894737,250.0,250.0,250.0,0.0,331.9835914920568,33.19835914920568,9.5,-42.69835914920568
2019-12-02 06:00:00,77.71295481113671,0.0,0.1,0.8230263157894737,0.5598684210526317,-125.0,-125.0,0.0,125.0,-47.28704518886329,0.0,5.263157894736841,-5.263157894736841
2019-12-02 07:00:00,81.82539230103932,0.13427570093457944,0.18,0.5598684210526317,0.1,-250.0,-218.43750000000006,0.0,218.43750000000006,-136.7463833998953,0.0,9.197368421052634,-9.197368421052634
2019-12-02 08:00:00,89.30042391414864,6.03055606060606,0.18,0.1,0.1,-250.0,-0.0,-0.0,0.0,83.26986785354258,14.988576213637664,0.0,-14.988576213637664
2019-12-02 09:00:00,92.22395840957968,9.217391282051283,0.18,0.1,0.1,-125.0,-0.0,-0.0,0.0,83.0065671275284,14.94118208295511,0.0,-14.94118208295511
2019-12-02 10:00:00,91.73493754248074,24.53431236111111,0.18,0.1,0.1,0.0,0.0,0.0,-0.0,67.20062518136963,12.096112532646533,0.0,-12.096112532646533
2019-12-02 11:00:00,92.63255607707808,21.74624,0.18,0.1,0.1,0.0,0.0,0.0,-0.0,70.88631607707808,12.759536893874053,0.0,-12.759536893874053
2019-12-02 12:00:00,89.9175317383145,19.863055512820512,0.18,0.1,0.3375,125.0,125.0,125.0,0.0,195.054476225494,35.109805720588916,4.75,-39.859805720588916
2019-12-02 13:00:00,89.27429045456218,20.24452638888889,0.18,0.3375,0.8125,250.0,250.0,250.0,0.0,319.0297640656733,57.42535753182119,9.5,-66.92535753182119
2019-12-02 14:00:00,89.1041076235466,13.568884393939395,0.18,0.8125,0.9,250.0,46.052631578947384,46.052631578947384,0.0,121.58785480855458,21.885813865539824,1.7500000000000004,-23.635813865539824
2019-12-02 15:00:00,90.66551680890773,7.81240141025641,0.18,0.9,0.37368421052631584,-250.0,-250.0,0.0,250.0,-167.1468846013487,0.0,10.526315789473683,-10.526315789473683
2019-12-02 16:00:00,90.17840688093973,2.4514002206645897,0.32,0.37368421052631584,0.8486842105263158,250.0,250.0,250.0,0.0,337.72700666027515,108.07264213128805,9.5,-117.57264213128805
2019-12-02 17:00:00,85.29315620246686,0.0,0.32,0.8486842105263158,0.5855263157894737,-125.0,-125.0,0.0,125.0,-39.70684379753314,0.0,5.2631578947368425,-5.2631578947368425
2019-12-02 18:00:00,85.97574309004193,0.0,0.32,0.5855263157894737,0.5855263157894737,0.0,0.0,0.0,-0.0,85.97574309004193,27.51223778881342,0.0,-27.51223778881342
2019-12-02 19:00:00,86.83306448925129,0.0,0.32,0.5855263157894737,0.9,250.0,165.51246537396125,165.51246537396125,0.0,252.34552986321253,80.75056955622802,6.289473684210527,-87.04004324043854
2019-12-02 20:00:00,85.86271369775831,0.0,0.32,0.9,0.6368421052631579,-125.0,-125.0,0.0,125.0,-39.13728630224169,0.0,5.2631578947368425,-5.2631578947368425
2019-12-02 21:00:00,80.66547198057059,0.0,0.32,0.6368421052631579,0.3736842105263158,-125.0,-125.0,0.0,125.0,-44.33452801942941,0.0,5.263157894736842,-5.263157894736842
2019-12-02 22:00:00,80.78198435130494,0.0,0.1,0.3736842105263158,0.6111842105263158,125.0,125.0,125.0,0.0,205.78198435130494,20.578198435130496,4.75,-25.328198435130496
2019-12-02 23:00:00,77.30268152982454,0.0,0.1,0.6111842105263158,0.6111842105263158,0.0,0.0,0.0,-0.0,77.30268152982454,7.730268152982454,0.0,-7.730268152982454
2019-12-03 00:00:00,78.2336139690955,0.0,0.1,0.6111842105263158,0.6111842105263158,0.0,0.0,0.0,-0.0,78.2336139690955,7.823361396909551,0.0,-7.823361396909551
2019-12-03 01:00:00,79.72348618638718,0.0,0.1,0.6111842105263158,0.6111842105263158,0.0,0.0,0.0,-0.0,79.72348618638718,7.972348618638718,0.0,-7.972348618638718
2019-12-03 02:00:00,78.74429550580808,0.0,0.1,0.6111842105263158,0.6111842105263158,0.0,0.0,0.0,-0.0,78.74429550580808,7.874429550580809,0.0,-7.874429550580809
2019-12-03 03:00:00,78.11128473850853,0.0,0.1,0.6111842105263158,0.6111842105263158,0.0,0.0,0.0,-0.0,78.11128473850853,7.811128473850854,0.0,-7.811128473850854
2019-12-03 04:00:00,77.42033936872816,0.0,0.1,0.6111842105263158,0.3480263157894737,-125.0,-125.0,0.0,125.0,-47.579660631271835,0.0,5.263157894736842,-5.263157894736842
2019-12-03 05:00:00,82.9069439329153,0.0,0.1,0.3480263157894737,0.3480263157894737,0.0,0.0,0.0,-0.0,82.9069439329153,8.29069439329153,0.0,-8.29069439329153
2019-12-03 06:00:00,80.61815332838644,0.0,0.1,0.3480263157894737,0.3480263157894737,0.0,0.0,0.0,-0.0,80.61815332838644,8.061815332838645,0.0,-8.061815332838645
2019-12-03 07:00:00,84.52392181882517,12.483534435358257,0.18,0.3480263157894737,0.10000000000000003,-250.0,-117.81249999999999,0.0,117.81249999999999,-45.772112616533065,0.0,4.960526315789473,-4.960526315789473
2019-12-03 08:00:00,90.16238294082851,50.82541515151514,0.18,0.10000000000000003,0.1,-250.0,-1.3183898417423734e-14,0.0,1.3183898417423734e-14,39.336967789313356,7.080654202076404,5.551115123125783e-16,-7.0806542020764045
2019-12-03 09:00:00,97.9115193564919,81.39063717948717,0.18,0.1,0.575,250.0,250.0,250.0,0.0,266.52088217700475,47.97375879186085,9.5,-57.47375879186085
2019-12-03 10:00:00,102.80131069646553,100.10967916666665,0.18,0.575,0.575,0.0,0.0,0.0,-0.0,2.691631529798883,0.48449367536379895,0.0,-0.48449367536379895
2019-12-03 11:00:00,91.41171697463575,103.83090454545454,0.18,0.575,0.9,250.0,171.0526315789474,171.0526315789474,0.0,158.6334440081286,28.554019921463148,6.500000000000002,-35.05401992146315
2019-12-03 12:00:00,88.47658631451388,98.48935512820512,0.18,0.9,0.9,0.0,0.0,0.0,-0.0,-10.012768813691238,0.0,0.0,-0.0
2019-12-03 13:00:00,112.8767838992149,45.59621513888888,0.18,0.9,0.6368421052631579,-125.0,-125.0,0.0,125.0,-57.71943123967398,0.0,5.2631578947368425,-5.2631578947368425
2019-12-03 14:00:00,91.63205918088546,22.223065151515154,0.18,0.6368421052631579,0.8743421052631579,125.0,125.0,125.0,0.0,194.40899402937032,34.993618925286654,4.750000000000001,-39.743618925286654
2019-12-03 15:00:00,112.06217714055484,5.980193589743591,0.18,0.8743421052631579,0.34802631578947374,-250.0,-250.0,0.0,250.0,-143.91801644918877,0.0,10.526315789473683,-10.526315789473683
2019-12-03 16:00:00,80.81988578651406,1.3534214953271029,0.32,0.34802631578947374,0.8230263157894737,250.0,250.0,250.0,0.0,329.466464291187,105.42926857317984,9.5,-114.92926857317984
2019-12-03 17:00:00,77.46744654055095,0.0,0.32,0.8230263157894737,0.5598684210526317,-125.0,-125.0,0.0,125.0,-47.53255345944905,0.0,5.263157894736841,-5.263157894736841
2019-12-03 18:00:00,78.88795968423496,0.0,0.32,0.5598684210526317,0.5598684210526317,0.0,0.0,0.0,-0.0,78.88795968423496,25.244147098955185,0.0,-25.244147098955185
2019-12-03 19:00:00,81.68109695802563,0.0,0.32,0.5598684210526317,0.9,250.0,179.0166204986149,179.0166204986149,0.0,260.69771745664053,83.42326958612497,6.802631578947366,-90.22590116507234
2019-12-03 20:00:00,77.83550533998361,0.0,0.32,0.9,0.9,250.0,0.0,0.0,-0.0,77.83550533998361,24.907361708794756,0.0,-24.907361708794756
2019-12-03 21:00:00,76.72090227515002,0.0,0.32,0.9,0.6368421052631579,-125.0,-125.0,0.0,125.0,-48.279097724849976,0.0,5.2631578947368425,-5.2631578947368425
2019-12-03 22:00:00,74.8490281505517,0.0,0.1,0.6368421052631579,0.8743421052631579,125.0,125.0,125.0,0.0,199.8490281505517,19.98490281505517,4.750000000000001,-24.73490281505517
2019-12-03 23:00:00,73.39666975524474,0.0,0.1,0.8743421052631579,0.6111842105263159,-125.0,-125.0,0.0,125.0,-51.603330244755256,0.0,5.263157894736841,-5.263157894736841
2019-12-04 00:00:00,71.34412189357704,0.0,0.1,0.6111842105263159,0.9,250.0,152.00831024930747,152.00831024930747,0.0,223.3524321428845,22.335243214288454,5.776315789473683,-28.11155900376214
2019-12-04 01:00:00,72.24468322988287,0.0,0.1,0.9,0.9,125.0,0.0,0.0,-0.0,72.24468322988287,7.224468322988287,0.0,-7.224468322988287
2019-12-04 02:00:00,73.53018141269557,0.0,0.1,0.9,0.6368421052631579,-125.0,-125.0,0.0,125.0,-51.46981858730443,0.0,5.2631578947368425,-5.2631578947368425
2019-12-04 03:00:00,74.60070013039629,0.0,0.1,0.6368421052631579,0.3736842105263158,-125.0,-125.0,0.0,125.0,-50.39929986960371,0.0,5.263157894736842,-5.263157894736842
2019-12-04 04:00:00,75.01451991980916,0.0,0.1,0.3736842105263158,0.6111842105263158,125.0,125.0,125.0,0.0,200.01451991980917,20.001451991980918,4.75,-24.751451991980918
2019-12-04 05:00:00,76.83645911859234,0.0,0.1,0.6111842105263158,0.8486842105263157,125.0,125.0,125.0,0.0,201.83645911859236,20.183645911859237,4.749999999999998,-24.933645911859237
2019-12-04 06:00:00,74.80572438963752,0.0,0.1,0.8486842105263157,0.9,250.0,27.008310249307534,27.008310249307534,0.0,101.81403463894506,10.181403463894506,1.0263157894736863,-11.207719253368193
2019-12-04 07:00:00,79.8909938713468,0.14493250259605397,0.18,0.9,0.6368421052631579,-125.0,-125.0,0.0,125.0,-45.253938631249255,0.0,5.2631578947368425,-5.2631578947368425
2019-12-04 08:00:00,92.30029080053868,2.665293642027754,0.18,0.6368421052631579,0.8743421052631579,125.0,125.0,125.0,0.0,214.63499715851094,38.634299488531965,4.750000000000001,-43.384299488531965
2019-12-04 09:00:00,92.97352340042691,6.138903340522406,0.18,0.8743421052631579,0.6111842105263159,-125.0,-125.0,0.0,125.0,-38.16537994009549,0.0,5.263157894736841,-5.263157894736841
2019-12-04 10:00:00,91.50564315363584,9.938719305555555,0.18,0.6111842105263159,0.6111842105263159,0.0,0.0,0.0,-0.0,81.5669238480803,14.682046292654451,0.0,-14.682046292654451
2019-12-04 11:00:00,120.81880295666794,19.522993181818183,0.18,0.6111842105263159,0.3480263157894738,-125.0,-125.0,0.0,125.0,-23.704190225150242,0.0,5.263157894736842,-5.263157894736842
2019-12-04 12:00:00,93.75168121430131,26.38399064102564,0.18,0.3480263157894738,0.8230263157894737,250.0,250.0,250.0,0.0,317.3676905732757,57.126184303189625,9.499999999999998,-66.62618430318962
2019-12-04 13:00:00,90.886169368188,19.45393673611111,0.18,0.8230263157894737,0.9,250.0,40.51246537396121,40.51246537396121,0.0,111.94469800603812,20.150045641086862,1.539473684210526,-21.68951932529739
2019-12-04 14:00:00,114.07675102417771,10.633354393939394,0.18,0.9,0.6368421052631579,-125.0,-125.0,0.0,125.0,-21.55660336976169,0.0,5.2631578947368425,-5.2631578947368425
2019-12-04 15:00:00,95.09962176727389,3.433292307692308,0.18,0.6368421052631579,0.3736842105263158,-125.0,-125.0,0.0,125.0,-33.333670540418424,0.0,5.263157894736842,-5.263157894736842
2019-12-04 16:00:00,85.3255191505615,0.39217030114226376,0.32,0.3736842105263158,0.8486842105263157,250.0,250.0,250.0,0.0,334.93334884941925,107.17867163181415,9.499999999999998,-116.67867163181415
2019-12-04 17:00:00,84.17655565692071,0.0,0.32,0.8486842105263157,0.5855263157894737,-125.0,-125.0,0.0,125.0,-40.82344434307929,0.0,5.263157894736841,-5.263157894736841
2019-12-04 18:00:00,81.69758205167668,0.0,0.32,0.5855263157894737,0.5855263157894737,0.0,0.0,0.0,-0.0,81.69758205167668,26.143226256536536,0.0,-26.143226256536536
2019-12-04 19:00:00,84.10223563850211,0.0,0.32,0.5855263157894737,0.9,250.0,165.51246537396125,165.51246537396125,0.0,249.61470101246334,79.87670432398828,6.289473684210527,-86.16617800819881
2019-12-04 20:00:00,84.37880472948376,0.0,0.32,0.9,0.9,250.0,0.0,0.0,-0.0,84.37880472948376,27.001217513434803,0.0,-27.001217513434803
2019-12-04 21:00:00,79.86824233387674,0.0,0.32,0.9,0.9,125.0,0.0,0.0,-0.0,79.86824233387674,25.557837546840556,0.0,-25.557837546840556
2019-12-04 22:00:00,76.05768773625033,0.0,0.1,0.9,0.9,0.0,0.0,0.0,-0.0,76.05768773625033,7.605768773625034,0.0,-7.605768773625034
2019-12-04 23:00:00,76.09154818734402,0.0,0.1,0.9,0.6368421052631579,-125.0,-125.0,0.0,125.0,-48.90845181265598,0.0,5.2631578947368425,-5.2631578947368425
2019-12-05 00:00:00,75.65916547349073,0.0,0.1,0.6368421052631579,0.6368421052631579,0.0,0.0,0.0,-0.0,75.65916547349073,7.565916547349073,0.0,-7.565916547349073
2019-12-05 01:00:00,75.48092900601699,0.0,0.1,0.6368421052631579,0.6368421052631579,0.0,0.0,0.0,-0.0,75.48092900601699,7.5480929006016995,0.0,-7.5480929006016995
2019-12-05 02:00:00,75.06279245717423,0.0,0.1,0.6368421052631579,0.6368421052631579,0.0,0.0,0.0,-0.0,75.06279245717423,7.5062792457174226,0.0,-7.5062792457174226
2019-12-05 03:00:00,75.35576545493817,0.0,0.1,0.6368421052631579,0.3736842105263158,-125.0,-125.0,0.0,125.0,-49.644234545061835,0.0,5.263157894736842,-5.263157894736842
2019-12-05 04:00:00,76.92563518390394,0.0,0.1,0.3736842105263158,0.6111842105263158,125.0,125.0,125.0,0.0,201.92563518390392,20.192563518390394,4.75,-24.942563518390394
2019-12-05 05:00:00,81.06297870995671,0.0,0.1,0.6111842105263158,0.9,250.0,152.00831024930753,152.00831024930753,0.0,233.07128895926422,23.307128895926425,5.776315789473685,-29.08344468540011
2019-12-05 06:00:00,76.99971043615587,0.0,0.1,0.9,0.9,250.0,0.0,0.0,-0.0,76.99971043615587,7.699971043615587,0.0,-7.699971043615587
2019-12-05 07:00:00,78.60152036187873,2.396682255970924,0.18,0.9,0.37368421052631584,-250.0,-250.0,0.0,250.0,-173.7951618940922,0.0,10.526315789473683,-10.526315789473683
2019-12-05 08:00:00,85.96018082736973,10.623550227272728,0.18,0.37368421052631584,0.11052631578947375,-125.0,-125.0,0.0,125.0,-49.663369399903004,0.0,5.263157894736842,-5.263157894736842
2019-12-05 09:00:00,89.58814693334905,23.957644615384616,0.18,0.11052631578947375,0.1,-125.0,-5.000000000000028,0.0,5.000000000000028,60.630502317964414,10.913490417233595,0.2105263157894749,-11.124016733023069
2019-12-05 10:00:00,95.00435556158995,32.21037833333333,0.18,0.1,0.1,0.0,0.0,0.0,-0.0,62.793977228256615,11.302915901086191,0.0,-11.302915901086191
2019-12-05 11:00:00,95.81090984583938,45.126338636363634,0.18,0.1,0.1,0.0,0.0,0.0,-0.0,50.68457120947574,9.123222817705633,0.0,-9.123222817705633
2019-12-05 12:00:00,95.89948190739038,45.2663091025641,0.18,0.1,0.3375,125.0,125.0,125.0,0.0,175.63317280482627,31.613971104868728,4.75,-36.363971104868725
2019-12-05 13:00:00,103.9837440056174,35.276633194444436,0.18,0.3375,0.8125,250.0,250.0,250.0,0.0,318.7071108111729,57.367279946011124,9.5,-66.86727994601112
2019-12-05 14:00:00,91.7043318704049,22.131502878787877,0.18,0.8125,0.9,250.0,46.052631578947384,46.052631578947384,0.0,115.62546057056441,20.812582902701593,1.7500000000000004,-22.562582902701593
2019-12-05 15:00:00,87.76750894856039,12.257560641025643,0.18,0.9,0.37368421052631584,-250.0,-250.0,0.0,250.0,-174.49005169246527,0.0,10.526315789473683,-10.526315789473683
2019-12-05 16:00:00,85.19024192700745,2.1887838395638632,0.32,0.37368421052631584,0.8486842105263158,250.0,250.0,250.0,0.0,333.00145808744355,106.56046658798194,9.5,-116.06046658798194
2019-12-05 17:00:00,88.70841909180109,0.0,0.32,0.8486842105263158,0.5855263157894737,-125.0,-125.0,0.0,125.0,-36.29158090819891,0.0,5.2631578947368425,-5.2631578947368425
2019-12-05 18:00:00,83.49427417300406,0.0,0.32,0.5855263157894737,0.5855263157894737,0.0,0.0,0.0,-0.0,83.49427417300406,26.7181677353613,0.0,-26.7181677353613
2019-12-05 19:00:00,84.1593176033538,0.0,0.32,0.5855263157894737,0.9,250.0,165.51246537396125,165.51246537396125,0.0,249.67178297731505,79.89497055274082,6.289473684210527,-86.18444423695135
2019-12-05 20:00:00,81.77214531403435,0.0,0.32,0.9,0.6368421052631579,-125.0,-125.0,0.0,125.0,-43.22785468596565,0.0,5.2631578947368425,-5.2631578947368425
2019-12-05 21:00:00,81.91459864873228,0.0,0.32,0.6368421052631579,0.3736842105263158,-125.0,-125.0,0.0,125.0,-43.08540135126772,0.0,5.263157894736842,-5.263157894736842
2019-12-05 22:00:00,78.72970140494262,0.0,0.1,0.3736842105263158,0.10000000000000003,-250.0,-129.99999999999997,0.0,129.99999999999997,-51.270298595057355,0.0,5.473684210526315,-5.473684210526315
2019-12-05 23:00:00,78.27529047982506,0.0,0.1,0.10000000000000003,0.1,-250.0,-1.3183898417423734e-14,0.0,1.3183898417423734e-14,78.27529047982505,7.827529047982505,5.551115123125783e-16,-7.827529047982506
2019-12-06 00:00:00,75.31888010394997,0.0,0.1,0.1,0.1,0.0,0.0,0.0,-0.0,75.31888010394997,7.531888010394997,0.0,-7.531888010394997
2019-12-06 01:00:00,77.73150358372463,0.0,0.1,0.1,0.1,-250.0,-0.0,-0.0,0.0,77.73150358372463,7.7731503583724635,0.0,-7.7731503583724635
2019-12-06 02:00:00,77.6994227817572,0.0,0.1,0.1,0.1,0.0,0.0,0.0,-0.0,77.6994227817572,7.769942278175721,0.0,-7.769942278175721
2019-12-06 03:00:00,77.34102059800718,0.0,0.1,0.1,0.1,-250.0,-0.0,-0.0,0.0,77.34102059800718,7.734102059800718,0.0,-7.734102059800718
2019-12-06 04:00:00,75.47961568634882,0.0,0.1,0.1,0.1,-125.0,-0.0,-0.0,0.0,75.47961568634882,7.547961568634882,0.0,-7.547961568634882
2019-12-06 05:00:00,76.31235584297868,0.0,0.1,0.1,0.1,-250.0,-0.0,-0.0,0.0,76.31235584297868,7.631235584297868,0.0,-7.631235584297868
2019-12-06 06:00:00,78.1282367965791,0.0,0.1,0.1,0.3375,125.0,125.0,125.0,0.0,203.1282367965791,20.31282367965791,4.75,-25.06282367965791
2019-12-06 07:00:00,90.4333040686684,4.3262409657320875,0.18,0.3375,0.1,-250.0,-112.81250000000001,0.0,112.81250000000001,-26.70543689706369,0.0,4.75,-4.75
2019-12-06 08:00:00,93.28941322852846,16.969406515151515,0.18,0.1,0.1,-250.0,-0.0,-0.0,0.0,76.32000671337694,13.737601208407849,0.0,-13.737601208407849
2019-12-06 09:00:00,93.91734061371218,68.04038025641026,0.18,0.1,0.575,250.0,250.0,250.0,0.0,275.8769603573019,49.65785286431434,9.5,-59.15785286431434
2019-12-06 10:00:00,127.84751468786173,95.52233333333334,0.18,0.575,0.575,0.0,0.0,0.0,-0.0,32.3251813545284,5.818532643815111,0.0,-5.818532643815111
2019-12-06 11:00:00,120.50992339636973,102.29673181818181,0.18,0.575,0.575,0.0,0.0,0.0,-0.0,18.213191578187917,3.278374484073825,0.0,-3.278374484073825
2019-12-06 12:00:00,100.41391195993356,93.18452153846155,0.18,0.575,0.8125,125.0,125.0,125.0,0.0,132.229390421472,23.80129027586496,4.750000000000001,-28.55129027586496
2019-12-06 13:00:00,101.08006485271333,34.45562138888889,0.18,0.8125,0.549342105263158,-125.0,-125.0,0.0,125.0,-58.375556536175566,0.0,5.263157894736841,-5.263157894736841
2019-12-06 14:00:00,92.54972365252627,12.496295151515149,0.18,0.549342105263158,0.10000000000000003,-250.0,-213.43750000000003,0.0,213.43750000000003,-133.3840714989889,0.0,8.98684210526316,-8.98684210526316
2019-12-06 15:00:00,92.46616499598203,10.848978076923078,0.18,0.10000000000000003,0.3375,125.0,125.0,125.0,0.0,206.61718691905895,37.19109364543061,4.75,-41.94109364543061
2019-12-06 16:00:00,89.58347085824276,1.782829854620976,0.32,0.3375,0.8125,250.0,250.0,250.0,0.0,337.80064100362176,108.09620512115896,9.5,-117.59620512115896
2019-12-06 17:00:00,84.94770251809679,0.0,0.32,0.8125,0.549342105263158,-125.0,-125.0,0.0,125.0,-40.05229748190321,0.0,5.263157894736841,-5.263157894736841
2019-12-06 18:00:00,85.34443005535387,0.0,0.32,0.549342105263158,0.549342105263158,0.0,0.0,0.0,-0.0,85.34443005535387,27.31021761771324,0.0,-27.31021761771324
2019-12-06 19:00:00,83.36421668395204,0.0,0.32,0.549342105263158,0.9,250.0,184.5567867036011,184.5567867036011,0.0,267.9210033875531,85.734721084017,7.013157894736841,-92.74787897875383
2019-12-06 20:00:00,82.82749352313459,0.0,0.32,0.9,0.6368421052631579,-125.0,-125.0,0.0,125.0,-42.17250647686541,0.0,5.2631578947368425,-5.2631578947368425
2019-12-06 21:00:00,78.48306040097086,0.0,0.32,0.6368421052631579,0.3736842105263158,-125.0,-125.0,0.0,125.0,-46.51693959902914,0.0,5.263157894736842,-5.263157894736842
2019-12-06 22:00:00,76.77735829726414,0.0,0.1,0.3736842105263158,0.6111842105263158,125.0,125.0,125.0,0.0,201.77735829726413,20.177735829726416,4.75,-24.927735829726416
2019-12-06 23:00:00,77.08654987972963,0.0,0.1,0.6111842105263158,0.6111842105263158,0.0,0.0,0.0,-0.0,77.08654987972963,7.708654987972963,0.0,-7.708654987972963
2019-12-07 00:00:00,78.18036769784835,0.0,0.12,0.6111842105263158,0.6111842105263158,0.0,0.0,0.0,-0.0,78.18036769784835,9.381644123741802,0.0,-9.381644123741802
2019-12-07 01:00:00,76.90141822208804,0.0,0.12,0.6111842105263158,0.6111842105263158,0.0,0.0,0.0,-0.0,76.90141822208804,9.228170186650564,0.0,-9.228170186650564
2019-12-07 02:00:00,75.1913468619773,0.0,0.12,0.6111842105263158,0.6111842105263158,0.0,0.0,0.0,-0.0,75.1913468619773,9.022961623437276,0.0,-9.022961623437276
2019-12-07 03:00:00,75.78823301036886,0.0,0.12,0.6111842105263158,0.10000000000000009,-250.0,-242.81249999999997,0.0,242.81249999999997,-167.02426698963112,0.0,10.223684210526313,-10.223684210526313
2019-12-07 04:00:00,76.61968611985729,0.0,0.12,0.10000000000000009,0.10000000000000009,0.0,0.0,0.0,-0.0,76.61968611985729,9.194362334382875,0.0,-9.194362334382875
2019-12-07 05:00:00,81.10259929692025,0.0,0.12,0.10000000000000009,0.3375000000000001,125.0,125.0,125.0,0.0,206.10259929692023,24.732311915630426,4.75,-29.482311915630426
2019-12-07 06:00:00,77.59168116163603,0.0,0.12,0.3375000000000001,0.3375000000000001,0.0,0.0,0.0,-0.0,77.59168116163603,9.311001739396323,0.0,-9.311001739396323
2019-12-07 07:00:00,75.98383453465694,1.4751145379023882,0.12,0.3375000000000001,0.1,-125.0,-112.81250000000003,0.0,112.81250000000003,-38.30378000324548,0.0,4.750000000000002,-4.750000000000002
2019-12-07 08:00:00,80.49334106454954,37.27998848484849,0.12,0.1,0.1,0.0,0.0,0.0,-0.0,43.21335257970105,5.185602309564126,0.0,-5.185602309564126
2019-12-07 09:00:00,86.74746768282616,78.70325769230769,0.12,0.1,0.1,-250.0,-0.0,-0.0,0.0,8.044209990518468,0.9653051988622161,0.0,-0.9653051988622161
2019-12-07 10:00:00,91.12431916567694,99.74948472222223,0.12,0.1,0.1,0.0,0.0,0.0,-0.0,-8.625165556545298,0.0,0.0,-0.0
2019-12-07 11:00:00,90.10643779349927,70.80864484848486,0.12,0.1,0.1,-125.0,-0.0,-0.0,0.0,19.297792945014407,2.3157351534017288,0.0,-2.3157351534017288
2019-12-07 12:00:00,83.68770691343829,30.735912435897436,0.12,0.1,0.1,0.0,0.0,0.0,-0.0,52.95179447754086,6.354215337304903,0.0,-6.354215337304903
2019-12-07 13:00:00,81.0903078723534,15.241770833333334,0.12,0.1,0.575,250.0,250.0,250.0,0.0,315.8485370390201,37.901824444682404,9.5,-47.401824444682404
2019-12-07 14:00:00,81.01075113105767,7.403948787878789,0.12,0.575,0.575,0.0,0.0,0.0,-0.0,73.60680234317888,8.832816281181465,0.0,-8.832816281181465
2019-12-07 15:00:00,83.93075425810632,7.672672435897436,0.12,0.575,0.9,250.0,171.0526315789474,171.0526315789474,0.0,247.31071340115628,29.677285608138753,6.500000000000002,-36.17728560813875
2019-12-07 16:00:00,79.49417851546907,5.574856944444444,0.12,0.9,0.9,0.0,0.0,0.0,-0.0,73.91932157102462,8.870318588522954,0.0,-8.870318588522954
2019-12-07 17:00:00,76.39004406560342,0.0,0.12,0.9,0.37368421052631584,-250.0,-250.0,0.0,250.0,-173.60995593439657,0.0,10.526315789473683,-10.526315789473683
2019-12-07 18:00:00,78.20939561653809,0.0,0.12,0.37368421052631584,0.11052631578947375,-125.0,-125.0,0.0,125.0,-46.79060438346191,0.0,5.263157894736842,-5.263157894736842
2019-12-07 19:00:00,77.48939793577419,0.0,0.12,0.11052631578947375,0.1,-250.0,-5.000000000000028,0.0,5.000000000000028,72.48939793577416,8.6987277522929,0.2105263157894749,-8.909254068082374
2019-12-07 20:00:00,76.71712093044749,0.0,0.12,0.1,0.1,-250.0,-0.0,-0.0,0.0,76.71712093044749,9.206054511653699,0.0,-9.206054511653699
2019-12-07 21:00:00,81.08045465648728,0.0,0.12,0.1,0.3375,125.0,125.0,125.0,0.0,206.0804546564873,24.729654558778474,4.75,-29.479654558778474
2019-12-07 22:00:00,80.18519570558054,0.0,0.12,0.3375,0.575,125.0,125.0,125.0,0.0,205.18519570558055,24.622223484669664,4.749999999999998,-29.37222348466966
2019-12-07 23:00:00,77.4733561592819,0.0,0.12,0.575,0.31184210526315786,-125.0,-125.0,0.0,125.0,-47.526643840718094,0.0,5.263157894736842,-5.263157894736842
2019-12-08 00:00:00,74.9694972534536,0.0,0.12,0.31184210526315786,0.31184210526315786,0.0,0.0,0.0,-0.0,74.9694972534536,8.99633967041443,0.0,-8.99633967041443
2019-12-08 01:00:00,75.30777692206449,0.0,0.12,0.31184210526315786,0.7868421052631578,250.0,250.0,250.0,0.0,325.3077769220645,39.03693323064773,9.499999999999998,-48.53693323064773
2019-12-08 02:00:00,76.3038736727773,0.0,0.12,0.7868421052631578,0.7868421052631578,0.0,0.0,0.0,-0.0,76.3038736727773,9.156464840733276,0.0,-9.156464840733276
2019-12-08 03:00:00,77.12630207296051,0.0,0.12,0.7868421052631578,0.7868421052631578,0.0,0.0,0.0,-0.0,77.12630207296051,9.255156248755261,0.0,-9.255156248755261
2019-12-08 04:00:00,77.18621478622383,0.0,0.12,0.7868421052631578,0.9,250.0,59.55678670360118,59.55678670360118,0.0,136.74300148982502,16.409160178779,2.2631578947368447,-18.672318073515846
2019-12-08 05:00:00,80.97770319938017,0.0,0.12,0.9,0.6368421052631579,-125.0,-125.0,0.0,125.0,-44.02229680061983,0.0,5.2631578947368425,-5.2631578947368425
2019-12-08 06:00:00,77.85990269439165,0.0,0.12,0.6368421052631579,0.6368421052631579,0.0,0.0,0.0,-0.0,77.85990269439165,9.343188323326997,0.0,-9.343188323326997
2019-12-08 07:00:00,77.39109610913712,2.4251842419522323,0.12,0.6368421052631579,0.3736842105263158,-125.0,-125.0,0.0,125.0,-50.034088132815114,0.0,5.263157894736842,-5.263157894736842
2019-12-08 08:00:00,77.92689186327651,17.083385606060606,0.12,0.3736842105263158,0.10000000000000003,-250.0,-129.99999999999997,0.0,129.99999999999997,-69.15649374278406,0.0,5.473684210526315,-5.473684210526315
2019-12-08 09:00:00,78.40609613697308,66.58082923076924,0.12,0.10000000000000003,0.1,-125.0,-1.3183898417423734e-14,0.0,1.3183898417423734e-14,11.825266906203824,1.4190320287444589,5.551115123125783e-16,-1.4190320287444593
2019-12-08 10:00:00,85.76693834506789,85.87589166666667,0.12,0.1,0.1,0.0,0.0,0.0,-0.0,-0.1089533215987899,0.0,0.0,-0.0
2019-12-08 11:00:00,77.91514069877623,63.24780757575757,0.12,0.1,0.1,-125.0,-0.0,-0.0,0.0,14.667333123018658,1.7600799747622389,0.0,-1.7600799747622389
2019-12-08 12:00:00,87.6106442505359,113.11054102564103,0.12,0.1,0.1,0.0,0.0,0.0,-0.0,-25.499896775105128,0.0,0.0,-0.0
2019-12-08 13:00:00,83.04308349076472,50.65968180555556,0.12,0.1,0.575,250.0,250.0,250.0,0.0,282.38340168520915,33.8860082022251,9.5,-43.3860082022251
2019-12-08 14:00:00,77.3637221552675,22.915541515151514,0.12,0.575,0.575,0.0,0.0,0.0,-0.0,54.44818064011598,6.533781676813917,0.0,-6.533781676813917
2019-12-08 15:00:00,81.98053892056706,33.33634102564102,0.12,0.575,0.575,0.0,0.0,0.0,-0.0,48.64419789492604,5.8373037473911245,0.0,-5.8373037473911245
2019-12-08 16:00:00,77.62058716910472,2.2590933800623056,0.12,0.575,0.31184210526315786,-125.0,-125.0,0.0,125.0,-49.63850621095759,0.0,5.263157894736842,-5.263157894736842
2019-12-08 17:00:00,75.35837462786452,0.0,0.12,0.31184210526315786,0.5493421052631579,125.0,125.0,125.0,0.0,200.35837462786452,24.04300495534374,4.75,-28.79300495534374
2019-12-08 18:00:00,77.56788313406145,0.0,0.12,0.5493421052631579,0.5493421052631579,0.0,0.0,0.0,-0.0,77.56788313406145,9.308145976087372,0.0,-9.308145976087372
2019-12-08 19:00:00,79.88949246137878,0.0,0.12,0.5493421052631579,0.5493421052631579,0.0,0.0,0.0,-0.0,79.88949246137878,9.586739095365454,0.0,-9.586739095365454
2019-12-08 20:00:00,79.04128120772506,0.0,0.12,0.5493421052631579,0.5493421052631579,0.0,0.0,0.0,-0.0,79.04128120772506,9.484953744927008,0.0,-9.484953744927008
2019-12-08 21:00:00,79.98857482028069,0.0,0.12,0.5493421052631579,0.28618421052631576,-125.0,-125.0,0.0,125.0,-45.01142517971931,0.0,5.263157894736842,-5.263157894736842
2019-12-08 22:00:00,76.71411881591605,0.0,0.12,0.28618421052631576,0.28618421052631576,0.0,0.0,0.0,-0.0,76.71411881591605,9.205694257909926,0.0,-9.205694257909926
2019-12-08 23:00:00,77.26744344944662,0.0,0.12,0.28618421052631576,0.5236842105263158,125.0,125.0,125.0,0.0,202.2674434494466,24.27209321393359,4.75,-29.02209321393359
2019-12-09 00:00:00,78.68576786394765,0.0,0.1,0.5236842105263158,0.5236842105263158,0.0,0.0,0.0,-0.0,78.68576786394765,7.868576786394765,0.0,-7.868576786394765
2019-12-09 01:00:00,77.61657814122727,0.0,0.1,0.5236842105263158,0.7611842105263158,125.0,125.0,125.0,0.0,202.61657814122725,20.261657814122728,4.750000000000001,-25.011657814122728
2019-12-09 02:00:00,74.93185242130279,0.0,0.1,0.7611842105263158,0.23486842105263162,-250.0,-250.0,0.0,250.0,-175.06814757869722,0.0,10.526315789473683,-10.526315789473683
2019-12-09 03:00:00,77.3767755124738,0.0,0.1,0.23486842105263162,0.1,-250.0,-64.06250000000001,0.0,64.06250000000001,13.314275512473785,1.3314275512473785,2.6973684210526323,-4.028795972300011
2019-12-09 04:00:00,78.29997554290324,0.0,0.1,0.1,0.3375,125.0,125.0,125.0,0.0,203.29997554290324,20.329997554290326,4.75,-25.079997554290326
2019-12-09 05:00:00,82.54113141711231,0.0,0.1,0.3375,0.1,-125.0,-112.81250000000001,0.0,112.81250000000001,-30.271368582887703,0.0,4.75,-4.75
2019-12-09 06:00:00,78.53429529024967,0.0,0.1,0.1,0.3375,125.0,125.0,125.0,0.0,203.53429529024967,20.353429529024968,4.75,-25.103429529024968
2019-12-09 07:00:00,80.62530569101669,3.540830942367601,0.18,0.3375,0.3375,0.0,0.0,0.0,-0.0,77.08447474864909,13.875205454756834,0.0,-13.875205454756834
2019-12-09 08:00:00,96.06393242112632,49.49249621212121,0.18,0.3375,0.1,-125.0,-112.81250000000001,0.0,112.81250000000001,-66.2410637909949,0.0,4.75,-4.75
2019-12-09 09:00:00,95.69771317054925,69.73765512820513,0.18,0.1,0.575,250.0,250.0,250.0,0.0,275.96005804234414,49.67281044762194,9.5,-59.17281044762194
2019-12-09 10:00:00,101.29816278820817,79.66467638888889,0.18,0.575,0.575,0.0,0.0,0.0,-0.0,21.63348639931928,3.8940275518774703,0.0,-3.8940275518774703
2019-12-09 11:00:00,97.02171191921047,105.88615757575758,0.18,0.575,0.575,0.0,0.0,0.0,-0.0,-8.864445656547105,0.0,0.0,-0.0
2019-12-09 12:00:00,105.86441063729143,101.9818782051282,0.18,0.575,0.31184210526315786,-125.0,-125.0,0.0,125.0,-121.11746756783677,0.0,5.263157894736842,-5.263157894736842
2019-12-09 13:00:00,117.06179457369713,87.36571805555555,0.18,0.31184210526315786,0.31184210526315786,0.0,0.0,0.0,-0.0,29.69607651814158,5.345293773265484,0.0,-5.345293773265484
2019-12-09 14:00:00,91.48752599545142,62.82245606060605,0.18,0.31184210526315786,0.1,-125.0,-100.62499999999999,0.0,100.62499999999999,-71.95993006515462,0.0,4.2368421052631575,-4.2368421052631575
2019-12-09 15:00:00,83.46928769660721,29.160909230769228,0.18,0.1,0.3375,125.0,125.0,125.0,0.0,179.308378465838,32.275508123850834,4.75,-37.025508123850834
2019-12-09 16:00:00,79.80016454340914,2.7701943081516096,0.32,0.3375,0.8125,250.0,250.0,250.0,0.0,327.0299702352575,104.64959047528241,9.5,-114.14959047528241
2019-12-09 17:00:00,80.50806456644456,0.0,0.32,0.8125,0.549342105263158,-125.0,-125.0,0.0,125.0,-44.49193543355544,0.0,5.263157894736841,-5.263157894736841
2019-12-09 18:00:00,86.03740702067111,0.0,0.32,0.549342105263158,0.549342105263158,0.0,0.0,0.0,-0.0,86.03740702067111,27.531970246614755,0.0,-27.531970246614755
2019-12-09 19:00:00,87.18929638475049,0.0,0.32,0.549342105263158,0.9,250.0,184.5567867036011,184.5567867036011,0.0,271.7460830883516,86.95874658827252,7.013157894736841,-93.97190448300935
2019-12-09 20:00:00,86.02099789019002,0.0,0.32,0.9,0.6368421052631579,-125.0,-125.0,0.0,125.0,-38.97900210980998,0.0,5.2631578947368425,-5.2631578947368425
2019-12-09 21:00:00,82.1241262643205,0.0,0.32,0.6368421052631579,0.3736842105263158,-125.0,-125.0,0.0,125.0,-42.875873735679505,0.0,5.263157894736842,-5.263157894736842
2019-12-09 22:00:00,78.31356116994641,0.0,0.1,0.3736842105263158,0.10000000000000003,-250.0,-129.99999999999997,0.0,129.99999999999997,-51.68643883005356,0.0,5.473684210526315,-5.473684210526315
2019-12-09 23:00:00,78.88759613823999,0.0,0.1,0.10000000000000003,0.1,-250.0,-1.3183898417423734e-14,0.0,1.3183898417423734e-14,78.88759613823997,7.888759613823997,5.551115123125783e-16,-7.888759613823998
2019-12-10 00:00:00,78.70832816403944,0.0,0.1,0.1,0.1,0.0,0.0,0.0,-0.0,78.70832816403944,7.8708328164039445,0.0,-7.8708328164039445
2019-12-10 01:00:00,78.19052894281432,0.0,0.1,0.1,0.1,-250.0,-0.0,-0.0,0.0,78.19052894281432,7.819052894281433,0.0,-7.819052894281433
2019-12-10 02:00:00,76.33678116988675,0.0,0.1,0.1,0.3375,125.0,125.0,125.0,0.0,201.33678116988676,20.133678116988676,4.75,-24.883678116988676
2019-12-10 03:00:00,78.2892925166875,0.0,0.1,0.3375,0.575,125.0,125.0,125.0,0.0,203.2892925166875,20.328929251668754,4.749999999999998,-25.078929251668754
2019-12-10 04:00:00,79.19898797512886,0.0,0.1,0.575,0.31184210526315786,-125.0,-125.0,0.0,125.0,-45.80101202487114,0.0,5.263157894736842,-5.263157894736842
2019-12-10 05:00:00,82.14424720189513,0.0,0.1,0.31184210526315786,0.1,-125.0,-100.62499999999999,0.0,100.62499999999999,-18.48075279810486,0.0,4.2368421052631575,-4.2368421052631575
2019-12-10 06:00:00,80.04157733555563,0.0,0.1,0.1,0.1,-250.0,-0.0,-0.0,0.0,80.04157733555563,8.004157733555564,0.0,-8.004157733555564
2019-12-10 07:00:00,81.82420502724285,1.1655594755970924,0.18,0.1,0.1,-250.0,-0.0,-0.0,0.0,80.65864555164576,14.518556199296237,0.0,-14.518556199296237
2019-12-10 08:00:00,89.31099611650986,7.226155227272727,0.18,0.1,0.3375,125.0,125.0,125.0,0.0,207.0848408892371,37.27527136006268,4.75,-42.02527136006268
2019-12-10 09:00:00,91.02867045500655,29.682034615384616,0.18,0.3375,0.3375,0.0,0.0,0.0,-0.0,61.34663583962193,11.042394451131948,0.0,-11.042394451131948
2019-12-10 10:00:00,94.75924750489581,67.98459444444444,0.18,0.3375,0.3375,0.0,0.0,0.0,-0.0,26.77465306045137,4.819437550881246,0.0,-4.819437550881246
2019-12-10 11:00:00,91.87182387699427,42.89145833333333,0.18,0.3375,0.3375,0.0,0.0,0.0,-0.0,48.98036554366094,8.816465797858969,0.0,-8.816465797858969
2019-12-10 12:00:00,89.92926600894783,20.126969615384613,0.18,0.3375,0.3375,0.0,0.0,0.0,-0.0,69.80229639356322,12.56441335084138,0.0,-12.56441335084138
2019-12-10 13:00:00,90.04712167657705,12.477188055555557,0.18,0.3375,0.3375,0.0,0.0,0.0,-0.0,77.56993362102149,13.962588051783868,0.0,-13.962588051783868
2019-12-10 14:00:00,88.69058620560882,10.057202121212121,0.18,0.3375,0.1,-125.0,-112.81250000000001,0.0,112.81250000000001,-34.179115915603305,0.0,4.75,-4.75
2019-12-10 15:00:00,89.08758411521241,6.771233717948718,0.18,0.1,0.3375,125.0,125.0,125.0,0.0,207.3163503972637,37.31694307150747,4.75,-42.06694307150747
2019-12-10 16:00:00,85.98541214514233,1.6333057113187956,0.32,0.3375,0.8125,250.0,250.0,250.0,0.0,334.35210643382356,106.99267405882354,9.5,-116.49267405882354
2019-12-10 17:00:00,81.05611841748879,0.0,0.32,0.8125,0.549342105263158,-125.0,-125.0,0.0,125.0,-43.94388158251121,0.0,5.263157894736841,-5.263157894736841
2019-12-10 18:00:00,81.52345182200412,0.0,0.32,0.549342105263158,0.549342105263158,0.0,0.0,0.0,-0.0,81.52345182200412,26.08750458304132,0.0,-26.08750458304132
2019-12-10 19:00:00,81.82801635375777,0.0,0.32,0.549342105263158,0.9,250.0,184.5567867036011,184.5567867036011,0.0,266.38480305735885,85.24313697835484,7.013157894736841,-92.25629487309168
2019-12-10 20:00:00,79.88093719544418,0.0,0.32,0.9,0.6368421052631579,-125.0,-125.0,0.0,125.0,-45.119062804555824,0.0,5.2631578947368425,-5.2631578947368425
2019-12-10 21:00:00,78.00460944993897,0.0,0.32,0.6368421052631579,0.3736842105263158,-125.0,-125.0,0.0,125.0,-46.99539055006103,0.0,5.263157894736842,-5.263157894736842
2019-12-10 22:00:00,78.47420069091847,0.0,0.1,0.3736842105263158,0.6111842105263158,125.0,125.0,125.0,0.0,203.47420069091845,20.347420069091847,4.75,-25.097420069091847
2019-12-10 23:00:00,77.24630269020976,0.0,0.1,0.6111842105263158,0.6111842105263158,0.0,0.0,0.0,-0.0,77.24630269020976,7.7246302690209765,0.0,-7.7246302690209765
2019-12-11 00:00:00,74.40037650452777,0.0,0.1,0.6111842105263158,0.6111842105263158,0.0,0.0,0.0,-0.0,74.40037650452777,7.440037650452777,0.0,-7.440037650452777
2019-12-11 01:00:00,76.2624571502006,0.0,0.1,0.6111842105263158,0.6111842105263158,0.0,0.0,0.0,-0.0,76.2624571502006,7.626245715020061,0.0,-7.626245715020061
2019-12-11 02:00:00,76.31254036182256,0.0,0.1,0.6111842105263158,0.6111842105263158,0.0,0.0,0.0,-0.0,76.31254036182256,7.631254036182256,0.0,-7.631254036182256
2019-12-11 03:00:00,76.8010302614314,0.0,0.1,0.6111842105263158,0.6111842105263158,0.0,0.0,0.0,-0.0,76.8010302614314,7.680103026143141,0.0,-7.680103026143141
2019-12-11 04:00:00,75.04023342462739,0.0,0.1,0.6111842105263158,0.3480263157894737,-125.0,-125.0,0.0,125.0,-49.95976657537261,0.0,5.263157894736842,-5.263157894736842
2019-12-11 05:00:00,75.65677691228512,0.0,0.1,0.3480263157894737,0.3480263157894737,0.0,0.0,0.0,-0.0,75.65677691228512,7.565677691228513,0.0,-7.565677691228513
2019-12-11 06:00:00,79.14746453920505,0.0,0.1,0.3480263157894737,0.10000000000000003,-125.0,-117.81249999999999,0.0,117.81249999999999,-38.66503546079494,0.0,4.960526315789473,-4.960526315789473
2019-12-11 07:00:00,87.20051820736548,3.927761325934579,0.18,0.10000000000000003,0.3375,125.0,125.0,125.0,0.0,208.2727568814309,37.48909623865756,4.75,-42.23909623865756
2019-12-11 08:00:00,91.67318117831017,14.658520454545455,0.18,0.3375,0.1,-125.0,-112.81250000000001,0.0,112.81250000000001,-35.797839276235294,0.0,4.75,-4.75
2019-12-11 09:00:00,101.21633517588683,13.916984102564102,0.18,0.1,0.1,-125.0,-0.0,-0.0,0.0,87.29935107332273,15.71388319319809,0.0,-15.71388319319809
2019-12-11 10:00:00,88.13220115747163,12.735056182502596,0.18,0.1,0.1,0.0,0.0,0.0,-0.0,75.39714497496902,13.571486095494423,0.0,-13.571486095494423
2019-12-11 11:00:00,107.71465945973273,21.598088990371,0.18,0.1,0.1,0.0,0.0,0.0,-0.0,86.11657046936173,15.50098268448511,0.0,-15.50098268448511
2019-12-11 12:00:00,101.1051844504025,19.70508076923077,0.18,0.1,0.3375,125.0,125.0,125.0,0.0,206.40010368117174,37.152018662610914,4.75,-41.902018662610914
2019-12-11 13:00:00,112.27184700950698,15.127811666666668,0.18,0.3375,0.8125,250.0,250.0,250.0,0.0,347.1440353428403,62.48592636171125,9.5,-71.98592636171125
2019-12-11 14:00:00,86.64830343153535,8.375353181818182,0.18,0.8125,0.9,250.0,46.052631578947384,46.052631578947384,0.0,124.32558182866455,22.37860472915962,1.7500000000000004,-24.12860472915962
2019-12-11 15:00:00,83.76896678926528,4.88430172178289,0.18,0.9,0.37368421052631584,-250.0,-250.0,0.0,250.0,-171.1153349325176,0.0,10.526315789473683,-10.526315789473683
2019-12-11 16:00:00,113.33056247079487,1.0575115199896157,0.32,0.37368421052631584,0.8486842105263158,250.0,250.0,250.0,0.0,362.27305095080527,115.92737630425769,9.5,-125.42737630425769
2019-12-11 17:00:00,110.99483931452328,0.0,0.32,0.8486842105263158,0.5855263157894737,-125.0,-125.0,0.0,125.0,-14.005160685476724,0.0,5.2631578947368425,-5.2631578947368425
2019-12-11 18:00:00,111.33433484540696,0.0,0.32,0.5855263157894737,0.5855263157894737,0.0,0.0,0.0,-0.0,111.33433484540696,35.626987150530226,0.0,-35.626987150530226
2019-12-11 19:00:00,110.6158393977409,0.0,0.32,0.5855263157894737,0.9,250.0,165.51246537396125,165.51246537396125,0.0,276.1283047717021,88.36105752694468,6.289473684210527,-94.6505312111552
2019-12-11 20:00:00,87.15848306389559,0.0,0.32,0.9,0.6368421052631579,-125.0,-125.0,0.0,125.0,-37.84151693610441,0.0,5.2631578947368425,-5.2631578947368425
2019-12-11 21:00:00,75.56455629352038,0.0,0.32,0.6368421052631579,0.3736842105263158,-125.0,-125.0,0.0,125.0,-49.43544370647962,0.0,5.263157894736842,-5.263157894736842
2019-12-11 22:00:00,74.60665402194138,0.0,0.1,0.3736842105263158,0.6111842105263158,125.0,125.0,125.0,0.0,199.60665402194138,19.960665402194138,4.75,-24.710665402194138
2019-12-11 23:00:00,71.9841001123373,0.0,0.1,0.6111842105263158,0.6111842105263158,0.0,0.0,0.0,-0.0,71.9841001123373,7.19841001123373,0.0,-7.19841001123373
2019-12-12 00:00:00,71.30380011754507,0.0,0.1,0.6111842105263158,0.9,250.0,152.00831024930753,152.00831024930753,0.0,223.3121103668526,22.33121103668526,5.776315789473685,-28.107526826158946
2019-12-12 01:00:00,71.70353820277447,0.0,0.1,0.9,0.9,125.0,0.0,0.0,-0.0,71.70353820277447,7.170353820277447,0.0,-7.170353820277447
2019-12-12 02:00:00,71.62931760018228,0.0,0.1,0.9,0.9,125.0,0.0,0.0,-0.0,71.62931760018228,7.162931760018228,0.0,-7.162931760018228
2019-12-12 03:00:00,71.37110834242807,0.0,0.1,0.9,0.9,125.0,0.0,0.0,-0.0,71.37110834242807,7.137110834242808,0.0,-7.137110834242808
2019-12-12 04:00:00,72.34727148917948,0.0,0.1,0.9,0.6368421052631579,-125.0,-125.0,0.0,125.0,-52.65272851082052,0.0,5.2631578947368425,-5.2631578947368425
2019-12-12 05:00:00,76.64355142318934,0.0,0.1,0.6368421052631579,0.8743421052631579,125.0,125.0,125.0,0.0,201.64355142318934,20.164355142318936,4.750000000000001,-24.914355142318936
2019-12-12 06:00:00,73.8185965015796,0.0,0.1,0.8743421052631579,0.9,250.0,13.504155124653739,13.504155124653739,0.0,87.32275162623334,8.732275162623335,0.513157894736842,-9.245433057360177
2019-12-12 07:00:00,77.351921668824,1.2404292834890966,0.18,0.9,0.6368421052631579,-125.0,-125.0,0.0,125.0,-48.88850761466509,0.0,5.2631578947368425,-5.2631578947368425
2019-12-12 08:00:00,81.07966727981453,4.985756060606061,0.18,0.6368421052631579,0.9,250.0,138.50415512465375,138.50415512465375,0.0,214.59806634386223,38.6276519418952,5.2631578947368425,-43.890809836632044
2019-12-12 09:00:00,83.24088436056371,17.96758576923077,0.18,0.9,0.9,125.0,0.0,0.0,-0.0,65.27329859133295,11.74919374643993,0.0,-11.74919374643993
2019-12-12 10:00:00,79.93584468057301,27.926808194444444,0.18,0.9,0.6368421052631579,-125.0,-125.0,0.0,125.0,-72.99096351387143,0.0,5.2631578947368425,-5.2631578947368425
2019-12-12 11:00:00,50.6786334794374,34.2772356060606,0.18,0.6368421052631579,0.3736842105263158,-125.0,-125.0,0.0,125.0,-108.5986021266232,0.0,5.263157894736842,-5.263157894736842
2019-12-12 12:00:00,51.3544233426577,58.968317948717946,0.18,0.3736842105263158,0.3736842105263158,0.0,0.0,0.0,-0.0,-7.613894606060249,0.0,0.0,-0.0
2019-12-12 13:00:00,61.04360087988376,42.574534444444446,0.18,0.3736842105263158,0.3736842105263158,0.0,0.0,0.0,-0.0,18.469066435439316,3.3244319583790767,0.0,-3.3244319583790767
2019-12-12 14:00:00,68.08784536806344,20.687820757575757,0.18,0.3736842105263158,0.1105263157894737,-125.0,-125.0,0.0,125.0,-77.59997538951231,0.0,5.263157894736842,-5.263157894736842
2019-12-12 15:00:00,79.5069704273,11.100863846153848,0.18,0.1105263157894737,0.3480263157894737,125.0,125.0,125.0,0.0,193.40610658114616,34.81309918460631,4.75,-39.56309918460631
2019-12-12 16:00:00,74.09405949843082,2.017394652128764,0.32,0.3480263157894737,0.8230263157894737,250.0,250.0,250.0,0.0,322.07666484630204,103.06453275081665,9.5,-112.56453275081665
2019-12-12 17:00:00,78.12317013393884,0.0,0.32,0.8230263157894737,0.5598684210526317,-125.0,-125.0,0.0,125.0,-46.87682986606116,0.0,5.263157894736841,-5.263157894736841
2019-12-12 18:00:00,81.24860049882916,0.0,0.32,0.5598684210526317,0.2967105263157896,-125.0,-125.0,0.0,125.0,-43.75139950117084,0.0,5.263157894736842,-5.263157894736842
2019-12-12 19:00:00,82.09561266352293,0.0,0.32,0.2967105263157896,0.2967105263157896,0.0,0.0,0.0,-0.0,82.09561266352293,26.27059605232734,0.0,-26.27059605232734
2019-12-12 20:00:00,82.0313014703309,0.0,0.32,0.2967105263157896,0.1,-125.0,-93.43750000000006,0.0,93.43750000000006,-11.406198529669155,0.0,3.9342105263157916,-3.9342105263157916
2019-12-12 21:00:00,76.20192847217919,0.0,0.32,0.1,0.1,-250.0,-0.0,-0.0,0.0,76.20192847217919,24.38461711109734,0.0,-24.38461711109734
2019-12-12 22:00:00,74.1732257655306,0.0,0.1,0.1,0.1,0.0,0.0,0.0,-0.0,74.1732257655306,7.417322576553061,0.0,-7.417322576553061
2019-12-12 23:00:00,73.97809377792633,0.0,0.1,0.1,0.1,-250.0,-0.0,-0.0,0.0,73.97809377792633,7.397809377792633,0.0,-7.397809377792633
2019-12-13 00:00:00,73.12852097372806,0.0,0.1,0.1,0.1,-250.0,-0.0,-0.0,0.0,73.12852097372806,7.312852097372806,0.0,-7.312852097372806
2019-12-13 01:00:00,73.19936301272423,0.0,0.1,0.1,0.575,250.0,250.0,250.0,0.0,323.19936301272423,32.31993630127243,9.5,-41.81993630127243
2019-12-13 02:00:00,76.1845327625935,0.0,0.1,0.575,0.1,-250.0,-225.625,0.0,225.625,-149.4404672374065,0.0,9.5,-9.5
2019-12-13 03:00:00,73.00931934731176,0.0,0.1,0.1,0.1,-125.0,-0.0,-0.0,0.0,73.00931934731176,7.300931934731176,0.0,-7.300931934731176
2019-12-13 04:00:00,73.00623789046993,0.0,0.1,0.1,0.1,-250.0,-0.0,-0.0,0.0,73.00623789046993,7.300623789046994,0.0,-7.300623789046994
2019-12-13 05:00:00,77.18847963641838,0.0,0.1,0.1,0.3375,125.0,125.0,125.0,0.0,202.18847963641838,20.21884796364184,4.75,-24.96884796364184
2019-12-13 06:00:00,73.23439267140968,0.0,0.1,0.3375,0.1,-125.0,-112.81250000000001,0.0,112.81250000000001,-39.578107328590335,0.0,4.75,-4.75
2019-12-13 07:00:00,78.9341378830781,0.5712246105919002,0.18,0.1,0.1,-250.0,-0.0,-0.0,0.0,78.3629132724862,14.105324389047516,0.0,-14.105324389047516
2019-12-13 08:00:00,87.40869960816076,4.523584848484848,0.18,0.1,0.3375,125.0,125.0,125.0,0.0,207.8851147596759,37.41932065674166,4.75,-42.16932065674166
2019-12-13 09:00:00,94.51386000231788,5.85118782051282,0.18,0.3375,0.3375,0.0,0.0,0.0,-0.0,88.66267218180506,15.959280992724912,0.0,-15.959280992724912
2019-12-13 10:00:00,93.44705499467642,9.53919013888889,0.18,0.3375,0.1,-250.0,-112.81250000000001,0.0,112.81250000000001,-28.904635144212477,0.0,4.75,-4.75
2019-12-13 11:00:00,92.54603981912791,7.97348303030303,0.18,0.1,0.575,250.0,250.0,250.0,0.0,334.5725567888249,60.223060221988476,9.5,-69.72306022198848
2019-12-13 12:00:00,90.41131901395927,9.167089230769232,0.18,0.575,0.8125,125.0,125.0,125.0,0.0,206.24422978319004,37.12396136097421,4.750000000000001,-41.87396136097421
2019-12-13 13:00:00,115.24602945787761,13.493895555555554,0.18,0.8125,0.549342105263158,-125.0,-125.0,0.0,125.0,-23.247866097677942,0.0,5.263157894736841,-5.263157894736841
2019-12-13 14:00:00,106.01617043077317,11.238429393939393,0.18,0.549342105263158,0.10000000000000003,-250.0,-213.43750000000003,0.0,213.43750000000003,-118.65975896316625,0.0,8.98684210526316,-8.98684210526316
2019-12-13 15:00:00,90.39589185406076,5.740283717948717,0.18,0.10000000000000003,0.3375,125.0,125.0,125.0,0.0,209.65560813611205,37.738009464500166,4.75,-42.488009464500166
2019-12-13 16:00:00,84.87648508293948,0.9822795625649018,0.32,0.3375,0.8125,250.0,250.0,250.0,0.0,333.8942055203746,106.84614576651988,9.5,-116.34614576651988
2019-12-13 17:00:00,83.94126748324278,0.0,0.32,0.8125,0.549342105263158,-125.0,-125.0,0.0,125.0,-41.05873251675722,0.0,5.263157894736841,-5.263157894736841
2019-12-13 18:00:00,83.06492750776566,0.0,0.32,0.549342105263158,0.549342105263158,0.0,0.0,0.0,-0.0,83.06492750776566,26.580776802485012,0.0,-26.580776802485012
2019-12-13 19:00:00,83.01994187602891,0.0,0.32,0.549342105263158,0.9,250.0,184.5567867036011,184.5567867036011,0.0,267.57672857963,85.62455314548161,7.013157894736841,-92.63771104021845
2019-12-13 20:00:00,79.63153193486568,0.0,0.32,0.9,0.6368421052631579,-125.0,-125.0,0.0,125.0,-45.36846806513432,0.0,5.2631578947368425,-5.2631578947368425
2019-12-13 21:00:00,79.67069567841375,0.0,0.32,0.6368421052631579,0.3736842105263158,-125.0,-125.0,0.0,125.0,-45.32930432158625,0.0,5.263157894736842,-5.263157894736842
2019-12-13 22:00:00,79.19092225460355,0.0,0.1,0.3736842105263158,0.6111842105263158,125.0,125.0,125.0,0.0,204.19092225460355,20.419092225460357,4.75,-25.169092225460357
2019-12-13 23:00:00,73.97809108286626,0.0,0.1,0.6111842105263158,0.6111842105263158,0.0,0.0,0.0,-0.0,73.97809108286626,7.397809108286626,0.0,-7.397809108286626
2019-12-14 00:00:00,75.29719670440092,0.0,0.12,0.6111842105263158,0.6111842105263158,0.0,0.0,0.0,-0.0,75.29719670440092,9.035663604528109,0.0,-9.035663604528109
2019-12-14 01:00:00,75.41780666546296,0.0,0.12,0.6111842105263158,0.3480263157894737,-125.0,-125.0,0.0,125.0,-49.58219333453704,0.0,5.263157894736842,-5.263157894736842
2019-12-14 02:00:00,76.59012530018607,0.0,0.12,0.3480263157894737,0.10000000000000003,-250.0,-117.81249999999999,0.0,117.81249999999999,-41.22237469981391,0.0,4.960526315789473,-4.960526315789473
2019-12-14 03:00:00,75.9883196205339,0.0,0.12,0.10000000000000003,0.10000000000000003,0.0,0.0,0.0,-0.0,75.9883196205339,9.118598354464067,0.0,-9.118598354464067
2019-12-14 04:00:00,77.06717940798184,0.0,0.12,0.10000000000000003,0.10000000000000003,0.0,0.0,0.0,-0.0,77.06717940798184,9.24806152895782,0.0,-9.24806152895782
2019-12-14 05:00:00,81.2812881154434,0.0,0.12,0.10000000000000003,0.1,-125.0,-1.3183898417423734e-14,0.0,1.3183898417423734e-14,81.28128811544339,9.753754573853206,5.551115123125783e-16,-9.753754573853206
2019-12-14 06:00:00,77.89813261811054,0.0,0.12,0.1,0.575,250.0,250.0,250.0,0.0,327.89813261811054,39.34777591417326,9.5,-48.84777591417326
2019-12-14 07:00:00,76.99310747572738,1.5599578920041532,0.12,0.575,0.8125,125.0,125.0,125.0,0.0,200.43314958372324,24.051977950046787,4.750000000000001,-28.801977950046787
2019-12-14 08:00:00,80.2785792581686,44.225303939393946,0.12,0.8125,0.549342105263158,-125.0,-125.0,0.0,125.0,-88.94672468122533,0.0,5.263157894736841,-5.263157894736841
2019-12-14 09:00:00,84.15604239088333,78.54069230769231,0.12,0.549342105263158,0.786842105263158,125.0,125.0,125.0,0.0,130.615350083191,15.67384200998292,4.750000000000001,-20.42384200998292
2019-12-14 10:00:00,88.1636467969379,58.11337666666666,0.12,0.786842105263158,0.9,250.0,59.55678670360106,59.55678670360106,0.0,89.60705683387229,10.752846820064674,2.2631578947368403,-13.016004714801515
2019-12-14 11:00:00,90.07602632154745,92.95508636363637,0.12,0.9,0.37368421052631584,-250.0,-250.0,0.0,250.0,-252.87906004208892,0.0,10.526315789473683,-10.526315789473683
2019-12-14 12:00:00,84.20999351093437,82.8572773076923,0.12,0.37368421052631584,0.8486842105263158,250.0,250.0,250.0,0.0,251.35271620324207,30.162325944389046,9.5,-39.662325944389046
2019-12-14 13:00:00,81.23016052916762,56.370942500000005,0.12,0.8486842105263158,0.5855263157894737,-125.0,-125.0,0.0,125.0,-100.14078197083239,0.0,5.2631578947368425,-5.2631578947368425
2019-12-14 14:00:00,86.77254450280958,60.51460757575757,0.12,0.5855263157894737,0.5855263157894737,0.0,0.0,0.0,-0.0,26.257936927052008,3.1509524312462407,0.0,-3.1509524312462407
2019-12-14 15:00:00,79.67695832058334,18.00603192307692,0.12,0.5855263157894737,0.9,250.0,165.51246537396125,165.51246537396125,0.0,227.18339177146765,27.262007012576117,6.289473684210527,-33.55148069678664
2019-12-14 16:00:00,77.7025468356565,3.336388618899274,0.12,0.9,0.6368421052631579,-125.0,-125.0,0.0,125.0,-50.63384178324277,0.0,5.2631578947368425,-5.2631578947368425
2019-12-14 17:00:00,75.85516712740315,0.0,0.12,0.6368421052631579,0.8743421052631579,125.0,125.0,125.0,0.0,200.85516712740315,24.102620055288376,4.750000000000001,-28.852620055288376
2019-12-14 18:00:00,78.38785321351324,0.0,0.12,0.8743421052631579,0.8743421052631579,0.0,0.0,0.0,-0.0,78.38785321351324,9.406542385621588,0.0,-9.406542385621588
2019-12-14 19:00:00,80.05677962265504,0.0,0.12,0.8743421052631579,0.9,125.0,13.504155124653739,13.504155124653739,0.0,93.56093474730878,11.227312169677052,0.513157894736842,-11.740470064413895
2019-12-14 20:00:00,78.86719343501426,0.0,0.12,0.9,0.6368421052631579,-125.0,-125.0,0.0,125.0,-46.13280656498574,0.0,5.2631578947368425,-5.2631578947368425
2019-12-14 21:00:00,78.48922639281113,0.0,0.12,0.6368421052631579,0.6368421052631579,0.0,0.0,0.0,-0.0,78.48922639281113,9.418707167137336,0.0,-9.418707167137336
2019-12-14 22:00:00,77.53339968457028,0.0,0.12,0.6368421052631579,0.6368421052631579,0.0,0.0,0.0,-0.0,77.53339968457028,9.304007962148434,0.0,-9.304007962148434
2019-12-14 23:00:00,77.42356919115952,0.0,0.12,0.6368421052631579,0.3736842105263158,-125.0,-125.0,0.0,125.0,-47.576430808840485,0.0,5.263157894736842,-5.263157894736842
2019-12-15 00:00:00,77.53651577351845,0.0,0.12,0.3736842105263158,0.3736842105263158,0.0,0.0,0.0,-0.0,77.53651577351845,9.304381892822214,0.0,-9.304381892822214
2019-12-15 01:00:00,80.38864777795321,0.0,0.12,0.3736842105263158,0.8486842105263157,250.0,250.0,250.0,0.0,330.3886477779532,39.64663773335439,9.499999999999998,-49.14663773335439
2019-12-15 02:00:00,78.36745954654614,0.0,0.12,0.8486842105263157,0.5855263157894737,-125.0,-125.0,0.0,125.0,-46.632540453453856,0.0,5.263157894736841,-5.263157894736841
2019-12-15 03:00:00,77.26636890393641,0.0,0.12,0.5855263157894737,0.5855263157894737,0.0,0.0,0.0,-0.0,77.26636890393641,9.271964268472368,0.0,-9.271964268472368
2019-12-15 04:00:00,80.3568305074308,0.0,0.12,0.5855263157894737,0.3223684210526316,-125.0,-125.0,0.0,125.0,-44.6431694925692,0.0,5.263157894736842,-5.263157894736842
2019-12-15 05:00:00,83.3466021097697,0.0,0.12,0.3223684210526316,0.1,-125.0,-105.625,0.0,105.625,-22.278397890230295,0.0,4.447368421052632,-4.447368421052632
2019-12-15 06:00:00,79.0029162267984,0.0,0.12,0.1,0.1,0.0,0.0,0.0,-0.0,79.0029162267984,9.480349947215808,0.0,-9.480349947215808
2019-12-15 07:00:00,79.08261694608431,7.810610606178607,0.12,0.1,0.1,-250.0,-0.0,-0.0,0.0,71.2720063399057,8.552640760788684,0.0,-8.552640760788684
2019-12-15 08:00:00,81.09474835740747,46.429377575757584,0.12,0.1,0.1,0.0,0.0,0.0,-0.0,34.665370781649884,4.159844493797986,0.0,-4.159844493797986
2019-12-15 09:00:00,81.48858742670221,78.47765384615386,0.12,0.1,0.1,-250.0,-0.0,-0.0,0.0,3.010933580548354,0.36131202966580245,0.0,-0.36131202966580245
2019-12-15 10:00:00,83.99211655285188,97.87790694444446,0.12,0.1,0.1,-250.0,-0.0,-0.0,0.0,-13.885790391592579,0.0,0.0,-0.0
2019-12-15 11:00:00,85.70613041493205,105.03016515151516,0.12,0.1,0.1,-125.0,-0.0,-0.0,0.0,-19.324034736583116,0.0,0.0,-0.0
2019-12-15 12:00:00,85.75125198734017,102.12382948717949,0.12,0.1,0.1,0.0,0.0,0.0,-0.0,-16.372577499839323,0.0,0.0,-0.0
2019-12-15 13:00:00,84.24299016718841,86.51249166666668,0.12,0.1,0.1,-250.0,-0.0,-0.0,0.0,-2.2695014994782667,0.0,0.0,-0.0
2019-12-15 14:00:00,82.16180753085531,61.36715303030304,0.12,0.1,0.1,-125.0,-0.0,-0.0,0.0,20.794654500552276,2.495358540066273,0.0,-2.495358540066273
2019-12-15 15:00:00,78.28922420235534,27.880788333333328,0.12,0.1,0.1,-125.0,-0.0,-0.0,0.0,50.408435869022014,6.049012304282641,0.0,-6.049012304282641
2019-12-15 16:00:00,78.70600960713433,2.5899634527518174,0.12,0.1,0.3375,125.0,125.0,125.0,0.0,201.1160461543825,24.1339255385259,4.75,-28.8839255385259
2019-12-15 17:00:00,78.62365823540304,0.0,0.12,0.3375,0.1,-125.0,-112.81250000000001,0.0,112.81250000000001,-34.18884176459697,0.0,4.75,-4.75
2019-12-15 18:00:00,79.43862245246783,0.0,0.12,0.1,0.1,-125.0,-0.0,-0.0,0.0,79.43862245246783,9.532634694296139,0.0,-9.532634694296139
2019-12-15 19:00:00,78.97261853419411,0.0,0.12,0.1,0.1,0.0,0.0,0.0,-0.0,78.97261853419411,9.476714224103294,0.0,-9.476714224103294
2019-12-15 20:00:00,76.14652691414517,0.0,0.12,0.1,0.1,-250.0,-0.0,-0.0,0.0,76.14652691414517,9.13758322969742,0.0,-9.13758322969742
2019-12-15 21:00:00,80.5293488035078,0.0,0.12,0.1,0.3375,125.0,125.0,125.0,0.0,205.5293488035078,24.663521856420935,4.75,-29.413521856420935
2019-12-15 22:00:00,78.95520403184247,0.0,0.12,0.3375,0.575,125.0,125.0,125.0,0.0,203.95520403184247,24.474624483821096,4.749999999999998,-29.224624483821096
2019-12-15 23:00:00,77.44630588710413,0.0,0.12,0.575,0.31184210526315786,-125.0,-125.0,0.0,125.0,-47.55369411289587,0.0,5.263157894736842,-5.263157894736842
2019-12-16 00:00:00,77.07421482510762,0.0,0.1,0.31184210526315786,0.31184210526315786,0.0,0.0,0.0,-0.0,77.07421482510762,7.707421482510762,0.0,-7.707421482510762
2019-12-16 01:00:00,77.99499045893411,0.0,0.1,0.31184210526315786,0.31184210526315786,0.0,0.0,0.0,-0.0,77.99499045893411,7.799499045893412,0.0,-7.799499045893412
2019-12-16 02:00:00,78.65322088481908,0.0,0.1,0.31184210526315786,0.1,-250.0,-100.62499999999999,0.0,100.62499999999999,-21.971779115180908,0.0,4.2368421052631575,-4.2368421052631575
2019-12-16 03:00:00,79.27422201303429,0.0,0.1,0.1,0.1,-250.0,-0.0,-0.0,0.0,79.27422201303429,7.927422201303429,0.0,-7.927422201303429
2019-12-16 04:00:00,77.7475855697472,0.0,0.1,0.1,0.1,-125.0,-0.0,-0.0,0.0,77.7475855697472,7.774758556974721,0.0,-7.774758556974721
2019-12-16 05:00:00,83.54798258689006,0.0,0.1,0.1,0.3375,125.0,125.0,125.0,0.0,208.54798258689004,20.854798258689005,4.75,-25.604798258689005
2019-12-16 06:00:00,82.30935705625492,0.0,0.1,0.3375,0.1,-250.0,-112.81250000000001,0.0,112.81250000000001,-30.50314294374509,0.0,4.75,-4.75
2019-12-16 07:00:00,84.19596433432112,7.142575379023884,0.18,0.1,0.1,-250.0,-0.0,-0.0,0.0,77.05338895529724,13.869610011953503,0.0,-13.869610011953503
2019-12-16 08:00:00,84.69804460898702,46.016318181818185,0.18,0.1,0.1,0.0,0.0,0.0,-0.0,38.68172642716883,6.96271075689039,0.0,-6.96271075689039
2019-12-16 09:00:00,91.55132133141844,79.58724487179487,0.18,0.1,0.1,-125.0,-0.0,-0.0,0.0,11.96407645962357,2.1535337627322426,0.0,-2.1535337627322426
2019-12-16 10:00:00,96.72570040856023,99.0143625,0.18,0.1,0.1,-250.0,-0.0,-0.0,0.0,-2.2886620914397753,0.0,0.0,-0.0
2019-12-16 11:00:00,100.09172304455257,108.17475909090909,0.18,0.1,0.575,250.0,250.0,250.0,0.0,241.91696395364346,43.54505351165582,9.5,-53.04505351165582
2019-12-16 12:00:00,88.41283892372847,104.64043846153847,0.18,0.575,0.31184210526315786,-125.0,-125.0,0.0,125.0,-141.22759953781,0.0,5.263157894736842,-5.263157894736842
2019-12-16 13:00:00,82.4466064588528,90.9858375,0.18,0.31184210526315786,0.31184210526315786,0.0,0.0,0.0,-0.0,-8.539231041147204,0.0,0.0,-0.0
2019-12-16 14:00:00,80.1744696990207,65.45722121212121,0.18,0.31184210526315786,0.1,-250.0,-100.62499999999999,0.0,100.62499999999999,-85.9077515131005,0.0,4.2368421052631575,-4.2368421052631575
2019-12-16 15:00:00,83.55387575947944,32.165899230769234,0.18,0.1,0.1,-250.0,-0.0,-0.0,0.0,51.387976528710205,9.249835775167837,0.0,-9.249835775167837
2019-12-16 16:00:00,88.69981106531095,3.2925184644340604,0.32,0.1,0.1,-125.0,-0.0,-0.0,0.0,85.4072926008769,27.33033363228061,0.0,-27.33033363228061
2019-12-16 17:00:00,81.9557717175907,0.0,0.32,0.1,0.1,0.0,0.0,0.0,-0.0,81.9557717175907,26.225846949629023,0.0,-26.225846949629023
2019-12-16 18:00:00,83.54264162667583,0.0,0.32,0.1,0.1,0.0,0.0,0.0,-0.0,83.54264162667583,26.733645320536265,0.0,-26.733645320536265
2019-12-16 19:00:00,86.90958142903075,0.0,0.32,0.1,0.1,0.0,0.0,0.0,-0.0,86.90958142903075,27.811066057289842,0.0,-27.811066057289842
2019-12-16 20:00:00,80.33769096742553,0.0,0.32,0.1,0.1,-125.0,-0.0,-0.0,0.0,80.33769096742553,25.70806110957617,0.0,-25.70806110957617
2019-12-16 21:00:00,81.40980126147936,0.0,0.32,0.1,0.1,-250.0,-0.0,-0.0,0.0,81.40980126147936,26.051136403673397,0.0,-26.051136403673397
2019-12-16 22:00:00,78.15417702997898,0.0,0.1,0.1,0.575,250.0,250.0,250.0,0.0,328.154177029979,32.8154177029979,9.5,-42.3154177029979
2019-12-16 23:00:00,78.60146540292034,0.0,0.1,0.575,0.8125,125.0,125.0,125.0,0.0,203.60146540292033,20.360146540292035,4.750000000000001,-25.110146540292035
2019-12-17 00:00:00,76.98892797603676,0.0,0.1,0.8125,0.9,250.0,46.052631578947384,46.052631578947384,0.0,123.04155955498415,12.304155955498416,1.7500000000000004,-14.054155955498416
2019-12-17 01:00:00,79.54607886371056,0.0,0.1,0.9,0.9,125.0,0.0,0.0,-0.0,79.54607886371056,7.954607886371057,0.0,-7.954607886371057
2019-12-17 02:00:00,78.25334008429724,0.0,0.1,0.9,0.6368421052631579,-125.0,-125.0,0.0,125.0,-46.746659915702764,0.0,5.2631578947368425,-5.2631578947368425
2019-12-17 03:00:00,79.5443678119078,0.0,0.1,0.6368421052631579,0.6368421052631579,0.0,0.0,0.0,-0.0,79.5443678119078,7.954436781190781,0.0,-7.954436781190781
2019-12-17 04:00:00,77.12894880359059,0.0,0.1,0.6368421052631579,0.3736842105263158,-125.0,-125.0,0.0,125.0,-47.87105119640941,0.0,5.263157894736842,-5.263157894736842
2019-12-17 05:00:00,82.26980746348842,0.0,0.1,0.3736842105263158,0.1105263157894737,-125.0,-125.0,0.0,125.0,-42.73019253651158,0.0,5.263157894736842,-5.263157894736842
2019-12-17 06:00:00,81.2438972785148,0.0,0.1,0.1105263157894737,0.1,-250.0,-5.000000000000002,0.0,5.000000000000002,76.2438972785148,7.624389727851479,0.21052631578947378,-7.834916043640953
2019-12-17 07:00:00,83.45949331765543,1.7597166666666666,0.18,0.1,0.1,-250.0,-0.0,-0.0,0.0,81.69977665098877,14.705959797177977,0.0,-14.705959797177977
2019-12-17 08:00:00,92.18772149823677,8.230630303030303,0.18,0.1,0.1,0.0,0.0,0.0,-0.0,83.95709119520646,15.112276415137162,0.0,-15.112276415137162
2019-12-17 09:00:00,94.5405071034952,41.58787538461539,0.18,0.1,0.1,-125.0,-0.0,-0.0,0.0,52.952631718879815,9.531473709398366,0.0,-9.531473709398366
2019-12-17 10:00:00,101.08957553499124,74.45655416666666,0.18,0.1,0.1,-250.0,-0.0,-0.0,0.0,26.633021368324577,4.793943846298424,0.0,-4.793943846298424
2019-12-17 11:00:00,103.21039096149133,86.04201363636365,0.18,0.1,0.575,250.0,250.0,250.0,0.0,267.16837732512766,48.09030791852298,9.5,-57.59030791852298
2019-12-17 12:00:00,108.38899289990322,56.62671666666666,0.18,0.575,0.31184210526315786,-125.0,-125.0,0.0,125.0,-73.23772376676345,0.0,5.263157894736842,-5.263157894736842
2019-12-17 13:00:00,94.58029079795028,47.41375416666667,0.18,0.31184210526315786,0.31184210526315786,0.0,0.0,0.0,-0.0,47.16653663128361,8.48997659363105,0.0,-8.48997659363105
2019-12-17 14:00:00,94.94873777251114,26.383682272727274,0.18,0.31184210526315786,0.1,-125.0,-100.62499999999999,0.0,100.62499999999999,-32.05994450021612,0.0,4.2368421052631575,-4.2368421052631575
2019-12-17 15:00:00,92.09861492557691,26.774823974358977,0.18,0.1,0.3375,125.0,125.0,125.0,0.0,190.32379095121792,34.258282371219224,4.75,-39.008282371219224
2019-12-17 16:00:00,88.07437322466086,3.549464862409138,0.32,0.3375,0.8125,250.0,250.0,250.0,0.0,334.5249083622517,107.04797067592055,9.5,-116.54797067592055
2019-12-17 17:00:00,81.15714982187191,0.0,0.32,0.8125,0.549342105263158,-125.0,-125.0,0.0,125.0,-43.84285017812809,0.0,5.263157894736841,-5.263157894736841
2019-12-17 18:00:00,81.31669531492881,0.0,0.32,0.549342105263158,0.549342105263158,0.0,0.0,0.0,-0.0,81.31669531492881,26.02134250077722,0.0,-26.02134250077722
2019-12-17 19:00:00,83.14791661966741,0.0,0.32,0.549342105263158,0.9,250.0,184.5567867036011,184.5567867036011,0.0,267.7047033232685,85.66550506344593,7.013157894736841,-92.67866295818277
2019-12-17 20:00:00,80.80335354462648,0.0,0.32,0.9,0.6368421052631579,-125.0,-125.0,0.0,125.0,-44.196646455373525,0.0,5.2631578947368425,-5.2631578947368425
2019-12-17 21:00:00,79.135617145998,0.0,0.32,0.6368421052631579,0.3736842105263158,-125.0,-125.0,0.0,125.0,-45.864382854002,0.0,5.263157894736842,-5.263157894736842
2019-12-17 22:00:00,77.87149460187366,0.0,0.1,0.3736842105263158,0.6111842105263158,125.0,125.0,125.0,0.0,202.87149460187368,20.28714946018737,4.75,-25.03714946018737
2019-12-17 23:00:00,78.67026886273868,0.0,0.1,0.6111842105263158,0.6111842105263158,0.0,0.0,0.0,-0.0,78.67026886273868,7.867026886273869,0.0,-7.867026886273869
2019-12-18 00:00:00,77.83151458461273,0.0,0.1,0.6111842105263158,0.6111842105263158,0.0,0.0,0.0,-0.0,77.83151458461273,7.7831514584612735,0.0,-7.7831514584612735
2019-12-18 01:00:00,77.99062249106532,0.0,0.1,0.6111842105263158,0.6111842105263158,0.0,0.0,0.0,-0.0,77.99062249106532,7.799062249106533,0.0,-7.799062249106533
2019-12-18 02:00:00,75.15539312243277,0.0,0.1,0.6111842105263158,0.6111842105263158,0.0,0.0,0.0,-0.0,75.15539312243277,7.515539312243277,0.0,-7.515539312243277
2019-12-18 03:00:00,78.10629746794774,0.0,0.1,0.6111842105263158,0.6111842105263158,0.0,0.0,0.0,-0.0,78.10629746794774,7.810629746794774,0.0,-7.810629746794774
2019-12-18 04:00:00,76.94634360969506,0.0,0.1,0.6111842105263158,0.3480263157894737,-125.0,-125.0,0.0,125.0,-48.05365639030494,0.0,5.263157894736842,-5.263157894736842
2019-12-18 05:00:00,77.34113962954694,0.0,0.1,0.3480263157894737,0.3480263157894737,0.0,0.0,0.0,-0.0,77.34113962954694,7.734113962954694,0.0,-7.734113962954694
2019-12-18 06:00:00,76.87563123961178,0.0,0.1,0.3480263157894737,0.10000000000000003,-125.0,-117.81249999999999,0.0,117.81249999999999,-40.93686876038821,0.0,4.960526315789473,-4.960526315789473
2019-12-18 07:00:00,87.81122295409027,0.8830518821391484,0.18,0.10000000000000003,0.1,-250.0,-1.3183898417423734e-14,0.0,1.3183898417423734e-14,86.92817107195111,15.6470707929512,5.551115123125783e-16,-15.6470707929512
2019-12-18 08:00:00,91.81890946260752,8.36796606060606,0.18,0.1,0.3375,125.0,125.0,125.0,0.0,208.45094340200146,37.52116981236026,4.75,-42.27116981236026
2019-12-18 09:00:00,116.27406669816462,36.159588974358975,0.18,0.3375,0.3375,0.0,0.0,0.0,-0.0,80.11447772380563,14.420605990285013,0.0,-14.420605990285013
2019-12-18 10:00:00,108.3634085967309,28.1875225,0.18,0.3375,0.3375,0.0,0.0,0.0,-0.0,80.1758860967309,14.431659497411562,0.0,-14.431659497411562
2019-12-18 11:00:00,100.2039668819421,82.62627727272728,0.18,0.3375,0.1,-125.0,-112.81250000000001,0.0,112.81250000000001,-95.2348103907852,0.0,4.75,-4.75
2019-12-18 12:00:00,95.29195362094518,40.55634025641025,0.18,0.1,0.1,-125.0,-0.0,-0.0,0.0,54.73561336453493,9.852410405616286,0.0,-9.852410405616286
2019-12-18 13:00:00,93.11920152856084,27.947667499999998,0.18,0.1,0.1,0.0,0.0,0.0,-0.0,65.17153402856084,11.73087612514095,0.0,-11.73087612514095
2019-12-18 14:00:00,92.81135545517877,25.03733909090909,0.18,0.1,0.1,0.0,0.0,0.0,-0.0,67.77401636426968,12.199322945568543,0.0,-12.199322945568543
2019-12-18 15:00:00,88.75663090870724,9.748546987179488,0.18,0.1,0.3375,125.0,125.0,125.0,0.0,204.00808392152774,36.721455105874995,4.75,-41.471455105874995
2019-12-18 16:00:00,86.10475234268654,1.5361,0.32,0.3375,0.8125,250.0,250.0,250.0,0.0,334.5686523426865,107.06196874965968,9.5,-116.56196874965968
2019-12-18 17:00:00,82.54397099304714,0.0,0.32,0.8125,0.549342105263158,-125.0,-125.0,0.0,125.0,-42.45602900695286,0.0,5.263157894736841,-5.263157894736841
2019-12-18 18:00:00,84.12783149748049,0.0,0.32,0.549342105263158,0.549342105263158,0.0,0.0,0.0,-0.0,84.12783149748049,26.920906079193756,0.0,-26.920906079193756
2019-12-18 19:00:00,83.30128173219789,0.0,0.32,0.549342105263158,0.9,250.0,184.5567867036011,184.5567867036011,0.0,267.858068435799,85.71458189945568,7.013157894736841,-92.72773979419252
2019-12-18 20:00:00,83.4577068146811,0.0,0.32,0.9,0.6368421052631579,-125.0,-125.0,0.0,125.0,-41.5422931853189,0.0,5.2631578947368425,-5.2631578947368425
2019-12-18 21:00:00,80.91213189028358,0.0,0.32,0.6368421052631579,0.3736842105263158,-125.0,-125.0,0.0,125.0,-44.087868109716425,0.0,5.263157894736842,-5.263157894736842
2019-12-18 22:00:00,79.64318357640599,0.0,0.1,0.3736842105263158,0.6111842105263158,125.0,125.0,125.0,0.0,204.643183576406,20.4643183576406,4.75,-25.2143183576406
2019-12-18 23:00:00,76.69933927114216,0.0,0.1,0.6111842105263158,0.6111842105263158,0.0,0.0,0.0,-0.0,76.69933927114216,7.669933927114217,0.0,-7.669933927114217
2019-12-19 00:00:00,77.26261454658855,0.0,0.1,0.6111842105263158,0.6111842105263158,0.0,0.0,0.0,-0.0,77.26261454658855,7.7262614546588555,0.0,-7.7262614546588555
2019-12-19 01:00:00,79.13874436832863,0.0,0.1,0.6111842105263158,0.6111842105263158,0.0,0.0,0.0,-0.0,79.13874436832863,7.913874436832863,0.0,-7.913874436832863
2019-12-19 02:00:00,80.48135866527075,0.0,0.1,0.6111842105263158,0.6111842105263158,0.0,0.0,0.0,-0.0,80.48135866527075,8.048135866527074,0.0,-8.048135866527074
2019-12-19 03:00:00,79.87138651287403,0.0,0.1,0.6111842105263158,0.6111842105263158,0.0,0.0,0.0,-0.0,79.87138651287403,7.9871386512874025,0.0,-7.9871386512874025
2019-12-19 04:00:00,78.09888246062563,0.0,0.1,0.6111842105263158,0.3480263157894737,-125.0,-125.0,0.0,125.0,-46.90111753937437,0.0,5.263157894736842,-5.263157894736842
2019-12-19 05:00:00,83.06986681152179,0.0,0.1,0.3480263157894737,0.3480263157894737,0.0,0.0,0.0,-0.0,83.06986681152179,8.30698668115218,0.0,-8.30698668115218
2019-12-19 06:00:00,80.20750203733306,0.0,0.1,0.3480263157894737,0.10000000000000003,-125.0,-117.81249999999999,0.0,117.81249999999999,-37.60499796266693,0.0,4.960526315789473,-4.960526315789473
2019-12-19 07:00:00,83.27515126863209,1.3599582424714434,0.18,0.10000000000000003,0.1,-250.0,-1.3183898417423734e-14,0.0,1.3183898417423734e-14,81.91519302616062,14.74473474470891,5.551115123125783e-16,-14.74473474470891
2019-12-19 08:00:00,86.51560791061866,14.964083030303032,0.18,0.1,0.3375,125.0,125.0,125.0,0.0,196.55152488031564,35.379274478456814,4.75,-40.129274478456814
2019-12-19 09:00:00,92.9349861365689,18.014657435897433,0.18,0.3375,0.3375,0.0,0.0,0.0,-0.0,74.92032870067146,13.485659166120863,0.0,-13.485659166120863
2019-12-19 10:00:00,92.7595098265794,28.341574305555554,0.18,0.3375,0.3375,0.0,0.0,0.0,-0.0,64.41793552102385,11.595228393784293,0.0,-11.595228393784293
2019-12-19 11:00:00,77.25773199956394,29.112541818181818,0.18,0.3375,0.1,-125.0,-112.81250000000001,0.0,112.81250000000001,-64.6673098186179,0.0,4.75,-4.75
2019-12-19 12:00:00,95.40726142066828,26.126337499999998,0.18,0.1,0.1,-125.0,-0.0,-0.0,0.0,69.28092392066827,12.470566305720288,0.0,-12.470566305720288
2019-12-19 13:00:00,91.08911799265546,24.864644027777775,0.18,0.1,0.575,250.0,250.0,250.0,0.0,316.2244739648777,56.92040531367798,9.5,-66.42040531367797
2019-12-19 14:00:00,89.98318977272241,32.19640606060606,0.18,0.575,0.1,-250.0,-225.625,0.0,225.625,-167.83821628788365,0.0,9.5,-9.5
2019-12-19 15:00:00,83.62979933708456,24.199379487179485,0.18,0.1,0.3375,125.0,125.0,125.0,0.0,184.4304198499051,33.19747557298292,4.75,-37.94747557298292
2019-12-19 16:00:00,81.50521204546176,4.894403653946002,0.32,0.3375,0.8125,250.0,250.0,250.0,0.0,326.6108083915158,104.51545868528505,9.5,-114.01545868528505
2019-12-19 17:00:00,80.99510997407168,0.0,0.32,0.8125,0.549342105263158,-125.0,-125.0,0.0,125.0,-44.00489002592832,0.0,5.263157894736841,-5.263157894736841
2019-12-19 18:00:00,81.33674765377981,0.0,0.32,0.549342105263158,0.549342105263158,0.0,0.0,0.0,-0.0,81.33674765377981,26.027759249209538,0.0,-26.027759249209538
2019-12-19 19:00:00,83.16800163201617,0.0,0.32,0.549342105263158,0.9,250.0,184.5567867036011,184.5567867036011,0.0,267.7247883356173,85.67193226739754,7.013157894736841,-92.68509016213437
2019-12-19 20:00:00,81.1167773826743,0.0,0.32,0.9,0.6368421052631579,-125.0,-125.0,0.0,125.0,-43.8832226173257,0.0,5.2631578947368425,-5.2631578947368425
2019-12-19 21:00:00,76.65227329198268,0.0,0.32,0.6368421052631579,0.3736842105263158,-125.0,-125.0,0.0,125.0,-48.34772670801732,0.0,5.263157894736842,-5.263157894736842
2019-12-19 22:00:00,76.61043640218678,0.0,0.1,0.3736842105263158,0.6111842105263158,125.0,125.0,125.0,0.0,201.6104364021868,20.16104364021868,4.75,-24.91104364021868
2019-12-19 23:00:00,76.4676794746117,0.0,0.1,0.6111842105263158,0.6111842105263158,0.0,0.0,0.0,-0.0,76.4676794746117,7.6467679474611705,0.0,-7.6467679474611705
2019-12-20 00:00:00,75.48217114149871,0.0,0.1,0.6111842105263158,0.6111842105263158,0.0,0.0,0.0,-0.0,75.48217114149871,7.548217114149871,0.0,-7.548217114149871
2019-12-20 01:00:00,74.72202090299739,0.0,0.1,0.6111842105263158,0.6111842105263158,0.0,0.0,0.0,-0.0,74.72202090299739,7.472202090299739,0.0,-7.472202090299739
2019-12-20 02:00:00,75.77305544765615,0.0,0.1,0.6111842105263158,0.6111842105263158,0.0,0.0,0.0,-0.0,75.77305544765615,7.577305544765615,0.0,-7.577305544765615
2019-12-20 03:00:00,77.32269862914424,0.0,0.1,0.6111842105263158,0.3480263157894737,-125.0,-125.0,0.0,125.0,-47.67730137085576,0.0,5.263157894736842,-5.263157894736842
2019-12-20 04:00:00,76.667857791636,0.0,0.1,0.3480263157894737,0.3480263157894737,0.0,0.0,0.0,-0.0,76.667857791636,7.6667857791636,0.0,-7.6667857791636
2019-12-20 05:00:00,80.65870732621823,0.0,0.1,0.3480263157894737,0.8230263157894737,250.0,250.0,250.0,0.0,330.65870732621823,33.065870732621825,9.5,-42.565870732621825
2019-12-20 06:00:00,77.08662115326372,0.0,0.1,0.8230263157894737,0.9,250.0,40.51246537396121,40.51246537396121,0.0,117.59908652722493,11.759908652722494,1.539473684210526,-13.29938233693302
2019-12-20 07:00:00,81.4092626439136,2.432616243509866,0.18,0.9,0.6368421052631579,-125.0,-125.0,0.0,125.0,-46.02335359959626,0.0,5.2631578947368425,-5.2631578947368425
2019-12-20 08:00:00,81.54096915332217,24.11766121212121,0.18,0.6368421052631579,0.8743421052631579,125.0,125.0,125.0,0.0,182.42330794120096,32.83619542941617,4.750000000000001,-37.58619542941617
2019-12-20 09:00:00,94.8500737032443,58.15991538461538,0.18,0.8743421052631579,0.6111842105263159,-125.0,-125.0,0.0,125.0,-88.30984168137107,0.0,5.263157894736841,-5.263157894736841
2019-12-20 10:00:00,99.34913151305675,82.24474444444444,0.18,0.6111842105263159,0.6111842105263159,0.0,0.0,0.0,-0.0,17.10438706861231,3.078789672350216,0.0,-3.078789672350216
2019-12-20 11:00:00,97.95691620264842,84.31302272727272,0.18,0.6111842105263159,0.10000000000000009,-250.0,-242.81250000000003,0.0,242.81250000000003,-229.16860652462435,0.0,10.223684210526315,-10.223684210526315
2019-12-20 12:00:00,96.19431296325638,76.48937179487179,0.18,0.10000000000000009,0.1,-250.0,-3.95516952522712e-14,0.0,3.95516952522712e-14,19.704941168384554,3.5468894103092197,1.6653345369377348e-15,-3.5468894103092214
2019-12-20 13:00:00,96.00961171027343,56.23489722222223,0.18,0.1,0.1,0.0,0.0,0.0,-0.0,39.7747144880512,7.1594486078492166,0.0,-7.1594486078492166
2019-12-20 14:00:00,89.31269176158376,34.724917272727275,0.18,0.1,0.1,-250.0,-0.0,-0.0,0.0,54.58777448885649,9.825799407994168,0.0,-9.825799407994168
2019-12-20 15:00:00,81.54583233839074,15.063253333333334,0.18,0.1,0.3375,125.0,125.0,125.0,0.0,191.4825790050574,34.46686422091033,4.75,-39.21686422091033
2019-12-20 16:00:00,82.05674371966568,2.6089548156801667,0.32,0.3375,0.8125,250.0,250.0,250.0,0.0,329.4477889039855,105.42329244927537,9.5,-114.92329244927537
2019-12-20 17:00:00,81.24201163609682,0.0,0.32,0.8125,0.549342105263158,-125.0,-125.0,0.0,125.0,-43.75798836390318,0.0,5.263157894736841,-5.263157894736841
2019-12-20 18:00:00,81.44412309940442,0.0,0.32,0.549342105263158,0.549342105263158,0.0,0.0,0.0,-0.0,81.44412309940442,26.062119391809414,0.0,-26.062119391809414
2019-12-20 19:00:00,83.67945955019528,0.0,0.32,0.549342105263158,0.9,250.0,184.5567867036011,184.5567867036011,0.0,268.23624625379637,85.83559880121484,7.013157894736841,-92.84875669595168
2019-12-20 20:00:00,87.27918926711594,0.0,0.32,0.9,0.6368421052631579,-125.0,-125.0,0.0,125.0,-37.72081073288406,0.0,5.2631578947368425,-5.2631578947368425
2019-12-20 21:00:00,79.3341369362776,0.0,0.32,0.6368421052631579,0.3736842105263158,-125.0,-125.0,0.0,125.0,-45.6658630637224,0.0,5.263157894736842,-5.263157894736842
2019-12-20 22:00:00,77.90780443568316,0.0,0.1,0.3736842105263158,0.6111842105263158,125.0,125.0,125.0,0.0,202.90780443568315,20.290780443568316,4.75,-25.040780443568316
2019-12-20 23:00:00,74.65215962614826,0.0,0.1,0.6111842105263158,0.6111842105263158,0.0,0.0,0.0,-0.0,74.65215962614826,7.465215962614827,0.0,-7.465215962614827
2019-12-21 00:00:00,76.37464679782501,0.0,0.12,0.6111842105263158,0.6111842105263158,0.0,0.0,0.0,-0.0,76.37464679782501,9.164957615739,0.0,-9.164957615739
2019-12-21 01:00:00,78.78263416007549,0.0,0.12,0.6111842105263158,0.6111842105263158,0.0,0.0,0.0,-0.0,78.78263416007549,9.453916099209058,0.0,-9.453916099209058
2019-12-21 02:00:00,79.97343386815925,0.0,0.12,0.6111842105263158,0.6111842105263158,0.0,0.0,0.0,-0.0,79.97343386815925,9.59681206417911,0.0,-9.59681206417911
2019-12-21 03:00:00,77.17964151070882,0.0,0.12,0.6111842105263158,0.8486842105263157,125.0,125.0,125.0,0.0,202.17964151070882,24.261556981285057,4.749999999999998,-29.011556981285054
2019-12-21 04:00:00,77.1306019845875,0.0,0.12,0.8486842105263157,0.5855263157894737,-125.0,-125.0,0.0,125.0,-47.8693980154125,0.0,5.263157894736841,-5.263157894736841
2019-12-21 05:00:00,82.73068207799216,0.0,0.12,0.5855263157894737,0.3223684210526316,-125.0,-125.0,0.0,125.0,-42.26931792200784,0.0,5.263157894736842,-5.263157894736842
2019-12-21 06:00:00,79.21285278493256,0.0,0.12,0.3223684210526316,0.3223684210526316,0.0,0.0,0.0,-0.0,79.21285278493256,9.505542334191908,0.0,-9.505542334191908
2019-12-21 07:00:00,78.1033660665648,1.1509205185617861,0.12,0.3223684210526316,0.1,-125.0,-105.625,0.0,105.625,-28.672554451996987,0.0,4.447368421052632,-4.447368421052632
2019-12-21 08:00:00,80.73317963559575,7.429165303030303,0.12,0.1,0.1,0.0,0.0,0.0,-0.0,73.30401433256544,8.796481719907852,0.0,-8.796481719907852
2019-12-21 09:00:00,80.60898975760799,16.89989653846154,0.12,0.1,0.1,-125.0,-0.0,-0.0,0.0,63.709093219146446,7.645091186297574,0.0,-7.645091186297574
2019-12-21 10:00:00,84.39921514078087,24.135101388888888,0.12,0.1,0.1,0.0,0.0,0.0,-0.0,60.26411375189198,7.2316936502270375,0.0,-7.2316936502270375
2019-12-21 11:00:00,84.01137242778705,31.877176363636362,0.12,0.1,0.1,-125.0,-0.0,-0.0,0.0,52.134196064150686,6.256103527698082,0.0,-6.256103527698082
2019-12-21 12:00:00,79.80922934873742,36.61758538461538,0.12,0.1,0.1,0.0,0.0,0.0,-0.0,43.191643964122036,5.182997275694644,0.0,-5.182997275694644
2019-12-21 13:00:00,81.68298696491834,32.061609861111116,0.12,0.1,0.575,250.0,250.0,250.0,0.0,299.6213771038072,35.95456525245687,9.5,-45.45456525245687
2019-12-21 14:00:00,82.90208458707959,22.686823030303028,0.12,0.575,0.575,0.0,0.0,0.0,-0.0,60.215261556776554,7.225831386813186,0.0,-7.225831386813186
2019-12-21 15:00:00,81.97050832861002,10.449406987179488,0.12,0.575,0.9,250.0,171.0526315789474,171.0526315789474,0.0,242.57373292037795,29.10884795044535,6.500000000000002,-35.60884795044535
2019-12-21 16:00:00,75.67828705037486,1.9244835539979235,0.12,0.9,0.9,0.0,0.0,0.0,-0.0,73.75380349637695,8.850456419565234,0.0,-8.850456419565234
2019-12-21 17:00:00,77.29617817585587,0.0,0.12,0.9,0.37368421052631584,-250.0,-250.0,0.0,250.0,-172.70382182414414,0.0,10.526315789473683,-10.526315789473683
2019-12-21 18:00:00,77.91239378431462,0.0,0.12,0.37368421052631584,0.37368421052631584,0.0,0.0,0.0,-0.0,77.91239378431462,9.349487254117754,0.0,-9.349487254117754
2019-12-21 19:00:00,80.25446955786741,0.0,0.12,0.37368421052631584,0.6111842105263159,125.0,125.0,125.0,0.0,205.25446955786742,24.63053634694409,4.750000000000001,-29.38053634694409
2019-12-21 20:00:00,84.96425351565227,0.0,0.12,0.6111842105263159,0.3480263157894738,-125.0,-125.0,0.0,125.0,-40.035746484347726,0.0,5.263157894736842,-5.263157894736842
2019-12-21 21:00:00,77.88571483326311,0.0,0.12,0.3480263157894738,0.3480263157894738,0.0,0.0,0.0,-0.0,77.88571483326311,9.346285779991574,0.0,-9.346285779991574
2019-12-21 22:00:00,78.55868378089954,0.0,0.12,0.3480263157894738,0.5855263157894738,125.0,125.0,125.0,0.0,203.55868378089954,24.427042053707943,4.75,-29.177042053707943
2019-12-21 23:00:00,79.34092722627841,0.0,0.12,0.5855263157894738,0.3223684210526317,-125.0,-125.0,0.0,125.0,-45.65907277372159,0.0,5.263157894736842,-5.263157894736842
2019-12-22 00:00:00,76.98170443014206,0.0,0.12,0.3223684210526317,0.3223684210526317,0.0,0.0,0.0,-0.0,76.98170443014206,9.237804531617046,0.0,-9.237804531617046
2019-12-22 01:00:00,76.23144205627001,0.0,0.12,0.3223684210526317,0.7973684210526317,250.0,250.0,250.0,0.0,326.23144205627,39.1477730467524,9.5,-48.6477730467524
2019-12-22 02:00:00,77.9554880081509,0.0,0.12,0.7973684210526317,0.7973684210526317,0.0,0.0,0.0,-0.0,77.9554880081509,9.354658560978107,0.0,-9.354658560978107
2019-12-22 03:00:00,78.89982713698616,0.0,0.12,0.7973684210526317,0.7973684210526317,0.0,0.0,0.0,-0.0,78.89982713698616,9.467979256438339,0.0,-9.467979256438339
2019-12-22 04:00:00,79.11432205304651,0.0,0.12,0.7973684210526317,0.9,250.0,54.0166204986149,54.0166204986149,0.0,133.1309425516614,15.975713106199368,2.052631578947366,-18.028344685146735
2019-12-22 05:00:00,80.11051923595458,0.0,0.12,0.9,0.6368421052631579,-125.0,-125.0,0.0,125.0,-44.889480764045416,0.0,5.2631578947368425,-5.2631578947368425
2019-12-22 06:00:00,79.27488120789732,0.0,0.12,0.6368421052631579,0.8743421052631579,125.0,125.0,125.0,0.0,204.27488120789732,24.512985744947677,4.750000000000001,-29.262985744947677
2019-12-22 07:00:00,78.68674564207898,0.15132658359293874,0.12,0.8743421052631579,0.9,250.0,13.504155124653739,13.504155124653739,0.0,92.03957418313978,11.044748901976773,0.513157894736842,-11.557906796713615
2019-12-22 08:00:00,79.12957119232068,2.373027024922118,0.12,0.9,0.6368421052631579,-125.0,-125.0,0.0,125.0,-48.24345583260144,0.0,5.2631578947368425,-5.2631578947368425
2019-12-22 09:00:00,74.81340185657439,11.603614102564102,0.12,0.6368421052631579,0.6368421052631579,0.0,0.0,0.0,-0.0,63.209787754010286,7.585174530481234,0.0,-7.585174530481234
2019-12-22 10:00:00,78.58960567651147,18.528876805555555,0.12,0.6368421052631579,0.1105263157894737,-250.0,-250.0,0.0,250.0,-189.93927112904407,0.0,10.526315789473683,-10.526315789473683
2019-12-22 11:00:00,82.28236314300877,18.833820454545453,0.12,0.1105263157894737,0.1,-125.0,-5.000000000000002,0.0,5.000000000000002,58.44854268846331,7.013825122615597,0.21052631578947378,-7.224351438405071
2019-12-22 12:00:00,77.74654699150383,8.826686923076922,0.12,0.1,0.575,250.0,250.0,250.0,0.0,318.91986006842694,38.27038320821123,9.5,-47.77038320821123
2019-12-22 13:00:00,76.28586280433638,17.299109444444444,0.12,0.575,0.9,250.0,171.0526315789474,171.0526315789474,0.0,230.03938493883933,27.60472619266072,6.500000000000002,-34.10472619266072
2019-12-22 14:00:00,71.88964961754043,14.359311969696972,0.12,0.9,0.6368421052631579,-125.0,-125.0,0.0,125.0,-67.46966235215655,0.0,5.2631578947368425,-5.2631578947368425
2019-12-22 15:00:00,76.60192815545987,6.883893205128205,0.12,0.6368421052631579,0.6368421052631579,0.0,0.0,0.0,-0.0,69.71803495033167,8.3661641940398,0.0,-8.3661641940398
2019-12-22 16:00:00,77.16428360517538,1.6373863966770512,0.12,0.6368421052631579,0.3736842105263158,-125.0,-125.0,0.0,125.0,-49.47310279150166,0.0,5.263157894736842,-5.263157894736842
2019-12-22 17:00:00,78.39145741105804,0.0,0.12,0.3736842105263158,0.1105263157894737,-125.0,-125.0,0.0,125.0,-46.60854258894196,0.0,5.263157894736842,-5.263157894736842
2019-12-22 18:00:00,77.64386428875825,0.0,0.12,0.1105263157894737,0.1,-125.0,-5.000000000000002,0.0,5.000000000000002,72.64386428875825,8.71726371465099,0.21052631578947378,-8.927790030440464
2019-12-22 19:00:00,81.973629116787,0.0,0.12,0.1,0.1,-250.0,-0.0,-0.0,0.0,81.973629116787,9.836835494014439,0.0,-9.836835494014439
2019-12-22 20:00:00,80.8042291753553,0.0,0.12,0.1,0.1,-125.0,-0.0,-0.0,0.0,80.8042291753553,9.696507501042635,0.0,-9.696507501042635
2019-12-22 21:00:00,79.95721712252342,0.0,0.12,0.1,0.1,0.0,0.0,0.0,-0.0,79.95721712252342,9.594866054702809,0.0,-9.594866054702809
2019-12-22 22:00:00,76.99365940462563,0.0,0.12,0.1,0.1,-250.0,-0.0,-0.0,0.0,76.99365940462563,9.239239128555075,0.0,-9.239239128555075
2019-12-22 23:00:00,76.2416417893673,0.0,0.12,0.1,0.1,-250.0,-0.0,-0.0,0.0,76.2416417893673,9.148997014724076,0.0,-9.148997014724076
2019-12-23 00:00:00,79.13341458697462,0.0,0.1,0.1,0.1,0.0,0.0,0.0,-0.0,79.13341458697462,7.913341458697463,0.0,-7.913341458697463
2019-12-23 01:00:00,79.24724701888913,0.0,0.1,0.1,0.1,-250.0,-0.0,-0.0,0.0,79.24724701888913,7.924724701888913,0.0,-7.924724701888913
2019-12-23 02:00:00,78.68057707355247,0.0,0.1,0.1,0.1,0.0,0.0,0.0,-0.0,78.68057707355247,7.868057707355248,0.0,-7.868057707355248
2019-12-23 03:00:00,77.53941861027064,0.0,0.1,0.1,0.1,-125.0,-0.0,-0.0,0.0,77.53941861027064,7.753941861027065,0.0,-7.753941861027065
2019-12-23 04:00:00,78.761603316168,0.0,0.1,0.1,0.3375,125.0,125.0,125.0,0.0,203.76160331616802,20.376160331616802,4.75,-25.126160331616802
2019-12-23 05:00:00,82.17119477916988,0.0,0.1,0.3375,0.8125,250.0,250.0,250.0,0.0,332.17119477916987,33.21711947791699,9.5,-42.71711947791699
2019-12-23 06:00:00,79.70187919230558,0.0,0.1,0.8125,0.549342105263158,-125.0,-125.0,0.0,125.0,-45.29812080769442,0.0,5.263157894736841,-5.263157894736841
2019-12-23 07:00:00,78.35719942463508,1.204852341640706,0.18,0.549342105263158,0.10000000000000003,-250.0,-213.43750000000003,0.0,213.43750000000003,-136.28515291700563,0.0,8.98684210526316,-8.98684210526316
2019-12-23 08:00:00,84.44139096892444,16.07055515151515,0.18,0.10000000000000003,0.3375,125.0,125.0,125.0,0.0,193.37083581740927,34.806750447133666,4.75,-39.556750447133666
2019-12-23 09:00:00,88.27681879867447,52.91352307692308,0.18,0.3375,0.3375,0.0,0.0,0.0,-0.0,35.36329572175139,6.3653932299152505,0.0,-6.3653932299152505
2019-12-23 10:00:00,85.76149827507048,100.23188333333333,0.18,0.3375,0.3375,0.0,0.0,0.0,-0.0,-14.470385058262849,0.0,0.0,-0.0
2019-12-23 11:00:00,96.23754763895884,108.64282272727273,0.18,0.3375,0.3375,0.0,0.0,0.0,-0.0,-12.405275088313886,0.0,0.0,-0.0
2019-12-23 12:00:00,98.18709676139005,106.02301538461538,0.18,0.3375,0.3375,0.0,0.0,0.0,-0.0,-7.835918623225325,0.0,0.0,-0.0
2019-12-23 13:00:00,93.86364051179557,90.9043013888889,0.18,0.3375,0.3375,0.0,0.0,0.0,-0.0,2.9593391229066697,0.5326810421232006,0.0,-0.5326810421232006
2019-12-23 14:00:00,90.62537821601383,66.30962272727272,0.18,0.3375,0.1,-125.0,-112.81250000000001,0.0,112.81250000000001,-88.49674451125891,0.0,4.75,-4.75
2019-12-23 15:00:00,87.82305157193046,33.44812974358974,0.18,0.1,0.3375,125.0,125.0,125.0,0.0,179.37492182834072,32.28748592910133,4.75,-37.03748592910133
2019-12-23 16:00:00,83.28316360677807,4.863340455607476,0.32,0.3375,0.8125,250.0,250.0,250.0,0.0,328.4198231511706,105.09434340837458,9.5,-114.59434340837458
2019-12-23 17:00:00,79.64296462678381,0.0,0.32,0.8125,0.549342105263158,-125.0,-125.0,0.0,125.0,-45.35703537321619,0.0,5.263157894736841,-5.263157894736841
2019-12-23 18:00:00,80.35228326989736,0.0,0.32,0.549342105263158,0.549342105263158,0.0,0.0,0.0,-0.0,80.35228326989736,25.712730646367156,0.0,-25.712730646367156
2019-12-23 19:00:00,82.63248956011272,0.0,0.32,0.549342105263158,0.9,250.0,184.5567867036011,184.5567867036011,0.0,267.1892762637138,85.50056840438842,7.013157894736841,-92.51372629912525
2019-12-23 20:00:00,81.45644743316736,0.0,0.32,0.9,0.6368421052631579,-125.0,-125.0,0.0,125.0,-43.543552566832645,0.0,5.2631578947368425,-5.2631578947368425
2019-12-23 21:00:00,77.34698949252486,0.0,0.32,0.6368421052631579,0.3736842105263158,-125.0,-125.0,0.0,125.0,-47.653010507475145,0.0,5.263157894736842,-5.263157894736842
2019-12-23 22:00:00,77.73836683099204,0.0,0.1,0.3736842105263158,0.6111842105263158,125.0,125.0,125.0,0.0,202.73836683099205,20.273836683099205,4.75,-25.023836683099205
2019-12-23 23:00:00,77.78102171666866,0.0,0.1,0.6111842105263158,0.6111842105263158,0.0,0.0,0.0,-0.0,77.78102171666866,7.778102171666866,0.0,-7.778102171666866
2019-12-24 00:00:00,77.70376622973396,0.0,0.1,0.6111842105263158,0.6111842105263158,0.0,0.0,0.0,-0.0,77.70376622973396,7.770376622973396,0.0,-7.770376622973396
2019-12-24 01:00:00,76.87564795468263,0.0,0.1,0.6111842105263158,0.6111842105263158,0.0,0.0,0.0,-0.0,76.87564795468263,7.687564795468264,0.0,-7.687564795468264
2019-12-24 02:00:00,75.11545472846332,0.0,0.1,0.6111842105263158,0.6111842105263158,0.0,0.0,0.0,-0.0,75.11545472846332,7.511545472846333,0.0,-7.511545472846333
2019-12-24 03:00:00,77.76017796003529,0.0,0.1,0.6111842105263158,0.3480263157894737,-125.0,-125.0,0.0,125.0,-47.23982203996471,0.0,5.263157894736842,-5.263157894736842
2019-12-24 04:00:00,77.52013707225888,0.0,0.1,0.3480263157894737,0.3480263157894737,0.0,0.0,0.0,-0.0,77.52013707225888,7.752013707225888,0.0,-7.752013707225888
2019-12-24 05:00:00,76.88070129387346,0.0,0.1,0.3480263157894737,0.10000000000000003,-125.0,-117.81249999999999,0.0,117.81249999999999,-40.93179870612653,0.0,4.960526315789473,-4.960526315789473
2019-12-24 06:00:00,74.60007946626612,0.0,0.1,0.10000000000000003,0.1,-250.0,-1.3183898417423734e-14,0.0,1.3183898417423734e-14,74.60007946626611,7.460007946626611,5.551115123125783e-16,-7.460007946626612
2019-12-24 07:00:00,76.4379329310812,4.316480031152648,0.18,0.1,0.1,-250.0,-0.0,-0.0,0.0,72.12145289992856,12.98186152198714,0.0,-12.98186152198714
2019-12-24 08:00:00,78.00209870681385,39.9879253030303,0.18,0.1,0.1,0.0,0.0,0.0,-0.0,38.01417340378355,6.842551212681039,0.0,-6.842551212681039
2019-12-24 09:00:00,80.52843513524454,65.74053461538462,0.18,0.1,0.1,-125.0,-0.0,-0.0,0.0,14.787900519859917,2.661822093574785,0.0,-2.661822093574785
2019-12-24 10:00:00,83.48952743920431,78.73553861111111,0.18,0.1,0.1,-250.0,-0.0,-0.0,0.0,4.753988828093199,0.8557179890567758,0.0,-0.8557179890567758
2019-12-24 11:00:00,89.49320693875462,89.86652424242425,0.18,0.1,0.575,250.0,250.0,250.0,0.0,249.62668269633036,44.93280288533946,9.5,-54.43280288533946
2019-12-24 12:00:00,85.68504261185707,75.08582692307692,0.18,0.575,0.31184210526315786,-125.0,-125.0,0.0,125.0,-114.40078431121985,0.0,5.263157894736842,-5.263157894736842
2019-12-24 13:00:00,85.17057743607246,60.54922638888888,0.18,0.31184210526315786,0.31184210526315786,0.0,0.0,0.0,-0.0,24.62135104718358,4.431843188493044,0.0,-4.431843188493044
2019-12-24 14:00:00,79.48511950570195,33.21231333333333,0.18,0.31184210526315786,0.1,-250.0,-100.62499999999999,0.0,100.62499999999999,-54.35219382763137,0.0,4.2368421052631575,-4.2368421052631575
2019-12-24 15:00:00,78.1679271312774,16.87261987179487,0.18,0.1,0.1,-250.0,-0.0,-0.0,0.0,61.29530725948253,11.033155306706854,0.0,-11.033155306706854
2019-12-24 16:00:00,78.73500528525095,2.7250890706126696,0.32,0.1,0.1,-125.0,-0.0,-0.0,0.0,76.00991621463828,24.32317318868425,0.0,-24.32317318868425
2019-12-24 17:00:00,78.45976962410275,0.0,0.32,0.1,0.1,0.0,0.0,0.0,-0.0,78.45976962410275,25.10712627971288,0.0,-25.10712627971288
2019-12-24 18:00:00,79.39926099307056,0.0,0.32,0.1,0.1,0.0,0.0,0.0,-0.0,79.39926099307056,25.407763517782577,0.0,-25.407763517782577
2019-12-24 19:00:00,76.19580520872137,0.0,0.32,0.1,0.1,0.0,0.0,0.0,-0.0,76.19580520872137,24.382657666790838,0.0,-24.382657666790838
2019-12-24 20:00:00,77.3090238863452,0.0,0.32,0.1,0.1,0.0,0.0,0.0,-0.0,77.3090238863452,24.738887643630466,0.0,-24.738887643630466
2019-12-24 21:00:00,79.8678863607816,0.0,0.32,0.1,0.1,-250.0,-0.0,-0.0,0.0,79.8678863607816,25.557723635450113,0.0,-25.557723635450113
2019-12-24 22:00:00,80.08394662122203,0.0,0.1,0.1,0.1,-250.0,-0.0,-0.0,0.0,80.08394662122203,8.008394662122203,0.0,-8.008394662122203
2019-12-24 23:00:00,75.19997045882577,0.0,0.1,0.1,0.1,-250.0,-0.0,-0.0,0.0,75.19997045882577,7.519997045882578,0.0,-7.519997045882578
2019-12-25 00:00:00,76.71823629439832,0.0,0.1,0.1,0.1,-250.0,-0.0,-0.0,0.0,76.71823629439832,7.6718236294398325,0.0,-7.6718236294398325
2019-12-25 01:00:00,76.8620077319277,0.0,0.1,0.1,0.1,-250.0,-0.0,-0.0,0.0,76.8620077319277,7.686200773192771,0.0,-7.686200773192771
2019-12-25 02:00:00,77.67000993853952,0.0,0.1,0.1,0.1,0.0,0.0,0.0,-0.0,77.67000993853952,7.767000993853952,0.0,-7.767000993853952
2019-12-25 03:00:00,75.41284859757941,0.0,0.1,0.1,0.1,-125.0,-0.0,-0.0,0.0,75.41284859757941,7.541284859757941,0.0,-7.541284859757941
2019-12-25 04:00:00,76.88018702755603,0.0,0.1,0.1,0.3375,125.0,125.0,125.0,0.0,201.88018702755602,20.188018702755603,4.75,-24.938018702755603
2019-12-25 05:00:00,76.82902027223209,0.0,0.1,0.3375,0.1,-125.0,-112.81250000000001,0.0,112.81250000000001,-35.98347972776793,0.0,4.75,-4.75
2019-12-25 06:00:00,77.08824363842922,0.0,0.1,0.1,0.1,-250.0,-0.0,-0.0,0.0,77.08824363842922,7.708824363842922,0.0,-7.708824363842922
2019-12-25 07:00:00,75.86898008037379,0.7499506749740394,0.18,0.1,0.1,-250.0,-0.0,-0.0,0.0,75.11902940539974,13.521425292971953,0.0,-13.521425292971953
2019-12-25 08:00:00,76.42037219121568,19.368430303030305,0.18,0.1,0.3375,125.0,125.0,125.0,0.0,182.05194188818535,32.76934953987336,4.75,-37.51934953987336
2019-12-25 09:00:00,77.33559889627084,21.47542388329739,0.18,0.3375,0.3375,0.0,0.0,0.0,-0.0,55.86017501297345,10.05483150233522,0.0,-10.05483150233522
2019-12-25 10:00:00,79.85696668639359,25.569616111111113,0.18,0.3375,0.3375,0.0,0.0,0.0,-0.0,54.287350575282474,9.771723103550846,0.0,-9.771723103550846
2019-12-25 11:00:00,80.14717049105899,27.386602424242426,0.18,0.3375,0.3375,0.0,0.0,0.0,-0.0,52.76056806681656,9.496902252026981,0.0,-9.496902252026981
2019-12-25 12:00:00,77.19419732314134,20.356076794871797,0.18,0.3375,0.3375,0.0,0.0,0.0,-0.0,56.83812052826954,10.230861695088517,0.0,-10.230861695088517
2019-12-25 13:00:00,78.07271683754935,29.171640555555555,0.18,0.3375,0.3375,0.0,0.0,0.0,-0.0,48.901076281993795,8.802193730758884,0.0,-8.802193730758884
2019-12-25 14:00:00,77.34280186431967,17.668278333333333,0.18,0.3375,0.1,-250.0,-112.81250000000001,0.0,112.81250000000001,-53.13797646901368,0.0,4.75,-4.75
2019-12-25 15:00:00,78.03232734319258,10.385148076923077,0.18,0.1,0.3375,125.0,125.0,125.0,0.0,192.64717926626952,34.67649226792851,4.75,-39.42649226792851
2019-12-25 16:00:00,77.82814194646757,2.1509118769470406,0.32,0.3375,0.3375,0.0,0.0,0.0,-0.0,75.67723006952053,24.216713622246573,0.0,-24.216713622246573
2019-12-25 17:00:00,79.66491938640756,0.0,0.32,0.3375,0.1,-250.0,-112.81250000000001,0.0,112.81250000000001,-33.14758061359245,0.0,4.75,-4.75
2019-12-25 18:00:00,78.66986652796231,0.0,0.32,0.1,0.1,0.0,0.0,0.0,-0.0,78.66986652796231,25.17435728894794,0.0,-25.17435728894794
2019-12-25 19:00:00,78.18237871477352,0.0,0.32,0.1,0.1,0.0,0.0,0.0,-0.0,78.18237871477352,25.01836118872753,0.0,-25.01836118872753
2019-12-25 20:00:00,78.17866412490716,0.0,0.32,0.1,0.1,0.0,0.0,0.0,-0.0,78.17866412490716,25.01717251997029,0.0,-25.01717251997029
2019-12-25 21:00:00,76.74885350769065,0.0,0.32,0.1,0.1,-250.0,-0.0,-0.0,0.0,76.74885350769065,24.55963312246101,0.0,-24.55963312246101
2019-12-25 22:00:00,78.85998164442609,0.0,0.1,0.1,0.1,-250.0,-0.0,-0.0,0.0,78.85998164442609,7.885998164442609,0.0,-7.885998164442609
2019-12-25 23:00:00,78.85808290535273,0.0,0.1,0.1,0.1,-250.0,-0.0,-0.0,0.0,78.85808290535273,7.885808290535273,0.0,-7.885808290535273
2019-12-26 00:00:00,78.97773582016383,0.0,0.1,0.1,0.1,0.0,0.0,0.0,-0.0,78.97773582016383,7.8977735820163835,0.0,-7.8977735820163835
2019-12-26 01:00:00,74.62065376198947,0.0,0.1,0.1,0.1,-250.0,-0.0,-0.0,0.0,74.62065376198947,7.4620653761989475,0.0,-7.4620653761989475
2019-12-26 02:00:00,76.66010415654306,0.0,0.1,0.1,0.1,-125.0,-0.0,-0.0,0.0,76.66010415654306,7.666010415654306,0.0,-7.666010415654306
2019-12-26 03:00:00,77.26177455434366,0.0,0.1,0.1,0.1,-125.0,-0.0,-0.0,0.0,77.26177455434366,7.7261774554343665,0.0,-7.7261774554343665
2019-12-26 04:00:00,77.17146750244538,0.0,0.1,0.1,0.3375,125.0,125.0,125.0,0.0,202.17146750244538,20.217146750244538,4.75,-24.967146750244538
2019-12-26 05:00:00,74.40992044340706,0.0,0.1,0.3375,0.1,-125.0,-112.81250000000001,0.0,112.81250000000001,-38.402579556592954,0.0,4.75,-4.75
2019-12-26 06:00:00,79.45249485148884,0.0,0.1,0.1,0.3375,125.0,125.0,125.0,0.0,204.45249485148884,20.445249485148885,4.75,-25.195249485148885
2019-12-26 07:00:00,88.5770216419736,1.6885998701973002,0.18,0.3375,0.3375,0.0,0.0,0.0,-0.0,86.88842177177631,15.639915918919735,0.0,-15.639915918919735
2019-12-26 08:00:00,85.34573376144446,12.874823484848486,0.18,0.3375,0.1,-125.0,-112.81250000000001,0.0,112.81250000000001,-40.34158972340404,0.0,4.75,-4.75
2019-12-26 09:00:00,87.40903989560992,60.89687230769231,0.18,0.1,0.575,250.0,250.0,250.0,0.0,276.5121675879176,49.772190165825165,9.5,-59.272190165825165
2019-12-26 10:00:00,95.50204969026358,100.28320555555554,0.18,0.575,0.575,0.0,0.0,0.0,-0.0,-4.781155865291964,0.0,0.0,-0.0
2019-12-26 11:00:00,95.74002858863005,109.03993939393939,0.18,0.575,0.575,0.0,0.0,0.0,-0.0,-13.299910805309338,0.0,0.0,-0.0
2019-12-26 12:00:00,90.88992679579336,105.75394615384616,0.18,0.575,0.31184210526315786,-125.0,-125.0,0.0,125.0,-139.86401935805281,0.0,5.263157894736842,-5.263157894736842
2019-12-26 13:00:00,87.3024381610749,93.27057916666666,0.18,0.31184210526315786,0.31184210526315786,0.0,0.0,0.0,-0.0,-5.968141005591761,0.0,0.0,-0.0
2019-12-26 14:00:00,83.78744643771152,69.29212727272727,0.18,0.31184210526315786,0.1,-125.0,-100.62499999999999,0.0,100.62499999999999,-86.12968083501573,0.0,4.2368421052631575,-4.2368421052631575
2019-12-26 15:00:00,81.28827992726704,35.17629974358974,0.18,0.1,0.1,-250.0,-0.0,-0.0,0.0,46.111980183677304,8.300156433061915,0.0,-8.300156433061915
2019-12-26 16:00:00,79.79239244039026,5.556352808930426,0.32,0.1,0.1,-125.0,-0.0,-0.0,0.0,74.23603963145983,23.755532682067148,0.0,-23.755532682067148
2019-12-26 17:00:00,81.0529352252638,0.0,0.32,0.1,0.1,0.0,0.0,0.0,-0.0,81.0529352252638,25.936939272084416,0.0,-25.936939272084416
2019-12-26 18:00:00,81.29357531343014,0.0,0.32,0.1,0.1,0.0,0.0,0.0,-0.0,81.29357531343014,26.013944100297646,0.0,-26.013944100297646
2019-12-26 19:00:00,85.74601056944859,0.0,0.32,0.1,0.1,0.0,0.0,0.0,-0.0,85.74601056944859,27.438723382223547,0.0,-27.438723382223547
2019-12-26 20:00:00,79.11845538240794,0.0,0.32,0.1,0.1,-125.0,-0.0,-0.0,0.0,79.11845538240794,25.317905722370543,0.0,-25.317905722370543
2019-12-26 21:00:00,80.13065004894318,0.0,0.32,0.1,0.1,-250.0,-0.0,-0.0,0.0,80.13065004894318,25.64180801566182,0.0,-25.64180801566182
2019-12-26 22:00:00,76.88413690304453,0.0,0.1,0.1,0.1,-250.0,-0.0,-0.0,0.0,76.88413690304453,7.688413690304454,0.0,-7.688413690304454
2019-12-26 23:00:00,76.3933593780682,0.0,0.1,0.1,0.1,-250.0,-0.0,-0.0,0.0,76.3933593780682,7.63933593780682,0.0,-7.63933593780682
2019-12-27 00:00:00,77.42346027661277,0.0,0.1,0.1,0.1,0.0,0.0,0.0,-0.0,77.42346027661277,7.742346027661277,0.0,-7.742346027661277
2019-12-27 01:00:00,77.65017946871937,0.0,0.1,0.1,0.1,-250.0,-0.0,-0.0,0.0,77.65017946871937,7.765017946871938,0.0,-7.765017946871938
2019-12-27 02:00:00,77.3823605444105,0.0,0.1,0.1,0.1,0.0,0.0,0.0,-0.0,77.3823605444105,7.7382360544410504,0.0,-7.7382360544410504
2019-12-27 03:00:00,77.33892486271054,0.0,0.1,0.1,0.1,-125.0,-0.0,-0.0,0.0,77.33892486271054,7.7338924862710545,0.0,-7.7338924862710545
2019-12-27 04:00:00,79.5782386039814,0.0,0.1,0.1,0.1,-125.0,-0.0,-0.0,0.0,79.5782386039814,7.957823860398141,0.0,-7.957823860398141
2019-12-27 05:00:00,84.11699732878624,0.0,0.1,0.1,0.1,-250.0,-0.0,-0.0,0.0,84.11699732878624,8.411699732878624,0.0,-8.411699732878624
2019-12-27 06:00:00,80.00207039287938,0.0,0.1,0.1,0.3375,125.0,125.0,125.0,0.0,205.00207039287938,20.50020703928794,4.75,-25.25020703928794
2019-12-27 07:00:00,79.16084827959385,5.443997777777779,0.18,0.3375,0.3375,0.0,0.0,0.0,-0.0,73.71685050181607,13.269033090326891,0.0,-13.269033090326891
2019-12-27 08:00:00,82.78594322530536,42.44267060606061,0.18,0.3375,0.1,-125.0,-112.81250000000001,0.0,112.81250000000001,-72.46922738075526,0.0,4.75,-4.75
2019-12-27 09:00:00,85.41252375897312,78.68897692307692,0.18,0.1,0.1,-125.0,-0.0,-0.0,0.0,6.723546835896201,1.210238430461316,0.0,-1.210238430461316
2019-12-27 10:00:00,94.51930717088605,81.49905694444443,0.18,0.1,0.1,-250.0,-0.0,-0.0,0.0,13.020250226441618,2.3436450407594913,0.0,-2.3436450407594913
2019-12-27 11:00:00,91.62206268805821,99.5184909090909,0.18,0.1,0.1,-250.0,-0.0,-0.0,0.0,-7.896428221032693,0.0,0.0,-0.0
2019-12-27 12:00:00,95.33901258003874,103.73685,0.18,0.1,0.1,-250.0,-0.0,-0.0,0.0,-8.397837419961263,0.0,0.0,-0.0
2019-12-27 13:00:00,94.07679773848515,90.9471375,0.18,0.1,0.1,0.0,0.0,0.0,-0.0,3.129660238485158,0.5633388429273285,0.0,-0.5633388429273285
2019-12-27 14:00:00,90.46008438748386,67.35491666666667,0.18,0.1,0.575,250.0,250.0,250.0,0.0,273.1051677208172,49.15893018974709,9.5,-58.65893018974709
2019-12-27 15:00:00,83.02326178233096,32.06230923076923,0.18,0.575,0.31184210526315786,-125.0,-125.0,0.0,125.0,-74.03904744843827,0.0,5.263157894736842,-5.263157894736842
2019-12-27 16:00:00,81.2549803072941,6.933274583333335,0.32,0.31184210526315786,0.7868421052631578,250.0,250.0,250.0,0.0,324.3217057239608,103.78294583166746,9.499999999999998,-113.28294583166746
2019-12-27 17:00:00,80.47833755992046,0.055802888700084964,0.32,0.7868421052631578,0.5236842105263158,-125.0,-125.0,0.0,125.0,-44.577465328779624,0.0,5.263157894736841,-5.263157894736841
2019-12-27 18:00:00,81.44907226422514,0.0,0.32,0.5236842105263158,0.5236842105263158,0.0,0.0,0.0,-0.0,81.44907226422514,26.063703124552045,0.0,-26.063703124552045
2019-12-27 19:00:00,82.80573865477429,0.0,0.32,0.5236842105263158,0.9,250.0,198.0609418282549,198.0609418282549,0.0,280.8666804830292,89.87733775456934,7.526315789473685,-97.40365354404302
2019-12-27 20:00:00,78.93581724637816,0.0,0.32,0.9,0.6368421052631579,-125.0,-125.0,0.0,125.0,-46.064182753621836,0.0,5.2631578947368425,-5.2631578947368425
2019-12-27 21:00:00,77.79119319325324,0.0,0.32,0.6368421052631579,0.3736842105263158,-125.0,-125.0,0.0,125.0,-47.208806806746765,0.0,5.263157894736842,-5.263157894736842
2019-12-27 22:00:00,78.29928157001594,0.0,0.1,0.3736842105263158,0.6111842105263158,125.0,125.0,125.0,0.0,203.29928157001592,20.329928157001593,4.75,-25.079928157001593
2019-12-27 23:00:00,77.77579685820113,0.0,0.1,0.6111842105263158,0.6111842105263158,0.0,0.0,0.0,-0.0,77.77579685820113,7.777579685820114,0.0,-7.777579685820114
2019-12-28 00:00:00,75.68576678321689,0.0,0.12,0.6111842105263158,0.6111842105263158,0.0,0.0,0.0,-0.0,75.68576678321689,9.082292013986027,0.0,-9.082292013986027
2019-12-28 01:00:00,76.21783322171662,0.0,0.12,0.6111842105263158,0.6111842105263158,0.0,0.0,0.0,-0.0,76.21783322171662,9.146139986605993,0.0,-9.146139986605993
2019-12-28 02:00:00,77.78525435623173,0.0,0.12,0.6111842105263158,0.6111842105263158,0.0,0.0,0.0,-0.0,77.78525435623173,9.334230522747808,0.0,-9.334230522747808
2019-12-28 03:00:00,78.01005672930403,0.0,0.12,0.6111842105263158,0.10000000000000009,-250.0,-242.81249999999997,0.0,242.81249999999997,-164.80244327069596,0.0,10.223684210526313,-10.223684210526313
2019-12-28 04:00:00,75.38312632618599,0.0,0.12,0.10000000000000009,0.10000000000000009,0.0,0.0,0.0,-0.0,75.38312632618599,9.045975159142317,0.0,-9.045975159142317
2019-12-28 05:00:00,76.18404702404754,0.0,0.12,0.10000000000000009,0.3375000000000001,125.0,125.0,125.0,0.0,201.18404702404754,24.142085642885704,4.75,-28.892085642885704
2019-12-28 06:00:00,76.6362225599021,0.0,0.12,0.3375000000000001,0.3375000000000001,0.0,0.0,0.0,-0.0,76.6362225599021,9.196346707188251,0.0,-9.196346707188251
2019-12-28 07:00:00,76.6151353117995,4.7593531373312565,0.12,0.3375000000000001,0.1,-125.0,-112.81250000000003,0.0,112.81250000000003,-40.95671782553178,0.0,4.750000000000002,-4.750000000000002
2019-12-28 08:00:00,81.26531244039957,44.57563287878789,0.12,0.1,0.1,0.0,0.0,0.0,-0.0,36.689679561611676,4.402761547393401,0.0,-4.402761547393401
2019-12-28 09:00:00,82.18160306988706,74.74327564102565,0.12,0.1,0.1,-250.0,-0.0,-0.0,0.0,7.438327428861413,0.8925992914633696,0.0,-0.8925992914633696
2019-12-28 10:00:00,88.63553242736477,95.634325,0.12,0.1,0.1,-250.0,-0.0,-0.0,0.0,-6.998792572635239,0.0,0.0,-0.0
2019-12-28 11:00:00,88.94591932300987,103.68620909090909,0.12,0.1,0.1,-125.0,-0.0,-0.0,0.0,-14.740289767899213,0.0,0.0,-0.0
2019-12-28 12:00:00,87.2852393465176,102.43276923076922,0.12,0.1,0.1,0.0,0.0,0.0,-0.0,-15.147529884251625,0.0,0.0,-0.0
2019-12-28 13:00:00,87.09731944518985,90.54965416666666,0.12,0.1,0.1,-250.0,-0.0,-0.0,0.0,-3.4523347214768023,0.0,0.0,-0.0
2019-12-28 14:00:00,85.24285463647671,65.32473333333334,0.12,0.1,0.1,-125.0,-0.0,-0.0,0.0,19.918121303143366,2.390174556377204,0.0,-2.390174556377204
2019-12-28 15:00:00,81.83833391875396,23.460775641025638,0.12,0.1,0.1,0.0,0.0,0.0,-0.0,58.377558277728326,7.005306993327399,0.0,-7.005306993327399
2019-12-28 16:00:00,76.07973946097808,3.5006756619937693,0.12,0.1,0.3375,125.0,125.0,125.0,0.0,197.5790637989843,23.709487655878114,4.75,-28.459487655878114
2019-12-28 17:00:00,74.30861176129946,0.0,0.12,0.3375,0.575,125.0,125.0,125.0,0.0,199.30861176129946,23.917033411355934,4.749999999999998,-28.66703341135593
2019-12-28 18:00:00,75.08505707180089,0.0,0.12,0.575,0.575,0.0,0.0,0.0,-0.0,75.08505707180089,9.010206848616106,0.0,-9.010206848616106
2019-12-28 19:00:00,78.36383061561479,0.0,0.12,0.575,0.575,0.0,0.0,0.0,-0.0,78.36383061561479,9.403659673873774,0.0,-9.403659673873774
2019-12-28 20:00:00,76.7657860812571,0.0,0.12,0.575,0.575,0.0,0.0,0.0,-0.0,76.7657860812571,9.211894329750852,0.0,-9.211894329750852
2019-12-28 21:00:00,77.8889123132262,0.0,0.12,0.575,0.31184210526315786,-125.0,-125.0,0.0,125.0,-47.1110876867738,0.0,5.263157894736842,-5.263157894736842
2019-12-28 22:00:00,76.90680106454984,0.0,0.12,0.31184210526315786,0.5493421052631579,125.0,125.0,125.0,0.0,201.90680106454982,24.22881612774598,4.75,-28.97881612774598
2019-12-28 23:00:00,76.88950879560635,0.0,0.12,0.5493421052631579,0.28618421052631576,-125.0,-125.0,0.0,125.0,-48.110491204393654,0.0,5.263157894736842,-5.263157894736842
2019-12-29 00:00:00,76.4772878621935,0.0,0.12,0.28618421052631576,0.5236842105263158,125.0,125.0,125.0,0.0,201.47728786219352,24.17727454346322,4.75,-28.92727454346322
2019-12-29 01:00:00,76.823151969754,0.0,0.12,0.5236842105263158,0.1,-250.0,-201.25,0.0,201.25,-124.426848030246,0.0,8.473684210526315,-8.473684210526315
2019-12-29 02:00:00,73.94851384559207,0.0,0.12,0.1,0.1,0.0,0.0,0.0,-0.0,73.94851384559207,8.873821661471048,0.0,-8.873821661471048
2019-12-29 03:00:00,76.21209468666707,0.0,0.12,0.1,0.1,0.0,0.0,0.0,-0.0,76.21209468666707,9.145451362400049,0.0,-9.145451362400049
2019-12-29 04:00:00,76.72744291308251,0.0,0.12,0.1,0.1,-250.0,-0.0,-0.0,0.0,76.72744291308251,9.207293149569901,0.0,-9.207293149569901
2019-12-29 05:00:00,76.56390940684895,0.0,0.12,0.1,0.3375,125.0,125.0,125.0,0.0,201.56390940684895,24.187669128821874,4.75,-28.937669128821874
2019-12-29 06:00:00,74.7748898452857,0.0,0.12,0.3375,0.3375,0.0,0.0,0.0,-0.0,74.7748898452857,8.972986781434283,0.0,-8.972986781434283
2019-12-29 07:00:00,75.60164028836,0.9044710929387331,0.12,0.3375,0.1,-125.0,-112.81250000000001,0.0,112.81250000000001,-38.11533080457875,0.0,4.75,-4.75
2019-12-29 08:00:00,76.32813308772751,6.803238333333334,0.12,0.1,0.1,0.0,0.0,0.0,-0.0,69.52489475439417,8.3429873705273,0.0,-8.3429873705273
2019-12-29 09:00:00,74.91824247339615,13.740172307692308,0.12,0.1,0.1,-250.0,-0.0,-0.0,0.0,61.17807016570384,7.341368419884461,0.0,-7.341368419884461
2019-12-29 10:00:00,76.20261230626708,16.44645277777778,0.12,0.1,0.1,-250.0,-0.0,-0.0,0.0,59.756159528489306,7.170739143418716,0.0,-7.170739143418716
2019-12-29 11:00:00,75.40384465932038,19.33971212121212,0.12,0.1,0.1,-125.0,-0.0,-0.0,0.0,56.06413253810827,6.727695904572992,0.0,-6.727695904572992
2019-12-29 12:00:00,74.35949702642225,13.559261282051283,0.12,0.1,0.1,0.0,0.0,0.0,-0.0,60.800235744370966,7.296028289324515,0.0,-7.296028289324515
2019-12-29 13:00:00,76.3771690926923,12.324160555555556,0.12,0.1,0.1,-250.0,-0.0,-0.0,0.0,64.05300853713675,7.686361024456409,0.0,-7.686361024456409
2019-12-29 14:00:00,74.34850191083008,5.2967961363636356,0.12,0.1,0.1,-125.0,-0.0,-0.0,0.0,69.05170577446644,8.286204692935973,0.0,-8.286204692935973
2019-12-29 15:00:00,73.57422632836945,2.5420906482147134,0.12,0.1,0.1,0.0,0.0,0.0,-0.0,71.03213568015474,8.523856281618569,0.0,-8.523856281618569
2019-12-29 16:00:00,75.57709482393568,0.21313603322949118,0.12,0.1,0.3375,125.0,125.0,125.0,0.0,200.3639587907062,24.04367505488474,4.75,-28.79367505488474
2019-12-29 17:00:00,75.88833624879767,0.0,0.12,0.3375,0.575,125.0,125.0,125.0,0.0,200.88833624879766,24.106600349855718,4.749999999999998,-28.856600349855718
2019-12-29 18:00:00,76.42175166254626,0.0,0.12,0.575,0.575,0.0,0.0,0.0,-0.0,76.42175166254626,9.17061019950555,0.0,-9.17061019950555
2019-12-29 19:00:00,76.91256029766394,0.0,0.12,0.575,0.575,0.0,0.0,0.0,-0.0,76.91256029766394,9.229507235719673,0.0,-9.229507235719673
2019-12-29 20:00:00,78.16843944937237,0.0,0.12,0.575,0.575,0.0,0.0,0.0,-0.0,78.16843944937237,9.380212733924685,0.0,-9.380212733924685
2019-12-29 21:00:00,78.74917521030054,0.0,0.12,0.575,0.31184210526315786,-125.0,-125.0,0.0,125.0,-46.250824789699465,0.0,5.263157894736842,-5.263157894736842
2019-12-29 22:00:00,78.320501930704,0.0,0.12,0.31184210526315786,0.5493421052631579,125.0,125.0,125.0,0.0,203.32050193070398,24.398460231684478,4.75,-29.148460231684478
2019-12-29 23:00:00,77.16679353506325,0.0,0.12,0.5493421052631579,0.28618421052631576,-125.0,-125.0,0.0,125.0,-47.83320646493675,0.0,5.263157894736842,-5.263157894736842
2019-12-30 00:00:00,75.44170016500868,0.0,0.1,0.28618421052631576,0.28618421052631576,0.0,0.0,0.0,-0.0,75.44170016500868,7.5441700165008685,0.0,-7.5441700165008685
2019-12-30 01:00:00,76.69772382770078,0.0,0.1,0.28618421052631576,0.28618421052631576,0.0,0.0,0.0,-0.0,76.69772382770078,7.669772382770079,0.0,-7.669772382770079
2019-12-30 02:00:00,77.16788249624261,0.0,0.1,0.28618421052631576,0.28618421052631576,0.0,0.0,0.0,-0.0,77.16788249624261,7.716788249624262,0.0,-7.716788249624262
2019-12-30 03:00:00,77.21766686068925,0.0,0.1,0.28618421052631576,0.10000000000000003,-250.0,-88.43749999999997,0.0,88.43749999999997,-11.219833139310722,0.0,3.7236842105263146,-3.7236842105263146
2019-12-30 04:00:00,74.02816879394426,0.0,0.1,0.10000000000000003,0.3375,125.0,125.0,125.0,0.0,199.02816879394425,19.902816879394425,4.75,-24.652816879394425
2019-12-30 05:00:00,76.86164858790987,0.0,0.1,0.3375,0.1,-125.0,-112.81250000000001,0.0,112.81250000000001,-35.950851412090145,0.0,4.75,-4.75
2019-12-30 06:00:00,79.48792462808123,0.0,0.1,0.1,0.3375,125.0,125.0,125.0,0.0,204.48792462808123,20.448792462808125,4.75,-25.198792462808125
2019-12-30 07:00:00,88.2758610656734,5.0031799999999995,0.18,0.3375,0.3375,0.0,0.0,0.0,-0.0,83.2726810656734,14.98908259182121,0.0,-14.98908259182121
2019-12-30 08:00:00,84.80565659390687,38.0887303030303,0.18,0.3375,0.1,-125.0,-112.81250000000001,0.0,112.81250000000001,-66.09557370912344,0.0,4.75,-4.75
2019-12-30 09:00:00,84.7089509435014,73.94022692307692,0.18,0.1,0.575,250.0,250.0,250.0,0.0,260.7687240204245,46.93837032367641,9.5,-56.43837032367641
2019-12-30 10:00:00,89.69141159649469,96.38091666666666,0.18,0.575,0.575,0.0,0.0,0.0,-0.0,-6.689505070171975,0.0,0.0,-0.0
2019-12-30 11:00:00,91.93946924277112,105.7283590909091,0.18,0.575,0.575,0.0,0.0,0.0,-0.0,-13.78888984813797,0.0,0.0,-0.0
2019-12-30 12:00:00,88.98118955247989,104.74255384615384,0.18,0.575,0.8125,125.0,125.0,125.0,0.0,109.23863570632605,19.66295442713869,4.750000000000001,-24.41295442713869
2019-12-30 13:00:00,88.88000954654062,91.01952777777778,0.18,0.8125,0.549342105263158,-125.0,-125.0,0.0,125.0,-127.13951823123716,0.0,5.263157894736841,-5.263157894736841
2019-12-30 14:00:00,85.5299792978858,67.90538181818182,0.18,0.549342105263158,0.10000000000000003,-250.0,-213.43750000000003,0.0,213.43750000000003,-195.81290252029606,0.0,8.98684210526316,-8.98684210526316
2019-12-30 15:00:00,83.46705848378973,35.06339269230769,0.18,0.10000000000000003,0.1,-250.0,-1.3183898417423734e-14,0.0,1.3183898417423734e-14,48.40366579148203,8.712659842466765,5.551115123125783e-16,-8.712659842466765
2019-12-30 16:00:00,82.01679411622035,6.088521793873313,0.32,0.1,0.1,-125.0,-0.0,-0.0,0.0,75.92827232234704,24.297047143151055,0.0,-24.297047143151055
2019-12-30 17:00:00,79.83743393035682,0.0,0.32,0.1,0.1,0.0,0.0,0.0,-0.0,79.83743393035682,25.547978857714185,0.0,-25.547978857714185
2019-12-30 18:00:00,81.92884081733905,0.0,0.32,0.1,0.1,0.0,0.0,0.0,-0.0,81.92884081733905,26.217229061548498,0.0,-26.217229061548498
2019-12-30 19:00:00,83.80196469171271,0.0,0.32,0.1,0.1,0.0,0.0,0.0,-0.0,83.80196469171271,26.81662870134807,0.0,-26.81662870134807
2019-12-30 20:00:00,82.54890989607085,0.0,0.32,0.1,0.1,-125.0,-0.0,-0.0,0.0,82.54890989607085,26.415651166742673,0.0,-26.415651166742673
2019-12-30 21:00:00,77.73486404945808,0.0,0.32,0.1,0.1,-250.0,-0.0,-0.0,0.0,77.73486404945808,24.875156495826587,0.0,-24.875156495826587
2019-12-30 22:00:00,76.90876329141975,0.0,0.1,0.1,0.1,-250.0,-0.0,-0.0,0.0,76.90876329141975,7.690876329141975,0.0,-7.690876329141975
2019-12-30 23:00:00,77.3911905935866,0.0,0.1,0.1,0.1,-250.0,-0.0,-0.0,0.0,77.3911905935866,7.739119059358661,0.0,-7.739119059358661
2019-12-31 00:00:00,76.53640052119125,0.0,0.1,0.1,0.1,0.0,0.0,0.0,-0.0,76.53640052119125,7.653640052119126,0.0,-7.653640052119126
2019-12-31 01:00:00,77.11255870925578,0.0,0.1,0.1,0.1,-250.0,-0.0,-0.0,0.0,77.11255870925578,7.711255870925578,0.0,-7.711255870925578
2019-12-31 02:00:00,77.31731470241643,0.0,0.1,0.1,0.1,0.0,0.0,0.0,-0.0,77.31731470241643,7.731731470241643,0.0,-7.731731470241643
2019-12-31 03:00:00,78.8119853984943,0.0,0.1,0.1,0.1,-250.0,-0.0,-0.0,0.0,78.8119853984943,7.88119853984943,0.0,-7.88119853984943
2019-12-31 04:00:00,79.1027940639687,0.0,0.1,0.1,0.1,-125.0,-0.0,-0.0,0.0,79.1027940639687,7.910279406396871,0.0,-7.910279406396871
2019-12-31 05:00:00,82.96951940327713,0.0,0.1,0.1,0.3375,125.0,125.0,125.0,0.0,207.96951940327713,20.796951940327716,4.75,-25.546951940327716
2019-12-31 06:00:00,79.2869353810688,0.0,0.1,0.3375,0.1,-250.0,-112.81250000000001,0.0,112.81250000000001,-33.52556461893121,0.0,4.75,-4.75
2019-12-31 07:00:00,79.8031825197461,5.826215140186917,0.18,0.1,0.1,-250.0,-0.0,-0.0,0.0,73.97696737955918,13.315854128320654,0.0,-13.315854128320654
2019-12-31 08:00:00,79.06134778140012,41.91756954545455,0.18,0.1,0.3375,125.0,125.0,125.0,0.0,162.14377823594558,29.185880082470202,4.75,-33.935880082470206
2019-12-31 09:00:00,82.97898612694371,49.449517435897434,0.18,0.3375,0.3375,0.0,0.0,0.0,-0.0,33.529468691046276,6.035304364388329,0.0,-6.035304364388329
2019-12-31 10:00:00,83.67734750674275,68.91839777777778,0.18,0.3375,0.3375,0.0,0.0,0.0,-0.0,14.758949728964964,2.6566109512136933,0.0,-2.6566109512136933
2019-12-31 11:00:00,89.10464461785486,90.29262272727273,0.18,0.3375,0.3375,0.0,0.0,0.0,-0.0,-1.1879781094178696,0.0,0.0,-0.0
2019-12-31 12:00:00,87.64420867314715,89.08666282051283,0.18,0.3375,0.3375,0.0,0.0,0.0,-0.0,-1.4424541473656802,0.0,0.0,-0.0
2019-12-31 13:00:00,82.86092300928654,56.11697777777778,0.18,0.3375,0.3375,0.0,0.0,0.0,-0.0,26.74394523150876,4.813910141671577,0.0,-4.813910141671577
2019-12-31 14:00:00,83.37387023087352,66.5240696969697,0.18,0.3375,0.1,-250.0,-112.81250000000001,0.0,112.81250000000001,-95.9626994660962,0.0,4.75,-4.75
2019-12-31 15:00:00,80.15243978780767,30.08182794871795,0.18,0.1,0.1,-250.0,-0.0,-0.0,0.0,50.070611839089715,9.012710131036147,0.0,-9.012710131036147
2019-12-31 16:00:00,79.68664756258288,6.0214155555555555,0.32,0.1,0.1,-125.0,-0.0,-0.0,0.0,73.66523200702733,23.572874242248744,0.0,-23.572874242248744
2019-12-31 17:00:00,79.66167689204688,0.0,0.32,0.1,0.1,0.0,0.0,0.0,-0.0,79.66167689204688,25.491736605455003,0.0,-25.491736605455003
2019-12-31 18:00:00,81.10984361554505,0.0,0.32,0.1,0.1,0.0,0.0,0.0,-0.0,81.10984361554505,25.955149956974417,0.0,-25.955149956974417
2019-12-31 19:00:00,78.27207181397164,0.0,0.32,0.1,0.1,0.0,0.0,0.0,-0.0,78.27207181397164,25.047062980470923,0.0,-25.047062980470923
2019-12-31 20:00:00,77.74378923730487,0.0,0.32,0.1,0.1,0.0,0.0,0.0,-0.0,77.74378923730487,24.87801255593756,0.0,-24.87801255593756
2019-12-31 21:00:00,79.86471890872394,0.0,0.32,0.1,0.1,-250.0,-0.0,-0.0,0.0,79.86471890872394,25.55671005079166,0.0,-25.55671005079166
2019-12-31 22:00:00,78.53971886444396,0.0,0.1,0.1,0.1,-250.0,-0.0,-0.0,0.0,78.53971886444396,7.853971886444396,0.0,-7.853971886444396
2019-12-31 23:00:00,75.33620003389018,0.0,0.1,0.1,0.1,-250.0,-0.0,-0.0,0.0,75.33620003389018,7.533620003389018,0.0,-7.533620003389018
2020-01-01 00:00:00,77.02573782439612,0.0,0.1,0.1,0.1,0.0,0.0,0.0,-0.0,77.02573782439612,7.702573782439612,0.0,-7.702573782439612
2020-01-01 01:00:00,78.16515033058435,0.0,0.1,0.1,0.1,-250.0,-0.0,-0.0,0.0,78.16515033058435,7.816515033058436,0.0,-7.816515033058436
2020-01-01 02:00:00,78.9804498390609,0.0,0.1,0.1,0.1,0.0,0.0,0.0,-0.0,78.9804498390609,7.8980449839060896,0.0,-7.8980449839060896
2020-01-01 03:00:00,78.50744528420795,0.0,0.1,0.1,0.1,-250.0,-0.0,-0.0,0.0,78.50744528420795,7.850744528420795,0.0,-7.850744528420795
2020-01-01 04:00:00,78.21286417099856,0.0,0.1,0.1,0.1,-125.0,-0.0,-0.0,0.0,78.21286417099856,7.821286417099856,0.0,-7.821286417099856
2020-01-01 05:00:00,82.68304900641697,0.0,0.1,0.1,0.3375,125.0,125.0,125.0,0.0,207.68304900641698,20.7683049006417,4.75,-25.5183049006417
2020-01-01 06:00:00,80.29097056215625,0.0,0.1,0.3375,0.1,-125.0,-112.81250000000001,0.0,112.81250000000001,-32.52152943784377,0.0,4.75,-4.75
2020-01-01 07:00:00,78.7721150018832,0.5028855919003116,0.18,0.1,0.1,-250.0,-0.0,-0.0,0.0,78.26922940998288,14.088461293796918,0.0,-14.088461293796918
2020-01-01 08:00:00,76.89344049963836,21.485331287878786,0.18,0.1,0.3375,125.0,125.0,125.0,0.0,180.40810921175958,32.473459658116724,4.75,-37.223459658116724
2020-01-01 09:00:00,81.04586365564644,44.77684615384616,0.18,0.3375,0.3375,0.0,0.0,0.0,-0.0,36.269017501800285,6.528423150324051,0.0,-6.528423150324051
2020-01-01 10:00:00,81.38460811413407,52.13327375,0.18,0.3375,0.3375,0.0,0.0,0.0,-0.0,29.251334364134067,5.2652401855441315,0.0,-5.2652401855441315
2020-01-01 11:00:00,86.70169268995083,92.08991363636363,0.18,0.3375,0.3375,0.0,0.0,0.0,-0.0,-5.388220946412801,0.0,0.0,-0.0
2020-01-01 12:00:00,84.89116694622415,78.87887282051283,0.18,0.3375,0.3375,0.0,0.0,0.0,-0.0,6.012294125711321,1.0822129426280378,0.0,-1.0822129426280378
2020-01-01 13:00:00,82.19833243004454,40.991248750000004,0.18,0.3375,0.3375,0.0,0.0,0.0,-0.0,41.20708368004454,7.417275062408017,0.0,-7.417275062408017
2020-01-01 14:00:00,78.38951723602173,24.78034121212121,0.18,0.3375,0.1,-250.0,-112.81250000000001,0.0,112.81250000000001,-59.2033239760995,0.0,4.75,-4.75
2020-01-01 15:00:00,77.65126440204145,14.24281769230769,0.18,0.1,0.3375,125.0,125.0,125.0,0.0,188.40844670973377,33.913520407752074,4.75,-38.663520407752074
2020-01-01 16:00:00,77.61947216311948,4.19903992731049,0.32,0.3375,0.3375,0.0,0.0,0.0,-0.0,73.42043223580899,23.494538315458875,0.0,-23.494538315458875
2020-01-01 17:00:00,77.74262262013704,0.00232512036250354,0.32,0.3375,0.1,-250.0,-112.81250000000001,0.0,112.81250000000001,-35.07220250022547,0.0,4.75,-4.75
2020-01-01 18:00:00,78.22734002333479,0.0,0.32,0.1,0.1,-250.0,-0.0,-0.0,0.0,78.22734002333479,25.032748807467133,0.0,-25.032748807467133
2020-01-01 19:00:00,78.06310200791638,0.0,0.32,0.1,0.1,0.0,0.0,0.0,-0.0,78.06310200791638,24.980192642533243,0.0,-24.980192642533243
2020-01-01 20:00:00,78.18770939477204,0.0,0.32,0.1,0.1,0.0,0.0,0.0,-0.0,78.18770939477204,25.020067006327054,0.0,-25.020067006327054
2020-01-01 21:00:00,76.50633201620397,0.0,0.32,0.1,0.1,-250.0,-0.0,-0.0,0.0,76.50633201620397,24.48202624518527,0.0,-24.48202624518527
2020-01-01 22:00:00,76.59569250940667,0.0,0.1,0.1,0.1,-250.0,-0.0,-0.0,0.0,76.59569250940667,7.659569250940668,0.0,-7.659569250940668
2020-01-01 23:00:00,76.4620787512502,0.0,0.1,0.1,0.1,-250.0,-0.0,-0.0,0.0,76.4620787512502,7.646207875125021,0.0,-7.646207875125021
2020-01-02 00:00:00,75.75438566552221,0.0,0.1,0.1,0.1,0.0,0.0,0.0,-0.0,75.75438566552221,7.575438566552221,0.0,-7.575438566552221
2020-01-02 01:00:00,74.42879037935703,0.0,0.1,0.1,0.1,-250.0,-0.0,-0.0,0.0,74.42879037935703,7.442879037935703,0.0,-7.442879037935703
2020-01-02 02:00:00,76.94474639555307,0.0,0.1,0.1,0.1,0.0,0.0,0.0,-0.0,76.94474639555307,7.694474639555307,0.0,-7.694474639555307
2020-01-02 03:00:00,76.5454774436313,0.0,0.1,0.1,0.1,-125.0,-0.0,-0.0,0.0,76.5454774436313,7.65454774436313,0.0,-7.65454774436313
2020-01-02 04:00:00,76.85454064981799,0.0,0.1,0.1,0.1,-125.0,-0.0,-0.0,0.0,76.85454064981799,7.6854540649817995,0.0,-7.6854540649817995
2020-01-02 05:00:00,80.00125452907648,0.0,0.1,0.1,0.3375,125.0,125.0,125.0,0.0,205.00125452907648,20.50012545290765,4.75,-25.25012545290765
2020-01-02 06:00:00,76.82846610495605,0.0,0.1,0.3375,0.1,-125.0,-112.81250000000001,0.0,112.81250000000001,-35.984033895043964,0.0,4.75,-4.75
2020-01-02 07:00:00,81.38081120065306,3.84741135384216,0.18,0.1,0.1,-250.0,-0.0,-0.0,0.0,77.5333998468109,13.95601197242596,0.0,-13.95601197242596
2020-01-02 08:00:00,83.28261492508925,31.308518484848488,0.18,0.1,0.3375,125.0,125.0,125.0,0.0,176.97409644024077,31.855337359243336,4.75,-36.605337359243336
2020-01-02 09:00:00,82.30514074700362,52.17622435897436,0.18,0.3375,0.3375,0.0,0.0,0.0,-0.0,30.12891638802926,5.423204949845267,0.0,-5.423204949845267
2020-01-02 10:00:00,85.96265619183553,83.2945625,0.18,0.3375,0.3375,0.0,0.0,0.0,-0.0,2.668093691835537,0.4802568645303967,0.0,-0.4802568645303967
2020-01-02 11:00:00,91.32121059718058,93.64317272727273,0.18,0.3375,0.3375,0.0,0.0,0.0,-0.0,-2.321962130092146,0.0,0.0,-0.0
2020-01-02 12:00:00,91.06287098353718,103.61923974358976,0.18,0.3375,0.3375,0.0,0.0,0.0,-0.0,-12.556368760052578,0.0,0.0,-0.0
2020-01-02 13:00:00,90.1383198535948,92.7791736111111,0.18,0.3375,0.3375,0.0,0.0,0.0,-0.0,-2.640853757516311,0.0,0.0,-0.0
2020-01-02 14:00:00,84.17387580897912,68.80002727272728,0.18,0.3375,0.1,-250.0,-112.81250000000001,0.0,112.81250000000001,-97.43865146374817,0.0,4.75,-4.75
2020-01-02 15:00:00,82.85070612795177,37.57411999999999,0.18,0.1,0.3375,125.0,125.0,125.0,0.0,170.27658612795176,30.649785503031314,4.75,-35.39978550303131
2020-01-02 16:00:00,79.63468579143516,7.513484755321911,0.32,0.3375,0.8125,250.0,250.0,250.0,0.0,322.12120103611323,103.07878433155624,9.5,-112.57878433155624
2020-01-02 17:00:00,77.02839780992142,0.0,0.32,0.8125,0.549342105263158,-125.0,-125.0,0.0,125.0,-47.971602190078585,0.0,5.263157894736841,-5.263157894736841
2020-01-02 18:00:00,76.78724378285395,0.0,0.32,0.549342105263158,0.2861842105263159,-125.0,-125.0,0.0,125.0,-48.21275621714605,0.0,5.263157894736842,-5.263157894736842
2020-01-02 19:00:00,77.90289889348031,0.0,0.32,0.2861842105263159,0.2861842105263159,0.0,0.0,0.0,-0.0,77.90289889348031,24.9289276459137,0.0,-24.9289276459137
2020-01-02 20:00:00,77.7054834011048,0.0,0.32,0.2861842105263159,0.10000000000000003,-125.0,-88.43750000000003,0.0,88.43750000000003,-10.732016598895228,0.0,3.723684210526317,-3.723684210526317
2020-01-02 21:00:00,75.24740199030998,0.0,0.32,0.10000000000000003,0.1,-250.0,-1.3183898417423734e-14,0.0,1.3183898417423734e-14,75.24740199030997,24.07916863689919,5.551115123125783e-16,-24.07916863689919
2020-01-02 22:00:00,75.39024222881976,0.0,0.1,0.1,0.1,0.0,0.0,0.0,-0.0,75.39024222881976,7.539024222881976,0.0,-7.539024222881976
2020-01-02 23:00:00,72.55446132940928,0.0,0.1,0.1,0.1,-250.0,-0.0,-0.0,0.0,72.55446132940928,7.2554461329409285,0.0,-7.2554461329409285
2020-01-03 00:00:00,73.82684845913862,0.0,0.1,0.1,0.1,-250.0,-0.0,-0.0,0.0,73.82684845913862,7.382684845913862,0.0,-7.382684845913862
2020-01-03 01:00:00,73.25243257327921,0.0,0.1,0.1,0.575,250.0,250.0,250.0,0.0,323.2524325732792,32.32524325732792,9.5,-41.82524325732792
2020-01-03 02:00:00,74.25772277184942,0.0,0.1,0.575,0.1,-250.0,-225.625,0.0,225.625,-151.36727722815058,0.0,9.5,-9.5
2020-01-03 03:00:00,72.13773864051565,0.0,0.1,0.1,0.1,-125.0,-0.0,-0.0,0.0,72.13773864051565,7.213773864051565,0.0,-7.213773864051565
2020-01-03 04:00:00,74.22206251528127,0.0,0.1,0.1,0.3375,125.0,125.0,125.0,0.0,199.22206251528127,19.922206251528127,4.75,-24.672206251528127
2020-01-03 05:00:00,74.17265315960161,0.0,0.1,0.3375,0.1,-125.0,-112.81250000000001,0.0,112.81250000000001,-38.639846840398405,0.0,4.75,-4.75
2020-01-03 06:00:00,76.37634977645308,0.0,0.1,0.1,0.1,-250.0,-0.0,-0.0,0.0,76.37634977645308,7.637634977645309,0.0,-7.637634977645309
2020-01-03 07:00:00,84.83618586487732,2.117730338785047,0.18,0.1,0.1,-250.0,-0.0,-0.0,0.0,82.71845552609227,14.889321994696608,0.0,-14.889321994696608
2020-01-03 08:00:00,82.33664651151895,23.155109242424246,0.18,0.1,0.3375,125.0,125.0,125.0,0.0,184.1815372690947,33.15267670843704,4.75,-37.90267670843704
2020-01-03 09:00:00,84.71749508476097,48.11051487179487,0.18,0.3375,0.3375,0.0,0.0,0.0,-0.0,36.6069802129661,6.589256438333898,0.0,-6.589256438333898
2020-01-03 10:00:00,92.6013901823081,78.51202916666666,0.18,0.3375,0.3375,0.0,0.0,0.0,-0.0,14.08936101564143,2.5360849828154572,0.0,-2.5360849828154572
2020-01-03 11:00:00,94.40687622467631,91.61484545454545,0.18,0.3375,0.3375,0.0,0.0,0.0,-0.0,2.7920307701308644,0.5025655386235556,0.0,-0.5025655386235556
2020-01-03 12:00:00,89.74632689811384,89.85825,0.18,0.3375,0.3375,0.0,0.0,0.0,-0.0,-0.11192310188616261,0.0,0.0,-0.0
2020-01-03 13:00:00,110.0482092764472,78.767475,0.18,0.3375,0.3375,0.0,0.0,0.0,-0.0,31.28073427644719,5.630532169760494,0.0,-5.630532169760494
2020-01-03 14:00:00,92.19555435280019,44.575718787878785,0.18,0.3375,0.1,-250.0,-112.81250000000001,0.0,112.81250000000001,-65.19266443507861,0.0,4.75,-4.75
2020-01-03 15:00:00,85.7945422812836,24.705620384615386,0.18,0.1,0.3375,125.0,125.0,125.0,0.0,186.0889218966682,33.49600594140028,4.75,-38.24600594140028
2020-01-03 16:00:00,81.3276887849946,5.784982500000001,0.32,0.3375,0.8125,250.0,250.0,250.0,0.0,325.5427062849946,104.17366601119828,9.5,-113.67366601119828
2020-01-03 17:00:00,79.65574901386492,0.0,0.32,0.8125,0.549342105263158,-125.0,-125.0,0.0,125.0,-45.34425098613508,0.0,5.263157894736841,-5.263157894736841
2020-01-03 18:00:00,81.33870271129719,0.0,0.32,0.549342105263158,0.2861842105263159,-125.0,-125.0,0.0,125.0,-43.66129728870281,0.0,5.263157894736842,-5.263157894736842
2020-01-03 19:00:00,83.01245631575131,0.0,0.32,0.2861842105263159,0.2861842105263159,0.0,0.0,0.0,-0.0,83.01245631575131,26.56398602104042,0.0,-26.56398602104042
2020-01-03 20:00:00,82.12104694016905,0.0,0.32,0.2861842105263159,0.10000000000000003,-125.0,-88.43750000000003,0.0,88.43750000000003,-6.316453059830977,0.0,3.723684210526317,-3.723684210526317
2020-01-03 21:00:00,76.35144824958105,0.0,0.32,0.10000000000000003,0.1,-250.0,-1.3183898417423734e-14,0.0,1.3183898417423734e-14,76.35144824958104,24.432463439865934,5.551115123125783e-16,-24.432463439865934
2020-01-03 22:00:00,78.36748978683502,0.0,0.1,0.1,0.1,-250.0,-0.0,-0.0,0.0,78.36748978683502,7.836748978683502,0.0,-7.836748978683502
2020-01-03 23:00:00,77.86785320349226,0.0,0.1,0.1,0.1,-250.0,-0.0,-0.0,0.0,77.86785320349226,7.786785320349226,0.0,-7.786785320349226
2020-01-04 00:00:00,77.30316393675783,0.0,0.12,0.1,0.1,-125.0,-0.0,-0.0,0.0,77.30316393675783,9.276379672410938,0.0,-9.276379672410938
2020-01-04 01:00:00,74.06570144720602,0.0,0.12,0.1,0.1,0.0,0.0,0.0,-0.0,74.06570144720602,8.887884173664723,0.0,-8.887884173664723
2020-01-04 02:00:00,77.28134791180936,0.0,0.12,0.1,0.1,0.0,0.0,0.0,-0.0,77.28134791180936,9.273761749417123,0.0,-9.273761749417123
2020-01-04 03:00:00,76.7280833402298,0.0,0.12,0.1,0.1,0.0,0.0,0.0,-0.0,76.7280833402298,9.207370000827575,0.0,-9.207370000827575
2020-01-04 04:00:00,77.24411635485409,0.0,0.12,0.1,0.1,0.0,0.0,0.0,-0.0,77.24411635485409,9.26929396258249,0.0,-9.26929396258249
2020-01-04 05:00:00,74.85448339961685,0.0,0.12,0.1,0.3375,125.0,125.0,125.0,0.0,199.85448339961687,23.982538007954023,4.75,-28.732538007954023
2020-01-04 06:00:00,75.81827472768246,0.0,0.12,0.3375,0.3375,0.0,0.0,0.0,-0.0,75.81827472768246,9.098192967321895,0.0,-9.098192967321895
2020-01-04 07:00:00,76.41512344616147,0.800813746105919,0.12,0.3375,0.1,-125.0,-112.81250000000001,0.0,112.81250000000001,-37.19819029994446,0.0,4.75,-4.75
2020-01-04 08:00:00,79.32145799864452,20.797375606060605,0.12,0.1,0.1,0.0,0.0,0.0,-0.0,58.524082392583914,7.022889887110069,0.0,-7.022889887110069
2020-01-04 09:00:00,82.84831666756386,41.801014358974356,0.12,0.1,0.1,-125.0,-0.0,-0.0,0.0,41.04730230858951,4.925676277030741,0.0,-4.925676277030741
2020-01-04 10:00:00,82.50336016342429,43.14045055555555,0.12,0.1,0.1,0.0,0.0,0.0,-0.0,39.36290960786874,4.723549152944249,0.0,-4.723549152944249
2020-01-04 11:00:00,80.92518906743449,44.887119545454546,0.12,0.1,0.1,-125.0,-0.0,-0.0,0.0,36.03806952197994,4.324568342637593,0.0,-4.324568342637593
2020-01-04 12:00:00,88.92737730658298,104.29738461538462,0.12,0.1,0.1,0.0,0.0,0.0,-0.0,-15.370007308801632,0.0,0.0,-0.0
2020-01-04 13:00:00,88.71101785965561,91.60889166666668,0.12,0.1,0.1,-250.0,-0.0,-0.0,0.0,-2.8978738070110666,0.0,0.0,-0.0
2020-01-04 14:00:00,85.38982360763478,69.9271287878788,0.12,0.1,0.1,-125.0,-0.0,-0.0,0.0,15.462694819755981,1.8555233783707177,0.0,-1.8555233783707177
2020-01-04 15:00:00,84.11543049733427,35.500675384615384,0.12,0.1,0.1,0.0,0.0,0.0,-0.0,48.61475511271889,5.833770613526267,0.0,-5.833770613526267
2020-01-04 16:00:00,75.00287099188468,5.383154184839044,0.12,0.1,0.3375,125.0,125.0,125.0,0.0,194.61971680704562,23.354366016845475,4.75,-28.104366016845475
2020-01-04 17:00:00,75.4684592377019,0.0,0.12,0.3375,0.575,125.0,125.0,125.0,0.0,200.4684592377019,24.056215108524228,4.749999999999998,-28.806215108524228
2020-01-04 18:00:00,73.80211323414385,0.0,0.12,0.575,0.575,0.0,0.0,0.0,-0.0,73.80211323414385,8.85625358809726,0.0,-8.85625358809726
2020-01-04 19:00:00,77.98993941924061,0.0,0.12,0.575,0.575,0.0,0.0,0.0,-0.0,77.98993941924061,9.358792730308874,0.0,-9.358792730308874
2020-01-04 20:00:00,76.18201046377536,0.0,0.12,0.575,0.575,0.0,0.0,0.0,-0.0,76.18201046377536,9.141841255653043,0.0,-9.141841255653043
2020-01-04 21:00:00,78.65981739008404,0.0,0.12,0.575,0.31184210526315786,-125.0,-125.0,0.0,125.0,-46.340182609915956,0.0,5.263157894736842,-5.263157894736842
2020-01-04 22:00:00,76.54294238004704,0.0,0.12,0.31184210526315786,0.5493421052631579,125.0,125.0,125.0,0.0,201.54294238004704,24.185153085605645,4.75,-28.935153085605645
2020-01-04 23:00:00,76.41088714219687,0.0,0.12,0.5493421052631579,0.28618421052631576,-125.0,-125.0,0.0,125.0,-48.58911285780313,0.0,5.263157894736842,-5.263157894736842
2020-01-05 00:00:00,76.24643515995132,0.0,0.12,0.28618421052631576,0.5236842105263158,125.0,125.0,125.0,0.0,201.24643515995132,24.14957221919416,4.75,-28.89957221919416
2020-01-05 01:00:00,76.37137155508347,0.0,0.12,0.5236842105263158,0.1,-250.0,-201.25,0.0,201.25,-124.87862844491653,0.0,8.473684210526315,-8.473684210526315
2020-01-05 02:00:00,76.80430223750906,0.0,0.12,0.1,0.1,0.0,0.0,0.0,-0.0,76.80430223750906,9.216516268501087,0.0,-9.216516268501087
2020-01-05 03:00:00,75.03261058590196,0.0,0.12,0.1,0.1,0.0,0.0,0.0,-0.0,75.03261058590196,9.003913270308235,0.0,-9.003913270308235
2020-01-05 04:00:00,76.4387751158841,0.0,0.12,0.1,0.1,-250.0,-0.0,-0.0,0.0,76.4387751158841,9.172653013906091,0.0,-9.172653013906091
2020-01-05 05:00:00,76.86016625742879,0.0,0.12,0.1,0.3375,125.0,125.0,125.0,0.0,201.86016625742877,24.22321995089145,4.75,-28.97321995089145
2020-01-05 06:00:00,76.84618012748875,0.0,0.12,0.3375,0.3375,0.0,0.0,0.0,-0.0,76.84618012748875,9.22154161529865,0.0,-9.22154161529865
2020-01-05 07:00:00,74.27629442045685,4.806881536863966,0.12,0.3375,0.1,-125.0,-112.81250000000001,0.0,112.81250000000001,-43.34308711640713,0.0,4.75,-4.75
2020-01-05 08:00:00,77.50615214449887,39.63293621212121,0.12,0.1,0.1,0.0,0.0,0.0,-0.0,37.87321593237766,4.544785911885319,0.0,-4.544785911885319
2020-01-05 09:00:00,80.8171258383588,77.01001153846154,0.12,0.1,0.1,-250.0,-0.0,-0.0,0.0,3.8071142998972647,0.45685371598767177,0.0,-0.45685371598767177
2020-01-05 10:00:00,84.87006099152141,98.33387499999999,0.12,0.1,0.1,-250.0,-0.0,-0.0,0.0,-13.463814008478579,0.0,0.0,-0.0
2020-01-05 11:00:00,85.7451896435703,106.70456363636363,0.12,0.1,0.1,-125.0,-0.0,-0.0,0.0,-20.95937399279333,0.0,0.0,-0.0
2020-01-05 12:00:00,84.77764673663472,103.77904230769231,0.12,0.1,0.1,0.0,0.0,0.0,-0.0,-19.001395571057586,0.0,0.0,-0.0
2020-01-05 13:00:00,84.6475414486249,91.53915972222222,0.12,0.1,0.1,-250.0,-0.0,-0.0,0.0,-6.891618273597317,0.0,0.0,-0.0
2020-01-05 14:00:00,82.57056243065328,70.12670151515152,0.12,0.1,0.1,-125.0,-0.0,-0.0,0.0,12.443860915501759,1.493263309860211,0.0,-1.493263309860211
2020-01-05 15:00:00,78.85923216985982,38.2297241025641,0.12,0.1,0.1,0.0,0.0,0.0,-0.0,40.629508067295724,4.875540968075486,0.0,-4.875540968075486
2020-01-05 16:00:00,74.37325818549067,7.6909334722222225,0.12,0.1,0.3375,125.0,125.0,125.0,0.0,191.68232471326843,23.001878965592212,4.75,-27.751878965592212
2020-01-05 17:00:00,75.21920798988944,0.014545454545454545,0.12,0.3375,0.575,125.0,125.0,125.0,0.0,200.20466253534397,24.024559504241275,4.749999999999998,-28.774559504241275
2020-01-05 18:00:00,74.5486161354432,0.0,0.12,0.575,0.575,0.0,0.0,0.0,-0.0,74.5486161354432,8.945833936253184,0.0,-8.945833936253184
2020-01-05 19:00:00,77.56686441644442,0.0,0.12,0.575,0.575,0.0,0.0,0.0,-0.0,77.56686441644442,9.30802372997333,0.0,-9.30802372997333
2020-01-05 20:00:00,74.14441874945982,0.0,0.12,0.575,0.575,0.0,0.0,0.0,-0.0,74.14441874945982,8.897330249935179,0.0,-8.897330249935179
2020-01-05 21:00:00,76.3127618994153,0.0,0.12,0.575,0.1,-250.0,-225.625,0.0,225.625,-149.3122381005847,0.0,9.5,-9.5
2020-01-05 22:00:00,77.0880810902358,0.0,0.12,0.1,0.1,-250.0,-0.0,-0.0,0.0,77.0880810902358,9.250569730828296,0.0,-9.250569730828296
2020-01-05 23:00:00,76.8473187117082,0.0,0.12,0.1,0.1,-250.0,-0.0,-0.0,0.0,76.8473187117082,9.221678245404984,0.0,-9.221678245404984
2020-01-06 00:00:00,74.12663994171514,0.0,0.1,0.1,0.1,0.0,0.0,0.0,-0.0,74.12663994171514,7.412663994171514,0.0,-7.412663994171514
2020-01-06 01:00:00,74.91529011750139,0.0,0.1,0.1,0.575,250.0,250.0,250.0,0.0,324.9152901175014,32.49152901175014,9.5,-41.99152901175014
2020-01-06 02:00:00,76.50064052854022,0.0,0.1,0.575,0.1,-250.0,-225.625,0.0,225.625,-149.1243594714598,0.0,9.5,-9.5
2020-01-06 03:00:00,76.7492459606615,0.0,0.1,0.1,0.1,-125.0,-0.0,-0.0,0.0,76.7492459606615,7.67492459606615,0.0,-7.67492459606615
2020-01-06 04:00:00,75.92405471542186,0.0,0.1,0.1,0.3375,125.0,125.0,125.0,0.0,200.92405471542185,20.092405471542186,4.75,-24.842405471542186
2020-01-06 05:00:00,74.25301526961806,0.0,0.1,0.3375,0.1,-125.0,-112.81250000000001,0.0,112.81250000000001,-38.55948473038195,0.0,4.75,-4.75
2020-01-06 06:00:00,76.89237906902258,0.0,0.1,0.1,0.1,-250.0,-0.0,-0.0,0.0,76.89237906902258,7.6892379069022585,0.0,-7.6892379069022585
2020-01-06 07:00:00,88.88648546208078,4.730940761941849,0.18,0.1,0.1,-250.0,-0.0,-0.0,0.0,84.15554470013893,15.147998046025007,0.0,-15.147998046025007
2020-01-06 08:00:00,111.02080065688497,40.68954212121212,0.18,0.1,0.3375,125.0,125.0,125.0,0.0,195.33125853567284,35.15962653642111,4.75,-39.90962653642111
2020-01-06 09:00:00,103.03880003831722,75.4719576923077,0.18,0.3375,0.3375,0.0,0.0,0.0,-0.0,27.566842346009523,4.962031622281714,0.0,-4.962031622281714
2020-01-06 10:00:00,96.58358166822215,97.78744999999999,0.18,0.3375,0.3375,0.0,0.0,0.0,-0.0,-1.2038683317778407,0.0,0.0,-0.0
2020-01-06 11:00:00,99.01786631823842,106.45627272727273,0.18,0.3375,0.3375,0.0,0.0,0.0,-0.0,-7.4384064090343145,0.0,0.0,-0.0
2020-01-06 12:00:00,96.98281456880753,104.75946410256412,0.18,0.3375,0.3375,0.0,0.0,0.0,-0.0,-7.776649533756597,0.0,0.0,-0.0
2020-01-06 13:00:00,93.64889860071078,92.50400833333333,0.18,0.3375,0.3375,0.0,0.0,0.0,-0.0,1.1448902673774484,0.2060802481279407,0.0,-0.2060802481279407
2020-01-06 14:00:00,92.17221986746914,70.79043787878788,0.18,0.3375,0.1,-250.0,-112.81250000000001,0.0,112.81250000000001,-91.43071801131876,0.0,4.75,-4.75
2020-01-06 15:00:00,93.89293748576256,38.72781429487179,0.18,0.1,0.3375,125.0,125.0,125.0,0.0,180.16512319089077,32.429722174360336,4.75,-37.179722174360336
2020-01-06 16:00:00,84.68407686628898,7.50352168224299,0.32,0.3375,0.8125,250.0,250.0,250.0,0.0,327.180555184046,104.69777765889472,9.5,-114.19777765889472
2020-01-06 17:00:00,84.05066399522872,0.05347776833758142,0.32,0.8125,0.549342105263158,-125.0,-125.0,0.0,125.0,-41.00281377310887,0.0,5.263157894736841,-5.263157894736841
2020-01-06 18:00:00,79.94953507718756,0.0,0.32,0.549342105263158,0.549342105263158,0.0,0.0,0.0,-0.0,79.94953507718756,25.58385122470002,0.0,-25.58385122470002
2020-01-06 19:00:00,84.39245602525234,0.0,0.32,0.549342105263158,0.9,250.0,184.5567867036011,184.5567867036011,0.0,268.94924272885345,86.0637576732331,7.013157894736841,-93.07691556796993
2020-01-06 20:00:00,83.55922673237315,0.0,0.32,0.9,0.6368421052631579,-125.0,-125.0,0.0,125.0,-41.44077326762685,0.0,5.2631578947368425,-5.2631578947368425
2020-01-06 21:00:00,80.45447288169292,0.0,0.32,0.6368421052631579,0.3736842105263158,-125.0,-125.0,0.0,125.0,-44.54552711830708,0.0,5.263157894736842,-5.263157894736842
2020-01-06 22:00:00,78.29605598278154,0.0,0.1,0.3736842105263158,0.6111842105263158,125.0,125.0,125.0,0.0,203.29605598278152,20.329605598278153,4.75,-25.079605598278153
2020-01-06 23:00:00,79.23503860207201,0.0,0.1,0.6111842105263158,0.6111842105263158,0.0,0.0,0.0,-0.0,79.23503860207201,7.923503860207202,0.0,-7.923503860207202
2020-01-07 00:00:00,78.22441717251992,0.0,0.1,0.6111842105263158,0.6111842105263158,0.0,0.0,0.0,-0.0,78.22441717251992,7.822441717251992,0.0,-7.822441717251992
2020-01-07 01:00:00,78.42975158703585,0.0,0.1,0.6111842105263158,0.6111842105263158,0.0,0.0,0.0,-0.0,78.42975158703585,7.842975158703585,0.0,-7.842975158703585
2020-01-07 02:00:00,77.12830369408579,0.0,0.1,0.6111842105263158,0.6111842105263158,0.0,0.0,0.0,-0.0,77.12830369408579,7.712830369408579,0.0,-7.712830369408579
2020-01-07 03:00:00,78.17402602668966,0.0,0.1,0.6111842105263158,0.6111842105263158,0.0,0.0,0.0,-0.0,78.17402602668966,7.817402602668967,0.0,-7.817402602668967
2020-01-07 04:00:00,78.15805294141383,0.0,0.1,0.6111842105263158,0.3480263157894737,-125.0,-125.0,0.0,125.0,-46.84194705858617,0.0,5.263157894736842,-5.263157894736842
2020-01-07 05:00:00,78.12542261337138,0.0,0.1,0.3480263157894737,0.10000000000000003,-125.0,-117.81249999999999,0.0,117.81249999999999,-39.6870773866286,0.0,4.960526315789473,-4.960526315789473
2020-01-07 06:00:00,77.59824210439773,0.0,0.1,0.10000000000000003,0.1,-250.0,-1.3183898417423734e-14,0.0,1.3183898417423734e-14,77.59824210439771,7.759824210439771,5.551115123125783e-16,-7.759824210439772
2020-01-07 07:00:00,84.99477420470949,2.031787843977155,0.18,0.1,0.1,-250.0,-0.0,-0.0,0.0,82.96298636073233,14.933337544931819,0.0,-14.933337544931819
2020-01-07 08:00:00,94.3332869586036,10.73814,0.18,0.1,0.3375,125.0,125.0,125.0,0.0,208.5951469586036,37.547126452548646,4.75,-42.297126452548646
2020-01-07 09:00:00,92.1161330873306,24.214893205128206,0.18,0.3375,0.3375,0.0,0.0,0.0,-0.0,67.90123988220239,12.22222317879643,0.0,-12.22222317879643
2020-01-07 10:00:00,92.85559992799112,36.32541125,0.18,0.3375,0.3375,0.0,0.0,0.0,-0.0,56.53018867799112,10.175433962038401,0.0,-10.175433962038401
2020-01-07 11:00:00,96.5523855680884,42.581790000000005,0.18,0.3375,0.3375,0.0,0.0,0.0,-0.0,53.97059556808839,9.71470720225591,0.0,-9.71470720225591
2020-01-07 12:00:00,89.4111696412855,40.04583076923076,0.18,0.3375,0.3375,0.0,0.0,0.0,-0.0,49.365338872054735,8.885760996969852,0.0,-8.885760996969852
2020-01-07 13:00:00,91.33931140939403,36.778370833333334,0.18,0.3375,0.3375,0.0,0.0,0.0,-0.0,54.560940576060695,9.820969303690925,0.0,-9.820969303690925
2020-01-07 14:00:00,90.93886485858239,20.781688484848484,0.18,0.3375,0.1,-125.0,-112.81250000000001,0.0,112.81250000000001,-42.65532362626611,0.0,4.75,-4.75
2020-01-07 15:00:00,87.11198002216639,14.584169358974359,0.18,0.1,0.3375,125.0,125.0,125.0,0.0,197.52781066319204,35.555005919374565,4.75,-40.305005919374565
2020-01-07 16:00:00,85.17179772617699,3.877922611630322,0.32,0.3375,0.8125,250.0,250.0,250.0,0.0,331.29387511454667,106.01404003665493,9.5,-115.51404003665493
2020-01-07 17:00:00,86.53615686800384,0.058128009062588505,0.32,0.8125,0.549342105263158,-125.0,-125.0,0.0,125.0,-38.52197114105874,0.0,5.263157894736841,-5.263157894736841
2020-01-07 18:00:00,86.58411078087718,0.0,0.32,0.549342105263158,0.549342105263158,0.0,0.0,0.0,-0.0,86.58411078087718,27.7069154498807,0.0,-27.7069154498807
2020-01-07 19:00:00,88.74028558604995,0.0,0.32,0.549342105263158,0.9,250.0,184.5567867036011,184.5567867036011,0.0,273.29707228965106,87.45506313268834,7.013157894736841,-94.46822102742517
2020-01-07 20:00:00,86.13474209361799,0.0,0.32,0.9,0.6368421052631579,-125.0,-125.0,0.0,125.0,-38.86525790638201,0.0,5.2631578947368425,-5.2631578947368425
2020-01-07 21:00:00,84.91169180584386,0.0,0.32,0.6368421052631579,0.3736842105263158,-125.0,-125.0,0.0,125.0,-40.08830819415614,0.0,5.263157894736842,-5.263157894736842
2020-01-07 22:00:00,82.14660616710209,0.0,0.1,0.3736842105263158,0.10000000000000003,-250.0,-129.99999999999997,0.0,129.99999999999997,-47.85339383289788,0.0,5.473684210526315,-5.473684210526315
2020-01-07 23:00:00,81.25567578887075,0.0,0.1,0.10000000000000003,0.3375,125.0,125.0,125.0,0.0,206.25567578887075,20.625567578887075,4.75,-25.375567578887075
2020-01-08 00:00:00,80.32395036301173,0.0,0.1,0.3375,0.1,-125.0,-112.81250000000001,0.0,112.81250000000001,-32.48854963698828,0.0,4.75,-4.75
2020-01-08 01:00:00,81.93656827255171,0.0,0.1,0.1,0.1,-125.0,-0.0,-0.0,0.0,81.93656827255171,8.193656827255172,0.0,-8.193656827255172
2020-01-08 02:00:00,83.27760517073564,0.0,0.1,0.1,0.3375,125.0,125.0,125.0,0.0,208.27760517073563,20.827760517073564,4.75,-25.577760517073564
2020-01-08 03:00:00,82.4026130984157,0.0,0.1,0.3375,0.575,125.0,125.0,125.0,0.0,207.4026130984157,20.74026130984157,4.749999999999998,-25.49026130984157
2020-01-08 04:00:00,80.13962232953801,0.0,0.1,0.575,0.31184210526315786,-125.0,-125.0,0.0,125.0,-44.860377670461986,0.0,5.263157894736842,-5.263157894736842
2020-01-08 05:00:00,85.79365884026457,0.0,0.1,0.31184210526315786,0.31184210526315786,0.0,0.0,0.0,-0.0,85.79365884026457,8.579365884026457,0.0,-8.579365884026457
2020-01-08 06:00:00,83.17734663241582,0.0,0.1,0.31184210526315786,0.1,-125.0,-100.62499999999999,0.0,100.62499999999999,-17.447653367584167,0.0,4.2368421052631575,-4.2368421052631575
2020-01-08 07:00:00,86.1120322637942,1.1040758047767394,0.18,0.1,0.3375,125.0,125.0,125.0,0.0,210.00795645901746,37.80143216262314,4.75,-42.55143216262314
2020-01-08 08:00:00,89.34372155679074,4.4286590909090915,0.18,0.3375,0.1,-125.0,-112.81250000000001,0.0,112.81250000000001,-27.897437534118367,0.0,4.75,-4.75
2020-01-08 09:00:00,86.55055403636476,10.68070826923077,0.18,0.1,0.1,-125.0,-0.0,-0.0,0.0,75.869845767134,13.656572238084118,0.0,-13.656572238084118
2020-01-08 10:00:00,88.24706889836175,12.295931111111111,0.18,0.1,0.1,0.0,0.0,0.0,-0.0,75.95113778725063,13.671204801705112,0.0,-13.671204801705112
2020-01-08 11:00:00,87.0976280039662,16.582087727272725,0.18,0.1,0.1,0.0,0.0,0.0,-0.0,70.51554027669347,12.692797249804824,0.0,-12.692797249804824
2020-01-08 12:00:00,86.17303896834161,27.113738205128207,0.18,0.1,0.1,-125.0,-0.0,-0.0,0.0,59.05930076321341,10.630674137378413,0.0,-10.630674137378413
2020-01-08 13:00:00,85.37338194487165,23.447616111111113,0.18,0.1,0.1,0.0,0.0,0.0,-0.0,61.925765833760536,11.146637850076896,0.0,-11.146637850076896
2020-01-08 14:00:00,88.00423533575673,18.435519696969696,0.18,0.1,0.1,0.0,0.0,0.0,-0.0,69.56871563878704,12.522368814981666,0.0,-12.522368814981666
2020-01-08 15:00:00,88.76413947917098,11.891910641025643,0.18,0.1,0.3375,125.0,125.0,125.0,0.0,201.87222883814533,36.33700119086616,4.75,-41.08700119086616
2020-01-08 16:00:00,80.75528004508925,2.660063564382139,0.32,0.3375,0.8125,250.0,250.0,250.0,0.0,328.0952164807071,104.99046927382628,9.5,-114.49046927382628
2020-01-08 17:00:00,82.74149762525097,0.0,0.32,0.8125,0.549342105263158,-125.0,-125.0,0.0,125.0,-42.25850237474903,0.0,5.263157894736841,-5.263157894736841
2020-01-08 18:00:00,84.55632936809569,0.0,0.32,0.549342105263158,0.549342105263158,0.0,0.0,0.0,-0.0,84.55632936809569,27.058025397790622,0.0,-27.058025397790622
2020-01-08 19:00:00,88.707168593518,0.0,0.32,0.549342105263158,0.9,250.0,184.5567867036011,184.5567867036011,0.0,273.2639552971191,87.44446569507811,7.013157894736841,-94.45762358981494
2020-01-08 20:00:00,87.91786698579043,0.0,0.32,0.9,0.6368421052631579,-125.0,-125.0,0.0,125.0,-37.082133014209575,0.0,5.2631578947368425,-5.2631578947368425
2020-01-08 21:00:00,80.72132435159854,0.0,0.32,0.6368421052631579,0.3736842105263158,-125.0,-125.0,0.0,125.0,-44.27867564840146,0.0,5.263157894736842,-5.263157894736842
2020-01-08 22:00:00,78.50885651197865,0.0,0.1,0.3736842105263158,0.10000000000000003,-250.0,-129.99999999999997,0.0,129.99999999999997,-51.49114348802132,0.0,5.473684210526315,-5.473684210526315
2020-01-08 23:00:00,78.84327740884964,0.0,0.1,0.10000000000000003,0.3375,125.0,125.0,125.0,0.0,203.84327740884964,20.384327740884967,4.75,-25.134327740884967
2020-01-09 00:00:00,78.44810595478879,0.0,0.1,0.3375,0.3375,0.0,0.0,0.0,-0.0,78.44810595478879,7.844810595478879,0.0,-7.844810595478879
2020-01-09 01:00:00,79.23393095129242,0.0,0.1,0.3375,0.3375,0.0,0.0,0.0,-0.0,79.23393095129242,7.923393095129242,0.0,-7.923393095129242
2020-01-09 02:00:00,76.74015443628583,0.0,0.1,0.3375,0.1,-250.0,-112.81250000000001,0.0,112.81250000000001,-36.07234556371418,0.0,4.75,-4.75
2020-01-09 03:00:00,79.38780899881728,0.0,0.1,0.1,0.1,-250.0,-0.0,-0.0,0.0,79.38780899881728,7.938780899881728,0.0,-7.938780899881728
2020-01-09 04:00:00,78.61555970121047,0.0,0.1,0.1,0.1,-125.0,-0.0,-0.0,0.0,78.61555970121047,7.861555970121048,0.0,-7.861555970121048
2020-01-09 05:00:00,83.0895985549613,0.0,0.1,0.1,0.3375,125.0,125.0,125.0,0.0,208.0895985549613,20.80895985549613,4.75,-25.55895985549613
2020-01-09 06:00:00,77.77691597780142,0.0,0.1,0.3375,0.3375,0.0,0.0,0.0,-0.0,77.77691597780142,7.777691597780143,0.0,-7.777691597780143
2020-01-09 07:00:00,84.64394360687946,1.0428270119418483,0.18,0.3375,0.1,-250.0,-112.81250000000001,0.0,112.81250000000001,-29.211383405062406,0.0,4.75,-4.75
2020-01-09 08:00:00,88.16581473394238,5.126157575757575,0.18,0.1,0.1,-250.0,-0.0,-0.0,0.0,83.03965715818481,14.947138288473266,0.0,-14.947138288473266
2020-01-09 09:00:00,87.84295590722348,9.71460858974359,0.18,0.1,0.1,-125.0,-0.0,-0.0,0.0,78.12834731747989,14.06310251714638,0.0,-14.06310251714638
2020-01-09 10:00:00,103.23758642551213,19.45230777777778,0.18,0.1,0.1,0.0,0.0,0.0,-0.0,83.78527864773436,15.081350156592183,0.0,-15.081350156592183
2020-01-09 11:00:00,98.11677174519878,13.804153636363635,0.18,0.1,0.1,0.0,0.0,0.0,-0.0,84.31261810883514,15.176271259590324,0.0,-15.176271259590324
2020-01-09 12:00:00,96.33675074491485,31.69421525641026,0.18,0.1,0.3375,125.0,125.0,125.0,0.0,189.6425354885046,34.13565638793082,4.75,-38.88565638793082
2020-01-09 13:00:00,96.27058455379706,47.518844722222234,0.18,0.3375,0.8125,250.0,250.0,250.0,0.0,298.7517398315748,53.775313169683464,9.5,-63.275313169683464
2020-01-09 14:00:00,89.71133921100474,39.85020863636364,0.18,0.8125,0.9,250.0,46.052631578947384,46.052631578947384,0.0,95.9137621535885,17.264477187645927,1.7500000000000004,-19.014477187645927
2020-01-09 15:00:00,85.87857970133146,47.51886153846154,0.18,0.9,0.37368421052631584,-250.0,-250.0,0.0,250.0,-211.6402818371301,0.0,10.526315789473683,-10.526315789473683
2020-01-09 16:00:00,82.9620763719273,8.924914027777778,0.32,0.37368421052631584,0.8486842105263158,250.0,250.0,250.0,0.0,324.0371623441495,103.69189195012785,9.5,-113.19189195012785
2020-01-09 17:00:00,78.9875048489771,0.10230529595015576,0.32,0.8486842105263158,0.5855263157894737,-125.0,-125.0,0.0,125.0,-46.114800446973064,0.0,5.2631578947368425,-5.2631578947368425
2020-01-09 18:00:00,80.45988862928439,0.0,0.32,0.5855263157894737,0.5855263157894737,0.0,0.0,0.0,-0.0,80.45988862928439,25.747164361371006,0.0,-25.747164361371006
2020-01-09 19:00:00,80.52086259279538,0.0,0.32,0.5855263157894737,0.9,250.0,165.51246537396125,165.51246537396125,0.0,246.03332796675664,78.73066494936212,6.289473684210527,-85.02013863357266
2020-01-09 20:00:00,79.57032633766357,0.0,0.32,0.9,0.6368421052631579,-125.0,-125.0,0.0,125.0,-45.42967366233643,0.0,5.2631578947368425,-5.2631578947368425
2020-01-09 21:00:00,78.40987293305685,0.0,0.32,0.6368421052631579,0.3736842105263158,-125.0,-125.0,0.0,125.0,-46.590127066943154,0.0,5.263157894736842,-5.263157894736842
2020-01-09 22:00:00,77.87674434594253,0.0,0.1,0.3736842105263158,0.6111842105263158,125.0,125.0,125.0,0.0,202.87674434594254,20.287674434594255,4.75,-25.037674434594255
2020-01-09 23:00:00,75.83854150814072,0.0,0.1,0.6111842105263158,0.6111842105263158,0.0,0.0,0.0,-0.0,75.83854150814072,7.583854150814073,0.0,-7.583854150814073
2020-01-10 00:00:00,76.68842933923646,0.0,0.1,0.6111842105263158,0.6111842105263158,0.0,0.0,0.0,-0.0,76.68842933923646,7.668842933923647,0.0,-7.668842933923647
2020-01-10 01:00:00,77.96088531001426,0.0,0.1,0.6111842105263158,0.6111842105263158,0.0,0.0,0.0,-0.0,77.96088531001426,7.796088531001427,0.0,-7.796088531001427
2020-01-10 02:00:00,77.90875798573036,0.0,0.1,0.6111842105263158,0.6111842105263158,0.0,0.0,0.0,-0.0,77.90875798573036,7.790875798573037,0.0,-7.790875798573037
2020-01-10 03:00:00,78.79184070618723,0.0,0.1,0.6111842105263158,0.6111842105263158,0.0,0.0,0.0,-0.0,78.79184070618723,7.879184070618724,0.0,-7.879184070618724
2020-01-10 04:00:00,77.12903261171947,0.0,0.1,0.6111842105263158,0.3480263157894737,-125.0,-125.0,0.0,125.0,-47.87096738828053,0.0,5.263157894736842,-5.263157894736842
2020-01-10 05:00:00,81.93127685697924,0.0,0.1,0.3480263157894737,0.3480263157894737,0.0,0.0,0.0,-0.0,81.93127685697924,8.193127685697924,0.0,-8.193127685697924
2020-01-10 06:00:00,80.14695624339826,0.0,0.1,0.3480263157894737,0.3480263157894737,0.0,0.0,0.0,-0.0,80.14695624339826,8.014695624339828,0.0,-8.014695624339828
2020-01-10 07:00:00,80.36065837379842,4.096412958203531,0.18,0.3480263157894737,0.10000000000000003,-250.0,-117.81249999999999,0.0,117.81249999999999,-41.5482545844051,0.0,4.960526315789473,-4.960526315789473
2020-01-10 08:00:00,80.6631168536591,40.818447575757574,0.18,0.10000000000000003,0.1,-250.0,-1.3183898417423734e-14,0.0,1.3183898417423734e-14,39.84466927790152,7.172040470022273,5.551115123125783e-16,-7.1720404700222735
2020-01-10 09:00:00,88.24018891726104,79.73822307692308,0.18,0.1,0.575,250.0,250.0,250.0,0.0,258.50196584033796,46.530353851260834,9.5,-56.030353851260834
2020-01-10 10:00:00,94.09183290616994,99.88702083333334,0.18,0.575,0.575,0.0,0.0,0.0,-0.0,-5.795187927163397,0.0,0.0,-0.0
2020-01-10 11:00:00,94.61911058520022,109.65119393939393,0.18,0.575,0.575,0.0,0.0,0.0,-0.0,-15.032083354193716,0.0,0.0,-0.0
2020-01-10 12:00:00,95.9384577267282,108.87176538461539,0.18,0.575,0.31184210526315786,-125.0,-125.0,0.0,125.0,-137.93330765788718,0.0,5.263157894736842,-5.263157894736842
2020-01-10 13:00:00,95.54678225947255,95.35397083333334,0.18,0.31184210526315786,0.31184210526315786,0.0,0.0,0.0,-0.0,0.19281142613921531,0.03470605670505875,0.0,-0.03470605670505875
2020-01-10 14:00:00,94.87693868869388,73.08190757575757,0.18,0.31184210526315786,0.1,-250.0,-100.62499999999999,0.0,100.62499999999999,-78.82996888706367,0.0,4.2368421052631575,-4.2368421052631575
2020-01-10 15:00:00,94.66765313036295,39.92379923076923,0.18,0.1,0.3375,125.0,125.0,125.0,0.0,179.74385389959372,32.353893701926864,4.75,-37.103893701926864
2020-01-10 16:00:00,86.41656525267304,6.3600844444444435,0.32,0.3375,0.8125,250.0,250.0,250.0,0.0,330.05648080822857,105.61807385863314,9.5,-115.11807385863314
2020-01-10 17:00:00,81.55060348111543,0.06255168507504956,0.32,0.8125,0.549342105263158,-125.0,-125.0,0.0,125.0,-43.51194820395962,0.0,5.263157894736841,-5.263157894736841
2020-01-10 18:00:00,79.94543750999414,0.0,0.32,0.549342105263158,0.549342105263158,0.0,0.0,0.0,-0.0,79.94543750999414,25.582540003198122,0.0,-25.582540003198122
2020-01-10 19:00:00,83.52820283687394,0.0,0.32,0.549342105263158,0.9,250.0,184.5567867036011,184.5567867036011,0.0,268.084989540475,85.787196652952,7.013157894736841,-92.80035454768884
2020-01-10 20:00:00,80.53408474527082,0.0,0.32,0.9,0.6368421052631579,-125.0,-125.0,0.0,125.0,-44.46591525472918,0.0,5.2631578947368425,-5.2631578947368425
2020-01-10 21:00:00,78.0320657934203,0.0,0.32,0.6368421052631579,0.3736842105263158,-125.0,-125.0,0.0,125.0,-46.9679342065797,0.0,5.263157894736842,-5.263157894736842
2020-01-10 22:00:00,79.30854630958395,0.0,0.1,0.3736842105263158,0.6111842105263158,125.0,125.0,125.0,0.0,204.30854630958396,20.430854630958397,4.75,-25.180854630958397
2020-01-10 23:00:00,78.97991402135925,0.0,0.1,0.6111842105263158,0.6111842105263158,0.0,0.0,0.0,-0.0,78.97991402135925,7.897991402135926,0.0,-7.897991402135926
2020-01-11 00:00:00,77.92793849469214,0.0,0.12,0.6111842105263158,0.6111842105263158,0.0,0.0,0.0,-0.0,77.92793849469214,9.351352619363057,0.0,-9.351352619363057
2020-01-11 01:00:00,76.84104874489407,0.0,0.12,0.6111842105263158,0.6111842105263158,0.0,0.0,0.0,-0.0,76.84104874489407,9.220925849387287,0.0,-9.220925849387287
2020-01-11 02:00:00,76.6682257332449,0.0,0.12,0.6111842105263158,0.6111842105263158,0.0,0.0,0.0,-0.0,76.6682257332449,9.200187087989388,0.0,-9.200187087989388
2020-01-11 03:00:00,77.92340737813119,0.0,0.12,0.6111842105263158,0.10000000000000009,-250.0,-242.81249999999997,0.0,242.81249999999997,-164.88909262186877,0.0,10.223684210526313,-10.223684210526313
2020-01-11 04:00:00,77.36442980021575,0.0,0.12,0.10000000000000009,0.10000000000000009,0.0,0.0,0.0,-0.0,77.36442980021575,9.28373157602589,0.0,-9.28373157602589
2020-01-11 05:00:00,77.85435632968213,0.0,0.12,0.10000000000000009,0.3375000000000001,125.0,125.0,125.0,0.0,202.85435632968213,24.342522759561856,4.75,-29.092522759561856
2020-01-11 06:00:00,76.01179048933653,0.0,0.12,0.3375000000000001,0.3375000000000001,0.0,0.0,0.0,-0.0,76.01179048933653,9.121414858720383,0.0,-9.121414858720383
2020-01-11 07:00:00,76.90428481333893,4.514143625389408,0.12,0.3375000000000001,0.1,-125.0,-112.81250000000003,0.0,112.81250000000003,-40.422358812050504,0.0,4.750000000000002,-4.750000000000002
2020-01-11 08:00:00,82.20176851323833,39.677034772727275,0.12,0.1,0.1,0.0,0.0,0.0,-0.0,42.52473374051106,5.102968048861327,0.0,-5.102968048861327
2020-01-11 09:00:00,85.22057498669086,75.50367307692308,0.12,0.1,0.1,-250.0,-0.0,-0.0,0.0,9.716901909767785,1.1660282291721342,0.0,-1.1660282291721342
2020-01-11 10:00:00,88.38870571819889,97.61260555555556,0.12,0.1,0.1,-250.0,-0.0,-0.0,0.0,-9.223899837356669,0.0,0.0,-0.0
2020-01-11 11:00:00,90.95298781999308,106.94772424242424,0.12,0.1,0.1,-125.0,-0.0,-0.0,0.0,-15.99473642243116,0.0,0.0,-0.0
2020-01-11 12:00:00,94.03383892946928,99.25064948717949,0.12,0.1,0.1,0.0,0.0,0.0,-0.0,-5.216810557710204,0.0,0.0,-0.0
2020-01-11 13:00:00,85.86058728199775,50.07235083333333,0.12,0.1,0.1,-250.0,-0.0,-0.0,0.0,35.78823644866442,4.29458837383973,0.0,-4.29458837383973
2020-01-11 14:00:00,84.80226365178633,52.7347196969697,0.12,0.1,0.1,-125.0,-0.0,-0.0,0.0,32.067543954816635,3.8481052745779962,0.0,-3.8481052745779962
2020-01-11 15:00:00,85.39634706423664,38.61632294871795,0.12,0.1,0.1,-125.0,-0.0,-0.0,0.0,46.780024115518685,5.613602893862242,0.0,-5.613602893862242
2020-01-11 16:00:00,79.26127910080551,9.092273204828661,0.12,0.1,0.3375,125.0,125.0,125.0,0.0,195.16900589597685,23.42028070751722,4.75,-28.17028070751722
2020-01-11 17:00:00,78.042383929314,0.8698177286887567,0.12,0.3375,0.1,-125.0,-112.81250000000001,0.0,112.81250000000001,-35.639933799374774,0.0,4.75,-4.75
2020-01-11 18:00:00,76.4670290677322,0.0,0.12,0.1,0.1,-125.0,-0.0,-0.0,0.0,76.4670290677322,9.176043488127863,0.0,-9.176043488127863
2020-01-11 19:00:00,78.04072269729524,0.0,0.12,0.1,0.1,-250.0,-0.0,-0.0,0.0,78.04072269729524,9.364886723675427,0.0,-9.364886723675427
2020-01-11 20:00:00,78.88159870802009,0.0,0.12,0.1,0.1,-250.0,-0.0,-0.0,0.0,78.88159870802009,9.46579184496241,0.0,-9.46579184496241
2020-01-11 21:00:00,79.41294339271745,0.0,0.12,0.1,0.3375,125.0,125.0,125.0,0.0,204.41294339271747,24.529553207126096,4.75,-29.279553207126096
2020-01-11 22:00:00,78.6802209188575,0.0,0.12,0.3375,0.575,125.0,125.0,125.0,0.0,203.68022091885751,24.4416265102629,4.749999999999998,-29.1916265102629
2020-01-11 23:00:00,77.40478213115033,0.0,0.12,0.575,0.31184210526315786,-125.0,-125.0,0.0,125.0,-47.59521786884967,0.0,5.263157894736842,-5.263157894736842
2020-01-12 00:00:00,77.9239778455713,0.0,0.12,0.31184210526315786,0.31184210526315786,0.0,0.0,0.0,-0.0,77.9239778455713,9.350877341468555,0.0,-9.350877341468555
2020-01-12 01:00:00,77.82401463138997,0.0,0.12,0.31184210526315786,0.7868421052631578,250.0,250.0,250.0,0.0,327.82401463138996,39.33888175576679,9.499999999999998,-48.83888175576679
2020-01-12 02:00:00,78.61696462885848,0.0,0.12,0.7868421052631578,0.7868421052631578,0.0,0.0,0.0,-0.0,78.61696462885848,9.434035755463018,0.0,-9.434035755463018
2020-01-12 03:00:00,77.58858060515095,0.0,0.12,0.7868421052631578,0.7868421052631578,0.0,0.0,0.0,-0.0,77.58858060515095,9.310629672618115,0.0,-9.310629672618115
2020-01-12 04:00:00,76.68984038790637,0.0,0.12,0.7868421052631578,0.9,250.0,59.55678670360118,59.55678670360118,0.0,136.24662709150755,16.349595250980904,2.2631578947368447,-18.61275314571775
2020-01-12 05:00:00,78.03568049715396,0.0,0.12,0.9,0.6368421052631579,-125.0,-125.0,0.0,125.0,-46.96431950284604,0.0,5.2631578947368425,-5.2631578947368425
2020-01-12 06:00:00,78.6003634204616,0.0,0.12,0.6368421052631579,0.6368421052631579,0.0,0.0,0.0,-0.0,78.6003634204616,9.432043610455393,0.0,-9.432043610455393
2020-01-12 07:00:00,77.6561863183213,2.5959143159397713,0.12,0.6368421052631579,0.3736842105263158,-125.0,-125.0,0.0,125.0,-49.93972799761846,0.0,5.263157894736842,-5.263157894736842
2020-01-12 08:00:00,74.23376994586452,16.03276181818182,0.12,0.3736842105263158,0.1105263157894737,-125.0,-125.0,0.0,125.0,-66.7989918723173,0.0,5.263157894736842,-5.263157894736842
2020-01-12 09:00:00,76.90097630856896,29.51465205128205,0.12,0.1105263157894737,0.1,-250.0,-5.000000000000002,0.0,5.000000000000002,42.38632425728691,5.086358910874429,0.21052631578947378,-5.296885226663902
2020-01-12 10:00:00,82.55263795697975,63.60442722222223,0.12,0.1,0.1,-250.0,-0.0,-0.0,0.0,18.948210734757524,2.273785288170903,0.0,-2.273785288170903
2020-01-12 11:00:00,82.26412736032326,85.47390151515152,0.12,0.1,0.1,-125.0,-0.0,-0.0,0.0,-3.209774154828267,0.0,0.0,-0.0
2020-01-12 12:00:00,77.33429758002373,40.91817999999999,0.12,0.1,0.1,0.0,0.0,0.0,-0.0,36.41611758002374,4.369934109602848,0.0,-4.369934109602848
2020-01-12 13:00:00,71.93093746264289,52.27325138888889,0.12,0.1,0.1,-250.0,-0.0,-0.0,0.0,19.657686073754,2.35892232885048,0.0,-2.35892232885048
2020-01-12 14:00:00,79.4156824578617,77.11201363636364,0.12,0.1,0.1,-125.0,-0.0,-0.0,0.0,2.3036688214980643,0.27644025857976773,0.0,-0.27644025857976773
2020-01-12 15:00:00,75.8420441052123,43.166658461538454,0.12,0.1,0.1,0.0,0.0,0.0,-0.0,32.67538564367384,3.921046277240861,0.0,-3.921046277240861
2020-01-12 16:00:00,72.800972233873,9.370235944963655,0.12,0.1,0.3375,125.0,125.0,125.0,0.0,188.43073628890934,22.61168835466912,4.75,-27.36168835466912
2020-01-12 17:00:00,72.09736012539787,0.05347776833758142,0.12,0.3375,0.575,125.0,125.0,125.0,0.0,197.04388235706028,23.645265882847234,4.749999999999998,-28.395265882847234
2020-01-12 18:00:00,77.46675642457429,0.0,0.12,0.575,0.575,0.0,0.0,0.0,-0.0,77.46675642457429,9.296010770948914,0.0,-9.296010770948914
2020-01-12 19:00:00,77.74532064002103,0.0,0.12,0.575,0.575,0.0,0.0,0.0,-0.0,77.74532064002103,9.329438476802524,0.0,-9.329438476802524
2020-01-12 20:00:00,74.95954631146786,0.0,0.12,0.575,0.575,0.0,0.0,0.0,-0.0,74.95954631146786,8.995145557376143,0.0,-8.995145557376143
2020-01-12 21:00:00,74.35366836940683,0.0,0.12,0.575,0.1,-250.0,-225.625,0.0,225.625,-151.27133163059318,0.0,9.5,-9.5
2020-01-12 22:00:00,75.69302229656363,0.0,0.12,0.1,0.1,-250.0,-0.0,-0.0,0.0,75.69302229656363,9.083162675587635,0.0,-9.083162675587635
2020-01-12 23:00:00,74.9665707832599,0.0,0.12,0.1,0.1,-250.0,-0.0,-0.0,0.0,74.9665707832599,8.995988493991188,0.0,-8.995988493991188
2020-01-13 00:00:00,74.4830382931105,0.0,0.1,0.1,0.1,-250.0,-0.0,-0.0,0.0,74.4830382931105,7.44830382931105,0.0,-7.44830382931105
2020-01-13 01:00:00,72.65139433412477,0.0,0.1,0.1,0.575,250.0,250.0,250.0,0.0,322.6513943341248,32.26513943341248,9.5,-41.76513943341248
2020-01-13 02:00:00,73.66267044309828,0.0,0.1,0.575,0.1,-250.0,-225.625,0.0,225.625,-151.96232955690172,0.0,9.5,-9.5
2020-01-13 03:00:00,73.8088959773119,0.0,0.1,0.1,0.1,-125.0,-0.0,-0.0,0.0,73.8088959773119,7.380889597731191,0.0,-7.380889597731191
2020-01-13 04:00:00,73.36616366662889,0.0,0.1,0.1,0.3375,125.0,125.0,125.0,0.0,198.3661636666289,19.83661636666289,4.75,-24.58661636666289
2020-01-13 05:00:00,73.05673626971146,0.0,0.1,0.3375,0.1,-125.0,-112.81250000000001,0.0,112.81250000000001,-39.75576373028855,0.0,4.75,-4.75
2020-01-13 06:00:00,73.2174947995925,0.0,0.1,0.1,0.1,-250.0,-0.0,-0.0,0.0,73.2174947995925,7.321749479959251,0.0,-7.321749479959251
2020-01-13 07:00:00,85.28854886808054,5.043326205867082,0.18,0.1,0.1,-250.0,-0.0,-0.0,0.0,80.24522266221345,14.444140079198421,0.0,-14.444140079198421
2020-01-13 08:00:00,87.68802089426148,41.588844242424244,0.18,0.1,0.3375,125.0,125.0,125.0,0.0,171.09917665183724,30.7978517973307,4.75,-35.5478517973307
2020-01-13 09:00:00,85.98233796029272,77.30732692307691,0.18,0.3375,0.3375,0.0,0.0,0.0,-0.0,8.67501103721581,1.5615019866988458,0.0,-1.5615019866988458
2020-01-13 10:00:00,78.59838397426091,99.09807083333334,0.18,0.3375,0.3375,0.0,0.0,0.0,-0.0,-20.499686859072426,0.0,0.0,-0.0
2020-01-13 11:00:00,87.59859975710154,109.18726666666666,0.18,0.3375,0.1,-250.0,-112.81250000000001,0.0,112.81250000000001,-134.40116690956512,0.0,4.75,-4.75
2020-01-13 12:00:00,87.57913080954485,108.44677692307692,0.18,0.1,0.1,-250.0,-0.0,-0.0,0.0,-20.867646113532075,0.0,0.0,-0.0
2020-01-13 13:00:00,118.46549417869215,83.99699833333334,0.18,0.1,0.1,0.0,0.0,0.0,-0.0,34.46849584535882,6.2043292521645865,0.0,-6.2043292521645865
2020-01-13 14:00:00,81.23007288575496,51.59760545454546,0.18,0.1,0.575,250.0,250.0,250.0,0.0,279.63246743120953,50.33384413761772,9.5,-59.83384413761772
2020-01-13 15:00:00,112.19712223167888,33.30260551282051,0.18,0.575,0.575,0.0,0.0,0.0,-0.0,78.89451671885837,14.201013009394506,0.0,-14.201013009394506
2020-01-13 16:00:00,72.57045147024498,3.290633005581516,0.32,0.575,0.575,0.0,0.0,0.0,-0.0,69.27981846466346,22.16954190869231,0.0,-22.16954190869231
2020-01-13 17:00:00,72.91355337790807,0.027901444350042482,0.32,0.575,0.1,-250.0,-225.625,0.0,225.625,-152.73934806644195,0.0,9.5,-9.5
2020-01-13 18:00:00,72.35444362215677,0.0,0.32,0.1,0.3375,125.0,125.0,125.0,0.0,197.35444362215677,63.15342195909017,4.75,-67.90342195909017
2020-01-13 19:00:00,73.72054582037627,0.0,0.32,0.3375,0.1,-250.0,-112.81250000000001,0.0,112.81250000000001,-39.09195417962374,0.0,4.75,-4.75
2020-01-13 20:00:00,73.75113562863875,0.0,0.32,0.1,0.1,0.0,0.0,0.0,-0.0,73.75113562863875,23.6003634011644,0.0,-23.6003634011644
2020-01-13 21:00:00,70.37662954398189,0.0,0.32,0.1,0.1,-125.0,-0.0,-0.0,0.0,70.37662954398189,22.520521454074206,0.0,-22.520521454074206
2020-01-13 22:00:00,67.8815698461518,0.0,0.1,0.1,0.1,0.0,0.0,0.0,-0.0,67.8815698461518,6.788156984615181,0.0,-6.788156984615181
2020-01-13 23:00:00,64.91146354545117,0.0,0.1,0.1,0.1,-250.0,-0.0,-0.0,0.0,64.91146354545117,6.491146354545117,0.0,-6.491146354545117
2020-01-14 00:00:00,66.37136035172465,0.0,0.1,0.1,0.1,-250.0,-0.0,-0.0,0.0,66.37136035172465,6.637136035172465,0.0,-6.637136035172465
2020-01-14 01:00:00,66.8498871617725,0.0,0.1,0.1,0.575,250.0,250.0,250.0,0.0,316.8498871617725,31.684988716177248,9.5,-41.184988716177244
2020-01-14 02:00:00,67.68372999108436,0.0,0.1,0.575,0.1,-250.0,-225.625,0.0,225.625,-157.94127000891564,0.0,9.5,-9.5
2020-01-14 03:00:00,66.29623990027939,0.0,0.1,0.1,0.1,-125.0,-0.0,-0.0,0.0,66.29623990027939,6.629623990027939,0.0,-6.629623990027939
2020-01-14 04:00:00,68.0977744772096,0.0,0.1,0.1,0.1,-250.0,-0.0,-0.0,0.0,68.0977744772096,6.80977744772096,0.0,-6.80977744772096
2020-01-14 05:00:00,71.98383305485979,0.0,0.1,0.1,0.3375,125.0,125.0,125.0,0.0,196.9838330548598,19.69838330548598,4.75,-24.44838330548598
2020-01-14 06:00:00,69.81029199259557,0.0,0.1,0.3375,0.1,-250.0,-112.81250000000001,0.0,112.81250000000001,-43.00220800740445,0.0,4.75,-4.75
2020-01-14 07:00:00,71.49913078666071,7.166702023624091,0.18,0.1,0.1,-250.0,-0.0,-0.0,0.0,64.33242876303662,11.57983717734659,0.0,-11.57983717734659
2020-01-14 08:00:00,75.2367073339699,31.924343181818184,0.18,0.1,0.1,0.0,0.0,0.0,-0.0,43.312364152151716,7.7962255473873086,0.0,-7.7962255473873086
2020-01-14 09:00:00,87.74243305647641,52.14220782051281,0.18,0.1,0.1,-125.0,-0.0,-0.0,0.0,35.600225235963606,6.408040542473449,0.0,-6.408040542473449
2020-01-14 10:00:00,86.7202757210353,75.64388333333333,0.18,0.1,0.1,-250.0,-0.0,-0.0,0.0,11.076392387701972,1.993750629786355,0.0,-1.993750629786355
2020-01-14 11:00:00,87.86657631666543,84.86833636363636,0.18,0.1,0.575,250.0,250.0,250.0,0.0,252.99823995302907,45.53968319154523,9.5,-55.03968319154523
2020-01-14 12:00:00,86.91747859839622,99.86393461538462,0.18,0.575,0.31184210526315786,-125.0,-125.0,0.0,125.0,-137.9464560169884,0.0,5.263157894736842,-5.263157894736842
2020-01-14 13:00:00,88.05150976654312,94.49116666666667,0.18,0.31184210526315786,0.31184210526315786,0.0,0.0,0.0,-0.0,-6.439656900123552,0.0,0.0,-0.0
2020-01-14 14:00:00,106.55618136941074,72.39950454545455,0.18,0.31184210526315786,0.1,-250.0,-100.62499999999999,0.0,100.62499999999999,-66.4683231760438,0.0,4.2368421052631575,-4.2368421052631575
2020-01-14 15:00:00,88.92902219688237,50.92667243589744,0.18,0.1,0.3375,125.0,125.0,125.0,0.0,163.00234976098494,29.34042295697729,4.75,-34.09042295697729
2020-01-14 16:00:00,84.48113024136892,13.797841944444444,0.32,0.3375,0.8125,250.0,250.0,250.0,0.0,320.6832882969245,102.61865225501585,9.5,-112.11865225501585
2020-01-14 17:00:00,78.7926835020405,0.2877570093457944,0.32,0.8125,0.549342105263158,-125.0,-125.0,0.0,125.0,-46.49507350730529,0.0,5.263157894736841,-5.263157894736841
2020-01-14 18:00:00,78.32130676578323,0.0,0.32,0.549342105263158,0.2861842105263159,-125.0,-125.0,0.0,125.0,-46.678693234216766,0.0,5.263157894736842,-5.263157894736842
2020-01-14 19:00:00,80.34481585353572,0.0,0.32,0.2861842105263159,0.2861842105263159,0.0,0.0,0.0,-0.0,80.34481585353572,25.71034107313143,0.0,-25.71034107313143
2020-01-14 20:00:00,78.83905619400349,0.0,0.32,0.2861842105263159,0.10000000000000003,-250.0,-88.43750000000003,0.0,88.43750000000003,-9.598443805996538,0.0,3.723684210526317,-3.723684210526317
2020-01-14 21:00:00,76.12203538758284,0.0,0.32,0.10000000000000003,0.1,-125.0,-1.3183898417423734e-14,0.0,1.3183898417423734e-14,76.12203538758283,24.359051324026506,5.551115123125783e-16,-24.359051324026506
2020-01-14 22:00:00,75.65785524407333,0.0,0.1,0.1,0.1,0.0,0.0,0.0,-0.0,75.65785524407333,7.5657855244073335,0.0,-7.5657855244073335
2020-01-14 23:00:00,75.69206176059377,0.0,0.1,0.1,0.1,-250.0,-0.0,-0.0,0.0,75.69206176059377,7.569206176059378,0.0,-7.569206176059378
2020-01-15 00:00:00,74.94881185059228,0.0,0.1,0.1,0.1,-250.0,-0.0,-0.0,0.0,74.94881185059228,7.494881185059228,0.0,-7.494881185059228
2020-01-15 01:00:00,74.6641056344619,0.0,0.1,0.1,0.575,250.0,250.0,250.0,0.0,324.6641056344619,32.466410563446196,9.5,-41.966410563446196
2020-01-15 02:00:00,76.8288085541409,0.0,0.1,0.575,0.1,-250.0,-225.625,0.0,225.625,-148.7961914458591,0.0,9.5,-9.5
2020-01-15 03:00:00,75.73264583455423,0.0,0.1,0.1,0.1,-125.0,-0.0,-0.0,0.0,75.73264583455423,7.5732645834554235,0.0,-7.5732645834554235
2020-01-15 04:00:00,76.39226895078606,0.0,0.1,0.1,0.3375,125.0,125.0,125.0,0.0,201.39226895078605,20.139226895078608,4.75,-24.889226895078608
2020-01-15 05:00:00,77.51826563374692,0.0,0.1,0.3375,0.1,-125.0,-112.81250000000001,0.0,112.81250000000001,-35.29423436625309,0.0,4.75,-4.75
2020-01-15 06:00:00,77.11980875792143,0.0,0.1,0.1,0.1,-250.0,-0.0,-0.0,0.0,77.11980875792143,7.711980875792143,0.0,-7.711980875792143
2020-01-15 07:00:00,79.39128500354566,3.220303968068535,0.18,0.1,0.1,-250.0,-0.0,-0.0,0.0,76.17098103547713,13.710776586385883,0.0,-13.710776586385883
2020-01-15 08:00:00,79.66863928344837,15.392858636363634,0.18,0.1,0.3375,125.0,125.0,125.0,0.0,189.27578064708473,34.06964051647525,4.75,-38.81964051647525
2020-01-15 09:00:00,85.01649509863047,53.8582958974359,0.18,0.3375,0.3375,0.0,0.0,0.0,-0.0,31.15819920119457,5.608475856215023,0.0,-5.608475856215023
2020-01-15 10:00:00,84.87661270523559,88.85722916666667,0.18,0.3375,0.3375,0.0,0.0,0.0,-0.0,-3.980616461431083,0.0,0.0,-0.0
2020-01-15 11:00:00,89.44125236892987,75.10176818181819,0.18,0.3375,0.1,-250.0,-112.81250000000001,0.0,112.81250000000001,-98.47301581288833,0.0,4.75,-4.75
2020-01-15 12:00:00,87.62220223159756,70.86497948717948,0.18,0.1,0.1,-250.0,-0.0,-0.0,0.0,16.757222744418073,3.016300093995253,0.0,-3.016300093995253
2020-01-15 13:00:00,89.65963590267528,58.59730416666667,0.18,0.1,0.1,0.0,0.0,0.0,-0.0,31.06233173600861,5.591219712481549,0.0,-5.591219712481549
2020-01-15 14:00:00,91.8683181720636,35.406991363636365,0.18,0.1,0.575,250.0,250.0,250.0,0.0,306.4613268084272,55.16303882551689,9.5,-64.66303882551689
2020-01-15 15:00:00,97.46803067641594,21.560185705128205,0.18,0.575,0.31184210526315786,-125.0,-125.0,0.0,125.0,-49.09215502871227,0.0,5.263157894736842,-5.263157894736842
2020-01-15 16:00:00,89.92982690417604,10.88269013888889,0.32,0.31184210526315786,0.7868421052631578,250.0,250.0,250.0,0.0,329.0471367652872,105.2950837648919,9.499999999999998,-114.7950837648919
2020-01-15 17:00:00,82.44051088991232,0.2207306711979609,0.32,0.7868421052631578,0.5236842105263158,-125.0,-125.0,0.0,125.0,-42.78021978128564,0.0,5.263157894736841,-5.263157894736841
2020-01-15 18:00:00,77.1173490770224,0.0,0.32,0.5236842105263158,0.5236842105263158,0.0,0.0,0.0,-0.0,77.1173490770224,24.67755170464717,0.0,-24.67755170464717
2020-01-15 19:00:00,79.83808846082745,0.0,0.32,0.5236842105263158,0.1,-250.0,-201.25,0.0,201.25,-121.41191153917255,0.0,8.473684210526315,-8.473684210526315
2020-01-15 20:00:00,79.29002400003827,0.0,0.32,0.1,0.1,0.0,0.0,0.0,-0.0,79.29002400003827,25.372807680012247,0.0,-25.372807680012247
2020-01-15 21:00:00,76.79302928169945,0.0,0.32,0.1,0.1,-250.0,-0.0,-0.0,0.0,76.79302928169945,24.573769370143822,0.0,-24.573769370143822
2020-01-15 22:00:00,75.49264302180353,0.0,0.1,0.1,0.1,-250.0,-0.0,-0.0,0.0,75.49264302180353,7.549264302180354,0.0,-7.549264302180354
2020-01-15 23:00:00,74.6884730835012,0.0,0.1,0.1,0.1,-250.0,-0.0,-0.0,0.0,74.6884730835012,7.46884730835012,0.0,-7.46884730835012
2020-01-16 00:00:00,75.59046245162938,0.0,0.1,0.1,0.1,-250.0,-0.0,-0.0,0.0,75.59046245162938,7.559046245162938,0.0,-7.559046245162938
2020-01-16 01:00:00,74.0937363459056,0.0,0.1,0.1,0.575,250.0,250.0,250.0,0.0,324.0937363459056,32.40937363459056,9.5,-41.90937363459056
2020-01-16 02:00:00,74.33253264758038,0.0,0.1,0.575,0.1,-250.0,-225.625,0.0,225.625,-151.29246735241964,0.0,9.5,-9.5
2020-01-16 03:00:00,73.4965582512767,0.0,0.1,0.1,0.1,-125.0,-0.0,-0.0,0.0,73.4965582512767,7.34965582512767,0.0,-7.34965582512767
2020-01-16 04:00:00,74.01683789027221,0.0,0.1,0.1,0.3375,125.0,125.0,125.0,0.0,199.0168378902722,19.90168378902722,4.75,-24.65168378902722
2020-01-16 05:00:00,73.52017786324686,0.0,0.1,0.3375,0.1,-125.0,-112.81250000000001,0.0,112.81250000000001,-39.29232213675316,0.0,4.75,-4.75
2020-01-16 06:00:00,78.79527517551203,0.0,0.1,0.1,0.1,-250.0,-0.0,-0.0,0.0,78.79527517551203,7.879527517551203,0.0,-7.879527517551203
2020-01-16 07:00:00,83.7759271581131,0.820032554517134,0.18,0.1,0.1,-250.0,-0.0,-0.0,0.0,82.95589460359597,14.932061028647274,0.0,-14.932061028647274
2020-01-16 08:00:00,83.8758240326791,4.390346212121213,0.18,0.1,0.3375,125.0,125.0,125.0,0.0,204.4854778205579,36.807386007700416,4.75,-41.557386007700416
2020-01-16 09:00:00,88.45906098856689,4.2198717948717945,0.18,0.3375,0.3375,0.0,0.0,0.0,-0.0,84.2391891936951,15.163054054865118,0.0,-15.163054054865118
2020-01-16 10:00:00,90.57866549925852,2.9657354166666665,0.18,0.3375,0.1,-250.0,-112.81250000000001,0.0,112.81250000000001,-25.199569917408155,0.0,4.75,-4.75
2020-01-16 11:00:00,85.95487796594777,4.368503030303031,0.18,0.1,0.1,0.0,0.0,0.0,-0.0,81.58637493564474,14.685547488416052,0.0,-14.685547488416052
2020-01-16 12:00:00,82.70427269924849,12.908374487179488,0.18,0.1,0.1,-125.0,-0.0,-0.0,0.0,69.795898212069,12.56326167817242,0.0,-12.56326167817242
2020-01-16 13:00:00,87.65867115122474,20.41005986111111,0.18,0.1,0.1,0.0,0.0,0.0,-0.0,67.24861129011363,12.104750032220453,0.0,-12.104750032220453
2020-01-16 14:00:00,84.1851148867042,26.511333636363634,0.18,0.1,0.1,-250.0,-0.0,-0.0,0.0,57.67378125034057,10.381280625061303,0.0,-10.381280625061303
2020-01-16 15:00:00,88.539406996483,42.349829487179484,0.18,0.1,0.1,-250.0,-0.0,-0.0,0.0,46.18957750930351,8.314123951674631,0.0,-8.314123951674631
2020-01-16 16:00:00,83.45932511807548,11.184755554257528,0.32,0.1,0.1,-125.0,-0.0,-0.0,0.0,72.27456956381795,23.127862260421743,0.0,-23.127862260421743
2020-01-16 17:00:00,80.21539481522642,0.23716227697536107,0.32,0.1,0.1,0.0,0.0,0.0,-0.0,79.97823253825106,25.593034412240343,0.0,-25.593034412240343
2020-01-16 18:00:00,81.3322322679991,0.0,0.32,0.1,0.1,0.0,0.0,0.0,-0.0,81.3322322679991,26.026314325759714,0.0,-26.026314325759714
2020-01-16 19:00:00,82.77992333821867,0.0,0.32,0.1,0.1,0.0,0.0,0.0,-0.0,82.77992333821867,26.489575468229972,0.0,-26.489575468229972
2020-01-16 20:00:00,77.20404163180002,0.0,0.32,0.1,0.1,0.0,0.0,0.0,-0.0,77.20404163180002,24.705293322176008,0.0,-24.705293322176008
2020-01-16 21:00:00,77.38843302257231,0.0,0.32,0.1,0.1,-250.0,-0.0,-0.0,0.0,77.38843302257231,24.76429856722314,0.0,-24.76429856722314
2020-01-16 22:00:00,75.52359649314135,0.0,0.1,0.1,0.1,-250.0,-0.0,-0.0,0.0,75.52359649314135,7.552359649314136,0.0,-7.552359649314136
2020-01-16 23:00:00,74.08447617864459,0.0,0.1,0.1,0.1,-250.0,-0.0,-0.0,0.0,74.08447617864459,7.40844761786446,0.0,-7.40844761786446
2020-01-17 00:00:00,74.38672946355926,0.0,0.1,0.1,0.1,-250.0,-0.0,-0.0,0.0,74.38672946355926,7.4386729463559265,0.0,-7.4386729463559265
2020-01-17 01:00:00,74.98291069506882,0.0,0.1,0.1,0.575,250.0,250.0,250.0,0.0,324.9829106950688,32.498291069506884,9.5,-41.998291069506884
2020-01-17 02:00:00,76.15077199163842,0.0,0.1,0.575,0.1,-250.0,-225.625,0.0,225.625,-149.4742280083616,0.0,9.5,-9.5
2020-01-17 03:00:00,76.26836019253824,0.0,0.1,0.1,0.1,-125.0,-0.0,-0.0,0.0,76.26836019253824,7.626836019253824,0.0,-7.626836019253824
2020-01-17 04:00:00,74.79539484625472,0.0,0.1,0.1,0.1,-125.0,-0.0,-0.0,0.0,74.79539484625472,7.479539484625473,0.0,-7.479539484625473
2020-01-17 05:00:00,77.82230615987649,0.0,0.1,0.1,0.1,-250.0,-0.0,-0.0,0.0,77.82230615987649,7.7822306159876495,0.0,-7.7822306159876495
2020-01-17 06:00:00,78.54229997218934,0.0,0.1,0.1,0.1,0.0,0.0,0.0,-0.0,78.54229997218934,7.854229997218934,0.0,-7.854229997218934
2020-01-17 07:00:00,84.93625894804133,1.5996158099688473,0.18,0.1,0.3375,125.0,125.0,125.0,0.0,208.33664313807247,37.500595764853045,4.75,-42.250595764853045
2020-01-17 08:00:00,86.18058556555405,7.431559696969697,0.18,0.3375,0.8125,250.0,250.0,250.0,0.0,328.74902586858434,59.17482465634518,9.5,-68.67482465634518
2020-01-17 09:00:00,83.31392997270642,17.410264615384616,0.18,0.8125,0.9,125.0,46.052631578947384,46.052631578947384,0.0,111.95629693626918,20.152133448528453,1.7500000000000004,-21.902133448528453
2020-01-17 10:00:00,85.77757254949289,30.077567222222218,0.18,0.9,0.6368421052631579,-125.0,-125.0,0.0,125.0,-69.29999467272933,0.0,5.2631578947368425,-5.2631578947368425
2020-01-17 11:00:00,86.48163008620958,36.098550151515155,0.18,0.6368421052631579,0.1105263157894737,-250.0,-250.0,0.0,250.0,-199.61692006530558,0.0,10.526315789473683,-10.526315789473683
2020-01-17 12:00:00,83.81942650604543,45.293438461538464,0.18,0.1105263157894737,0.1,-125.0,-5.000000000000002,0.0,5.000000000000002,33.52598804450697,6.0346778480112535,0.21052631578947378,-6.245204163800727
2020-01-17 13:00:00,81.80991427266355,61.9236298611111,0.18,0.1,0.1,0.0,0.0,0.0,-0.0,19.886284411552445,3.57953119407944,0.0,-3.57953119407944
2020-01-17 14:00:00,84.94222654808908,69.17532272727273,0.18,0.1,0.575,250.0,250.0,250.0,0.0,265.76690382081637,47.83804268774694,9.5,-57.33804268774694
2020-01-17 15:00:00,82.85167360822895,33.32629602564103,0.18,0.575,0.575,0.0,0.0,0.0,-0.0,49.52537758258792,8.914567964865826,0.0,-8.914567964865826
2020-01-17 16:00:00,80.48697196935417,9.719193888888888,0.32,0.575,0.575,0.0,0.0,0.0,-0.0,70.76777808046529,22.645688985748894,0.0,-22.645688985748894
2020-01-17 17:00:00,77.65397536678027,0.13020674030019827,0.32,0.575,0.31184210526315786,-125.0,-125.0,0.0,125.0,-47.47623137351992,0.0,5.263157894736842,-5.263157894736842
2020-01-17 18:00:00,76.13637528283684,0.0,0.32,0.31184210526315786,0.1,-250.0,-100.62499999999999,0.0,100.62499999999999,-24.488624717163148,0.0,4.2368421052631575,-4.2368421052631575
2020-01-17 19:00:00,78.97112349664226,0.0,0.32,0.1,0.1,0.0,0.0,0.0,-0.0,78.97112349664226,25.270759518925527,0.0,-25.270759518925527
2020-01-17 20:00:00,78.88734544961858,0.0,0.32,0.1,0.1,0.0,0.0,0.0,-0.0,78.88734544961858,25.243950543877947,0.0,-25.243950543877947
2020-01-17 21:00:00,77.33209469706448,0.0,0.32,0.1,0.1,-250.0,-0.0,-0.0,0.0,77.33209469706448,24.746270303060633,0.0,-24.746270303060633
2020-01-17 22:00:00,73.19287986784882,0.0,0.1,0.1,0.1,-250.0,-0.0,-0.0,0.0,73.19287986784882,7.319287986784882,0.0,-7.319287986784882
2020-01-17 23:00:00,75.64017998238329,0.0,0.1,0.1,0.1,-250.0,-0.0,-0.0,0.0,75.64017998238329,7.564017998238329,0.0,-7.564017998238329
2020-01-18 00:00:00,73.96099843828011,0.0,0.12,0.1,0.1,0.0,0.0,0.0,-0.0,73.96099843828011,8.875319812593613,0.0,-8.875319812593613
2020-01-18 01:00:00,74.80571125423606,0.0,0.12,0.1,0.1,-250.0,-0.0,-0.0,0.0,74.80571125423606,8.976685350508326,0.0,-8.976685350508326
2020-01-18 02:00:00,72.15812320634922,0.0,0.12,0.1,0.1,0.0,0.0,0.0,-0.0,72.15812320634922,8.658974784761906,0.0,-8.658974784761906
2020-01-18 03:00:00,73.83284790111826,0.0,0.12,0.1,0.1,0.0,0.0,0.0,-0.0,73.83284790111826,8.85994174813419,0.0,-8.85994174813419
2020-01-18 04:00:00,74.54407209783069,0.0,0.12,0.1,0.1,0.0,0.0,0.0,-0.0,74.54407209783069,8.945288651739682,0.0,-8.945288651739682
2020-01-18 05:00:00,74.8918154655234,0.0,0.12,0.1,0.3375,125.0,125.0,125.0,0.0,199.8918154655234,23.987017855862806,4.75,-28.737017855862806
2020-01-18 06:00:00,74.02014633612416,0.0,0.12,0.3375,0.3375,0.0,0.0,0.0,-0.0,74.02014633612416,8.882417560334899,0.0,-8.882417560334899
2020-01-18 07:00:00,71.29522143487458,4.603710555555556,0.12,0.3375,0.1,-125.0,-112.81250000000001,0.0,112.81250000000001,-46.12098912068099,0.0,4.75,-4.75
2020-01-18 08:00:00,76.38168751409758,41.569327575757576,0.12,0.1,0.1,0.0,0.0,0.0,-0.0,34.81235993834,4.1774831926008,0.0,-4.1774831926008
2020-01-18 09:00:00,60.366116338554214,78.9743435897436,0.12,0.1,0.1,-125.0,-0.0,-0.0,0.0,-18.608227251189383,0.0,0.0,-0.0
2020-01-18 10:00:00,45.17690172352071,78.11010416666666,0.12,0.1,0.1,-250.0,-0.0,-0.0,0.0,-32.93320244314595,0.0,0.0,-0.0
2020-01-18 11:00:00,44.223414195285564,92.40082272727273,0.12,0.1,0.1,-125.0,-0.0,-0.0,0.0,-48.17740853198716,0.0,0.0,-0.0
2020-01-18 12:00:00,61.72908297851672,101.11050769230769,0.12,0.1,0.1,0.0,0.0,0.0,-0.0,-39.38142471379097,0.0,0.0,-0.0
2020-01-18 13:00:00,65.57076338143953,101.50616163194445,0.12,0.1,0.1,-250.0,-0.0,-0.0,0.0,-35.93539825050492,0.0,0.0,-0.0
2020-01-18 14:00:00,68.66217035483504,63.73257305871211,0.12,0.1,0.1,0.0,0.0,0.0,-0.0,4.929597296122928,0.5915516755347514,0.0,-0.5915516755347514
2020-01-18 15:00:00,67.5255939550108,30.388260384615386,0.12,0.1,0.1,0.0,0.0,0.0,-0.0,37.13733357039542,4.456480028447451,0.0,-4.456480028447451
2020-01-18 16:00:00,78.05329711069963,8.162753888888888,0.12,0.1,0.3375,125.0,125.0,125.0,0.0,194.89054322181073,23.386865186617285,4.75,-28.136865186617285
2020-01-18 17:00:00,77.15272316703658,0.13956103086944208,0.12,0.3375,0.3375,0.0,0.0,0.0,-0.0,77.01316213616714,9.241579456340057,0.0,-9.241579456340057
2020-01-18 18:00:00,77.21995567474879,0.0,0.12,0.3375,0.1,-125.0,-112.81250000000001,0.0,112.81250000000001,-35.592544325251225,0.0,4.75,-4.75
2020-01-18 19:00:00,76.31514782871035,0.0,0.12,0.1,0.1,-250.0,-0.0,-0.0,0.0,76.31514782871035,9.157817739445242,0.0,-9.157817739445242
2020-01-18 20:00:00,74.8994701404656,0.0,0.12,0.1,0.1,-250.0,-0.0,-0.0,0.0,74.8994701404656,8.987936416855872,0.0,-8.987936416855872
2020-01-18 21:00:00,77.95300521017444,0.0,0.12,0.1,0.3375,125.0,125.0,125.0,0.0,202.95300521017444,24.35436062522093,4.75,-29.10436062522093
2020-01-18 22:00:00,77.59662109649611,0.0,0.12,0.3375,0.575,125.0,125.0,125.0,0.0,202.5966210964961,24.311594531579534,4.749999999999998,-29.06159453157953
2020-01-18 23:00:00,77.1006401931402,0.0,0.12,0.575,0.8125,125.0,125.0,125.0,0.0,202.10064019314018,24.25207682317682,4.750000000000001,-29.00207682317682
2020-01-19 00:00:00,74.6535362970363,0.0,0.12,0.8125,0.8125,0.0,0.0,0.0,-0.0,74.6535362970363,8.958424355644356,0.0,-8.958424355644356
2020-01-19 01:00:00,76.02283638583638,0.0,0.12,0.8125,0.9,125.0,46.052631578947384,46.052631578947384,0.0,122.07546796478377,14.649056155774051,1.7500000000000004,-16.39905615577405
2020-01-19 02:00:00,76.33077951139771,0.0,0.12,0.9,0.6368421052631579,-125.0,-125.0,0.0,125.0,-48.66922048860229,0.0,5.2631578947368425,-5.2631578947368425
2020-01-19 03:00:00,76.81753939895574,0.0,0.12,0.6368421052631579,0.6368421052631579,0.0,0.0,0.0,-0.0,76.81753939895574,9.218104727874689,0.0,-9.218104727874689
2020-01-19 04:00:00,73.20217314907316,0.0,0.12,0.6368421052631579,0.6368421052631579,0.0,0.0,0.0,-0.0,73.20217314907316,8.784260777888779,0.0,-8.784260777888779
2020-01-19 05:00:00,75.94116365301365,0.0,0.12,0.6368421052631579,0.9,250.0,138.50415512465375,138.50415512465375,0.0,214.4453187776674,25.733438253320088,5.2631578947368425,-30.99659614805693
2020-01-19 06:00:00,75.44682810650889,0.0,0.12,0.9,0.6368421052631579,-125.0,-125.0,0.0,125.0,-49.55317189349111,0.0,5.2631578947368425,-5.2631578947368425
2020-01-19 07:00:00,74.88320763684438,1.1754321586188994,0.12,0.6368421052631579,0.3736842105263158,-125.0,-125.0,0.0,125.0,-51.29222452177453,0.0,5.263157894736842,-5.263157894736842
2020-01-19 08:00:00,74.5991656802511,6.384064848484849,0.12,0.3736842105263158,0.1105263157894737,-125.0,-125.0,0.0,125.0,-56.78489916823375,0.0,5.263157894736842,-5.263157894736842
2020-01-19 09:00:00,73.05348267836565,13.97529064102564,0.12,0.1105263157894737,0.1,-250.0,-5.000000000000002,0.0,5.000000000000002,54.07819203734002,6.489383044480801,0.21052631578947378,-6.699909360270275
2020-01-19 10:00:00,78.31674142140308,26.253005277777778,0.12,0.1,0.1,-250.0,-0.0,-0.0,0.0,52.063736143625306,6.247648337235036,0.0,-6.247648337235036
2020-01-19 11:00:00,79.55692544577671,36.85613045454546,0.12,0.1,0.1,-125.0,-0.0,-0.0,0.0,42.700794991231255,5.124095398947751,0.0,-5.124095398947751
2020-01-19 12:00:00,66.63363307842222,42.8342658974359,0.12,0.1,0.1,0.0,0.0,0.0,-0.0,23.799367180986323,2.8559240617183588,0.0,-2.8559240617183588
2020-01-19 13:00:00,70.98351304258777,48.16852652777777,0.12,0.1,0.1,-250.0,-0.0,-0.0,0.0,22.814986514810002,2.7377983817772003,0.0,-2.7377983817772003
2020-01-19 14:00:00,72.1085441159522,27.233767424242423,0.12,0.1,0.1,-125.0,-0.0,-0.0,0.0,44.874776691709776,5.384973203005173,0.0,-5.384973203005173
2020-01-19 15:00:00,74.06620925140737,12.448106666666668,0.12,0.1,0.1,0.0,0.0,0.0,-0.0,61.618102584740704,7.3941723101688845,0.0,-7.3941723101688845
2020-01-19 16:00:00,78.10070729970498,5.843890160955348,0.12,0.1,0.3375,125.0,125.0,125.0,0.0,197.25681713874962,23.670818056649953,4.75,-28.420818056649953
2020-01-19 17:00:00,76.47226147790498,0.09765505522514868,0.12,0.3375,0.575,125.0,125.0,125.0,0.0,201.37460642267985,24.16495277072158,4.749999999999998,-28.914952770721577
2020-01-19 18:00:00,77.67049836195571,0.0,0.12,0.575,0.575,0.0,0.0,0.0,-0.0,77.67049836195571,9.320459803434685,0.0,-9.320459803434685
2020-01-19 19:00:00,77.54765160177534,0.0,0.12,0.575,0.575,0.0,0.0,0.0,-0.0,77.54765160177534,9.30571819221304,0.0,-9.30571819221304
2020-01-19 20:00:00,76.51741738722686,0.0,0.12,0.575,0.575,0.0,0.0,0.0,-0.0,76.51741738722686,9.182090086467223,0.0,-9.182090086467223
2020-01-19 21:00:00,77.90662343154538,0.0,0.12,0.575,0.31184210526315786,-125.0,-125.0,0.0,125.0,-47.093376568454616,0.0,5.263157894736842,-5.263157894736842
2020-01-19 22:00:00,76.05445326873699,0.0,0.12,0.31184210526315786,0.5493421052631579,125.0,125.0,125.0,0.0,201.054453268737,24.12653439224844,4.75,-28.87653439224844
2020-01-19 23:00:00,77.29284664787032,0.0,0.12,0.5493421052631579,0.28618421052631576,-125.0,-125.0,0.0,125.0,-47.70715335212968,0.0,5.263157894736842,-5.263157894736842
2020-01-20 00:00:00,76.87417886827379,0.0,0.1,0.28618421052631576,0.28618421052631576,0.0,0.0,0.0,-0.0,76.87417886827379,7.6874178868273795,0.0,-7.6874178868273795
2020-01-20 01:00:00,75.4434381309362,0.0,0.1,0.28618421052631576,0.5236842105263158,125.0,125.0,125.0,0.0,200.44343813093622,20.044343813093622,4.75,-24.794343813093622
2020-01-20 02:00:00,74.65956473959798,0.0,0.1,0.5236842105263158,0.1,-250.0,-201.25,0.0,201.25,-126.59043526040202,0.0,8.473684210526315,-8.473684210526315
2020-01-20 03:00:00,76.15755827802967,0.0,0.1,0.1,0.1,-125.0,-0.0,-0.0,0.0,76.15755827802967,7.615755827802968,0.0,-7.615755827802968
2020-01-20 04:00:00,75.66476328847376,0.0,0.1,0.1,0.1,-250.0,-0.0,-0.0,0.0,75.66476328847376,7.566476328847377,0.0,-7.566476328847377
2020-01-20 05:00:00,75.42958590762083,0.0,0.1,0.1,0.3375,125.0,125.0,125.0,0.0,200.42958590762083,20.042958590762083,4.75,-24.792958590762083
2020-01-20 06:00:00,75.52562772070654,0.0,0.1,0.3375,0.1,-125.0,-112.81250000000001,0.0,112.81250000000001,-37.286872279293476,0.0,4.75,-4.75
2020-01-20 07:00:00,83.10078950457692,1.2408506749740393,0.18,0.1,0.1,-250.0,-0.0,-0.0,0.0,81.85993882960288,14.734788989328518,0.0,-14.734788989328518
2020-01-20 08:00:00,83.39361055008658,6.868961818181817,0.18,0.1,0.3375,125.0,125.0,125.0,0.0,201.52464873190476,36.274436771742856,4.75,-41.024436771742856
2020-01-20 09:00:00,78.31606475063298,13.48956923076923,0.18,0.3375,0.3375,0.0,0.0,0.0,-0.0,64.82649551986374,11.668769193575473,0.0,-11.668769193575473
2020-01-20 10:00:00,80.36870594409531,15.438900694444447,0.18,0.3375,0.3375,0.0,0.0,0.0,-0.0,64.92980524965087,11.687364944937157,0.0,-11.687364944937157
2020-01-20 11:00:00,78.8474364705405,20.419824848484847,0.18,0.3375,0.3375,0.0,0.0,0.0,-0.0,58.42761162205565,10.516970091970016,0.0,-10.516970091970016
2020-01-20 12:00:00,78.90615668556471,28.984051666666666,0.18,0.3375,0.3375,0.0,0.0,0.0,-0.0,49.922105018898044,8.985978903401648,0.0,-8.985978903401648
2020-01-20 13:00:00,81.39676735059423,36.9004425,0.18,0.3375,0.3375,0.0,0.0,0.0,-0.0,44.496324850594235,8.009338473106961,0.0,-8.009338473106961
2020-01-20 14:00:00,79.46634182276058,17.11638,0.18,0.3375,0.1,-250.0,-112.81250000000001,0.0,112.81250000000001,-50.46253817723943,0.0,4.75,-4.75
2020-01-20 15:00:00,75.52651083178725,12.9878791025641,0.18,0.1,0.3375,125.0,125.0,125.0,0.0,187.53863172922314,33.75695371126017,4.75,-38.50695371126017
2020-01-20 16:00:00,79.88055200604462,5.046785555555555,0.32,0.3375,0.575,125.0,125.0,125.0,0.0,199.83376645048907,63.9468052641565,4.749999999999998,-68.6968052641565
2020-01-20 17:00:00,79.73417815002351,1.0523454545454545,0.32,0.575,0.31184210526315786,-125.0,-125.0,0.0,125.0,-46.31816730452195,0.0,5.263157894736842,-5.263157894736842
2020-01-20 18:00:00,80.35483325295803,0.0,0.32,0.31184210526315786,0.1,-250.0,-100.62499999999999,0.0,100.62499999999999,-20.270166747041955,0.0,4.2368421052631575,-4.2368421052631575
2020-01-20 19:00:00,78.23496304240493,0.0,0.32,0.1,0.1,0.0,0.0,0.0,-0.0,78.23496304240493,25.035188173569576,0.0,-25.035188173569576
2020-01-20 20:00:00,82.53429266097808,0.0,0.32,0.1,0.1,0.0,0.0,0.0,-0.0,82.53429266097808,26.410973651512986,0.0,-26.410973651512986
2020-01-20 21:00:00,78.82376627174837,0.0,0.32,0.1,0.1,-250.0,-0.0,-0.0,0.0,78.82376627174837,25.22360520695948,0.0,-25.22360520695948
2020-01-20 22:00:00,77.7386221025902,0.0,0.1,0.1,0.1,-250.0,-0.0,-0.0,0.0,77.7386221025902,7.77386221025902,0.0,-7.77386221025902
2020-01-20 23:00:00,76.74901416060045,0.0,0.1,0.1,0.1,-250.0,-0.0,-0.0,0.0,76.74901416060045,7.674901416060045,0.0,-7.674901416060045
2020-01-21 00:00:00,75.39143609812905,0.0,0.1,0.1,0.1,0.0,0.0,0.0,-0.0,75.39143609812905,7.539143609812905,0.0,-7.539143609812905
2020-01-21 01:00:00,77.19264868958994,0.0,0.1,0.1,0.1,-250.0,-0.0,-0.0,0.0,77.19264868958994,7.719264868958994,0.0,-7.719264868958994
2020-01-21 02:00:00,77.60201016555446,0.0,0.1,0.1,0.1,0.0,0.0,0.0,-0.0,77.60201016555446,7.760201016555446,0.0,-7.760201016555446
2020-01-21 03:00:00,78.56643043890394,0.0,0.1,0.1,0.1,-125.0,-0.0,-0.0,0.0,78.56643043890394,7.856643043890394,0.0,-7.856643043890394
2020-01-21 04:00:00,76.06110174236927,0.0,0.1,0.1,0.1,-125.0,-0.0,-0.0,0.0,76.06110174236927,7.606110174236928,0.0,-7.606110174236928
2020-01-21 05:00:00,81.42143568149426,0.0,0.1,0.1,0.1,-250.0,-0.0,-0.0,0.0,81.42143568149426,8.142143568149427,0.0,-8.142143568149427
2020-01-21 06:00:00,78.93291793182578,0.0,0.1,0.1,0.3375,125.0,125.0,125.0,0.0,203.93291793182578,20.39329179318258,4.75,-25.14329179318258
2020-01-21 07:00:00,88.21296624099041,0.47955607476635514,0.18,0.3375,0.1,-250.0,-112.81250000000001,0.0,112.81250000000001,-25.079089833775953,0.0,4.75,-4.75
2020-01-21 08:00:00,89.01665696727923,8.525688323421129,0.18,0.1,0.1,-250.0,-0.0,-0.0,0.0,80.49096864385811,14.488374355894459,0.0,-14.488374355894459
2020-01-21 09:00:00,94.02172832189237,29.025932179487178,0.18,0.1,0.1,-125.0,-0.0,-0.0,0.0,64.9957961424052,11.699243305632935,0.0,-11.699243305632935
2020-01-21 10:00:00,98.74703415555398,35.332446527777776,0.18,0.1,0.1,-250.0,-0.0,-0.0,0.0,63.4145876277762,11.414625772999715,0.0,-11.414625772999715
2020-01-21 11:00:00,99.70214049948036,35.06463909090909,0.18,0.1,0.1,0.0,0.0,0.0,-0.0,64.63750140857127,11.634750253542828,0.0,-11.634750253542828
2020-01-21 12:00:00,93.04008759215942,25.921006666666663,0.18,0.1,0.1,-125.0,-0.0,-0.0,0.0,67.11908092549277,12.081434566588698,0.0,-12.081434566588698
2020-01-21 13:00:00,88.71565532934657,15.844512083333333,0.18,0.1,0.1,0.0,0.0,0.0,-0.0,72.87114324601325,13.116805784282384,0.0,-13.116805784282384
2020-01-21 14:00:00,83.11808761004073,16.885682954545455,0.18,0.1,0.575,250.0,250.0,250.0,0.0,316.23240465549526,56.92183283798914,9.5,-66.42183283798914
2020-01-21 15:00:00,84.95441432057873,8.346961666666667,0.18,0.575,0.575,0.0,0.0,0.0,-0.0,76.60745265391206,13.789341477704172,0.0,-13.789341477704172
2020-01-21 16:00:00,81.06603319106735,5.942972013888888,0.32,0.575,0.575,0.0,0.0,0.0,-0.0,75.12306117717846,24.039379576697108,0.0,-24.039379576697108
2020-01-21 17:00:00,75.34138294666435,0.1092806570376664,0.32,0.575,0.31184210526315786,-125.0,-125.0,0.0,125.0,-49.76789771037332,0.0,5.263157894736842,-5.263157894736842
2020-01-21 18:00:00,76.2881383167711,0.0,0.32,0.31184210526315786,0.1,-250.0,-100.62499999999999,0.0,100.62499999999999,-24.33686168322889,0.0,4.2368421052631575,-4.2368421052631575
2020-01-21 19:00:00,79.21772391321186,0.0,0.32,0.1,0.1,0.0,0.0,0.0,-0.0,79.21772391321186,25.349671652227794,0.0,-25.349671652227794
2020-01-21 20:00:00,75.55105081413568,0.0,0.32,0.1,0.1,0.0,0.0,0.0,-0.0,75.55105081413568,24.176336260523417,0.0,-24.176336260523417
2020-01-21 21:00:00,71.17523865569544,0.0,0.32,0.1,0.1,-125.0,-0.0,-0.0,0.0,71.17523865569544,22.77607636982254,0.0,-22.77607636982254
2020-01-21 22:00:00,68.8612025636574,0.0,0.1,0.1,0.1,0.0,0.0,0.0,-0.0,68.8612025636574,6.88612025636574,0.0,-6.88612025636574
2020-01-21 23:00:00,68.63330388095768,0.0,0.1,0.1,0.1,-250.0,-0.0,-0.0,0.0,68.63330388095768,6.863330388095768,0.0,-6.863330388095768
2020-01-22 00:00:00,69.0985870108028,0.0,0.1,0.1,0.1,-250.0,-0.0,-0.0,0.0,69.0985870108028,6.909858701080281,0.0,-6.909858701080281
2020-01-22 01:00:00,67.88940952783882,0.0,0.1,0.1,0.575,250.0,250.0,250.0,0.0,317.88940952783884,31.788940952783886,9.5,-41.28894095278389
2020-01-22 02:00:00,67.00318792992742,0.0,0.1,0.575,0.1,-250.0,-225.625,0.0,225.625,-158.62181207007256,0.0,9.5,-9.5
2020-01-22 03:00:00,68.57161553485653,0.0,0.1,0.1,0.1,-125.0,-0.0,-0.0,0.0,68.57161553485653,6.857161553485653,0.0,-6.857161553485653
2020-01-22 04:00:00,69.21118101550653,0.0,0.1,0.1,0.3375,125.0,125.0,125.0,0.0,194.21118101550653,19.421118101550654,4.75,-24.171118101550654
2020-01-22 05:00:00,73.56051591318874,0.0,0.1,0.3375,0.3375,0.0,0.0,0.0,-0.0,73.56051591318874,7.356051591318874,0.0,-7.356051591318874
2020-01-22 06:00:00,68.35651328008258,0.0,0.1,0.3375,0.3375,0.0,0.0,0.0,-0.0,68.35651328008258,6.835651328008258,0.0,-6.835651328008258
2020-01-22 07:00:00,73.106145874589,1.546696884735203,0.18,0.3375,0.1,-250.0,-112.81250000000001,0.0,112.81250000000001,-41.25305101014621,0.0,4.75,-4.75
2020-01-22 08:00:00,98.57380390767854,11.756539393939393,0.18,0.1,0.3375,125.0,125.0,125.0,0.0,211.81726451373913,38.12710761247304,4.75,-42.87710761247304
2020-01-22 09:00:00,77.66780366585441,28.167093974358977,0.18,0.3375,0.1,-250.0,-112.81250000000001,0.0,112.81250000000001,-63.311790308504584,0.0,4.75,-4.75
2020-01-22 10:00:00,88.34968986317575,35.479418333333335,0.18,0.1,0.1,-250.0,-0.0,-0.0,0.0,52.87027152984242,9.516648875371635,0.0,-9.516648875371635
2020-01-22 11:00:00,97.81782866490374,95.57728636363636,0.18,0.1,0.575,250.0,250.0,250.0,0.0,252.2405423012674,45.40329761422813,9.5,-54.90329761422813
2020-01-22 12:00:00,112.6789685244547,104.59799615384615,0.18,0.575,0.31184210526315786,-125.0,-125.0,0.0,125.0,-116.91902762939145,0.0,5.263157894736842,-5.263157894736842
2020-01-22 13:00:00,120.2113919668737,89.70730833333334,0.18,0.31184210526315786,0.31184210526315786,0.0,0.0,0.0,-0.0,30.50408363354036,5.490735054037264,0.0,-5.490735054037264
2020-01-22 14:00:00,118.69109666849094,78.11104545454545,0.18,0.31184210526315786,0.1,-250.0,-100.62499999999999,0.0,100.62499999999999,-60.04494878605449,0.0,4.2368421052631575,-4.2368421052631575
2020-01-22 15:00:00,133.06117704283216,47.555184615384626,0.18,0.1,0.3375,125.0,125.0,125.0,0.0,210.50599242744752,37.891078636940556,4.75,-42.641078636940556
2020-01-22 16:00:00,91.36479703836494,13.088116666666666,0.32,0.3375,0.8125,250.0,250.0,250.0,0.0,328.27668037169826,105.04853771894345,9.5,-114.54853771894345
2020-01-22 17:00:00,78.39902076758759,0.23797530444633247,0.32,0.8125,0.549342105263158,-125.0,-125.0,0.0,125.0,-46.83895453685875,0.0,5.263157894736841,-5.263157894736841
2020-01-22 18:00:00,77.04400936402223,0.0,0.32,0.549342105263158,0.2861842105263159,-125.0,-125.0,0.0,125.0,-47.95599063597777,0.0,5.263157894736842,-5.263157894736842
2020-01-22 19:00:00,75.59054377330936,0.0,0.32,0.2861842105263159,0.2861842105263159,0.0,0.0,0.0,-0.0,75.59054377330936,24.188974007458995,0.0,-24.188974007458995
2020-01-22 20:00:00,74.6837810919688,0.0,0.32,0.2861842105263159,0.10000000000000003,-250.0,-88.43750000000003,0.0,88.43750000000003,-13.753718908031232,0.0,3.723684210526317,-3.723684210526317
2020-01-22 21:00:00,71.96992117405648,0.0,0.32,0.10000000000000003,0.1,-125.0,-1.3183898417423734e-14,0.0,1.3183898417423734e-14,71.96992117405647,23.03037477569807,5.551115123125783e-16,-23.03037477569807
2020-01-22 22:00:00,71.79547213108295,0.0,0.1,0.1,0.1,0.0,0.0,0.0,-0.0,71.79547213108295,7.179547213108295,0.0,-7.179547213108295
2020-01-22 23:00:00,70.41618395357371,0.0,0.1,0.1,0.1,-250.0,-0.0,-0.0,0.0,70.41618395357371,7.041618395357371,0.0,-7.041618395357371
2020-01-23 00:00:00,68.79621468968254,0.0,0.1,0.1,0.1,-250.0,-0.0,-0.0,0.0,68.79621468968254,6.879621468968255,0.0,-6.879621468968255
2020-01-23 01:00:00,69.8228666636438,0.0,0.1,0.1,0.575,250.0,250.0,250.0,0.0,319.8228666636438,31.982286666364384,9.5,-41.48228666636439
2020-01-23 02:00:00,69.84033777712237,0.0,0.1,0.575,0.1,-250.0,-225.625,0.0,225.625,-155.7846622228776,0.0,9.5,-9.5
2020-01-23 03:00:00,70.42929962474747,0.0,0.1,0.1,0.1,-125.0,-0.0,-0.0,0.0,70.42929962474747,7.042929962474748,0.0,-7.042929962474748
2020-01-23 04:00:00,68.27423153998457,0.0,0.1,0.1,0.1,-250.0,-0.0,-0.0,0.0,68.27423153998457,6.827423153998457,0.0,-6.827423153998457
2020-01-23 05:00:00,69.9892608552531,0.0,0.1,0.1,0.3375,125.0,125.0,125.0,0.0,194.9892608552531,19.498926085525312,4.75,-24.248926085525312
2020-01-23 06:00:00,71.28239615637435,0.0,0.1,0.3375,0.1,-125.0,-112.81250000000001,0.0,112.81250000000001,-41.53010384362567,0.0,4.75,-4.75
2020-01-23 07:00:00,88.93629963228689,3.554483143821392,0.18,0.1,0.1,-250.0,-0.0,-0.0,0.0,85.3818164884655,15.36872696792379,0.0,-15.36872696792379
2020-01-23 08:00:00,92.46447302179371,27.05139712121212,0.18,0.1,0.3375,125.0,125.0,125.0,0.0,190.4130759005816,34.27435366210469,4.75,-39.02435366210469
2020-01-23 09:00:00,100.1663768212436,34.6981067948718,0.18,0.3375,0.3375,0.0,0.0,0.0,-0.0,65.46827002637181,11.784288604746926,0.0,-11.784288604746926
2020-01-23 10:00:00,97.54032425024,50.195402083333335,0.18,0.3375,0.3375,0.0,0.0,0.0,-0.0,47.34492216690667,8.5220859900432,0.0,-8.5220859900432
2020-01-23 11:00:00,98.97200680173567,78.5080406060606,0.18,0.3375,0.3375,0.0,0.0,0.0,-0.0,20.46396619567507,3.6835139152215124,0.0,-3.6835139152215124
2020-01-23 12:00:00,87.54790751404803,57.787370512820516,0.18,0.3375,0.3375,0.0,0.0,0.0,-0.0,29.76053700122752,5.356896660220953,0.0,-5.356896660220953
2020-01-23 13:00:00,87.50541424428228,31.672454166666668,0.18,0.3375,0.3375,0.0,0.0,0.0,-0.0,55.83296007761561,10.049932813970809,0.0,-10.049932813970809
2020-01-23 14:00:00,80.05445832931939,27.7424403030303,0.18,0.3375,0.1,-250.0,-112.81250000000001,0.0,112.81250000000001,-60.500481973710926,0.0,4.75,-4.75
2020-01-23 15:00:00,82.59646200444571,25.430186153846154,0.18,0.1,0.3375,125.0,125.0,125.0,0.0,182.16627585059956,32.78992965310792,4.75,-37.53992965310792
2020-01-23 16:00:00,82.62334128758856,6.958575555555556,0.32,0.3375,0.575,125.0,125.0,125.0,0.0,200.664765732033,64.21272503425057,4.749999999999998,-68.96272503425057
2020-01-23 17:00:00,75.00779719262248,0.17670914755026904,0.32,0.575,0.31184210526315786,-125.0,-125.0,0.0,125.0,-50.16891195492779,0.0,5.263157894736842,-5.263157894736842
2020-01-23 18:00:00,75.20063162203697,0.0,0.32,0.31184210526315786,0.1,-125.0,-100.62499999999999,0.0,100.62499999999999,-25.42436837796302,0.0,4.2368421052631575,-4.2368421052631575
2020-01-23 19:00:00,76.9933933018569,0.0,0.32,0.1,0.1,-125.0,-0.0,-0.0,0.0,76.9933933018569,24.63788585659421,0.0,-24.63788585659421
2020-01-23 20:00:00,74.6797522417036,0.0,0.32,0.1,0.1,0.0,0.0,0.0,-0.0,74.6797522417036,23.897520717345152,0.0,-23.897520717345152
2020-01-23 21:00:00,71.433899635006,0.0,0.32,0.1,0.1,-125.0,-0.0,-0.0,0.0,71.433899635006,22.85884788320192,0.0,-22.85884788320192
2020-01-23 22:00:00,71.63526115332976,0.0,0.1,0.1,0.1,0.0,0.0,0.0,-0.0,71.63526115332976,7.163526115332977,0.0,-7.163526115332977
2020-01-23 23:00:00,71.84434853680601,0.0,0.1,0.1,0.1,-250.0,-0.0,-0.0,0.0,71.84434853680601,7.184434853680601,0.0,-7.184434853680601
2020-01-24 00:00:00,70.2545888348549,0.0,0.1,0.1,0.1,-250.0,-0.0,-0.0,0.0,70.2545888348549,7.0254588834854905,0.0,-7.0254588834854905
2020-01-24 01:00:00,69.62399041930387,0.0,0.1,0.1,0.575,250.0,250.0,250.0,0.0,319.6239904193039,31.96239904193039,9.5,-41.46239904193039
2020-01-24 02:00:00,69.71193447145191,0.0,0.1,0.575,0.1,-250.0,-225.625,0.0,225.625,-155.9130655285481,0.0,9.5,-9.5
2020-01-24 03:00:00,70.68771654288709,0.0,0.1,0.1,0.1,-125.0,-0.0,-0.0,0.0,70.68771654288709,7.068771654288709,0.0,-7.068771654288709
2020-01-24 04:00:00,69.95904218658157,0.0,0.1,0.1,0.1,-250.0,-0.0,-0.0,0.0,69.95904218658157,6.995904218658158,0.0,-6.995904218658158
2020-01-24 05:00:00,70.70764402313047,0.0,0.1,0.1,0.3375,125.0,125.0,125.0,0.0,195.70764402313046,19.570764402313046,4.75,-24.320764402313046
2020-01-24 06:00:00,70.38943090907493,0.0,0.1,0.3375,0.3375,0.0,0.0,0.0,-0.0,70.38943090907493,7.038943090907494,0.0,-7.038943090907494
2020-01-24 07:00:00,83.55444328535997,5.425628194444445,0.18,0.3375,0.1,-250.0,-112.81250000000001,0.0,112.81250000000001,-34.68368490908449,0.0,4.75,-4.75
2020-01-24 08:00:00,80.99662176725386,42.24507515151515,0.18,0.1,0.1,-250.0,-0.0,-0.0,0.0,38.751546615738704,6.975278390832966,0.0,-6.975278390832966
2020-01-24 09:00:00,85.65053534885345,64.79047410256409,0.18,0.1,0.575,250.0,250.0,250.0,0.0,270.8600612462894,48.754811024332085,9.5,-58.254811024332085
2020-01-24 10:00:00,88.48729468039888,84.51427083333333,0.18,0.575,0.575,0.0,0.0,0.0,-0.0,3.973023847065548,0.7151442924717986,0.0,-0.7151442924717986
2020-01-24 11:00:00,87.79068222223519,86.27353484848484,0.18,0.575,0.575,0.0,0.0,0.0,-0.0,1.5171473737503476,0.27308652727506255,0.0,-0.27308652727506255
2020-01-24 12:00:00,77.7390747478142,103.02506794871793,0.18,0.575,0.31184210526315786,-125.0,-125.0,0.0,125.0,-150.28599320090373,0.0,5.263157894736842,-5.263157894736842
2020-01-24 13:00:00,84.89615649275962,82.04215694444444,0.18,0.31184210526315786,0.31184210526315786,0.0,0.0,0.0,-0.0,2.8539995483151728,0.5137199186967311,0.0,-0.5137199186967311
2020-01-24 14:00:00,91.22163663959263,50.592044848484846,0.18,0.31184210526315786,0.1,-250.0,-100.62499999999999,0.0,100.62499999999999,-59.9954082088922,0.0,4.2368421052631575,-4.2368421052631575
2020-01-24 15:00:00,84.40554226836736,21.54756871794872,0.18,0.1,0.1,-250.0,-0.0,-0.0,0.0,62.857973550418635,11.314435239075355,0.0,-11.314435239075355
2020-01-24 16:00:00,78.8438341635022,4.626839722222223,0.32,0.1,0.1,-125.0,-0.0,-0.0,0.0,74.21699444127997,23.74943822120959,0.0,-23.74943822120959
2020-01-24 17:00:00,79.26293485260807,0.3650438969130558,0.32,0.1,0.1,-250.0,-0.0,-0.0,0.0,78.89789095569502,25.247325105822405,0.0,-25.247325105822405
2020-01-24 18:00:00,75.51967686650725,0.0,0.32,0.1,0.1,-250.0,-0.0,-0.0,0.0,75.51967686650725,24.166296597282322,0.0,-24.166296597282322
2020-01-24 19:00:00,75.58889769055023,0.0,0.32,0.1,0.1,-125.0,-0.0,-0.0,0.0,75.58889769055023,24.188447260976073,0.0,-24.188447260976073
2020-01-24 20:00:00,75.37334321979051,0.0,0.32,0.1,0.1,0.0,0.0,0.0,-0.0,75.37334321979051,24.119469830332964,0.0,-24.119469830332964
2020-01-24 21:00:00,73.8143630622714,0.0,0.32,0.1,0.1,-125.0,-0.0,-0.0,0.0,73.8143630622714,23.620596179926846,0.0,-23.620596179926846
2020-01-24 22:00:00,73.65177955422104,0.0,0.1,0.1,0.1,0.0,0.0,0.0,-0.0,73.65177955422104,7.365177955422104,0.0,-7.365177955422104
2020-01-24 23:00:00,70.76318476534944,0.0,0.1,0.1,0.1,-250.0,-0.0,-0.0,0.0,70.76318476534944,7.076318476534944,0.0,-7.076318476534944
2020-01-25 00:00:00,70.20210261043177,0.0,0.12,0.1,0.1,0.0,0.0,0.0,-0.0,70.20210261043177,8.424252313251811,0.0,-8.424252313251811
2020-01-25 01:00:00,70.05576944253853,0.0,0.12,0.1,0.1,-250.0,-0.0,-0.0,0.0,70.05576944253853,8.406692333104624,0.0,-8.406692333104624
2020-01-25 02:00:00,72.38286597788289,0.0,0.12,0.1,0.1,0.0,0.0,0.0,-0.0,72.38286597788289,8.685943917345947,0.0,-8.685943917345947
2020-01-25 03:00:00,70.57405248195563,0.0,0.12,0.1,0.1,0.0,0.0,0.0,-0.0,70.57405248195563,8.468886297834676,0.0,-8.468886297834676
2020-01-25 04:00:00,69.71987854328368,0.0,0.12,0.1,0.1,-250.0,-0.0,-0.0,0.0,69.71987854328368,8.366385425194041,0.0,-8.366385425194041
2020-01-25 05:00:00,72.60274880063795,0.0,0.12,0.1,0.3375,125.0,125.0,125.0,0.0,197.60274880063795,23.712329856076554,4.75,-28.462329856076554
2020-01-25 06:00:00,70.74751147289008,0.0,0.12,0.3375,0.3375,0.0,0.0,0.0,-0.0,70.74751147289008,8.48970137674681,0.0,-8.48970137674681
2020-01-25 07:00:00,71.38767099351274,2.090465446521288,0.12,0.3375,0.1,-125.0,-112.81250000000001,0.0,112.81250000000001,-43.515294453008565,0.0,4.75,-4.75
2020-01-25 08:00:00,76.3147085030021,31.868573939393944,0.12,0.1,0.1,0.0,0.0,0.0,-0.0,44.446134563608155,5.333536147632978,0.0,-5.333536147632978
2020-01-25 09:00:00,79.70198217527833,49.58616051282051,0.12,0.1,0.1,-250.0,-0.0,-0.0,0.0,30.11582166245782,3.613898599494938,0.0,-3.613898599494938
2020-01-25 10:00:00,81.43490381781567,61.320517361111115,0.12,0.1,0.1,-250.0,-0.0,-0.0,0.0,20.11438645670455,2.413726374804546,0.0,-2.413726374804546
2020-01-25 11:00:00,81.43385010587413,47.48925121212121,0.12,0.1,0.1,-125.0,-0.0,-0.0,0.0,33.94459889375292,4.07335186725035,0.0,-4.07335186725035
2020-01-25 12:00:00,67.10178840818963,36.22418,0.12,0.1,0.1,0.0,0.0,0.0,-0.0,30.877608408189637,3.705313008982756,0.0,-3.705313008982756
2020-01-25 13:00:00,74.30396176172817,88.53669166666667,0.12,0.1,0.1,-250.0,-0.0,-0.0,0.0,-14.232729904938495,0.0,0.0,-0.0
2020-01-25 14:00:00,76.79176885421488,62.44451545454546,0.12,0.1,0.1,0.0,0.0,0.0,-0.0,14.34725339966942,1.7216704079603302,0.0,-1.7216704079603302
2020-01-25 15:00:00,78.09831237218815,26.31931269230769,0.12,0.1,0.1,0.0,0.0,0.0,-0.0,51.77899967988046,6.213479961585654,0.0,-6.213479961585654
2020-01-25 16:00:00,73.43770729080667,8.93689388888889,0.12,0.1,0.3375,125.0,125.0,125.0,0.0,189.50081340191778,22.740097608230133,4.75,-27.490097608230133
2020-01-25 17:00:00,69.05697254480157,0.08489379779099405,0.12,0.3375,0.3375,0.0,0.0,0.0,-0.0,68.97207874701057,8.276649449641269,0.0,-8.276649449641269
2020-01-25 18:00:00,71.21822910599332,0.0,0.12,0.3375,0.3375,0.0,0.0,0.0,-0.0,71.21822910599332,8.546187492719199,0.0,-8.546187492719199
2020-01-25 19:00:00,72.71816806469532,0.0,0.12,0.3375,0.1,-125.0,-112.81250000000001,0.0,112.81250000000001,-40.094331935304695,0.0,4.75,-4.75
2020-01-25 20:00:00,70.79524853160605,0.0,0.12,0.1,0.1,0.0,0.0,0.0,-0.0,70.79524853160605,8.495429823792726,0.0,-8.495429823792726
2020-01-25 21:00:00,72.3779758780536,0.0,0.12,0.1,0.1,-250.0,-0.0,-0.0,0.0,72.3779758780536,8.685357105366432,0.0,-8.685357105366432
2020-01-25 22:00:00,72.56807142171198,0.0,0.12,0.1,0.1,-250.0,-0.0,-0.0,0.0,72.56807142171198,8.708168570605437,0.0,-8.708168570605437
2020-01-25 23:00:00,71.29835778938008,0.0,0.12,0.1,0.3375,125.0,125.0,125.0,0.0,196.29835778938008,23.55580293472561,4.75,-28.30580293472561
2020-01-26 00:00:00,71.57730308426119,0.0,0.12,0.3375,0.1,-250.0,-112.81250000000001,0.0,112.81250000000001,-41.235196915738825,0.0,4.75,-4.75
2020-01-26 01:00:00,69.40348670310621,0.0,0.12,0.1,0.1,-250.0,-0.0,-0.0,0.0,69.40348670310621,8.328418404372744,0.0,-8.328418404372744
2020-01-26 02:00:00,68.35795075151688,0.0,0.12,0.1,0.1,0.0,0.0,0.0,-0.0,68.35795075151688,8.202954090182025,0.0,-8.202954090182025
2020-01-26 03:00:00,72.24783358417132,0.0,0.12,0.1,0.1,0.0,0.0,0.0,-0.0,72.24783358417132,8.669740030100558,0.0,-8.669740030100558
2020-01-26 04:00:00,69.52775997090852,0.0,0.12,0.1,0.1,-250.0,-0.0,-0.0,0.0,69.52775997090852,8.343331196509022,0.0,-8.343331196509022
2020-01-26 05:00:00,70.23014007166006,0.0,0.12,0.1,0.3375,125.0,125.0,125.0,0.0,195.23014007166006,23.427616808599208,4.75,-28.177616808599208
2020-01-26 06:00:00,69.66839913108473,0.0,0.12,0.3375,0.3375,0.0,0.0,0.0,-0.0,69.66839913108473,8.360207895730166,0.0,-8.360207895730166
2020-01-26 07:00:00,71.14136339144439,4.497057792056075,0.12,0.3375,0.1,-125.0,-112.81250000000001,0.0,112.81250000000001,-46.168194400611696,0.0,4.75,-4.75
2020-01-26 08:00:00,72.286270929878,42.98861060606061,0.12,0.1,0.1,0.0,0.0,0.0,-0.0,29.29766032381739,3.5157192388580865,0.0,-3.5157192388580865
2020-01-26 09:00:00,78.14829174354671,82.33190512820512,0.12,0.1,0.1,-250.0,-0.0,-0.0,0.0,-4.183613384658415,0.0,0.0,-0.0
2020-01-26 10:00:00,80.74705770117372,105.37105833333334,0.12,0.1,0.1,-250.0,-0.0,-0.0,0.0,-24.62400063215962,0.0,0.0,-0.0
2020-01-26 11:00:00,84.27918489427836,115.47474545454544,0.12,0.1,0.1,-125.0,-0.0,-0.0,0.0,-31.195560560267083,0.0,0.0,-0.0
2020-01-26 12:00:00,69.97962623257885,115.0333782051282,0.12,0.1,0.1,0.0,0.0,0.0,-0.0,-45.05375197254935,0.0,0.0,-0.0
2020-01-26 13:00:00,71.37582481829695,86.86540666666667,0.12,0.1,0.1,-250.0,-0.0,-0.0,0.0,-15.489581848369724,0.0,0.0,-0.0
2020-01-26 14:00:00,76.4061235153378,79.48274424242423,0.12,0.1,0.1,0.0,0.0,0.0,-0.0,-3.0766207270864356,0.0,0.0,-0.0
2020-01-26 15:00:00,76.98585993706848,54.304217692307695,0.12,0.1,0.1,0.0,0.0,0.0,-0.0,22.681642244760788,2.7217970693712945,0.0,-2.7217970693712945
2020-01-26 16:00:00,77.11196871914126,14.491817083333332,0.12,0.1,0.3375,125.0,125.0,125.0,0.0,187.62015163580793,22.51441819629695,4.75,-27.26441819629695
2020-01-26 17:00:00,71.46048983790625,0.8201454545454546,0.12,0.3375,0.3375,0.0,0.0,0.0,-0.0,70.6403443833608,8.476841326003296,0.0,-8.476841326003296
2020-01-26 18:00:00,73.40944371700019,0.0,0.12,0.3375,0.3375,0.0,0.0,0.0,-0.0,73.40944371700019,8.809133246040021,0.0,-8.809133246040021
2020-01-26 19:00:00,74.54270901427834,0.0,0.12,0.3375,0.1,-125.0,-112.81250000000001,0.0,112.81250000000001,-38.26979098572167,0.0,4.75,-4.75
2020-01-26 20:00:00,70.84274176636956,0.0,0.12,0.1,0.1,0.0,0.0,0.0,-0.0,70.84274176636956,8.501129011964347,0.0,-8.501129011964347
2020-01-26 21:00:00,74.79312704877609,0.0,0.12,0.1,0.1,-250.0,-0.0,-0.0,0.0,74.79312704877609,8.97517524585313,0.0,-8.97517524585313
2020-01-26 22:00:00,72.59561070935187,0.0,0.12,0.1,0.1,-250.0,-0.0,-0.0,0.0,72.59561070935187,8.711473285122224,0.0,-8.711473285122224
2020-01-26 23:00:00,70.54190094636611,0.0,0.12,0.1,0.3375,125.0,125.0,125.0,0.0,195.54190094636613,23.465028113563935,4.75,-28.215028113563935
2020-01-27 00:00:00,71.27746725716919,0.0,0.1,0.3375,0.8125,250.0,250.0,250.0,0.0,321.2774672571692,32.12774672571692,9.5,-41.62774672571692
2020-01-27 01:00:00,70.85354381412814,0.0,0.1,0.8125,0.9,125.0,46.052631578947384,46.052631578947384,0.0,116.90617539307553,11.690617539307553,1.7500000000000004,-13.440617539307553
2020-01-27 02:00:00,70.70094566850649,0.0,0.1,0.9,0.9,125.0,0.0,0.0,-0.0,70.70094566850649,7.070094566850649,0.0,-7.070094566850649
2020-01-27 03:00:00,70.66255776868992,0.0,0.1,0.9,0.9,125.0,0.0,0.0,-0.0,70.66255776868992,7.066255776868992,0.0,-7.066255776868992
2020-01-27 04:00:00,70.7399688791822,0.0,0.1,0.9,0.6368421052631579,-125.0,-125.0,0.0,125.0,-54.2600311208178,0.0,5.2631578947368425,-5.2631578947368425
2020-01-27 05:00:00,70.40312351534448,0.0,0.1,0.6368421052631579,0.8743421052631579,125.0,125.0,125.0,0.0,195.40312351534448,19.54031235153445,4.750000000000001,-24.29031235153445
2020-01-27 06:00:00,70.75246467642556,0.0,0.1,0.8743421052631579,0.9,250.0,13.504155124653739,13.504155124653739,0.0,84.2566198010793,8.42566198010793,0.513157894736842,-8.938819874844773
2020-01-27 07:00:00,78.22115912111308,5.860196797767394,0.18,0.9,0.6368421052631579,-125.0,-125.0,0.0,125.0,-52.63903767665431,0.0,5.2631578947368425,-5.2631578947368425
2020-01-27 08:00:00,84.20555652507042,30.889497878787882,0.18,0.6368421052631579,0.6368421052631579,0.0,0.0,0.0,-0.0,53.31605864628254,9.596890556330857,0.0,-9.596890556330857
2020-01-27 09:00:00,86.08219324366722,81.90965384615384,0.18,0.6368421052631579,0.6368421052631579,0.0,0.0,0.0,-0.0,4.1725393975133755,0.7510570915524075,0.0,-0.7510570915524075
2020-01-27 10:00:00,81.08059726393189,104.66554583333334,0.18,0.6368421052631579,0.3736842105263158,-125.0,-125.0,0.0,125.0,-148.58494856940143,0.0,5.263157894736842,-5.263157894736842
2020-01-27 11:00:00,80.86912246120015,93.66801363636364,0.18,0.3736842105263158,0.10000000000000003,-250.0,-129.99999999999997,0.0,129.99999999999997,-142.79889117516348,0.0,5.473684210526315,-5.473684210526315
2020-01-27 12:00:00,95.75204552317246,107.50053461538461,0.18,0.10000000000000003,0.1,-250.0,-1.3183898417423734e-14,0.0,1.3183898417423734e-14,-11.748489092212166,0.0,5.551115123125783e-16,-5.551115123125783e-16
2020-01-27 13:00:00,88.91347987481358,87.45960555555557,0.18,0.1,0.1,0.0,0.0,0.0,-0.0,1.4538743192580057,0.261697377466441,0.0,-0.261697377466441
2020-01-27 14:00:00,85.729542777286,58.73086060606061,0.18,0.1,0.1,-250.0,-0.0,-0.0,0.0,26.99868217122539,4.85976279082057,0.0,-4.85976279082057
2020-01-27 15:00:00,83.77739412029936,27.557851794871794,0.18,0.1,0.3375,125.0,125.0,125.0,0.0,181.21954232542757,32.619517618576964,4.75,-37.369517618576964
2020-01-27 16:00:00,82.68756222040265,10.94333201388889,0.32,0.3375,0.3375,0.0,0.0,0.0,-0.0,71.74423020651376,22.958153666084403,0.0,-22.958153666084403
2020-01-27 17:00:00,79.65076296430908,0.24894647408666098,0.32,0.3375,0.1,-250.0,-112.81250000000001,0.0,112.81250000000001,-33.4106835097776,0.0,4.75,-4.75
2020-01-27 18:00:00,79.72603698627091,0.0,0.32,0.1,0.1,-250.0,-0.0,-0.0,0.0,79.72603698627091,25.51233183560669,0.0,-25.51233183560669
2020-01-27 19:00:00,79.12253224388773,0.0,0.32,0.1,0.1,0.0,0.0,0.0,-0.0,79.12253224388773,25.319210318044075,0.0,-25.319210318044075
2020-01-27 20:00:00,78.29213342590437,0.0,0.32,0.1,0.1,0.0,0.0,0.0,-0.0,78.29213342590437,25.053482696289397,0.0,-25.053482696289397
2020-01-27 21:00:00,71.70491024541228,0.0,0.32,0.1,0.1,-125.0,-0.0,-0.0,0.0,71.70491024541228,22.94557127853193,0.0,-22.94557127853193
2020-01-27 22:00:00,71.8973069287156,0.0,0.1,0.1,0.1,0.0,0.0,0.0,-0.0,71.8973069287156,7.18973069287156,0.0,-7.18973069287156
2020-01-27 23:00:00,71.70432625858587,0.0,0.1,0.1,0.1,-250.0,-0.0,-0.0,0.0,71.70432625858587,7.170432625858587,0.0,-7.170432625858587
2020-01-28 00:00:00,70.01705887633301,0.0,0.1,0.1,0.1,-250.0,-0.0,-0.0,0.0,70.01705887633301,7.001705887633301,0.0,-7.001705887633301
2020-01-28 01:00:00,69.52254685457181,0.0,0.1,0.1,0.575,250.0,250.0,250.0,0.0,319.52254685457183,31.952254685457184,9.5,-41.452254685457184
2020-01-28 02:00:00,70.91069262396333,0.0,0.1,0.575,0.1,-250.0,-225.625,0.0,225.625,-154.7143073760367,0.0,9.5,-9.5
2020-01-28 03:00:00,70.67512777255948,0.0,0.1,0.1,0.1,-125.0,-0.0,-0.0,0.0,70.67512777255948,7.067512777255948,0.0,-7.067512777255948
2020-01-28 04:00:00,72.16062136255051,0.0,0.1,0.1,0.1,-250.0,-0.0,-0.0,0.0,72.16062136255051,7.216062136255052,0.0,-7.216062136255052
2020-01-28 05:00:00,70.17667975029578,0.0,0.1,0.1,0.3375,125.0,125.0,125.0,0.0,195.17667975029576,19.51766797502958,4.75,-24.26766797502958
2020-01-28 06:00:00,70.7116779270431,0.0,0.1,0.3375,0.1,-250.0,-112.81250000000001,0.0,112.81250000000001,-42.100822072956916,0.0,4.75,-4.75
2020-01-28 07:00:00,82.92831916937597,1.6300833333333333,0.18,0.1,0.1,-250.0,-0.0,-0.0,0.0,81.29823583604264,14.633682450487674,0.0,-14.633682450487674
2020-01-28 08:00:00,85.57761051641931,9.538304090909092,0.18,0.1,0.3375,125.0,125.0,125.0,0.0,201.03930642551023,36.18707515659184,4.75,-40.93707515659184
2020-01-28 09:00:00,89.96832924011159,46.81598307692308,0.18,0.3375,0.3375,0.0,0.0,0.0,-0.0,43.152346163188504,7.767422309373931,0.0,-7.767422309373931
2020-01-28 10:00:00,111.46776824863402,43.721486034527516,0.18,0.3375,0.3375,0.0,0.0,0.0,-0.0,67.7462822141065,12.19433079853917,0.0,-12.19433079853917
2020-01-28 11:00:00,104.68705145664289,68.59802605494194,0.18,0.3375,0.3375,0.0,0.0,0.0,-0.0,36.08902540170095,6.496024572306171,0.0,-6.496024572306171
2020-01-28 12:00:00,83.69750868310729,59.344941289240346,0.18,0.3375,0.3375,0.0,0.0,0.0,-0.0,24.35256739386694,4.383462130896049,0.0,-4.383462130896049
2020-01-28 13:00:00,84.90312314590444,86.76128504672897,0.18,0.3375,0.3375,0.0,0.0,0.0,-0.0,-1.858161900824527,0.0,0.0,-0.0
2020-01-28 14:00:00,81.94420309306828,76.04306145567828,0.18,0.3375,0.1,-250.0,-112.81250000000001,0.0,112.81250000000001,-106.91135836261002,0.0,4.75,-4.75
2020-01-28 15:00:00,79.97231858859453,56.07707404744788,0.18,0.1,0.3375,125.0,125.0,125.0,0.0,148.89524454114667,26.8011440174064,4.75,-31.5511440174064
2020-01-28 16:00:00,87.52110717530282,15.379896157840081,0.32,0.3375,0.575,125.0,125.0,125.0,0.0,197.14121101746275,63.08518752558808,4.749999999999998,-67.83518752558808
2020-01-28 17:00:00,80.2543410905455,1.3997224582271313,0.32,0.575,0.31184210526315786,-125.0,-125.0,0.0,125.0,-46.14538136768164,0.0,5.263157894736842,-5.263157894736842
2020-01-28 18:00:00,76.74920628635938,0.0,0.32,0.31184210526315786,0.1,-250.0,-100.62499999999999,0.0,100.62499999999999,-23.875793713640604,0.0,4.2368421052631575,-4.2368421052631575
2020-01-28 19:00:00,78.88618630105418,0.0,0.32,0.1,0.1,-125.0,-0.0,-0.0,0.0,78.88618630105418,25.24357961633734,0.0,-25.24357961633734
2020-01-28 20:00:00,81.92721584339061,0.0,0.32,0.1,0.1,0.0,0.0,0.0,-0.0,81.92721584339061,26.216709069884995,0.0,-26.216709069884995
2020-01-28 21:00:00,75.72391790336748,0.0,0.32,0.1,0.1,-250.0,-0.0,-0.0,0.0,75.72391790336748,24.231653729077593,0.0,-24.231653729077593
2020-01-28 22:00:00,72.4684965036938,0.0,0.1,0.1,0.1,0.0,0.0,0.0,-0.0,72.4684965036938,7.246849650369381,0.0,-7.246849650369381
2020-01-28 23:00:00,72.40096754482487,0.0,0.1,0.1,0.1,-250.0,-0.0,-0.0,0.0,72.40096754482487,7.240096754482487,0.0,-7.240096754482487
2020-01-29 00:00:00,71.26710415137596,0.0,0.1,0.1,0.1,-250.0,-0.0,-0.0,0.0,71.26710415137596,7.126710415137596,0.0,-7.126710415137596
2020-01-29 01:00:00,73.16035000226155,0.0,0.1,0.1,0.575,250.0,250.0,250.0,0.0,323.16035000226157,32.31603500022616,9.5,-41.81603500022616
2020-01-29 02:00:00,72.6853443453812,0.0,0.1,0.575,0.1,-250.0,-225.625,0.0,225.625,-152.9396556546188,0.0,9.5,-9.5
2020-01-29 03:00:00,71.53550647010239,0.0,0.1,0.1,0.1,-125.0,-0.0,-0.0,0.0,71.53550647010239,7.153550647010239,0.0,-7.153550647010239
2020-01-29 04:00:00,73.24405116954047,0.0,0.1,0.1,0.3375,125.0,125.0,125.0,0.0,198.24405116954046,19.824405116954047,4.75,-24.574405116954047
2020-01-29 05:00:00,77.17942018381619,0.0,0.1,0.3375,0.8125,250.0,250.0,250.0,0.0,327.1794201838162,32.71794201838162,9.5,-42.21794201838162
2020-01-29 06:00:00,74.57426573371914,0.0,0.1,0.8125,0.9,250.0,46.052631578947384,46.052631578947384,0.0,120.62689731266653,12.062689731266653,1.7500000000000004,-13.812689731266653
2020-01-29 07:00:00,75.42471576599071,9.254366562824506,0.18,0.9,0.6368421052631579,-125.0,-125.0,0.0,125.0,-58.82965079683379,0.0,5.2631578947368425,-5.2631578947368425
2020-01-29 08:00:00,80.20108715604361,31.916927216086094,0.18,0.6368421052631579,0.8743421052631579,125.0,125.0,125.0,0.0,173.28415993995753,31.191148789192354,4.750000000000001,-35.941148789192354
2020-01-29 09:00:00,83.61405779246546,64.47791277258567,0.18,0.8743421052631579,0.6111842105263159,-125.0,-125.0,0.0,125.0,-105.86385498012021,0.0,5.263157894736841,-5.263157894736841
2020-01-29 10:00:00,102.92662069334784,88.1679828660436,0.18,0.6111842105263159,0.6111842105263159,0.0,0.0,0.0,-0.0,14.758637827304241,2.6565548089147635,0.0,-2.6565548089147635
2020-01-29 11:00:00,105.88050916094234,112.43119512885868,0.18,0.6111842105263159,0.10000000000000009,-250.0,-242.81250000000003,0.0,242.81250000000003,-249.36318596791637,0.0,10.223684210526315,-10.223684210526315
2020-01-29 12:00:00,88.82570621404557,104.5309038102085,0.18,0.10000000000000009,0.1,-250.0,-3.95516952522712e-14,0.0,3.95516952522712e-14,-15.705197596162972,0.0,1.6653345369377348e-15,-1.6653345369377348e-15
2020-01-29 13:00:00,91.15283868992009,107.83531527777778,0.18,0.1,0.1,0.0,0.0,0.0,-0.0,-16.682476587857693,0.0,0.0,-0.0
2020-01-29 14:00:00,95.14868552875652,75.49400484848485,0.18,0.1,0.575,250.0,250.0,250.0,0.0,269.65468068027167,48.5378425224489,9.5,-58.0378425224489
2020-01-29 15:00:00,84.05996315619417,24.094199871794874,0.18,0.575,0.31184210526315786,-125.0,-125.0,0.0,125.0,-65.0342367156007,0.0,5.263157894736842,-5.263157894736842
2020-01-29 16:00:00,89.0915608929344,15.016164583333333,0.32,0.31184210526315786,0.7868421052631578,250.0,250.0,250.0,0.0,324.07539630960105,103.70412681907234,9.499999999999998,-113.20412681907234
2020-01-29 17:00:00,84.10823890020407,1.0142363636363636,0.32,0.7868421052631578,0.5236842105263158,-125.0,-125.0,0.0,125.0,-41.905997463432286,0.0,5.263157894736841,-5.263157894736841
2020-01-29 18:00:00,81.2356663206326,0.0,0.32,0.5236842105263158,0.5236842105263158,0.0,0.0,0.0,-0.0,81.2356663206326,25.995413222602433,0.0,-25.995413222602433
2020-01-29 19:00:00,80.5890733026165,0.0,0.32,0.5236842105263158,0.1,-250.0,-201.25,0.0,201.25,-120.6609266973835,0.0,8.473684210526315,-8.473684210526315
2020-01-29 20:00:00,79.8862427735417,0.0,0.32,0.1,0.1,0.0,0.0,0.0,-0.0,79.8862427735417,25.563597687533342,0.0,-25.563597687533342
2020-01-29 21:00:00,74.7842552309981,0.0,0.32,0.1,0.1,-250.0,-0.0,-0.0,0.0,74.7842552309981,23.93096167391939,0.0,-23.93096167391939
2020-01-29 22:00:00,76.10473751628821,0.0,0.1,0.1,0.1,0.0,0.0,0.0,-0.0,76.10473751628821,7.610473751628821,0.0,-7.610473751628821
2020-01-29 23:00:00,74.65951803187107,0.0,0.1,0.1,0.1,-250.0,-0.0,-0.0,0.0,74.65951803187107,7.4659518031871075,0.0,-7.4659518031871075
2020-01-30 00:00:00,75.55508517678595,0.0,0.1,0.1,0.1,-250.0,-0.0,-0.0,0.0,75.55508517678595,7.555508517678596,0.0,-7.555508517678596
2020-01-30 01:00:00,71.77962243032091,0.0,0.1,0.1,0.575,250.0,250.0,250.0,0.0,321.7796224303209,32.17796224303209,9.5,-41.67796224303209
2020-01-30 02:00:00,73.70916762455222,0.0,0.1,0.575,0.1,-250.0,-225.625,0.0,225.625,-151.9158323754478,0.0,9.5,-9.5
2020-01-30 03:00:00,73.63574964005387,0.0,0.1,0.1,0.1,-125.0,-0.0,-0.0,0.0,73.63574964005387,7.363574964005387,0.0,-7.363574964005387
2020-01-30 04:00:00,72.73139730274916,0.0,0.1,0.1,0.1,-250.0,-0.0,-0.0,0.0,72.73139730274916,7.273139730274917,0.0,-7.273139730274917
2020-01-30 05:00:00,73.17833155758602,0.0,0.1,0.1,0.3375,125.0,125.0,125.0,0.0,198.17833155758603,19.817833155758606,4.75,-24.567833155758606
2020-01-30 06:00:00,72.09366141334877,0.0,0.1,0.3375,0.1,-250.0,-112.81250000000001,0.0,112.81250000000001,-40.718838586651245,0.0,4.75,-4.75
2020-01-30 07:00:00,84.95981822263073,3.910003472222222,0.18,0.1,0.1,-250.0,-0.0,-0.0,0.0,81.0498147504085,14.588966655073529,0.0,-14.588966655073529
2020-01-30 08:00:00,89.6123095620194,8.364703787878788,0.18,0.1,0.3375,125.0,125.0,125.0,0.0,206.24760577414062,37.12456903934531,4.75,-41.87456903934531
2020-01-30 09:00:00,95.40078631310234,46.171948717948716,0.18,0.3375,0.3375,0.0,0.0,0.0,-0.0,49.22883759515363,8.861190767127653,0.0,-8.861190767127653
2020-01-30 10:00:00,104.98566389343107,92.07909583333334,0.18,0.3375,0.3375,0.0,0.0,0.0,-0.0,12.906568060097726,2.3231822508175908,0.0,-2.3231822508175908
2020-01-30 11:00:00,96.1986265628657,99.66404696969698,0.18,0.3375,0.3375,0.0,0.0,0.0,-0.0,-3.465420406831285,0.0,0.0,-0.0
2020-01-30 12:00:00,96.93264351119011,115.61766139468008,0.18,0.3375,0.3375,0.0,0.0,0.0,-0.0,-18.685017883489976,0.0,0.0,-0.0
2020-01-30 13:00:00,101.41834978324117,105.0296329179647,0.18,0.3375,0.3375,0.0,0.0,0.0,-0.0,-3.6112831347235357,0.0,0.0,-0.0
2020-01-30 14:00:00,97.14846698447005,78.02369696969697,0.18,0.3375,0.1,-250.0,-112.81250000000001,0.0,112.81250000000001,-93.68772998522694,0.0,4.75,-4.75
2020-01-30 15:00:00,92.93769725193854,47.617243553798225,0.18,0.1,0.3375,125.0,125.0,125.0,0.0,170.3204536981403,30.657681665665255,4.75,-35.40768166566525
2020-01-30 16:00:00,90.06230207935413,16.82270877985462,0.32,0.3375,0.8125,250.0,250.0,250.0,0.0,323.2395932994995,103.43666985583985,9.5,-112.93666985583985
2020-01-30 17:00:00,79.30719133350311,0.5498909090909091,0.32,0.8125,0.549342105263158,-125.0,-125.0,0.0,125.0,-46.24269957558779,0.0,5.263157894736841,-5.263157894736841
2020-01-30 18:00:00,77.93927364392242,0.0,0.32,0.549342105263158,0.2861842105263159,-125.0,-125.0,0.0,125.0,-47.06072635607758,0.0,5.263157894736842,-5.263157894736842
2020-01-30 19:00:00,79.9221619931786,0.0,0.32,0.2861842105263159,0.2861842105263159,0.0,0.0,0.0,-0.0,79.9221619931786,25.575091837817155,0.0,-25.575091837817155
2020-01-30 20:00:00,78.22963649955244,0.0,0.32,0.2861842105263159,0.10000000000000003,-125.0,-88.43750000000003,0.0,88.43750000000003,-10.207863500447587,0.0,3.723684210526317,-3.723684210526317
2020-01-30 21:00:00,76.4376579902457,0.0,0.32,0.10000000000000003,0.1,-125.0,-1.3183898417423734e-14,0.0,1.3183898417423734e-14,76.43765799024568,24.46005055687862,5.551115123125783e-16,-24.46005055687862
2020-01-30 22:00:00,75.90709719592495,0.0,0.1,0.1,0.1,0.0,0.0,0.0,-0.0,75.90709719592495,7.590709719592495,0.0,-7.590709719592495
2020-01-30 23:00:00,70.94761347606283,0.0,0.1,0.1,0.1,-250.0,-0.0,-0.0,0.0,70.94761347606283,7.094761347606283,0.0,-7.094761347606283
2020-01-31 00:00:00,72.93232029959329,0.0,0.1,0.1,0.1,-250.0,-0.0,-0.0,0.0,72.93232029959329,7.293232029959329,0.0,-7.293232029959329
2020-01-31 01:00:00,72.3564337217366,0.0,0.1,0.1,0.575,250.0,250.0,250.0,0.0,322.3564337217366,32.23564337217366,9.5,-41.73564337217366
2020-01-31 02:00:00,73.9454087312994,0.0,0.1,0.575,0.1,-250.0,-225.625,0.0,225.625,-151.67959126870062,0.0,9.5,-9.5
2020-01-31 03:00:00,72.65505692374126,0.0,0.1,0.1,0.1,-125.0,-0.0,-0.0,0.0,72.65505692374126,7.265505692374126,0.0,-7.265505692374126
2020-01-31 04:00:00,75.3028633500405,0.0,0.1,0.1,0.1,-250.0,-0.0,-0.0,0.0,75.3028633500405,7.53028633500405,0.0,-7.53028633500405
2020-01-31 05:00:00,77.910109539118,0.0,0.1,0.1,0.1,-250.0,-0.0,-0.0,0.0,77.910109539118,7.7910109539118,0.0,-7.7910109539118
2020-01-31 06:00:00,77.87899111803952,0.0,0.1,0.1,0.1,-250.0,-0.0,-0.0,0.0,77.87899111803952,7.787899111803952,0.0,-7.787899111803952
2020-01-31 07:00:00,76.31318743948414,5.231620833333333,0.18,0.1,0.1,-250.0,-0.0,-0.0,0.0,71.0815666061508,12.794681989107143,0.0,-12.794681989107143
2020-01-31 08:00:00,79.43871169452053,30.593767272727277,0.18,0.1,0.3375,125.0,125.0,125.0,0.0,173.84494442179326,31.292089995922787,4.75,-36.04208999592279
2020-01-31 09:00:00,82.74879936029802,62.37543717948718,0.18,0.3375,0.3375,0.0,0.0,0.0,-0.0,20.373362180810844,3.6672051925459517,0.0,-3.6672051925459517
2020-01-31 10:00:00,59.63746225525181,92.44588750000001,0.18,0.3375,0.3375,0.0,0.0,0.0,-0.0,-32.8084252447482,0.0,0.0,-0.0
2020-01-31 11:00:00,77.27227561781048,110.48549999999999,0.18,0.3375,0.1,-250.0,-112.81250000000001,0.0,112.81250000000001,-146.02572438218954,0.0,4.75,-4.75
2020-01-31 12:00:00,90.21705177059387,110.6995064102564,0.18,0.1,0.1,-250.0,-0.0,-0.0,0.0,-20.482454639662535,0.0,0.0,-0.0
2020-01-31 13:00:00,81.92755062912272,100.95425277777777,0.18,0.1,0.1,0.0,0.0,0.0,-0.0,-19.026702148655048,0.0,0.0,-0.0
2020-01-31 14:00:00,86.56766401090421,82.1455606060606,0.18,0.1,0.575,250.0,250.0,250.0,0.0,254.4221034048436,45.79597861287185,9.5,-55.29597861287185
2020-01-31 15:00:00,80.84889414866772,51.98129333333333,0.18,0.575,0.9,250.0,171.0526315789474,171.0526315789474,0.0,199.92023239428178,35.98564183097072,6.500000000000002,-42.48564183097072
2020-01-31 16:00:00,86.35134015020748,15.010616666666666,0.32,0.9,0.37368421052631584,-250.0,-250.0,0.0,250.0,-178.6592765164592,0.0,10.526315789473683,-10.526315789473683
2020-01-31 17:00:00,84.60209792557413,1.1028,0.32,0.37368421052631584,0.1,-250.0,-130.00000000000003,0.0,130.00000000000003,-46.5007020744259,0.0,5.473684210526317,-5.473684210526317
2020-01-31 18:00:00,81.61273114343186,0.0,0.32,0.1,0.1,0.0,0.0,0.0,-0.0,81.61273114343186,26.116073965898195,0.0,-26.116073965898195
2020-01-31 19:00:00,85.651188319374,0.0,0.32,0.1,0.1,0.0,0.0,0.0,-0.0,85.651188319374,27.40838026219968,0.0,-27.40838026219968
2020-01-31 20:00:00,84.72218629087708,0.0,0.32,0.1,0.1,0.0,0.0,0.0,-0.0,84.72218629087708,27.111099613080665,0.0,-27.111099613080665
2020-01-31 21:00:00,80.90850460723833,0.0,0.32,0.1,0.1,-250.0,-0.0,-0.0,0.0,80.90850460723833,25.890721474316265,0.0,-25.890721474316265
2020-01-31 22:00:00,81.36653977066364,0.0,0.1,0.1,0.1,-250.0,-0.0,-0.0,0.0,81.36653977066364,8.136653977066365,0.0,-8.136653977066365
2020-01-31 23:00:00,80.32001128577056,0.0,0.1,0.1,0.1,-250.0,-0.0,-0.0,0.0,80.32001128577056,8.032001128577056,0.0,-8.032001128577056
2020-02-01 00:00:00,79.77324121339012,0.0,0.12,0.1,0.1,-125.0,-0.0,-0.0,0.0,79.77324121339012,9.572788945606815,0.0,-9.572788945606815
2020-02-01 01:00:00,78.11849830545232,0.0,0.12,0.1,0.1,0.0,0.0,0.0,-0.0,78.11849830545232,9.374219796654279,0.0,-9.374219796654279
2020-02-01 02:00:00,79.16844399632676,0.0,0.12,0.1,0.1,0.0,0.0,0.0,-0.0,79.16844399632676,9.50021327955921,0.0,-9.50021327955921
2020-02-01 03:00:00,79.93114613539291,0.0,0.12,0.1,0.1,0.0,0.0,0.0,-0.0,79.93114613539291,9.591737536247148,0.0,-9.591737536247148
2020-02-01 04:00:00,81.04399275240112,0.0,0.12,0.1,0.1,0.0,0.0,0.0,-0.0,81.04399275240112,9.725279130288135,0.0,-9.725279130288135
2020-02-01 05:00:00,78.6769204862915,0.0,0.12,0.1,0.3375,125.0,125.0,125.0,0.0,203.6769204862915,24.44123045835498,4.75,-29.19123045835498
2020-02-01 06:00:00,78.92271890033633,0.0,0.12,0.3375,0.3375,0.0,0.0,0.0,-0.0,78.92271890033633,9.47072626804036,0.0,-9.47072626804036
2020-02-01 07:00:00,79.68186064190499,7.524800555555555,0.12,0.3375,0.1,-125.0,-112.81250000000001,0.0,112.81250000000001,-40.65543991365058,0.0,4.75,-4.75
2020-02-01 08:00:00,84.04245305129523,43.307183939393944,0.12,0.1,0.1,0.0,0.0,0.0,-0.0,40.73526911190128,4.888232293428153,0.0,-4.888232293428153
2020-02-01 09:00:00,83.15173096806218,37.691674871794866,0.12,0.1,0.1,-250.0,-0.0,-0.0,0.0,45.460056096267316,5.455206731552078,0.0,-5.455206731552078
2020-02-01 10:00:00,89.5661011768738,86.5154763888889,0.12,0.1,0.1,-250.0,-0.0,-0.0,0.0,3.0506247879849013,0.36607497455818816,0.0,-0.36607497455818816
2020-02-01 11:00:00,93.08855577850045,107.74953636363638,0.12,0.1,0.1,-125.0,-0.0,-0.0,0.0,-14.660980585135931,0.0,0.0,-0.0
2020-02-01 12:00:00,88.81732459439591,114.3051076923077,0.12,0.1,0.1,0.0,0.0,0.0,-0.0,-25.487783097911787,0.0,0.0,-0.0
2020-02-01 13:00:00,89.73061026061306,103.12150000000001,0.12,0.1,0.1,-250.0,-0.0,-0.0,0.0,-13.39088973938695,0.0,0.0,-0.0
2020-02-01 14:00:00,87.82290211845027,83.19860757575758,0.12,0.1,0.1,0.0,0.0,0.0,-0.0,4.624294542692695,0.5549153451231233,0.0,-0.5549153451231233
2020-02-01 15:00:00,83.73047079522755,52.55591192307691,0.12,0.1,0.1,-125.0,-0.0,-0.0,0.0,31.174558872150634,3.740947064658076,0.0,-3.740947064658076
2020-02-01 16:00:00,82.30521127854668,17.31415611111111,0.12,0.1,0.3375,125.0,125.0,125.0,0.0,189.99105516743558,22.798926620092267,4.75,-27.548926620092267
2020-02-01 17:00:00,81.56139420110337,1.504481818181818,0.12,0.3375,0.1,-125.0,-112.81250000000001,0.0,112.81250000000001,-32.75558761707846,0.0,4.75,-4.75
2020-02-01 18:00:00,79.05197282706408,0.0,0.12,0.1,0.1,-125.0,-0.0,-0.0,0.0,79.05197282706408,9.486236739247689,0.0,-9.486236739247689
2020-02-01 19:00:00,81.86089598795293,0.0,0.12,0.1,0.1,0.0,0.0,0.0,-0.0,81.86089598795293,9.823307518554351,0.0,-9.823307518554351
2020-02-01 20:00:00,82.27919104553287,0.0,0.12,0.1,0.1,-125.0,-0.0,-0.0,0.0,82.27919104553287,9.873502925463944,0.0,-9.873502925463944
2020-02-01 21:00:00,81.73097400660166,0.0,0.12,0.1,0.1,0.0,0.0,0.0,-0.0,81.73097400660166,9.807716880792198,0.0,-9.807716880792198
2020-02-01 22:00:00,80.80853966867237,0.0,0.12,0.1,0.1,-125.0,-0.0,-0.0,0.0,80.80853966867237,9.697024760240684,0.0,-9.697024760240684
2020-02-01 23:00:00,80.45398787624157,0.0,0.12,0.1,0.1,0.0,0.0,0.0,-0.0,80.45398787624157,9.654478545148988,0.0,-9.654478545148988
2020-02-02 00:00:00,78.38718884873194,0.0,0.12,0.1,0.1,0.0,0.0,0.0,-0.0,78.38718884873194,9.406462661847833,0.0,-9.406462661847833
2020-02-02 01:00:00,77.80564997347614,0.0,0.12,0.1,0.1,0.0,0.0,0.0,-0.0,77.80564997347614,9.336677996817135,0.0,-9.336677996817135
2020-02-02 02:00:00,79.22381747949666,0.0,0.12,0.1,0.1,0.0,0.0,0.0,-0.0,79.22381747949666,9.506858097539599,0.0,-9.506858097539599
2020-02-02 03:00:00,79.00845841137698,0.0,0.12,0.1,0.1,0.0,0.0,0.0,-0.0,79.00845841137698,9.481015009365237,0.0,-9.481015009365237
2020-02-02 04:00:00,77.9345000723133,0.0,0.12,0.1,0.1,0.0,0.0,0.0,-0.0,77.9345000723133,9.352140008677596,0.0,-9.352140008677596
2020-02-02 05:00:00,80.85602706134621,0.0,0.12,0.1,0.3375,125.0,125.0,125.0,0.0,205.8560270613462,24.702723247361543,4.75,-29.452723247361543
2020-02-02 06:00:00,80.2033490265124,0.0,0.12,0.3375,0.3375,0.0,0.0,0.0,-0.0,80.2033490265124,9.624401883181488,0.0,-9.624401883181488
2020-02-02 07:00:00,78.46432594504172,2.9119114583333334,0.12,0.3375,0.1,-125.0,-112.81250000000001,0.0,112.81250000000001,-37.26008551329163,0.0,4.75,-4.75
2020-02-02 08:00:00,77.36665776126816,8.475658181818183,0.12,0.1,0.1,0.0,0.0,0.0,-0.0,68.89099957944998,8.266919949533998,0.0,-8.266919949533998
2020-02-02 09:00:00,82.05613386922141,56.247059615384615,0.12,0.1,0.1,-250.0,-0.0,-0.0,0.0,25.809074253836798,3.097088910460416,0.0,-3.097088910460416
2020-02-02 10:00:00,83.00101144200755,43.195998194444435,0.12,0.1,0.1,-250.0,-0.0,-0.0,0.0,39.80501324756312,4.776601589707574,0.0,-4.776601589707574
2020-02-02 11:00:00,78.41194773188401,57.15219727272727,0.12,0.1,0.1,-125.0,-0.0,-0.0,0.0,21.25975045915674,2.551170055098809,0.0,-2.551170055098809
2020-02-02 12:00:00,89.73320593835791,101.54976538461538,0.12,0.1,0.1,0.0,0.0,0.0,-0.0,-11.816559446257472,0.0,0.0,-0.0
2020-02-02 13:00:00,88.511798239769,114.51729166666667,0.12,0.1,0.1,-250.0,-0.0,-0.0,0.0,-26.005493426897658,0.0,0.0,-0.0
2020-02-02 14:00:00,87.30872484987464,93.23205606060606,0.12,0.1,0.1,0.0,0.0,0.0,-0.0,-5.923331210731419,0.0,0.0,-0.0
2020-02-02 15:00:00,82.6408676258193,58.89933948717949,0.12,0.1,0.1,0.0,0.0,0.0,-0.0,23.741528138639808,2.848983376636777,0.0,-2.848983376636777
2020-02-02 16:00:00,80.82556164920358,19.8797575,0.12,0.1,0.3375,125.0,125.0,125.0,0.0,185.94580414920358,22.313496497904428,4.75,-27.063496497904428
2020-02-02 17:00:00,81.02314976732151,1.314066666666667,0.12,0.3375,0.1,-125.0,-112.81250000000001,0.0,112.81250000000001,-33.10341689934516,0.0,4.75,-4.75
2020-02-02 18:00:00,78.95491761942127,0.0,0.12,0.1,0.1,-125.0,-0.0,-0.0,0.0,78.95491761942127,9.474590114330551,0.0,-9.474590114330551
2020-02-02 19:00:00,84.32763510634854,0.0,0.12,0.1,0.1,0.0,0.0,0.0,-0.0,84.32763510634854,10.119316212761824,0.0,-10.119316212761824
2020-02-02 20:00:00,81.66140356468215,0.0,0.12,0.1,0.1,-125.0,-0.0,-0.0,0.0,81.66140356468215,9.799368427761857,0.0,-9.799368427761857
2020-02-02 21:00:00,82.62569857655234,0.0,0.12,0.1,0.1,0.0,0.0,0.0,-0.0,82.62569857655234,9.91508382918628,0.0,-9.91508382918628
2020-02-02 22:00:00,83.59355644139141,0.0,0.12,0.1,0.1,-125.0,-0.0,-0.0,0.0,83.59355644139141,10.031226772966969,0.0,-10.031226772966969
2020-02-02 23:00:00,81.3367319565618,0.0,0.12,0.1,0.1,0.0,0.0,0.0,-0.0,81.3367319565618,9.760407834787417,0.0,-9.760407834787417
2020-02-03 00:00:00,80.36826982553917,0.0,0.1,0.1,0.1,-125.0,-0.0,-0.0,0.0,80.36826982553917,8.036826982553917,0.0,-8.036826982553917
2020-02-03 01:00:00,79.50373660115677,0.0,0.1,0.1,0.1,-125.0,-0.0,-0.0,0.0,79.50373660115677,7.950373660115678,0.0,-7.950373660115678
2020-02-03 02:00:00,82.71113757665286,0.0,0.1,0.1,0.3375,125.0,125.0,125.0,0.0,207.71113757665285,20.771113757665287,4.75,-25.521113757665287
2020-02-03 03:00:00,80.5570857239094,0.0,0.1,0.3375,0.575,125.0,125.0,125.0,0.0,205.55708572390938,20.55570857239094,4.749999999999998,-25.30570857239094
2020-02-03 04:00:00,80.05410009876518,0.0,0.1,0.575,0.31184210526315786,-125.0,-125.0,0.0,125.0,-44.945899901234824,0.0,5.263157894736842,-5.263157894736842
2020-02-03 05:00:00,79.6823009586711,0.0,0.1,0.31184210526315786,0.7868421052631578,250.0,250.0,250.0,0.0,329.68230095867114,32.96823009586711,9.499999999999998,-42.46823009586711
2020-02-03 06:00:00,89.55079900594501,0.0,0.1,0.7868421052631578,0.9,125.0,59.55678670360118,59.55678670360118,0.0,149.10758570954619,14.91075857095462,2.2631578947368447,-17.173916465691466
2020-02-03 07:00:00,87.40919013706603,11.712511527777778,0.18,0.9,0.6368421052631579,-125.0,-125.0,0.0,125.0,-49.303321390711744,0.0,5.2631578947368425,-5.2631578947368425
2020-02-03 08:00:00,92.37109359419661,55.329253030303036,0.18,0.6368421052631579,0.8743421052631579,125.0,125.0,125.0,0.0,162.04184056389357,29.16753130150084,4.750000000000001,-33.917531301500844
2020-02-03 09:00:00,100.04996689247088,93.39987179487179,0.18,0.8743421052631579,0.34802631578947374,-250.0,-250.0,0.0,250.0,-243.3499049024009,0.0,10.526315789473683,-10.526315789473683
2020-02-03 10:00:00,104.58815946413232,118.20907083333333,0.18,0.34802631578947374,0.34802631578947374,0.0,0.0,0.0,-0.0,-13.62091136920101,0.0,0.0,-0.0
2020-02-03 11:00:00,104.10209657602519,129.67276818181818,0.18,0.34802631578947374,0.10000000000000003,-250.0,-117.81250000000001,0.0,117.81250000000001,-143.383171605793,0.0,4.960526315789474,-4.960526315789474
2020-02-03 12:00:00,103.76976733440458,130.02204743589743,0.18,0.10000000000000003,0.10000000000000003,0.0,0.0,0.0,-0.0,-26.252280101492858,0.0,0.0,-0.0
2020-02-03 13:00:00,102.0284380179711,117.86482916666667,0.18,0.10000000000000003,0.10000000000000003,0.0,0.0,0.0,-0.0,-15.836391148695569,0.0,0.0,-0.0
2020-02-03 14:00:00,102.72249706425755,96.0363393939394,0.18,0.10000000000000003,0.575,250.0,250.0,250.0,0.0,256.68615767031815,46.20350838065727,9.499999999999998,-55.70350838065727
2020-02-03 15:00:00,96.67400050822295,61.363028846153846,0.18,0.575,0.31184210526315786,-125.0,-125.0,0.0,125.0,-89.68902833793089,0.0,5.263157894736842,-5.263157894736842
2020-02-03 16:00:00,89.27909409990612,20.925687500000002,0.32,0.31184210526315786,0.7868421052631578,250.0,250.0,250.0,0.0,318.3534065999061,101.87309011196996,9.499999999999998,-111.37309011196996
2020-02-03 17:00:00,86.51810128807792,1.384134090909091,0.32,0.7868421052631578,0.5236842105263158,-125.0,-125.0,0.0,125.0,-39.86603280283117,0.0,5.263157894736841,-5.263157894736841
2020-02-03 18:00:00,84.38555946720301,0.0,0.32,0.5236842105263158,0.5236842105263158,0.0,0.0,0.0,-0.0,84.38555946720301,27.003379029504963,0.0,-27.003379029504963
2020-02-03 19:00:00,89.15693175404944,0.0,0.32,0.5236842105263158,0.9,250.0,198.0609418282549,198.0609418282549,0.0,287.2178735823043,91.90971954633739,7.526315789473685,-99.43603533581107
2020-02-03 20:00:00,88.76493670366156,0.0,0.32,0.9,0.6368421052631579,-125.0,-125.0,0.0,125.0,-36.23506329633844,0.0,5.2631578947368425,-5.2631578947368425
2020-02-03 21:00:00,83.89498503770353,0.0,0.32,0.6368421052631579,0.3736842105263158,-125.0,-125.0,0.0,125.0,-41.105014962296465,0.0,5.263157894736842,-5.263157894736842
2020-02-03 22:00:00,81.834357979406,0.0,0.1,0.3736842105263158,0.10000000000000003,-250.0,-129.99999999999997,0.0,129.99999999999997,-48.16564202059398,0.0,5.473684210526315,-5.473684210526315
2020-02-03 23:00:00,81.4811971362953,0.0,0.1,0.10000000000000003,0.3375,125.0,125.0,125.0,0.0,206.4811971362953,20.64811971362953,4.75,-25.39811971362953
2020-02-04 00:00:00,83.77374451029775,0.0,0.1,0.3375,0.1,-125.0,-112.81250000000001,0.0,112.81250000000001,-29.038755489702268,0.0,4.75,-4.75
2020-02-04 01:00:00,83.16621117065372,0.0,0.1,0.1,0.1,-125.0,-0.0,-0.0,0.0,83.16621117065372,8.316621117065372,0.0,-8.316621117065372
2020-02-04 02:00:00,81.75491870084915,0.0,0.1,0.1,0.3375,125.0,125.0,125.0,0.0,206.75491870084915,20.675491870084915,4.75,-25.425491870084915
2020-02-04 03:00:00,82.51149849725923,0.0,0.1,0.3375,0.575,125.0,125.0,125.0,0.0,207.51149849725923,20.751149849725923,4.749999999999998,-25.50114984972592
2020-02-04 04:00:00,83.38607279883554,0.0,0.1,0.575,0.31184210526315786,-125.0,-125.0,0.0,125.0,-41.61392720116446,0.0,5.263157894736842,-5.263157894736842
2020-02-04 05:00:00,87.5025970208496,0.0,0.1,0.31184210526315786,0.1,-125.0,-100.62499999999999,0.0,100.62499999999999,-13.12240297915038,0.0,4.2368421052631575,-4.2368421052631575
2020-02-04 06:00:00,83.07387981305381,0.0,0.1,0.1,0.1,-250.0,-0.0,-0.0,0.0,83.07387981305381,8.30738798130538,0.0,-8.30738798130538
2020-02-04 07:00:00,90.95356657074784,12.08838375,0.18,0.1,0.1,0.0,0.0,0.0,-0.0,78.86518282074783,14.195732907734609,0.0,-14.195732907734609
2020-02-04 08:00:00,93.48579149457369,56.312377272727275,0.18,0.1,0.1,0.0,0.0,0.0,-0.0,37.173414221846414,6.691214559932354,0.0,-6.691214559932354
2020-02-04 09:00:00,101.40429075747407,93.31429358974358,0.18,0.1,0.1,-125.0,-0.0,-0.0,0.0,8.089997167730488,1.4561994901914876,0.0,-1.4561994901914876
2020-02-04 10:00:00,114.14206356071611,118.45495972222223,0.18,0.1,0.1,-250.0,-0.0,-0.0,0.0,-4.312896161506117,0.0,0.0,-0.0
2020-02-04 11:00:00,110.2165086177917,121.7844606060606,0.18,0.1,0.1,-250.0,-0.0,-0.0,0.0,-11.567951988268902,0.0,0.0,-0.0
2020-02-04 12:00:00,107.27486176910728,107.62743205128206,0.18,0.1,0.1,-250.0,-0.0,-0.0,0.0,-0.35257028217478137,0.0,0.0,-0.0
2020-02-04 13:00:00,101.63166160705258,98.15667916666666,0.18,0.1,0.1,0.0,0.0,0.0,-0.0,3.474982440385915,0.6254968392694646,0.0,-0.6254968392694646
2020-02-04 14:00:00,101.56546051568512,89.52363939393939,0.18,0.1,0.575,250.0,250.0,250.0,0.0,262.0418211217457,47.16752780191423,9.5,-56.66752780191423
2020-02-04 15:00:00,93.32091158134243,58.41226307692307,0.18,0.575,0.31184210526315786,-125.0,-125.0,0.0,125.0,-90.09135149558064,0.0,5.263157894736842,-5.263157894736842
2020-02-04 16:00:00,91.76192988968164,22.392964583333335,0.32,0.31184210526315786,0.7868421052631578,250.0,250.0,250.0,0.0,319.3689653063483,102.19806889803145,9.499999999999998,-111.69806889803145
2020-02-04 17:00:00,88.18084687322958,1.321309090909091,0.32,0.7868421052631578,0.5236842105263158,-125.0,-125.0,0.0,125.0,-38.14046221767951,0.0,5.263157894736841,-5.263157894736841
2020-02-04 18:00:00,86.52612631590549,0.0,0.32,0.5236842105263158,0.5236842105263158,0.0,0.0,0.0,-0.0,86.52612631590549,27.688360421089754,0.0,-27.688360421089754
2020-02-04 19:00:00,86.84775078902386,0.0,0.32,0.5236842105263158,0.9,250.0,198.0609418282549,198.0609418282549,0.0,284.90869261727875,91.1707816375292,7.526315789473685,-98.69709742700289
2020-02-04 20:00:00,86.90140201592884,0.0,0.32,0.9,0.6368421052631579,-125.0,-125.0,0.0,125.0,-38.09859798407116,0.0,5.2631578947368425,-5.2631578947368425
2020-02-04 21:00:00,85.07582537081399,0.0,0.32,0.6368421052631579,0.3736842105263158,-125.0,-125.0,0.0,125.0,-39.92417462918601,0.0,5.263157894736842,-5.263157894736842
2020-02-04 22:00:00,84.16387540275262,0.0,0.1,0.3736842105263158,0.10000000000000003,-250.0,-129.99999999999997,0.0,129.99999999999997,-45.83612459724735,0.0,5.473684210526315,-5.473684210526315
2020-02-04 23:00:00,82.57663948271728,0.0,0.1,0.10000000000000003,0.3375,125.0,125.0,125.0,0.0,207.57663948271727,20.757663948271727,4.75,-25.507663948271727
2020-02-05 00:00:00,83.01974477663495,0.0,0.1,0.3375,0.1,-125.0,-112.81250000000001,0.0,112.81250000000001,-29.792755223365063,0.0,4.75,-4.75
2020-02-05 01:00:00,82.32873694627955,0.0,0.1,0.1,0.1,-125.0,-0.0,-0.0,0.0,82.32873694627955,8.232873694627955,0.0,-8.232873694627955
2020-02-05 02:00:00,83.8308715627688,0.0,0.1,0.1,0.3375,125.0,125.0,125.0,0.0,208.8308715627688,20.883087156276883,4.75,-25.633087156276883
2020-02-05 03:00:00,83.18194407012615,0.0,0.1,0.3375,0.575,125.0,125.0,125.0,0.0,208.18194407012615,20.818194407012616,4.749999999999998,-25.568194407012612
2020-02-05 04:00:00,79.70563135591736,0.0,0.1,0.575,0.31184210526315786,-125.0,-125.0,0.0,125.0,-45.29436864408264,0.0,5.263157894736842,-5.263157894736842
2020-02-05 05:00:00,82.87735838376115,0.0,0.1,0.31184210526315786,0.1,-125.0,-100.62499999999999,0.0,100.62499999999999,-17.747641616238838,0.0,4.2368421052631575,-4.2368421052631575
2020-02-05 06:00:00,83.53778700429986,0.0,0.1,0.1,0.1,-250.0,-0.0,-0.0,0.0,83.53778700429986,8.353778700429986,0.0,-8.353778700429986
2020-02-05 07:00:00,92.75101768351915,10.176754583333334,0.18,0.1,0.1,-250.0,-0.0,-0.0,0.0,82.57426310018582,14.863367358033447,0.0,-14.863367358033447
2020-02-05 08:00:00,90.60374370987242,43.83453848484848,0.18,0.1,0.1,0.0,0.0,0.0,-0.0,46.76920522502394,8.418456940504308,0.0,-8.418456940504308
2020-02-05 09:00:00,92.9891374630716,84.22197307692308,0.18,0.1,0.1,-125.0,-0.0,-0.0,0.0,8.767164386148522,1.578089589506734,0.0,-1.578089589506734
2020-02-05 10:00:00,93.92240145691528,108.8209236111111,0.18,0.1,0.1,-250.0,-0.0,-0.0,0.0,-14.898522154195817,0.0,0.0,-0.0
2020-02-05 11:00:00,101.00438117801053,118.1641787878788,0.18,0.1,0.1,-250.0,-0.0,-0.0,0.0,-17.159797609868264,0.0,0.0,-0.0
2020-02-05 12:00:00,96.69994274759966,117.11221923076923,0.18,0.1,0.1,-250.0,-0.0,-0.0,0.0,-20.412276483169563,0.0,0.0,-0.0
2020-02-05 13:00:00,95.79911882354493,105.21344305555556,0.18,0.1,0.1,0.0,0.0,0.0,-0.0,-9.414324232010628,0.0,0.0,-0.0
2020-02-05 14:00:00,93.59817543408589,88.00108333333333,0.18,0.1,0.575,250.0,250.0,250.0,0.0,255.59709210075255,46.00747657813546,9.5,-55.50747657813546
2020-02-05 15:00:00,90.7095337770155,51.555309487179485,0.18,0.575,0.31184210526315786,-125.0,-125.0,0.0,125.0,-85.84577571016399,0.0,5.263157894736842,-5.263157894736842
2020-02-05 16:00:00,84.83694431126409,11.988412152777778,0.32,0.31184210526315786,0.7868421052631578,250.0,250.0,250.0,0.0,322.8485321584863,103.31153029071562,9.499999999999998,-112.81153029071562
2020-02-05 17:00:00,84.00429580034621,2.6668727272727275,0.32,0.7868421052631578,0.5236842105263158,-125.0,-125.0,0.0,125.0,-43.66257692692652,0.0,5.263157894736841,-5.263157894736841
2020-02-05 18:00:00,82.49339085388509,0.0,0.32,0.5236842105263158,0.5236842105263158,0.0,0.0,0.0,-0.0,82.49339085388509,26.39788507324323,0.0,-26.39788507324323
2020-02-05 19:00:00,85.70152926331718,0.0,0.32,0.5236842105263158,0.9,250.0,198.0609418282549,198.0609418282549,0.0,283.7624710915721,90.80399074930307,7.526315789473685,-98.33030653877675
2020-02-05 20:00:00,87.95600796756419,0.0,0.32,0.9,0.6368421052631579,-125.0,-125.0,0.0,125.0,-37.04399203243581,0.0,5.2631578947368425,-5.2631578947368425
2020-02-05 21:00:00,80.71924307228824,0.0,0.32,0.6368421052631579,0.3736842105263158,-125.0,-125.0,0.0,125.0,-44.280756927711764,0.0,5.263157894736842,-5.263157894736842
2020-02-05 22:00:00,79.59389774438176,0.0,0.1,0.3736842105263158,0.10000000000000003,-250.0,-129.99999999999997,0.0,129.99999999999997,-50.40610225561821,0.0,5.473684210526315,-5.473684210526315
2020-02-05 23:00:00,80.36063951295124,0.0,0.1,0.10000000000000003,0.3375,125.0,125.0,125.0,0.0,205.36063951295125,20.536063951295127,4.75,-25.286063951295127
2020-02-06 00:00:00,80.0425146131357,0.0,0.1,0.3375,0.1,-125.0,-112.81250000000001,0.0,112.81250000000001,-32.76998538686432,0.0,4.75,-4.75
2020-02-06 01:00:00,80.45883257763448,0.0,0.1,0.1,0.1,-125.0,-0.0,-0.0,0.0,80.45883257763448,8.045883257763448,0.0,-8.045883257763448
2020-02-06 02:00:00,77.51399716792429,0.0,0.1,0.1,0.3375,125.0,125.0,125.0,0.0,202.5139971679243,20.25139971679243,4.75,-25.00139971679243
2020-02-06 03:00:00,81.84574230685591,0.0,0.1,0.3375,0.575,125.0,125.0,125.0,0.0,206.84574230685593,20.684574230685595,4.749999999999998,-25.43457423068559
2020-02-06 04:00:00,81.15438927953166,0.0,0.1,0.575,0.31184210526315786,-125.0,-125.0,0.0,125.0,-43.84561072046834,0.0,5.263157894736842,-5.263157894736842
2020-02-06 05:00:00,84.89765351469315,0.0,0.1,0.31184210526315786,0.1,-125.0,-100.62499999999999,0.0,100.62499999999999,-15.727346485306839,0.0,4.2368421052631575,-4.2368421052631575
2020-02-06 06:00:00,81.68010261212325,0.0,0.1,0.1,0.1,-250.0,-0.0,-0.0,0.0,81.68010261212325,8.168010261212325,0.0,-8.168010261212325
2020-02-06 07:00:00,88.80980804354287,11.665475833333334,0.18,0.1,0.1,-250.0,-0.0,-0.0,0.0,77.14433221020954,13.885979797837717,0.0,-13.885979797837717
2020-02-06 08:00:00,93.32026866791675,53.15322333333333,0.18,0.1,0.1,0.0,0.0,0.0,-0.0,40.16704533458342,7.230068160225016,0.0,-7.230068160225016
2020-02-06 09:00:00,102.59623192859281,86.18410128205129,0.18,0.1,0.1,-125.0,-0.0,-0.0,0.0,16.412130646541527,2.954183516377475,0.0,-2.954183516377475
2020-02-06 10:00:00,106.95588999154155,109.32643055555555,0.18,0.1,0.1,-250.0,-0.0,-0.0,0.0,-2.370540564013993,0.0,0.0,-0.0
2020-02-06 11:00:00,108.35368157851539,116.13131,0.18,0.1,0.1,-250.0,-0.0,-0.0,0.0,-7.777628421484607,0.0,0.0,-0.0
2020-02-06 12:00:00,103.60217397202717,118.37874615384615,0.18,0.1,0.1,-250.0,-0.0,-0.0,0.0,-14.776572181818977,0.0,0.0,-0.0
2020-02-06 13:00:00,100.09210083499401,108.7607625,0.18,0.1,0.1,0.0,0.0,0.0,-0.0,-8.668661665005985,0.0,0.0,-0.0
2020-02-06 14:00:00,94.7310568889956,90.44712121212122,0.18,0.1,0.575,250.0,250.0,250.0,0.0,254.28393567687436,45.77110842183738,9.5,-55.27110842183738
2020-02-06 15:00:00,93.23048335776856,58.48512051282051,0.18,0.575,0.31184210526315786,-125.0,-125.0,0.0,125.0,-90.25463715505194,0.0,5.263157894736842,-5.263157894736842
2020-02-06 16:00:00,87.62114322759804,20.519088194444443,0.32,0.31184210526315786,0.7868421052631578,250.0,250.0,250.0,0.0,317.1020550331536,101.47265761060915,9.499999999999998,-110.97265761060915
2020-02-06 17:00:00,85.10024543990323,1.58244696969697,0.32,0.7868421052631578,0.5236842105263158,-125.0,-125.0,0.0,125.0,-41.48220152979374,0.0,5.263157894736841,-5.263157894736841
2020-02-06 18:00:00,85.65976468973078,0.0,0.32,0.5236842105263158,0.5236842105263158,0.0,0.0,0.0,-0.0,85.65976468973078,27.41112470071385,0.0,-27.41112470071385
2020-02-06 19:00:00,87.03128032782713,0.0,0.32,0.5236842105263158,0.9,250.0,198.0609418282549,198.0609418282549,0.0,285.092222156082,91.22951108994624,7.526315789473685,-98.75582687941993
2020-02-06 20:00:00,87.55428149495597,0.0,0.32,0.9,0.6368421052631579,-125.0,-125.0,0.0,125.0,-37.44571850504403,0.0,5.2631578947368425,-5.2631578947368425
2020-02-06 21:00:00,83.16460391841282,0.0,0.32,0.6368421052631579,0.3736842105263158,-125.0,-125.0,0.0,125.0,-41.83539608158718,0.0,5.263157894736842,-5.263157894736842
2020-02-06 22:00:00,81.52359435448344,0.0,0.1,0.3736842105263158,0.10000000000000003,-250.0,-129.99999999999997,0.0,129.99999999999997,-48.476405645516536,0.0,5.473684210526315,-5.473684210526315
2020-02-06 23:00:00,80.38042721580615,0.0,0.1,0.10000000000000003,0.3375,125.0,125.0,125.0,0.0,205.38042721580615,20.538042721580617,4.75,-25.288042721580617
2020-02-07 00:00:00,80.28582505367389,0.0,0.1,0.3375,0.1,-125.0,-112.81250000000001,0.0,112.81250000000001,-32.526674946326125,0.0,4.75,-4.75
2020-02-07 01:00:00,83.12632353176782,0.0,0.1,0.1,0.1,-125.0,-0.0,-0.0,0.0,83.12632353176782,8.312632353176783,0.0,-8.312632353176783
2020-02-07 02:00:00,81.96035427079208,0.0,0.1,0.1,0.3375,125.0,125.0,125.0,0.0,206.9603542707921,20.69603542707921,4.75,-25.44603542707921
2020-02-07 03:00:00,81.86694475777202,0.0,0.1,0.3375,0.575,125.0,125.0,125.0,0.0,206.86694475777202,20.6866944757772,4.749999999999998,-25.4366944757772
2020-02-07 04:00:00,81.48160955176799,0.0,0.1,0.575,0.31184210526315786,-125.0,-125.0,0.0,125.0,-43.51839044823201,0.0,5.263157894736842,-5.263157894736842
2020-02-07 05:00:00,87.09817819009471,0.0,0.1,0.31184210526315786,0.1,-125.0,-100.62499999999999,0.0,100.62499999999999,-13.526821809905272,0.0,4.2368421052631575,-4.2368421052631575
2020-02-07 06:00:00,85.25659821976384,0.0,0.1,0.1,0.1,-250.0,-0.0,-0.0,0.0,85.25659821976384,8.525659821976385,0.0,-8.525659821976385
2020-02-07 07:00:00,87.55421600624958,11.670980833333333,0.18,0.1,0.1,-250.0,-0.0,-0.0,0.0,75.88323517291624,13.658982331124923,0.0,-13.658982331124923
2020-02-07 08:00:00,92.23158455198366,52.182865151515145,0.18,0.1,0.1,0.0,0.0,0.0,-0.0,40.048719400468514,7.208769492084333,0.0,-7.208769492084333
2020-02-07 09:00:00,98.0893851602705,86.25022820512821,0.18,0.1,0.1,-125.0,-0.0,-0.0,0.0,11.839156955142286,2.1310482519256113,0.0,-2.1310482519256113
2020-02-07 10:00:00,105.53671358455877,108.31338472222222,0.18,0.1,0.1,-250.0,-0.0,-0.0,0.0,-2.776671137663456,0.0,0.0,-0.0
2020-02-07 11:00:00,114.86918093686614,118.07262727272727,0.18,0.1,0.1,-250.0,-0.0,-0.0,0.0,-3.2034463358611305,0.0,0.0,-0.0
2020-02-07 12:00:00,107.11664622557575,117.88994230769231,0.18,0.1,0.1,-250.0,-0.0,-0.0,0.0,-10.773296082116559,0.0,0.0,-0.0
2020-02-07 13:00:00,110.02250450106392,106.976225,0.18,0.1,0.1,0.0,0.0,0.0,-0.0,3.046279501063921,0.5483303101915058,0.0,-0.5483303101915058
2020-02-07 14:00:00,113.6527287118761,88.61900606060607,0.18,0.1,0.575,250.0,250.0,250.0,0.0,275.03372265127,49.5060700772286,9.5,-59.0060700772286
2020-02-07 15:00:00,100.54462093062335,57.6034482051282,0.18,0.575,0.31184210526315786,-125.0,-125.0,0.0,125.0,-82.05882727450485,0.0,5.263157894736842,-5.263157894736842
2020-02-07 16:00:00,88.60467684110347,20.290419444444442,0.32,0.31184210526315786,0.7868421052631578,250.0,250.0,250.0,0.0,318.31425739665906,101.8605623669309,9.499999999999998,-111.3605623669309
2020-02-07 17:00:00,86.65871349531618,2.461850552251487,0.32,0.7868421052631578,0.5236842105263158,-125.0,-125.0,0.0,125.0,-40.80313705693531,0.0,5.263157894736841,-5.263157894736841
2020-02-07 18:00:00,84.52320697559773,0.0,0.32,0.5236842105263158,0.5236842105263158,0.0,0.0,0.0,-0.0,84.52320697559773,27.047426232191274,0.0,-27.047426232191274
2020-02-07 19:00:00,87.1967147165755,0.0,0.32,0.5236842105263158,0.9,250.0,198.0609418282549,198.0609418282549,0.0,285.2576565448304,91.28245009434573,7.526315789473685,-98.80876588381942
2020-02-07 20:00:00,84.96821771388953,0.0,0.32,0.9,0.6368421052631579,-125.0,-125.0,0.0,125.0,-40.03178228611047,0.0,5.2631578947368425,-5.2631578947368425
2020-02-07 21:00:00,80.71904523000408,0.0,0.32,0.6368421052631579,0.3736842105263158,-125.0,-125.0,0.0,125.0,-44.280954769995915,0.0,5.263157894736842,-5.263157894736842
2020-02-07 22:00:00,79.6552959450022,0.0,0.1,0.3736842105263158,0.10000000000000003,-250.0,-129.99999999999997,0.0,129.99999999999997,-50.34470405499778,0.0,5.473684210526315,-5.473684210526315
2020-02-07 23:00:00,82.12010011913407,0.0,0.1,0.10000000000000003,0.3375,125.0,125.0,125.0,0.0,207.12010011913407,20.712010011913407,4.75,-25.462010011913407
2020-02-08 00:00:00,79.47785400290815,0.0,0.12,0.3375,0.8125,250.0,250.0,250.0,0.0,329.47785400290815,39.537342480348975,9.5,-49.037342480348975
2020-02-08 01:00:00,78.2927433670842,0.0,0.12,0.8125,0.549342105263158,-125.0,-125.0,0.0,125.0,-46.7072566329158,0.0,5.263157894736841,-5.263157894736841
2020-02-08 02:00:00,79.43425004914393,0.0,0.12,0.549342105263158,0.549342105263158,0.0,0.0,0.0,-0.0,79.43425004914393,9.532110005897271,0.0,-9.532110005897271
2020-02-08 03:00:00,79.90561479255877,0.0,0.12,0.549342105263158,0.2861842105263159,-125.0,-125.0,0.0,125.0,-45.094385207441235,0.0,5.263157894736842,-5.263157894736842
2020-02-08 04:00:00,80.9666351388427,0.0,0.12,0.2861842105263159,0.10000000000000003,-250.0,-88.43750000000003,0.0,88.43750000000003,-7.470864861157324,0.0,3.723684210526317,-3.723684210526317
2020-02-08 05:00:00,78.54387823906163,0.0,0.12,0.10000000000000003,0.3375,125.0,125.0,125.0,0.0,203.54387823906163,24.425265388687393,4.75,-29.175265388687393
2020-02-08 06:00:00,78.93289951628071,0.0,0.12,0.3375,0.3375,0.0,0.0,0.0,-0.0,78.93289951628071,9.471947941953685,0.0,-9.471947941953685
2020-02-08 07:00:00,81.64919687777922,10.186866458333334,0.12,0.3375,0.1,-125.0,-112.81250000000001,0.0,112.81250000000001,-41.35016958055412,0.0,4.75,-4.75
2020-02-08 08:00:00,85.35963656669924,50.10493363636363,0.12,0.1,0.1,0.0,0.0,0.0,-0.0,35.254702930335604,4.230564351640273,0.0,-4.230564351640273
2020-02-08 09:00:00,86.39006026907788,68.34075230769231,0.12,0.1,0.1,-250.0,-0.0,-0.0,0.0,18.049307961385566,2.1659169553662676,0.0,-2.1659169553662676
2020-02-08 10:00:00,91.45448690946561,104.67977777777777,0.12,0.1,0.1,-250.0,-0.0,-0.0,0.0,-13.225290868312157,0.0,0.0,-0.0
2020-02-08 11:00:00,94.14318680510397,119.7716181818182,0.12,0.1,0.1,-125.0,-0.0,-0.0,0.0,-25.628431376714232,0.0,0.0,-0.0
2020-02-08 12:00:00,95.10098845652234,119.54951538461539,0.12,0.1,0.1,-250.0,-0.0,-0.0,0.0,-24.448526928093045,0.0,0.0,-0.0
2020-02-08 13:00:00,92.36450072633244,110.63810000000001,0.12,0.1,0.1,-250.0,-0.0,-0.0,0.0,-18.27359927366757,0.0,0.0,-0.0
2020-02-08 14:00:00,91.18189233852576,90.0052106060606,0.12,0.1,0.1,0.0,0.0,0.0,-0.0,1.1766817324651555,0.14120180789581865,0.0,-0.14120180789581865
2020-02-08 15:00:00,88.73088526813366,58.16789743589744,0.12,0.1,0.1,0.0,0.0,0.0,-0.0,30.562987832236225,3.667558539868347,0.0,-3.667558539868347
2020-02-08 16:00:00,83.120081130646,22.580708333333334,0.12,0.1,0.3375,125.0,125.0,125.0,0.0,185.53937279731267,22.264724735677518,4.75,-27.014724735677518
2020-02-08 17:00:00,79.58786860659812,2.028290909090909,0.12,0.3375,0.1,-125.0,-112.81250000000001,0.0,112.81250000000001,-35.252922302492806,0.0,4.75,-4.75
2020-02-08 18:00:00,79.3133145584827,0.0,0.12,0.1,0.1,-125.0,-0.0,-0.0,0.0,79.3133145584827,9.517597747017923,0.0,-9.517597747017923
2020-02-08 19:00:00,82.27869032602165,0.0,0.12,0.1,0.1,0.0,0.0,0.0,-0.0,82.27869032602165,9.873442839122598,0.0,-9.873442839122598
2020-02-08 20:00:00,81.58141240500271,0.0,0.12,0.1,0.1,-125.0,-0.0,-0.0,0.0,81.58141240500271,9.789769488600324,0.0,-9.789769488600324
2020-02-08 21:00:00,83.06139265862947,0.0,0.12,0.1,0.1,0.0,0.0,0.0,-0.0,83.06139265862947,9.967367119035536,0.0,-9.967367119035536
2020-02-08 22:00:00,81.59298274662012,0.0,0.12,0.1,0.1,-125.0,-0.0,-0.0,0.0,81.59298274662012,9.791157929594414,0.0,-9.791157929594414
2020-02-08 23:00:00,78.90907186301374,0.0,0.12,0.1,0.1,0.0,0.0,0.0,-0.0,78.90907186301374,9.469088623561648,0.0,-9.469088623561648
2020-02-09 00:00:00,80.99294824796502,0.0,0.12,0.1,0.1,-125.0,-0.0,-0.0,0.0,80.99294824796502,9.719153789755802,0.0,-9.719153789755802
2020-02-09 01:00:00,79.74903669729096,0.0,0.12,0.1,0.1,0.0,0.0,0.0,-0.0,79.74903669729096,9.569884403674916,0.0,-9.569884403674916
2020-02-09 02:00:00,81.41623794960437,0.0,0.12,0.1,0.1,-250.0,-0.0,-0.0,0.0,81.41623794960437,9.769948553952524,0.0,-9.769948553952524
2020-02-09 03:00:00,79.73486721154414,0.0,0.12,0.1,0.1,0.0,0.0,0.0,-0.0,79.73486721154414,9.568184065385296,0.0,-9.568184065385296
2020-02-09 04:00:00,79.75140021700683,0.0,0.12,0.1,0.1,0.0,0.0,0.0,-0.0,79.75140021700683,9.57016802604082,0.0,-9.57016802604082
2020-02-09 05:00:00,82.71698103824463,0.0,0.12,0.1,0.3375,125.0,125.0,125.0,0.0,207.71698103824463,24.926037724589353,4.75,-29.676037724589353
2020-02-09 06:00:00,80.05113814719472,0.0,0.12,0.3375,0.3375,0.0,0.0,0.0,-0.0,80.05113814719472,9.606136577663365,0.0,-9.606136577663365
2020-02-09 07:00:00,77.99167141136375,14.756409444444445,0.12,0.3375,0.1,-125.0,-112.81250000000001,0.0,112.81250000000001,-49.577238033080704,0.0,4.75,-4.75
2020-02-09 08:00:00,84.4319271296422,58.56611818181818,0.12,0.1,0.1,0.0,0.0,0.0,-0.0,25.86580894782402,3.1038970737388825,0.0,-3.1038970737388825
2020-02-09 09:00:00,87.3110148178247,95.76679102564103,0.12,0.1,0.1,-250.0,-0.0,-0.0,0.0,-8.455776207816328,0.0,0.0,-0.0
2020-02-09 10:00:00,91.94915988551334,120.20988055555556,0.12,0.1,0.1,-250.0,-0.0,-0.0,0.0,-28.260720670042218,0.0,0.0,-0.0
2020-02-09 11:00:00,92.51194551097386,130.7386227272727,0.12,0.1,0.1,-125.0,-0.0,-0.0,0.0,-38.22667721629885,0.0,0.0,-0.0
2020-02-09 12:00:00,89.81962105855247,129.52532564102563,0.12,0.1,0.1,-250.0,-0.0,-0.0,0.0,-39.70570458247316,0.0,0.0,-0.0
2020-02-09 13:00:00,92.08732912014885,119.15900833333335,0.12,0.1,0.1,-250.0,-0.0,-0.0,0.0,-27.071679213184495,0.0,0.0,-0.0
2020-02-09 14:00:00,87.68549276937456,97.46742727272728,0.12,0.1,0.1,0.0,0.0,0.0,-0.0,-9.781934503352716,0.0,0.0,-0.0
2020-02-09 15:00:00,86.05193409330242,63.81354743589744,0.12,0.1,0.1,0.0,0.0,0.0,-0.0,22.23838665740498,2.6686063988885977,0.0,-2.6686063988885977
2020-02-09 16:00:00,79.77676907838644,23.333481388888888,0.12,0.1,0.3375,125.0,125.0,125.0,0.0,181.44328768949754,21.773194522739704,4.75,-26.523194522739704
2020-02-09 17:00:00,80.27457179296886,1.9829636363636363,0.12,0.3375,0.1,-125.0,-112.81250000000001,0.0,112.81250000000001,-34.52089184339479,0.0,4.75,-4.75
2020-02-09 18:00:00,81.98771752319668,0.0,0.12,0.1,0.1,-125.0,-0.0,-0.0,0.0,81.98771752319668,9.838526102783602,0.0,-9.838526102783602
2020-02-09 19:00:00,81.64772317887541,0.0,0.12,0.1,0.1,0.0,0.0,0.0,-0.0,81.64772317887541,9.797726781465048,0.0,-9.797726781465048
2020-02-09 20:00:00,81.11418824885351,0.0,0.12,0.1,0.1,-125.0,-0.0,-0.0,0.0,81.11418824885351,9.733702589862421,0.0,-9.733702589862421
2020-02-09 21:00:00,82.80412076103136,0.0,0.12,0.1,0.1,0.0,0.0,0.0,-0.0,82.80412076103136,9.936494491323762,0.0,-9.936494491323762
2020-02-09 22:00:00,81.24880871679359,0.0,0.12,0.1,0.1,-125.0,-0.0,-0.0,0.0,81.24880871679359,9.749857046015231,0.0,-9.749857046015231
2020-02-09 23:00:00,82.02890830184619,0.0,0.12,0.1,0.1,0.0,0.0,0.0,-0.0,82.02890830184619,9.843468996221542,0.0,-9.843468996221542
2020-02-10 00:00:00,78.89622856642005,0.0,0.1,0.1,0.1,-125.0,-0.0,-0.0,0.0,78.89622856642005,7.8896228566420055,0.0,-7.8896228566420055
2020-02-10 01:00:00,78.85982719130375,0.0,0.1,0.1,0.1,-125.0,-0.0,-0.0,0.0,78.85982719130375,7.885982719130375,0.0,-7.885982719130375
2020-02-10 02:00:00,81.00696923336663,0.0,0.1,0.1,0.3375,125.0,125.0,125.0,0.0,206.00696923336665,20.600696923336667,4.75,-25.350696923336667
2020-02-10 03:00:00,79.97760423488474,0.0,0.1,0.3375,0.575,125.0,125.0,125.0,0.0,204.97760423488472,20.497760423488472,4.749999999999998,-25.247760423488472
2020-02-10 04:00:00,80.10358793401548,0.0,0.1,0.575,0.31184210526315786,-125.0,-125.0,0.0,125.0,-44.89641206598452,0.0,5.263157894736842,-5.263157894736842
2020-02-10 05:00:00,77.93474240898757,0.0,0.1,0.31184210526315786,0.1,-125.0,-100.62499999999999,0.0,100.62499999999999,-22.69025759101241,0.0,4.2368421052631575,-4.2368421052631575
2020-02-10 06:00:00,81.10400655606794,0.0,0.1,0.1,0.1,-250.0,-0.0,-0.0,0.0,81.10400655606794,8.110400655606794,0.0,-8.110400655606794
2020-02-10 07:00:00,92.79226441217945,15.656031944444445,0.18,0.1,0.1,-250.0,-0.0,-0.0,0.0,77.136232467735,13.8845218441923,0.0,-13.8845218441923
2020-02-10 08:00:00,89.1890429704466,58.752015151515145,0.18,0.1,0.1,0.0,0.0,0.0,-0.0,30.437027818931448,5.478665007407661,0.0,-5.478665007407661
2020-02-10 09:00:00,86.38900878060159,93.35894615384616,0.18,0.1,0.1,-125.0,-0.0,-0.0,0.0,-6.969937373244576,0.0,0.0,-0.0
2020-02-10 10:00:00,89.766349314735,118.5460125,0.18,0.1,0.1,-250.0,-0.0,-0.0,0.0,-28.779663185265008,0.0,0.0,-0.0
2020-02-10 11:00:00,102.45736808304228,127.94685303030305,0.18,0.1,0.1,-250.0,-0.0,-0.0,0.0,-25.489484947260763,0.0,0.0,-0.0
2020-02-10 12:00:00,99.96532812904555,127.49325384615385,0.18,0.1,0.1,0.0,0.0,0.0,-0.0,-27.527925717108303,0.0,0.0,-0.0
2020-02-10 13:00:00,103.99653027116807,115.64612916666665,0.18,0.1,0.1,0.0,0.0,0.0,-0.0,-11.649598895498585,0.0,0.0,-0.0
2020-02-10 14:00:00,104.68250338675612,95.36354545454546,0.18,0.1,0.575,250.0,250.0,250.0,0.0,259.31895793221065,46.67741242779792,9.5,-56.17741242779792
2020-02-10 15:00:00,105.3612136234241,63.3426858974359,0.18,0.575,0.31184210526315786,-125.0,-125.0,0.0,125.0,-82.9814722740118,0.0,5.263157894736842,-5.263157894736842
2020-02-10 16:00:00,90.67642403905948,22.999560972222223,0.32,0.31184210526315786,0.7868421052631578,250.0,250.0,250.0,0.0,317.67686306683726,101.65659618138793,9.499999999999998,-111.15659618138793
2020-02-10 17:00:00,89.35336486958953,2.397009090909091,0.32,0.7868421052631578,0.5236842105263158,-125.0,-125.0,0.0,125.0,-38.04364422131957,0.0,5.263157894736841,-5.263157894736841
2020-02-10 18:00:00,85.49887224210084,0.0,0.32,0.5236842105263158,0.5236842105263158,0.0,0.0,0.0,-0.0,85.49887224210084,27.35963911747227,0.0,-27.35963911747227
2020-02-10 19:00:00,89.6171783770215,0.0,0.32,0.5236842105263158,0.9,250.0,198.0609418282549,198.0609418282549,0.0,287.6781202052764,92.05699846568845,7.526315789473685,-99.58331425516214
2020-02-10 20:00:00,86.76589325521014,0.0,0.32,0.9,0.6368421052631579,-125.0,-125.0,0.0,125.0,-38.234106744789855,0.0,5.2631578947368425,-5.2631578947368425
2020-02-10 21:00:00,82.5915917849017,0.0,0.32,0.6368421052631579,0.3736842105263158,-125.0,-125.0,0.0,125.0,-42.408408215098305,0.0,5.263157894736842,-5.263157894736842
2020-02-10 22:00:00,79.11047817886187,0.0,0.1,0.3736842105263158,0.10000000000000003,-250.0,-129.99999999999997,0.0,129.99999999999997,-50.8895218211381,0.0,5.473684210526315,-5.473684210526315
2020-02-10 23:00:00,80.10403986913174,0.0,0.1,0.10000000000000003,0.1,-250.0,-1.3183898417423734e-14,0.0,1.3183898417423734e-14,80.10403986913173,8.010403986913174,5.551115123125783e-16,-8.010403986913174
2020-02-11 00:00:00,79.2351903778594,0.0,0.1,0.1,0.1,-125.0,-0.0,-0.0,0.0,79.2351903778594,7.92351903778594,0.0,-7.92351903778594
2020-02-11 01:00:00,79.07549869763616,0.0,0.1,0.1,0.1,-125.0,-0.0,-0.0,0.0,79.07549869763616,7.907549869763617,0.0,-7.907549869763617
2020-02-11 02:00:00,81.98263998543808,0.0,0.1,0.1,0.1,0.0,0.0,0.0,-0.0,81.98263998543808,8.198263998543808,0.0,-8.198263998543808
2020-02-11 03:00:00,80.24976654690732,0.0,0.1,0.1,0.1,-250.0,-0.0,-0.0,0.0,80.24976654690732,8.024976654690732,0.0,-8.024976654690732
2020-02-11 04:00:00,81.08601732875499,0.0,0.1,0.1,0.1,-125.0,-0.0,-0.0,0.0,81.08601732875499,8.1086017328755,0.0,-8.1086017328755
2020-02-11 05:00:00,86.56695478564541,0.0,0.1,0.1,0.3375,125.0,125.0,125.0,0.0,211.5669547856454,21.156695478564544,4.75,-25.906695478564544
2020-02-11 06:00:00,81.92868593566321,0.0,0.1,0.3375,0.1,-250.0,-112.81250000000001,0.0,112.81250000000001,-30.883814064336804,0.0,4.75,-4.75
2020-02-11 07:00:00,86.1480240488997,15.394081388888885,0.18,0.1,0.1,0.0,0.0,0.0,-0.0,70.75394266001081,12.735709678801944,0.0,-12.735709678801944
2020-02-11 08:00:00,89.24752577088175,58.39161818181819,0.18,0.1,0.1,0.0,0.0,0.0,-0.0,30.855907589063563,5.554063366031441,0.0,-5.554063366031441
2020-02-11 09:00:00,96.12682060769757,93.17896923076923,0.18,0.1,0.1,-125.0,-0.0,-0.0,0.0,2.947851376928341,0.5306132478471014,0.0,-0.5306132478471014
2020-02-11 10:00:00,104.29575344925478,117.31136562500001,0.18,0.1,0.1,-250.0,-0.0,-0.0,0.0,-13.015612175745233,0.0,0.0,-0.0
2020-02-11 11:00:00,108.68665697325913,125.9900303030303,0.18,0.1,0.1,-250.0,-0.0,-0.0,0.0,-17.303373329771162,0.0,0.0,-0.0
2020-02-11 12:00:00,104.94508897200974,125.66694230769232,0.18,0.1,0.1,-250.0,-0.0,-0.0,0.0,-20.72185333568258,0.0,0.0,-0.0
2020-02-11 13:00:00,106.34730526589324,115.07066250000001,0.18,0.1,0.1,0.0,0.0,0.0,-0.0,-8.723357234106771,0.0,0.0,-0.0
2020-02-11 14:00:00,101.78000332879539,94.46880303030302,0.18,0.1,0.575,250.0,250.0,250.0,0.0,257.3112002984924,46.31601605372863,9.5,-55.81601605372863
2020-02-11 15:00:00,97.5133804846656,62.47191410256411,0.18,0.575,0.31184210526315786,-125.0,-125.0,0.0,125.0,-89.9585336178985,0.0,5.263157894736842,-5.263157894736842
2020-02-11 16:00:00,92.84286369556492,23.31911375,0.32,0.31184210526315786,0.7868421052631578,250.0,250.0,250.0,0.0,319.52374994556493,102.24759998258078,9.499999999999998,-111.74759998258078
2020-02-11 17:00:00,89.2666479811864,2.1286579545454547,0.32,0.7868421052631578,0.5236842105263158,-125.0,-125.0,0.0,125.0,-37.862009973359065,0.0,5.263157894736841,-5.263157894736841
2020-02-11 18:00:00,87.73717591757271,0.0,0.32,0.5236842105263158,0.5236842105263158,0.0,0.0,0.0,-0.0,87.73717591757271,28.07589629362327,0.0,-28.07589629362327
2020-02-11 19:00:00,88.9296544724292,0.0,0.32,0.5236842105263158,0.9,250.0,198.0609418282549,198.0609418282549,0.0,286.9905963006841,91.83699081621891,7.526315789473685,-99.3633066056926
2020-02-11 20:00:00,87.4856922228138,0.0,0.32,0.9,0.6368421052631579,-125.0,-125.0,0.0,125.0,-37.514307777186204,0.0,5.2631578947368425,-5.2631578947368425
2020-02-11 21:00:00,84.12563821541579,0.0,0.32,0.6368421052631579,0.3736842105263158,-125.0,-125.0,0.0,125.0,-40.87436178458421,0.0,5.263157894736842,-5.263157894736842
2020-02-11 22:00:00,80.88464520595677,0.0,0.1,0.3736842105263158,0.10000000000000003,-250.0,-129.99999999999997,0.0,129.99999999999997,-49.1153547940432,0.0,5.473684210526315,-5.473684210526315
2020-02-11 23:00:00,81.58052685813077,0.0,0.1,0.10000000000000003,0.3375,125.0,125.0,125.0,0.0,206.58052685813078,20.65805268581308,4.75,-25.40805268581308
2020-02-12 00:00:00,79.64901879542957,0.0,0.1,0.3375,0.1,-125.0,-112.81250000000001,0.0,112.81250000000001,-33.163481204570445,0.0,4.75,-4.75
2020-02-12 01:00:00,78.11237730914293,0.0,0.1,0.1,0.1,-125.0,-0.0,-0.0,0.0,78.11237730914293,7.811237730914293,0.0,-7.811237730914293
2020-02-12 02:00:00,79.5103209921288,0.0,0.1,0.1,0.3375,125.0,125.0,125.0,0.0,204.5103209921288,20.45103209921288,4.75,-25.20103209921288
2020-02-12 03:00:00,79.78664379971555,0.0,0.1,0.3375,0.575,125.0,125.0,125.0,0.0,204.78664379971553,20.478664379971555,4.749999999999998,-25.228664379971555
2020-02-12 04:00:00,81.94399463218532,0.0,0.1,0.575,0.31184210526315786,-125.0,-125.0,0.0,125.0,-43.05600536781468,0.0,5.263157894736842,-5.263157894736842
2020-02-12 05:00:00,77.30201316620476,0.0,0.1,0.31184210526315786,0.1,-125.0,-100.62499999999999,0.0,100.62499999999999,-23.322986833795227,0.0,4.2368421052631575,-4.2368421052631575
2020-02-12 06:00:00,83.57584351022093,0.0,0.1,0.1,0.1,-250.0,-0.0,-0.0,0.0,83.57584351022093,8.357584351022094,0.0,-8.357584351022094
2020-02-12 07:00:00,88.83398309975972,14.868555694444444,0.18,0.1,0.1,-250.0,-0.0,-0.0,0.0,73.96542740531528,13.31377693295675,0.0,-13.31377693295675
2020-02-12 08:00:00,87.22246200683043,54.9953296969697,0.18,0.1,0.1,0.0,0.0,0.0,-0.0,32.22713230986073,5.800883815774931,0.0,-5.800883815774931
2020-02-12 09:00:00,92.80912045631263,88.3184717948718,0.18,0.1,0.1,-125.0,-0.0,-0.0,0.0,4.490648661440829,0.8083167590593493,0.0,-0.8083167590593493
2020-02-12 10:00:00,116.77879580417392,110.55216666666666,0.18,0.1,0.1,-250.0,-0.0,-0.0,0.0,6.22662913750726,1.1207932447513067,0.0,-1.1207932447513067
2020-02-12 11:00:00,99.86853540211608,122.52656751628433,0.18,0.1,0.1,-250.0,-0.0,-0.0,0.0,-22.65803211416825,0.0,0.0,-0.0
2020-02-12 12:00:00,102.25739902573409,122.23150333093697,0.18,0.1,0.1,0.0,0.0,0.0,-0.0,-19.974104305202886,0.0,0.0,-0.0
2020-02-12 13:00:00,98.09472661035369,107.74151527777776,0.18,0.1,0.1,0.0,0.0,0.0,-0.0,-9.646788667424076,0.0,0.0,-0.0
2020-02-12 14:00:00,101.76570726923924,89.55409696969699,0.18,0.1,0.575,250.0,250.0,250.0,0.0,262.21161029954226,47.19808985391761,9.5,-56.69808985391761
2020-02-12 15:00:00,90.86169166985778,58.446779487179484,0.18,0.575,0.31184210526315786,-125.0,-125.0,0.0,125.0,-92.5850878173217,0.0,5.263157894736842,-5.263157894736842
2020-02-12 16:00:00,87.6599151515868,25.523686805555556,0.32,0.31184210526315786,0.7868421052631578,250.0,250.0,250.0,0.0,312.13622834603126,99.88359307073,9.499999999999998,-109.38359307073
2020-02-12 17:00:00,87.43877015515544,3.1860706060606065,0.32,0.7868421052631578,0.5236842105263158,-125.0,-125.0,0.0,125.0,-40.74730045090517,0.0,5.263157894736841,-5.263157894736841
2020-02-12 18:00:00,83.95283646726092,0.0,0.32,0.5236842105263158,0.5236842105263158,0.0,0.0,0.0,-0.0,83.95283646726092,26.864907669523497,0.0,-26.864907669523497
2020-02-12 19:00:00,86.34449136467998,0.0,0.32,0.5236842105263158,0.9,250.0,198.0609418282549,198.0609418282549,0.0,284.4054331929349,91.00973862173916,7.526315789473685,-98.53605441121285
2020-02-12 20:00:00,87.2128343778549,0.0,0.32,0.9,0.6368421052631579,-125.0,-125.0,0.0,125.0,-37.787165622145096,0.0,5.2631578947368425,-5.2631578947368425
2020-02-12 21:00:00,81.0992700595996,0.0,0.32,0.6368421052631579,0.3736842105263158,-125.0,-125.0,0.0,125.0,-43.900729940400396,0.0,5.263157894736842,-5.263157894736842
2020-02-12 22:00:00,80.98056264309052,0.0,0.1,0.3736842105263158,0.10000000000000003,-250.0,-129.99999999999997,0.0,129.99999999999997,-49.01943735690945,0.0,5.473684210526315,-5.473684210526315
2020-02-12 23:00:00,79.4896731127393,0.0,0.1,0.10000000000000003,0.3375,125.0,125.0,125.0,0.0,204.4896731127393,20.448967311273933,4.75,-25.198967311273933
2020-02-13 00:00:00,78.9590705655435,0.0,0.1,0.3375,0.1,-125.0,-112.81250000000001,0.0,112.81250000000001,-33.853429434456515,0.0,4.75,-4.75
2020-02-13 01:00:00,79.60793788004096,0.0,0.1,0.1,0.1,-125.0,-0.0,-0.0,0.0,79.60793788004096,7.960793788004096,0.0,-7.960793788004096
2020-02-13 02:00:00,78.98730281104454,0.0,0.1,0.1,0.3375,125.0,125.0,125.0,0.0,203.98730281104454,20.398730281104456,4.75,-25.148730281104456
2020-02-13 03:00:00,79.4217514422543,0.0,0.1,0.3375,0.575,125.0,125.0,125.0,0.0,204.4217514422543,20.44217514422543,4.749999999999998,-25.19217514422543
2020-02-13 04:00:00,79.00738127119311,0.0,0.1,0.575,0.8125,125.0,125.0,125.0,0.0,204.0073812711931,20.40073812711931,4.750000000000001,-25.15073812711931
2020-02-13 05:00:00,79.32762087016317,0.0,0.1,0.8125,0.8125,0.0,0.0,0.0,-0.0,79.32762087016317,7.932762087016318,0.0,-7.932762087016318
2020-02-13 06:00:00,79.67434219148737,0.0,0.1,0.8125,0.9,250.0,46.052631578947384,46.052631578947384,0.0,125.72697377043475,12.572697377043475,1.7500000000000004,-14.322697377043475
2020-02-13 07:00:00,79.26817056590555,15.36074138888889,0.18,0.9,0.9,250.0,0.0,0.0,-0.0,63.90742917701666,11.503337251862998,0.0,-11.503337251862998
2020-02-13 08:00:00,89.33858170906197,53.93072212121212,0.18,0.9,0.9,250.0,0.0,0.0,-0.0,35.40785958784985,6.373414725812973,0.0,-6.373414725812973
2020-02-13 09:00:00,91.66462993567544,89.40219743589743,0.18,0.9,0.37368421052631584,-250.0,-250.0,0.0,250.0,-247.73756750022199,0.0,10.526315789473683,-10.526315789473683
2020-02-13 10:00:00,112.44305978306859,111.03790277777777,0.18,0.37368421052631584,0.37368421052631584,0.0,0.0,0.0,-0.0,1.4051570052908176,0.25292826095234716,0.0,-0.25292826095234716
2020-02-13 11:00:00,106.32180130400765,120.4652318181818,0.18,0.37368421052631584,0.1,-250.0,-130.00000000000003,0.0,130.00000000000003,-144.14343051417418,0.0,5.473684210526317,-5.473684210526317
2020-02-13 12:00:00,97.6719540317527,119.94075641025641,0.18,0.1,0.1,-250.0,-0.0,-0.0,0.0,-22.268802378503707,0.0,0.0,-0.0
2020-02-13 13:00:00,95.51788528336049,110.37431944444444,0.18,0.1,0.1,0.0,0.0,0.0,-0.0,-14.856434161083953,0.0,0.0,-0.0
2020-02-13 14:00:00,93.27164071479588,92.38602727272728,0.18,0.1,0.575,250.0,250.0,250.0,0.0,250.8856134420686,45.159410419572346,9.5,-54.659410419572346
2020-02-13 15:00:00,91.96430135964364,62.818533333333335,0.18,0.575,0.575,0.0,0.0,0.0,-0.0,29.145768026310307,5.2462382447358555,0.0,-5.2462382447358555
2020-02-13 16:00:00,87.89323553428709,23.913325625,0.32,0.575,0.575,0.0,0.0,0.0,-0.0,63.97990990928709,20.47357117097187,0.0,-20.47357117097187
2020-02-13 17:00:00,84.74830028357356,2.6435999999999997,0.32,0.575,0.31184210526315786,-125.0,-125.0,0.0,125.0,-42.89529971642645,0.0,5.263157894736842,-5.263157894736842
2020-02-13 18:00:00,83.57232799630948,0.0,0.32,0.31184210526315786,0.1,-125.0,-100.62499999999999,0.0,100.62499999999999,-17.052672003690503,0.0,4.2368421052631575,-4.2368421052631575
2020-02-13 19:00:00,85.01698424291422,0.0,0.32,0.1,0.1,0.0,0.0,0.0,-0.0,85.01698424291422,27.20543495773255,0.0,-27.20543495773255
2020-02-13 20:00:00,82.13673216261571,0.0,0.32,0.1,0.1,-125.0,-0.0,-0.0,0.0,82.13673216261571,26.28375429203703,0.0,-26.28375429203703
2020-02-13 21:00:00,81.19895464140957,0.0,0.32,0.1,0.1,-125.0,-0.0,-0.0,0.0,81.19895464140957,25.983665485251063,0.0,-25.983665485251063
2020-02-13 22:00:00,81.04410529880994,0.0,0.1,0.1,0.575,250.0,250.0,250.0,0.0,331.04410529880994,33.104410529880994,9.5,-42.604410529880994
2020-02-13 23:00:00,79.35713272864065,0.0,0.1,0.575,0.31184210526315786,-125.0,-125.0,0.0,125.0,-45.64286727135935,0.0,5.263157894736842,-5.263157894736842
2020-02-14 00:00:00,78.15805388665723,0.0,0.1,0.31184210526315786,0.1,-125.0,-100.62499999999999,0.0,100.62499999999999,-22.466946113342757,0.0,4.2368421052631575,-4.2368421052631575
2020-02-14 01:00:00,78.37389314657523,0.0,0.1,0.1,0.1,-250.0,-0.0,-0.0,0.0,78.37389314657523,7.837389314657523,0.0,-7.837389314657523
2020-02-14 02:00:00,79.99512881035157,0.0,0.1,0.1,0.1,0.0,0.0,0.0,-0.0,79.99512881035157,7.999512881035158,0.0,-7.999512881035158
2020-02-14 03:00:00,79.97250761392192,0.0,0.1,0.1,0.1,-250.0,-0.0,-0.0,0.0,79.97250761392192,7.997250761392192,0.0,-7.997250761392192
2020-02-14 04:00:00,77.52836864857134,0.0,0.1,0.1,0.3375,125.0,125.0,125.0,0.0,202.52836864857136,20.252836864857137,4.75,-25.002836864857137
2020-02-14 05:00:00,78.96686556209853,0.0,0.1,0.3375,0.1,-125.0,-112.81250000000001,0.0,112.81250000000001,-33.84563443790148,0.0,4.75,-4.75
2020-02-14 06:00:00,77.5363497716278,0.0,0.1,0.1,0.1,-250.0,-0.0,-0.0,0.0,77.5363497716278,7.75363497716278,0.0,-7.75363497716278
2020-02-14 07:00:00,79.87849167887644,8.44275888888889,0.18,0.1,0.1,0.0,0.0,0.0,-0.0,71.43573278998755,12.85843190219776,0.0,-12.85843190219776
2020-02-14 08:00:00,85.85900093689816,22.78389787878788,0.18,0.1,0.1,0.0,0.0,0.0,-0.0,63.07510305811027,11.35351855045985,0.0,-11.35351855045985
2020-02-14 09:00:00,88.75957067068076,78.64752538461538,0.18,0.1,0.1,-125.0,-0.0,-0.0,0.0,10.112045286065381,1.8201681514917685,0.0,-1.8201681514917685
2020-02-14 10:00:00,95.2283882338631,89.27150555555556,0.18,0.1,0.1,-250.0,-0.0,-0.0,0.0,5.956882678307537,1.0722388820953566,0.0,-1.0722388820953566
2020-02-14 11:00:00,98.12576078847883,115.89284545454547,0.18,0.1,0.1,-250.0,-0.0,-0.0,0.0,-17.767084666066637,0.0,0.0,-0.0
2020-02-14 12:00:00,90.3871240771566,119.49468461538461,0.18,0.1,0.1,-250.0,-0.0,-0.0,0.0,-29.107560538228014,0.0,0.0,-0.0
2020-02-14 13:00:00,122.7453615265499,104.21092499999999,0.18,0.1,0.1,0.0,0.0,0.0,-0.0,18.53443652654991,3.336198574778984,0.0,-3.336198574778984
2020-02-14 14:00:00,108.74447903972013,91.93102121212121,0.18,0.1,0.575,250.0,250.0,250.0,0.0,266.81345782759894,48.026422408967804,9.5,-57.526422408967804
2020-02-14 15:00:00,101.43326850280121,61.765000000000015,0.18,0.575,0.31184210526315786,-125.0,-125.0,0.0,125.0,-85.3317314971988,0.0,5.263157894736842,-5.263157894736842
2020-02-14 16:00:00,87.3621686586867,24.37426111111111,0.32,0.31184210526315786,0.7868421052631578,250.0,250.0,250.0,0.0,312.98790754757556,100.15613041522418,9.499999999999998,-109.65613041522418
2020-02-14 17:00:00,82.99518181916045,2.8947402435570653,0.32,0.7868421052631578,0.5236842105263158,-125.0,-125.0,0.0,125.0,-44.899558424396616,0.0,5.263157894736841,-5.263157894736841
2020-02-14 18:00:00,81.4113562266858,0.0,0.32,0.5236842105263158,0.5236842105263158,0.0,0.0,0.0,-0.0,81.4113562266858,26.051633992539454,0.0,-26.051633992539454
2020-02-14 19:00:00,83.2207028443907,0.0,0.32,0.5236842105263158,0.9,250.0,198.0609418282549,198.0609418282549,0.0,281.2816446726456,90.0101262952466,7.526315789473685,-97.53644208472028
2020-02-14 20:00:00,84.35285667161044,0.0,0.32,0.9,0.6368421052631579,-125.0,-125.0,0.0,125.0,-40.64714332838956,0.0,5.2631578947368425,-5.2631578947368425
2020-02-14 21:00:00,79.26705326309278,0.0,0.32,0.6368421052631579,0.3736842105263158,-125.0,-125.0,0.0,125.0,-45.73294673690722,0.0,5.263157894736842,-5.263157894736842
2020-02-14 22:00:00,80.15341436949531,0.0,0.1,0.3736842105263158,0.6111842105263158,125.0,125.0,125.0,0.0,205.1534143694953,20.51534143694953,4.75,-25.26534143694953
2020-02-14 23:00:00,77.63867007995928,0.0,0.1,0.6111842105263158,0.6111842105263158,0.0,0.0,0.0,-0.0,77.63867007995928,7.763867007995929,0.0,-7.763867007995929
2020-02-15 00:00:00,77.49966018801555,0.0,0.12,0.6111842105263158,0.6111842105263158,0.0,0.0,0.0,-0.0,77.49966018801555,9.299959222561865,0.0,-9.299959222561865
2020-02-15 01:00:00,78.22278650039553,0.0,0.12,0.6111842105263158,0.6111842105263158,0.0,0.0,0.0,-0.0,78.22278650039553,9.386734380047463,0.0,-9.386734380047463
2020-02-15 02:00:00,78.49945754735214,0.0,0.12,0.6111842105263158,0.6111842105263158,0.0,0.0,0.0,-0.0,78.49945754735214,9.419934905682256,0.0,-9.419934905682256
2020-02-15 03:00:00,77.46104225349063,0.0,0.12,0.6111842105263158,0.10000000000000009,-250.0,-242.81249999999997,0.0,242.81249999999997,-165.35145774650934,0.0,10.223684210526313,-10.223684210526313
2020-02-15 04:00:00,78.00189631547373,0.0,0.12,0.10000000000000009,0.10000000000000009,0.0,0.0,0.0,-0.0,78.00189631547373,9.360227557856847,0.0,-9.360227557856847
2020-02-15 05:00:00,78.31333839445946,0.0,0.12,0.10000000000000009,0.3375000000000001,125.0,125.0,125.0,0.0,203.31333839445946,24.397600607335136,4.75,-29.147600607335136
2020-02-15 06:00:00,77.39389378307033,0.0,0.12,0.3375000000000001,0.3375000000000001,0.0,0.0,0.0,-0.0,77.39389378307033,9.287267253968439,0.0,-9.287267253968439
2020-02-15 07:00:00,81.14077535278132,11.6810375,0.12,0.3375000000000001,0.1,-125.0,-112.81250000000003,0.0,112.81250000000003,-43.35276214721871,0.0,4.750000000000002,-4.750000000000002
2020-02-15 08:00:00,78.25166898873121,34.58612696969698,0.12,0.1,0.1,0.0,0.0,0.0,-0.0,43.665542019034234,5.239865042284108,0.0,-5.239865042284108
2020-02-15 09:00:00,91.61406499974464,82.99462820512821,0.12,0.1,0.1,-250.0,-0.0,-0.0,0.0,8.619436794616433,1.034332415353972,0.0,-1.034332415353972
2020-02-15 10:00:00,90.92064043771626,81.00580555555555,0.12,0.1,0.1,-250.0,-0.0,-0.0,0.0,9.914834882160704,1.1897801858592845,0.0,-1.1897801858592845
2020-02-15 11:00:00,91.74142679238685,95.14736515151513,0.12,0.1,0.1,-125.0,-0.0,-0.0,0.0,-3.4059383591282852,0.0,0.0,-0.0
2020-02-15 12:00:00,94.78333277329688,115.25484358974359,0.12,0.1,0.1,0.0,0.0,0.0,-0.0,-20.47151081644671,0.0,0.0,-0.0
2020-02-15 13:00:00,93.35567719679595,107.56435833333335,0.12,0.1,0.1,-250.0,-0.0,-0.0,0.0,-14.208681136537393,0.0,0.0,-0.0
2020-02-15 14:00:00,87.78754795275046,83.32005303030303,0.12,0.1,0.1,0.0,0.0,0.0,-0.0,4.467494922447429,0.5360993906936915,0.0,-0.5360993906936915
2020-02-15 15:00:00,89.99448168328969,56.77650423076924,0.12,0.1,0.1,0.0,0.0,0.0,-0.0,33.21797745252045,3.986157294302454,0.0,-3.986157294302454
2020-02-15 16:00:00,83.10776713780588,22.69242152777778,0.12,0.1,0.3375,125.0,125.0,125.0,0.0,185.4153456100281,22.24984147320337,4.75,-26.99984147320337
2020-02-15 17:00:00,80.15643068723494,3.0848227272727273,0.12,0.3375,0.1,-125.0,-112.81250000000001,0.0,112.81250000000001,-35.74089204003779,0.0,4.75,-4.75
2020-02-15 18:00:00,81.76420263519239,0.0,0.12,0.1,0.1,-125.0,-0.0,-0.0,0.0,81.76420263519239,9.811704316223086,0.0,-9.811704316223086
2020-02-15 19:00:00,81.02652985043143,0.0,0.12,0.1,0.1,0.0,0.0,0.0,-0.0,81.02652985043143,9.723183582051771,0.0,-9.723183582051771
2020-02-15 20:00:00,80.24302660373091,0.0,0.12,0.1,0.1,-125.0,-0.0,-0.0,0.0,80.24302660373091,9.62916319244771,0.0,-9.62916319244771
2020-02-15 21:00:00,79.1851513450747,0.0,0.12,0.1,0.3375,125.0,125.0,125.0,0.0,204.1851513450747,24.502218161408962,4.75,-29.252218161408962
2020-02-15 22:00:00,79.7624559143516,0.0,0.12,0.3375,0.575,125.0,125.0,125.0,0.0,204.76245591435162,24.571494709722195,4.749999999999998,-29.321494709722195
2020-02-15 23:00:00,79.18219662348776,0.0,0.12,0.575,0.31184210526315786,-125.0,-125.0,0.0,125.0,-45.817803376512245,0.0,5.263157894736842,-5.263157894736842
2020-02-16 00:00:00,79.22570830097418,0.0,0.12,0.31184210526315786,0.31184210526315786,0.0,0.0,0.0,-0.0,79.22570830097418,9.5070849961169,0.0,-9.5070849961169
2020-02-16 01:00:00,76.68151439205137,0.0,0.12,0.31184210526315786,0.7868421052631578,250.0,250.0,250.0,0.0,326.6815143920514,39.20178172704617,9.499999999999998,-48.70178172704617
2020-02-16 02:00:00,78.99256264713327,0.0,0.12,0.7868421052631578,0.7868421052631578,0.0,0.0,0.0,-0.0,78.99256264713327,9.479107517655992,0.0,-9.479107517655992
2020-02-16 03:00:00,79.63378686426414,0.0,0.12,0.7868421052631578,0.7868421052631578,0.0,0.0,0.0,-0.0,79.63378686426414,9.556054423711696,0.0,-9.556054423711696
2020-02-16 04:00:00,77.6505421978447,0.0,0.12,0.7868421052631578,0.5236842105263158,-125.0,-125.0,0.0,125.0,-47.3494578021553,0.0,5.263157894736841,-5.263157894736841
2020-02-16 05:00:00,78.7605594208703,0.0,0.12,0.5236842105263158,0.26052631578947366,-125.0,-125.0,0.0,125.0,-46.239440579129706,0.0,5.263157894736842,-5.263157894736842
2020-02-16 06:00:00,77.63102611985185,0.013076923076923078,0.12,0.26052631578947366,0.26052631578947366,0.0,0.0,0.0,-0.0,77.61794919677493,9.314153903612992,0.0,-9.314153903612992
2020-02-16 07:00:00,77.53383587053499,24.684205347222218,0.12,0.26052631578947366,0.26052631578947366,0.0,0.0,0.0,-0.0,52.84963052331277,6.341955662797532,0.0,-6.341955662797532
2020-02-16 08:00:00,84.2550705043535,64.94877272727273,0.12,0.26052631578947366,0.26052631578947366,0.0,0.0,0.0,-0.0,19.306297777080772,2.3167557332496926,0.0,-2.3167557332496926
2020-02-16 09:00:00,86.07013515048858,88.86218846153847,0.12,0.26052631578947366,0.10000000000000003,-250.0,-76.24999999999997,0.0,76.24999999999997,-79.04205331104986,0.0,3.2105263157894726,-3.2105263157894726
2020-02-16 10:00:00,89.2777344350598,110.81809166666666,0.12,0.10000000000000003,0.1,-250.0,-1.3183898417423734e-14,0.0,1.3183898417423734e-14,-21.540357231606876,0.0,5.551115123125783e-16,-5.551115123125783e-16
2020-02-16 11:00:00,92.84126760578434,121.51765606060607,0.12,0.1,0.1,-125.0,-0.0,-0.0,0.0,-28.676388454821733,0.0,0.0,-0.0
2020-02-16 12:00:00,92.39226804795182,124.09953076923077,0.12,0.1,0.1,-250.0,-0.0,-0.0,0.0,-31.70726272127895,0.0,0.0,-0.0
2020-02-16 13:00:00,90.1251589718052,103.93860694444446,0.12,0.1,0.1,-250.0,-0.0,-0.0,0.0,-13.813447972639253,0.0,0.0,-0.0
2020-02-16 14:00:00,88.21198500995439,86.3765515151515,0.12,0.1,0.1,0.0,0.0,0.0,-0.0,1.835433494802885,0.2202520193763462,0.0,-0.2202520193763462
2020-02-16 15:00:00,82.75563970838085,50.29517538461538,0.12,0.1,0.1,0.0,0.0,0.0,-0.0,32.46046432376547,3.8952557188518564,0.0,-3.8952557188518564
2020-02-16 16:00:00,84.42669071964256,23.93783666666667,0.12,0.1,0.3375,125.0,125.0,125.0,0.0,185.4888540529759,22.258662486357107,4.75,-27.008662486357107
2020-02-16 17:00:00,81.1826386160767,2.3325757575757575,0.12,0.3375,0.1,-125.0,-112.81250000000001,0.0,112.81250000000001,-33.962437141499066,0.0,4.75,-4.75
2020-02-16 18:00:00,79.64096534547858,0.0,0.12,0.1,0.1,-125.0,-0.0,-0.0,0.0,79.64096534547858,9.556915841457428,0.0,-9.556915841457428
2020-02-16 19:00:00,80.54266632986193,0.0,0.12,0.1,0.1,0.0,0.0,0.0,-0.0,80.54266632986193,9.665119959583432,0.0,-9.665119959583432
2020-02-16 20:00:00,80.6201324212477,0.0,0.12,0.1,0.1,-125.0,-0.0,-0.0,0.0,80.6201324212477,9.674415890549724,0.0,-9.674415890549724
2020-02-16 21:00:00,79.32642842409783,0.0,0.12,0.1,0.1,0.0,0.0,0.0,-0.0,79.32642842409783,9.519171410891738,0.0,-9.519171410891738
2020-02-16 22:00:00,79.16575863333215,0.0,0.12,0.1,0.1,-250.0,-0.0,-0.0,0.0,79.16575863333215,9.499891035999857,0.0,-9.499891035999857
2020-02-16 23:00:00,76.77189881518838,0.0,0.12,0.1,0.1,-250.0,-0.0,-0.0,0.0,76.77189881518838,9.212627857822605,0.0,-9.212627857822605
2020-02-17 00:00:00,76.28462660538631,0.0,0.1,0.1,0.1,0.0,0.0,0.0,-0.0,76.28462660538631,7.628462660538631,0.0,-7.628462660538631
2020-02-17 01:00:00,77.44496535005274,0.0,0.1,0.1,0.1,-250.0,-0.0,-0.0,0.0,77.44496535005274,7.744496535005275,0.0,-7.744496535005275
2020-02-17 02:00:00,77.04413270402931,0.0,0.1,0.1,0.1,0.0,0.0,0.0,-0.0,77.04413270402931,7.704413270402931,0.0,-7.704413270402931
2020-02-17 03:00:00,75.92584342919488,0.0,0.1,0.1,0.1,-125.0,-0.0,-0.0,0.0,75.92584342919488,7.592584342919489,0.0,-7.592584342919489
2020-02-17 04:00:00,77.55241556624694,0.0,0.1,0.1,0.1,-250.0,-0.0,-0.0,0.0,77.55241556624694,7.755241556624694,0.0,-7.755241556624694
2020-02-17 05:00:00,77.74789664565583,0.0,0.1,0.1,0.1,0.0,0.0,0.0,-0.0,77.74789664565583,7.774789664565583,0.0,-7.774789664565583
2020-02-17 06:00:00,77.49625707468104,0.0,0.1,0.1,0.1,-250.0,-0.0,-0.0,0.0,77.49625707468104,7.7496257074681045,0.0,-7.7496257074681045
2020-02-17 07:00:00,77.17301253764595,18.575784583333334,0.18,0.1,0.1,-250.0,-0.0,-0.0,0.0,58.597227954312615,10.547501031776271,0.0,-10.547501031776271
2020-02-17 08:00:00,77.80073768789707,52.59155060606061,0.18,0.1,0.1,0.0,0.0,0.0,-0.0,25.20918708183646,4.537653674730563,0.0,-4.537653674730563
2020-02-17 09:00:00,86.28151739291853,98.04870641025641,0.18,0.1,0.1,-125.0,-0.0,-0.0,0.0,-11.767189017337884,0.0,0.0,-0.0
2020-02-17 10:00:00,92.49377640644462,122.2792,0.18,0.1,0.1,-250.0,-0.0,-0.0,0.0,-29.78542359355538,0.0,0.0,-0.0
2020-02-17 11:00:00,92.32999274878608,131.94003484848483,0.18,0.1,0.1,-250.0,-0.0,-0.0,0.0,-39.610042099698745,0.0,0.0,-0.0
2020-02-17 12:00:00,90.6821495504744,132.15157564102563,0.18,0.1,0.1,-250.0,-0.0,-0.0,0.0,-41.469426090551224,0.0,0.0,-0.0
2020-02-17 13:00:00,90.4017215744055,118.7322138888889,0.18,0.1,0.1,0.0,0.0,0.0,-0.0,-28.330492314483394,0.0,0.0,-0.0
2020-02-17 14:00:00,86.24845150256432,97.70730151515153,0.18,0.1,0.1,-250.0,-0.0,-0.0,0.0,-11.458850012587206,0.0,0.0,-0.0
2020-02-17 15:00:00,85.66972019723016,62.56380179487179,0.18,0.1,0.3375,125.0,125.0,125.0,0.0,148.10591840235838,26.65906531242451,4.75,-31.40906531242451
2020-02-17 16:00:00,80.42924399612053,20.03158388888889,0.32,0.3375,0.8125,250.0,250.0,250.0,0.0,310.3976601072317,99.32725123431413,9.5,-108.82725123431413
2020-02-17 17:00:00,82.17165555397611,5.654531212121213,0.32,0.8125,0.549342105263158,-125.0,-125.0,0.0,125.0,-48.482875658145105,0.0,5.263157894736841,-5.263157894736841
2020-02-17 18:00:00,80.98927711106204,0.0,0.32,0.549342105263158,0.549342105263158,0.0,0.0,0.0,-0.0,80.98927711106204,25.916568675539853,0.0,-25.916568675539853
2020-02-17 19:00:00,81.55153818522383,0.0,0.32,0.549342105263158,0.9,250.0,184.5567867036011,184.5567867036011,0.0,266.10832488882494,85.15466396442399,7.013157894736841,-92.16782185916082
2020-02-17 20:00:00,79.6543727009421,0.0,0.32,0.9,0.6368421052631579,-125.0,-125.0,0.0,125.0,-45.345627299057895,0.0,5.2631578947368425,-5.2631578947368425
2020-02-17 21:00:00,78.84850869000272,0.0,0.32,0.6368421052631579,0.3736842105263158,-125.0,-125.0,0.0,125.0,-46.15149130999728,0.0,5.263157894736842,-5.263157894736842
2020-02-17 22:00:00,80.45708769886399,0.0,0.1,0.3736842105263158,0.6111842105263158,125.0,125.0,125.0,0.0,205.45708769886397,20.5457087698864,4.75,-25.2957087698864
2020-02-17 23:00:00,77.59569333140732,0.0,0.1,0.6111842105263158,0.6111842105263158,0.0,0.0,0.0,-0.0,77.59569333140732,7.759569333140732,0.0,-7.759569333140732
2020-02-18 00:00:00,78.91936968025243,0.0,0.1,0.6111842105263158,0.6111842105263158,0.0,0.0,0.0,-0.0,78.91936968025243,7.891936968025243,0.0,-7.891936968025243
2020-02-18 01:00:00,77.04665042193245,0.0,0.1,0.6111842105263158,0.6111842105263158,0.0,0.0,0.0,-0.0,77.04665042193245,7.704665042193246,0.0,-7.704665042193246
2020-02-18 02:00:00,77.40900407869647,0.0,0.1,0.6111842105263158,0.6111842105263158,0.0,0.0,0.0,-0.0,77.40900407869647,7.740900407869647,0.0,-7.740900407869647
2020-02-18 03:00:00,79.24570838857124,0.0,0.1,0.6111842105263158,0.3480263157894737,-125.0,-125.0,0.0,125.0,-45.754291611428755,0.0,5.263157894736842,-5.263157894736842
2020-02-18 04:00:00,78.62876573548188,0.0,0.1,0.3480263157894737,0.5855263157894737,125.0,125.0,125.0,0.0,203.62876573548186,20.36287657354819,4.75,-25.11287657354819
2020-02-18 05:00:00,75.84632446568816,0.0,0.1,0.5855263157894737,0.1,-250.0,-230.625,0.0,230.625,-154.77867553431184,0.0,9.710526315789474,-9.710526315789474
2020-02-18 06:00:00,78.23958203548258,0.0,0.1,0.1,0.1,-250.0,-0.0,-0.0,0.0,78.23958203548258,7.823958203548258,0.0,-7.823958203548258
2020-02-18 07:00:00,82.01497228269652,17.05802861111111,0.18,0.1,0.1,0.0,0.0,0.0,-0.0,64.9569436715854,11.692249860885372,0.0,-11.692249860885372
2020-02-18 08:00:00,82.98715438997833,65.48915303030304,0.18,0.1,0.1,0.0,0.0,0.0,-0.0,17.498001359675285,3.1496402447415512,0.0,-3.1496402447415512
2020-02-18 09:00:00,94.70801542625018,99.31863205128207,0.18,0.1,0.1,-125.0,-0.0,-0.0,0.0,-4.610616625031881,0.0,0.0,-0.0
2020-02-18 10:00:00,104.21588107973572,121.8632611111111,0.18,0.1,0.1,-250.0,-0.0,-0.0,0.0,-17.647380031375377,0.0,0.0,-0.0
2020-02-18 11:00:00,103.91758821989743,129.5088015151515,0.18,0.1,0.1,-250.0,-0.0,-0.0,0.0,-25.59121329525408,0.0,0.0,-0.0
2020-02-18 12:00:00,101.99512348243397,128.60464358974357,0.18,0.1,0.1,0.0,0.0,0.0,-0.0,-26.609520107309606,0.0,0.0,-0.0
2020-02-18 13:00:00,101.23101812815808,117.18663333333335,0.18,0.1,0.1,0.0,0.0,0.0,-0.0,-15.955615205175263,0.0,0.0,-0.0
2020-02-18 14:00:00,95.60010029751416,97.76883636363637,0.18,0.1,0.575,250.0,250.0,250.0,0.0,247.83126393387778,44.609627508098,9.5,-54.109627508098
2020-02-18 15:00:00,94.74424045936783,66.63067179487179,0.18,0.575,0.31184210526315786,-125.0,-125.0,0.0,125.0,-96.88643133550396,0.0,5.263157894736842,-5.263157894736842
2020-02-18 16:00:00,89.77058830182064,26.974695555555556,0.32,0.31184210526315786,0.7868421052631578,250.0,250.0,250.0,0.0,312.79589274626505,100.09468567880482,9.499999999999998,-109.59468567880482
2020-02-18 17:00:00,86.41827926726216,3.6267145454545453,0.32,0.7868421052631578,0.5236842105263158,-125.0,-125.0,0.0,125.0,-42.20843527819238,0.0,5.263157894736841,-5.263157894736841
2020-02-18 18:00:00,84.77973221656754,0.0,0.32,0.5236842105263158,0.5236842105263158,0.0,0.0,0.0,-0.0,84.77973221656754,27.129514309301612,0.0,-27.129514309301612
2020-02-18 19:00:00,83.3903384901967,0.0,0.32,0.5236842105263158,0.9,250.0,198.0609418282549,198.0609418282549,0.0,281.4512803184516,90.06440970190452,7.526315789473685,-97.59072549137821
2020-02-18 20:00:00,83.89915338488113,0.0,0.32,0.9,0.6368421052631579,-125.0,-125.0,0.0,125.0,-41.10084661511887,0.0,5.2631578947368425,-5.2631578947368425
2020-02-18 21:00:00,80.02078280999096,0.0,0.32,0.6368421052631579,0.3736842105263158,-125.0,-125.0,0.0,125.0,-44.97921719000904,0.0,5.263157894736842,-5.263157894736842
2020-02-18 22:00:00,79.75608447621066,0.0,0.1,0.3736842105263158,0.6111842105263158,125.0,125.0,125.0,0.0,204.75608447621067,20.47560844762107,4.75,-25.22560844762107
2020-02-18 23:00:00,77.2598709317652,0.0,0.1,0.6111842105263158,0.6111842105263158,0.0,0.0,0.0,-0.0,77.2598709317652,7.725987093176521,0.0,-7.725987093176521
2020-02-19 00:00:00,76.42662696709598,0.0,0.1,0.6111842105263158,0.6111842105263158,0.0,0.0,0.0,-0.0,76.42662696709598,7.642662696709599,0.0,-7.642662696709599
2020-02-19 01:00:00,78.37754992365691,0.0,0.1,0.6111842105263158,0.6111842105263158,0.0,0.0,0.0,-0.0,78.37754992365691,7.837754992365692,0.0,-7.837754992365692
2020-02-19 02:00:00,78.55321592036427,0.0,0.1,0.6111842105263158,0.6111842105263158,0.0,0.0,0.0,-0.0,78.55321592036427,7.855321592036427,0.0,-7.855321592036427
2020-02-19 03:00:00,76.9086008261863,0.0,0.1,0.6111842105263158,0.3480263157894737,-125.0,-125.0,0.0,125.0,-48.0913991738137,0.0,5.263157894736842,-5.263157894736842
2020-02-19 04:00:00,76.42535492045178,0.0,0.1,0.3480263157894737,0.5855263157894737,125.0,125.0,125.0,0.0,201.42535492045178,20.14253549204518,4.75,-24.89253549204518
2020-02-19 05:00:00,78.70464132756419,0.0,0.1,0.5855263157894737,0.1,-250.0,-230.625,0.0,230.625,-151.9203586724358,0.0,9.710526315789474,-9.710526315789474
2020-02-19 06:00:00,78.50063199539775,0.02769230769230769,0.1,0.1,0.1,-250.0,-0.0,-0.0,0.0,78.47293968770545,7.847293968770545,0.0,-7.847293968770545
2020-02-19 07:00:00,78.60547078319969,15.068414166666665,0.18,0.1,0.1,0.0,0.0,0.0,-0.0,63.53705661653303,11.436670190975946,0.0,-11.436670190975946
2020-02-19 08:00:00,85.75530720314555,60.57631212121212,0.18,0.1,0.1,0.0,0.0,0.0,-0.0,25.17899508193343,4.532219114748017,0.0,-4.532219114748017
2020-02-19 09:00:00,89.87176552362452,95.81897692307692,0.18,0.1,0.1,-125.0,-0.0,-0.0,0.0,-5.947211399452399,0.0,0.0,-0.0
2020-02-19 10:00:00,114.7418829894403,119.05287361111111,0.18,0.1,0.1,-250.0,-0.0,-0.0,0.0,-4.310990621670811,0.0,0.0,-0.0
2020-02-19 11:00:00,100.67979361409279,128.2037893939394,0.18,0.1,0.1,-250.0,-0.0,-0.0,0.0,-27.5239957798466,0.0,0.0,-0.0
2020-02-19 12:00:00,101.03307661226852,126.49565512820513,0.18,0.1,0.1,0.0,0.0,0.0,-0.0,-25.462578515936613,0.0,0.0,-0.0
2020-02-19 13:00:00,111.97166650537345,113.90086805555556,0.18,0.1,0.1,0.0,0.0,0.0,-0.0,-1.929201550182114,0.0,0.0,-0.0
2020-02-19 14:00:00,121.05974186437498,94.04147424242424,0.18,0.1,0.575,250.0,250.0,250.0,0.0,277.0182676219507,49.863288171951126,9.5,-59.363288171951126
2020-02-19 15:00:00,93.64877457639366,56.62058846153847,0.18,0.575,0.31184210526315786,-125.0,-125.0,0.0,125.0,-87.9718138851448,0.0,5.263157894736842,-5.263157894736842
2020-02-19 16:00:00,90.28505711205793,23.441473194444445,0.32,0.31184210526315786,0.7868421052631578,250.0,250.0,250.0,0.0,316.8435839176135,101.38994685363632,9.499999999999998,-110.88994685363632
2020-02-19 17:00:00,84.06987521148415,3.6432460606060606,0.32,0.7868421052631578,0.5236842105263158,-125.0,-125.0,0.0,125.0,-44.573370849121915,0.0,5.263157894736841,-5.263157894736841
2020-02-19 18:00:00,83.68671148323233,0.0,0.32,0.5236842105263158,0.5236842105263158,0.0,0.0,0.0,-0.0,83.68671148323233,26.779747674634347,0.0,-26.779747674634347
2020-02-19 19:00:00,84.8751524732828,0.0,0.32,0.5236842105263158,0.9,250.0,198.0609418282549,198.0609418282549,0.0,282.9360943015377,90.53955017649207,7.526315789473685,-98.06586596596576
2020-02-19 20:00:00,97.55863239758983,0.0,0.32,0.9,0.6368421052631579,-125.0,-125.0,0.0,125.0,-27.441367602410168,0.0,5.2631578947368425,-5.2631578947368425
2020-02-19 21:00:00,79.92829476641562,0.0,0.32,0.6368421052631579,0.3736842105263158,-125.0,-125.0,0.0,125.0,-45.07170523358438,0.0,5.263157894736842,-5.263157894736842
2020-02-19 22:00:00,78.93151298789174,0.0,0.1,0.3736842105263158,0.10000000000000003,-250.0,-129.99999999999997,0.0,129.99999999999997,-51.068487012108235,0.0,5.473684210526315,-5.473684210526315
2020-02-19 23:00:00,79.10990214542485,0.0,0.1,0.10000000000000003,0.1,-250.0,-1.3183898417423734e-14,0.0,1.3183898417423734e-14,79.10990214542484,7.910990214542484,5.551115123125783e-16,-7.910990214542485
2020-02-20 00:00:00,78.62256453722259,0.0,0.1,0.1,0.1,0.0,0.0,0.0,-0.0,78.62256453722259,7.862256453722259,0.0,-7.862256453722259
2020-02-20 01:00:00,78.9570836539481,0.0,0.1,0.1,0.1,-250.0,-0.0,-0.0,0.0,78.9570836539481,7.89570836539481,0.0,-7.89570836539481
2020-02-20 02:00:00,75.99342584995134,0.0,0.1,0.1,0.1,0.0,0.0,0.0,-0.0,75.99342584995134,7.599342584995134,0.0,-7.599342584995134
2020-02-20 03:00:00,79.10578152720417,0.0,0.1,0.1,0.1,-125.0,-0.0,-0.0,0.0,79.10578152720417,7.910578152720418,0.0,-7.910578152720418
2020-02-20 04:00:00,79.03578427003784,0.0,0.1,0.1,0.3375,125.0,125.0,125.0,0.0,204.03578427003782,20.403578427003783,4.75,-25.153578427003783
2020-02-20 05:00:00,77.19601869561905,0.0,0.1,0.3375,0.1,-125.0,-112.81250000000001,0.0,112.81250000000001,-35.61648130438097,0.0,4.75,-4.75
2020-02-20 06:00:00,78.26469953576337,0.40716923076923073,0.1,0.1,0.1,-250.0,-0.0,-0.0,0.0,77.85753030499414,7.785753030499414,0.0,-7.785753030499414
2020-02-20 07:00:00,56.23333462378159,11.390143888888888,0.18,0.1,0.1,0.0,0.0,0.0,-0.0,44.8431907348927,8.071774332280686,0.0,-8.071774332280686
2020-02-20 08:00:00,62.0042820599604,47.611122424242424,0.18,0.1,0.1,0.0,0.0,0.0,-0.0,14.393159635717979,2.590768734429236,0.0,-2.590768734429236
2020-02-20 09:00:00,100.67017419803969,84.11038461538462,0.18,0.1,0.1,-125.0,-0.0,-0.0,0.0,16.55978958265507,2.980762124877913,0.0,-2.980762124877913
2020-02-20 10:00:00,108.77385980893797,120.15082916666667,0.18,0.1,0.1,-250.0,-0.0,-0.0,0.0,-11.376969357728697,0.0,0.0,-0.0
2020-02-20 11:00:00,103.0663347507646,126.41429090909091,0.18,0.1,0.1,-250.0,-0.0,-0.0,0.0,-23.347956158326312,0.0,0.0,-0.0
2020-02-20 12:00:00,100.99648675609374,120.37256282051281,0.18,0.1,0.1,0.0,0.0,0.0,-0.0,-19.376076064419067,0.0,0.0,-0.0
2020-02-20 13:00:00,96.66978595806243,103.8035875,0.18,0.1,0.1,0.0,0.0,0.0,-0.0,-7.133801541937572,0.0,0.0,-0.0
2020-02-20 14:00:00,104.58292344471387,83.82538333333333,0.18,0.1,0.1,-250.0,-0.0,-0.0,0.0,20.757540111380536,3.7363572200484962,0.0,-3.7363572200484962
2020-02-20 15:00:00,90.6567715205154,47.30335871794871,0.18,0.1,0.1,-250.0,-0.0,-0.0,0.0,43.353412802566694,7.8036143044620045,0.0,-7.8036143044620045
2020-02-20 16:00:00,85.47080211396569,20.593769583333334,0.32,0.1,0.1,-125.0,-0.0,-0.0,0.0,64.87703253063236,20.760650409802356,0.0,-20.760650409802356
2020-02-20 17:00:00,81.05580602079029,3.4434882575757566,0.32,0.1,0.1,0.0,0.0,0.0,-0.0,77.61231776321453,24.83594168422865,0.0,-24.83594168422865
2020-02-20 18:00:00,83.55799543882138,0.0,0.32,0.1,0.1,0.0,0.0,0.0,-0.0,83.55799543882138,26.738558540422844,0.0,-26.738558540422844
2020-02-20 19:00:00,83.74271508669636,0.0,0.32,0.1,0.1,0.0,0.0,0.0,-0.0,83.74271508669636,26.797668827742836,0.0,-26.797668827742836
2020-02-20 20:00:00,84.0674694573102,0.0,0.32,0.1,0.1,0.0,0.0,0.0,-0.0,84.0674694573102,26.901590226339263,0.0,-26.901590226339263
2020-02-20 21:00:00,79.35751070751786,0.0,0.32,0.1,0.1,-125.0,-0.0,-0.0,0.0,79.35751070751786,25.394403426405717,0.0,-25.394403426405717
2020-02-20 22:00:00,79.72539389330471,0.0,0.1,0.1,0.1,-250.0,-0.0,-0.0,0.0,79.72539389330471,7.972539389330471,0.0,-7.972539389330471
2020-02-20 23:00:00,78.66530630766928,0.0,0.1,0.1,0.1,-250.0,-0.0,-0.0,0.0,78.66530630766928,7.8665306307669285,0.0,-7.8665306307669285
2020-02-21 00:00:00,78.61882080424064,0.0,0.1,0.1,0.1,0.0,0.0,0.0,-0.0,78.61882080424064,7.861882080424064,0.0,-7.861882080424064
2020-02-21 01:00:00,77.39787307845064,0.0,0.1,0.1,0.1,-250.0,-0.0,-0.0,0.0,77.39787307845064,7.739787307845065,0.0,-7.739787307845065
2020-02-21 02:00:00,77.93974116107427,0.0,0.1,0.1,0.1,0.0,0.0,0.0,-0.0,77.93974116107427,7.793974116107427,0.0,-7.793974116107427
2020-02-21 03:00:00,78.61407900209548,0.0,0.1,0.1,0.1,-125.0,-0.0,-0.0,0.0,78.61407900209548,7.8614079002095485,0.0,-7.8614079002095485
2020-02-21 04:00:00,78.97653770911923,0.0,0.1,0.1,0.1,-250.0,-0.0,-0.0,0.0,78.97653770911923,7.897653770911923,0.0,-7.897653770911923
2020-02-21 05:00:00,76.86150175616159,0.0,0.1,0.1,0.3375,125.0,125.0,125.0,0.0,201.8615017561616,20.186150175616163,4.75,-24.936150175616163
2020-02-21 06:00:00,77.07298939655031,0.5554153846153846,0.1,0.3375,0.1,-250.0,-112.81250000000001,0.0,112.81250000000001,-36.29492598806509,0.0,4.75,-4.75
2020-02-21 07:00:00,82.31042628442445,23.423721666666665,0.18,0.1,0.1,0.0,0.0,0.0,-0.0,58.886704617757786,10.5996068311964,0.0,-10.5996068311964
2020-02-21 08:00:00,87.84177459408762,64.15659848484849,0.18,0.1,0.1,0.0,0.0,0.0,-0.0,23.685176109239137,4.263331699663045,0.0,-4.263331699663045
2020-02-21 09:00:00,94.14717246775152,71.13654948717948,0.18,0.1,0.1,-125.0,-0.0,-0.0,0.0,23.010622980572037,4.141912136502967,0.0,-4.141912136502967
2020-02-21 10:00:00,95.15618247432714,100.721925,0.18,0.1,0.1,-250.0,-0.0,-0.0,0.0,-5.56574252567286,0.0,0.0,-0.0
2020-02-21 11:00:00,111.26417184747082,130.32634545454545,0.18,0.1,0.1,-250.0,-0.0,-0.0,0.0,-19.062173607074627,0.0,0.0,-0.0
2020-02-21 12:00:00,112.01153216634913,124.4187923076923,0.18,0.1,0.1,-250.0,-0.0,-0.0,0.0,-12.407260141343173,0.0,0.0,-0.0
2020-02-21 13:00:00,100.56700519490347,116.68681249999999,0.18,0.1,0.1,0.0,0.0,0.0,-0.0,-16.119807305096515,0.0,0.0,-0.0
2020-02-21 14:00:00,112.4185885442586,97.35266363636364,0.18,0.1,0.575,250.0,250.0,250.0,0.0,265.06592490789495,47.71186648342109,9.5,-57.21186648342109
2020-02-21 15:00:00,92.29907539375645,68.37003846153847,0.18,0.575,0.31184210526315786,-125.0,-125.0,0.0,125.0,-101.07096306778202,0.0,5.263157894736842,-5.263157894736842
2020-02-21 16:00:00,89.29781809440469,25.899156388888887,0.32,0.31184210526315786,0.7868421052631578,250.0,250.0,250.0,0.0,313.3986617055158,100.28757174576505,9.499999999999998,-109.78757174576505
2020-02-21 17:00:00,87.26569383919177,4.312,0.32,0.7868421052631578,0.5236842105263158,-125.0,-125.0,0.0,125.0,-42.04630616080823,0.0,5.263157894736841,-5.263157894736841
2020-02-21 18:00:00,84.44761135411642,0.0,0.32,0.5236842105263158,0.5236842105263158,0.0,0.0,0.0,-0.0,84.44761135411642,27.023235633317256,0.0,-27.023235633317256
2020-02-21 19:00:00,84.55079948836418,0.0,0.32,0.5236842105263158,0.9,250.0,198.0609418282549,198.0609418282549,0.0,282.6117413166191,90.43575722131811,7.526315789473685,-97.9620730107918
2020-02-21 20:00:00,84.48583191861111,0.0,0.32,0.9,0.6368421052631579,-125.0,-125.0,0.0,125.0,-40.51416808138889,0.0,5.2631578947368425,-5.2631578947368425
2020-02-21 21:00:00,82.34834654833718,0.0,0.32,0.6368421052631579,0.3736842105263158,-125.0,-125.0,0.0,125.0,-42.651653451662824,0.0,5.263157894736842,-5.263157894736842
2020-02-21 22:00:00,80.15485473638914,0.0,0.1,0.3736842105263158,0.10000000000000003,-250.0,-129.99999999999997,0.0,129.99999999999997,-49.84514526361083,0.0,5.473684210526315,-5.473684210526315
2020-02-21 23:00:00,78.53987819194361,0.0,0.1,0.10000000000000003,0.1,-250.0,-1.3183898417423734e-14,0.0,1.3183898417423734e-14,78.5398781919436,7.85398781919436,5.551115123125783e-16,-7.853987819194361
2020-02-22 00:00:00,79.0614179519894,0.0,0.12,0.1,0.1,-125.0,-0.0,-0.0,0.0,79.0614179519894,9.487370154238727,0.0,-9.487370154238727
2020-02-22 01:00:00,77.26474501765813,0.0,0.12,0.1,0.1,0.0,0.0,0.0,-0.0,77.26474501765813,9.271769402118975,0.0,-9.271769402118975
2020-02-22 02:00:00,79.69764274321659,0.0,0.12,0.1,0.1,0.0,0.0,0.0,-0.0,79.69764274321659,9.56371712918599,0.0,-9.56371712918599
2020-02-22 03:00:00,77.79245552977265,0.0,0.12,0.1,0.1,0.0,0.0,0.0,-0.0,77.79245552977265,9.335094663572718,0.0,-9.335094663572718
2020-02-22 04:00:00,78.131349615412,0.0,0.12,0.1,0.1,-250.0,-0.0,-0.0,0.0,78.131349615412,9.375761953849441,0.0,-9.375761953849441
2020-02-22 05:00:00,77.87692434418085,0.0,0.12,0.1,0.1,-125.0,-0.0,-0.0,0.0,77.87692434418085,9.345230921301702,0.0,-9.345230921301702
2020-02-22 06:00:00,78.98448832605763,0.0,0.12,0.1,0.1,0.0,0.0,0.0,-0.0,78.98448832605763,9.478138599126915,0.0,-9.478138599126915
2020-02-22 07:00:00,76.15280220585241,9.148994305555554,0.12,0.1,0.1,-250.0,-0.0,-0.0,0.0,67.00380790029686,8.040456948035624,0.0,-8.040456948035624
2020-02-22 08:00:00,84.5250437007907,62.48672803030302,0.12,0.1,0.1,0.0,0.0,0.0,-0.0,22.038315670487684,2.644597880458522,0.0,-2.644597880458522
2020-02-22 09:00:00,87.50459052001177,94.31458076923076,0.12,0.1,0.1,-250.0,-0.0,-0.0,0.0,-6.809990249218984,0.0,0.0,-0.0
2020-02-22 10:00:00,93.37719704314458,116.55617638888889,0.12,0.1,0.1,-250.0,-0.0,-0.0,0.0,-23.17897934574431,0.0,0.0,-0.0
2020-02-22 11:00:00,94.71869502847527,125.76439090909092,0.12,0.1,0.1,-125.0,-0.0,-0.0,0.0,-31.045695880615654,0.0,0.0,-0.0
2020-02-22 12:00:00,96.29115816915427,122.80746923076923,0.12,0.1,0.1,-250.0,-0.0,-0.0,0.0,-26.516311061614957,0.0,0.0,-0.0
2020-02-22 13:00:00,95.21603791214655,112.7763986111111,0.12,0.1,0.1,-250.0,-0.0,-0.0,0.0,-17.56036069896456,0.0,0.0,-0.0
2020-02-22 14:00:00,92.5353188926893,93.76121818181818,0.12,0.1,0.1,0.0,0.0,0.0,-0.0,-1.2258992891288756,0.0,0.0,-0.0
2020-02-22 15:00:00,92.78086283719836,64.81579615384615,0.12,0.1,0.1,0.0,0.0,0.0,-0.0,27.965066683352205,3.3558080020022647,0.0,-3.3558080020022647
2020-02-22 16:00:00,81.29259222214915,26.86755875,0.12,0.1,0.3375,125.0,125.0,125.0,0.0,179.42503347214915,21.531004016657896,4.75,-26.281004016657896
2020-02-22 17:00:00,80.88781255996356,4.214063636363637,0.12,0.3375,0.1,-125.0,-112.81250000000001,0.0,112.81250000000001,-36.138751076400084,0.0,4.75,-4.75
2020-02-22 18:00:00,79.1554936552744,0.0,0.12,0.1,0.1,-125.0,-0.0,-0.0,0.0,79.1554936552744,9.498659238632927,0.0,-9.498659238632927
2020-02-22 19:00:00,82.17602803682355,0.0,0.12,0.1,0.1,0.0,0.0,0.0,-0.0,82.17602803682355,9.861123364418827,0.0,-9.861123364418827
2020-02-22 20:00:00,80.1750787846494,0.0,0.12,0.1,0.1,-125.0,-0.0,-0.0,0.0,80.1750787846494,9.621009454157928,0.0,-9.621009454157928
2020-02-22 21:00:00,80.55983191007479,0.0,0.12,0.1,0.1,0.0,0.0,0.0,-0.0,80.55983191007479,9.667179829208974,0.0,-9.667179829208974
2020-02-22 22:00:00,79.09180558225232,0.0,0.12,0.1,0.1,-125.0,-0.0,-0.0,0.0,79.09180558225232,9.491016669870278,0.0,-9.491016669870278
2020-02-22 23:00:00,79.69821299253525,0.0,0.12,0.1,0.1,-250.0,-0.0,-0.0,0.0,79.69821299253525,9.563785559104229,0.0,-9.563785559104229
2020-02-23 00:00:00,76.7936844823889,0.0,0.12,0.1,0.1,-125.0,-0.0,-0.0,0.0,76.7936844823889,9.215242137886667,0.0,-9.215242137886667
2020-02-23 01:00:00,77.76423723672809,0.0,0.12,0.1,0.1,0.0,0.0,0.0,-0.0,77.76423723672809,9.33170846840737,0.0,-9.33170846840737
2020-02-23 02:00:00,76.44327319366482,0.0,0.12,0.1,0.1,0.0,0.0,0.0,-0.0,76.44327319366482,9.173192783239779,0.0,-9.173192783239779
2020-02-23 03:00:00,78.24059884320347,0.0,0.12,0.1,0.1,0.0,0.0,0.0,-0.0,78.24059884320347,9.388871861184416,0.0,-9.388871861184416
2020-02-23 04:00:00,77.74795307843138,0.0,0.12,0.1,0.1,0.0,0.0,0.0,-0.0,77.74795307843138,9.329754369411765,0.0,-9.329754369411765
2020-02-23 05:00:00,78.52249735493525,0.0,0.12,0.1,0.1,-125.0,-0.0,-0.0,0.0,78.52249735493525,9.42269968259223,0.0,-9.42269968259223
2020-02-23 06:00:00,77.0520090347329,0.5701141025641022,0.12,0.1,0.1,0.0,0.0,0.0,-0.0,76.4818949321688,9.177827391860255,0.0,-9.177827391860255
2020-02-23 07:00:00,78.75497189046183,22.577303055555557,0.12,0.1,0.1,-250.0,-0.0,-0.0,0.0,56.17766883490627,6.741320260188752,0.0,-6.741320260188752
2020-02-23 08:00:00,80.31487863326119,40.22818075757576,0.12,0.1,0.1,0.0,0.0,0.0,-0.0,40.08669787568543,4.810403745082252,0.0,-4.810403745082252
2020-02-23 09:00:00,78.2322915865053,26.119131794871798,0.12,0.1,0.1,-250.0,-0.0,-0.0,0.0,52.1131597916335,6.25357917499602,0.0,-6.25357917499602
2020-02-23 10:00:00,77.588275752453,46.51765416666666,0.12,0.1,0.1,-250.0,-0.0,-0.0,0.0,31.07062158578634,3.728474590294361,0.0,-3.728474590294361
2020-02-23 11:00:00,85.29345059540644,103.47400909090908,0.12,0.1,0.1,-125.0,-0.0,-0.0,0.0,-18.180558495502638,0.0,0.0,-0.0
2020-02-23 12:00:00,86.63070271378054,116.36480769230769,0.12,0.1,0.1,-250.0,-0.0,-0.0,0.0,-29.734104978527157,0.0,0.0,-0.0
2020-02-23 13:00:00,88.4201646354985,113.66118333333333,0.12,0.1,0.1,-250.0,-0.0,-0.0,0.0,-25.241018697834832,0.0,0.0,-0.0
2020-02-23 14:00:00,84.88531497239381,95.07068636363637,0.12,0.1,0.1,0.0,0.0,0.0,-0.0,-10.185371391242555,0.0,0.0,-0.0
2020-02-23 15:00:00,82.26614499518715,64.24762564102564,0.12,0.1,0.1,0.0,0.0,0.0,-0.0,18.018519354161512,2.1622223224993813,0.0,-2.1622223224993813
2020-02-23 16:00:00,82.7389373074207,26.98109222222222,0.12,0.1,0.3375,125.0,125.0,125.0,0.0,180.75784508519848,21.690941410223818,4.75,-26.440941410223818
2020-02-23 17:00:00,78.75823242882053,4.313648787878789,0.12,0.3375,0.1,-125.0,-112.81250000000001,0.0,112.81250000000001,-38.36791635905827,0.0,4.75,-4.75
2020-02-23 18:00:00,78.20155044564332,0.0,0.12,0.1,0.1,-125.0,-0.0,-0.0,0.0,78.20155044564332,9.384186053477197,0.0,-9.384186053477197
2020-02-23 19:00:00,80.03150286522482,0.0,0.12,0.1,0.1,0.0,0.0,0.0,-0.0,80.03150286522482,9.603780343826978,0.0,-9.603780343826978
2020-02-23 20:00:00,80.8045920572336,0.0,0.12,0.1,0.1,-125.0,-0.0,-0.0,0.0,80.8045920572336,9.696551046868032,0.0,-9.696551046868032
2020-02-23 21:00:00,79.83928325962242,0.0,0.12,0.1,0.1,0.0,0.0,0.0,-0.0,79.83928325962242,9.58071399115469,0.0,-9.58071399115469
2020-02-23 22:00:00,79.64083393536326,0.0,0.12,0.1,0.1,-250.0,-0.0,-0.0,0.0,79.64083393536326,9.556900072243591,0.0,-9.556900072243591
2020-02-23 23:00:00,76.25999829043418,0.0,0.12,0.1,0.1,-250.0,-0.0,-0.0,0.0,76.25999829043418,9.151199794852102,0.0,-9.151199794852102
2020-02-24 00:00:00,78.44819649901147,0.0,0.1,0.1,0.1,0.0,0.0,0.0,-0.0,78.44819649901147,7.844819649901147,0.0,-7.844819649901147
2020-02-24 01:00:00,76.67083068096018,0.0,0.1,0.1,0.1,-250.0,-0.0,-0.0,0.0,76.67083068096018,7.6670830680960185,0.0,-7.6670830680960185
2020-02-24 02:00:00,78.5398629569078,0.0,0.1,0.1,0.1,0.0,0.0,0.0,-0.0,78.5398629569078,7.85398629569078,0.0,-7.85398629569078
2020-02-24 03:00:00,75.32319369683756,0.0,0.1,0.1,0.1,-125.0,-0.0,-0.0,0.0,75.32319369683756,7.532319369683757,0.0,-7.532319369683757
2020-02-24 04:00:00,77.73925509392551,0.0,0.1,0.1,0.1,-250.0,-0.0,-0.0,0.0,77.73925509392551,7.7739255093925514,0.0,-7.7739255093925514
2020-02-24 05:00:00,76.08002801798816,0.0,0.1,0.1,0.3375,125.0,125.0,125.0,0.0,201.08002801798816,20.10800280179882,4.75,-24.85800280179882
2020-02-24 06:00:00,78.28014623857426,0.52634358974359,0.1,0.3375,0.1,-250.0,-112.81250000000001,0.0,112.81250000000001,-35.05869735116934,0.0,4.75,-4.75
2020-02-24 07:00:00,79.3695526219364,25.79364513888889,0.18,0.1,0.1,-250.0,-0.0,-0.0,0.0,53.575907483047516,9.643663346948552,0.0,-9.643663346948552
2020-02-24 08:00:00,88.57041628320013,67.43688636363636,0.18,0.1,0.1,0.0,0.0,0.0,-0.0,21.13352991956377,3.8040353855214786,0.0,-3.8040353855214786
2020-02-24 09:00:00,98.7715411281983,101.37373076923078,0.18,0.1,0.1,-125.0,-0.0,-0.0,0.0,-2.6021896410324814,0.0,0.0,-0.0
2020-02-24 10:00:00,116.25276609696921,123.71840416666667,0.18,0.1,0.1,-250.0,-0.0,-0.0,0.0,-7.465638069697462,0.0,0.0,-0.0
2020-02-24 11:00:00,110.1061126576551,133.21050151515152,0.18,0.1,0.1,-250.0,-0.0,-0.0,0.0,-23.104388857496417,0.0,0.0,-0.0
2020-02-24 12:00:00,100.89462335147536,130.8419976923077,0.18,0.1,0.1,0.0,0.0,0.0,-0.0,-29.94737434083234,0.0,0.0,-0.0
2020-02-24 13:00:00,105.0968872620848,119.31318055555556,0.18,0.1,0.1,0.0,0.0,0.0,-0.0,-14.216293293470756,0.0,0.0,-0.0
2020-02-24 14:00:00,108.10036133821173,100.18943181818182,0.18,0.1,0.575,250.0,250.0,250.0,0.0,257.9109295200299,46.42396731360539,9.5,-55.92396731360539
2020-02-24 15:00:00,93.18667180057788,69.5759076923077,0.18,0.575,0.31184210526315786,-125.0,-125.0,0.0,125.0,-101.38923589172981,0.0,5.263157894736842,-5.263157894736842
2020-02-24 16:00:00,84.29865677858884,29.504071944444444,0.32,0.31184210526315786,0.7868421052631578,250.0,250.0,250.0,0.0,304.7945848341444,97.53426714692621,9.499999999999998,-107.03426714692621
2020-02-24 17:00:00,84.00203553761209,4.571527575757576,0.32,0.7868421052631578,0.5236842105263158,-125.0,-125.0,0.0,125.0,-45.56949203814548,0.0,5.263157894736841,-5.263157894736841
2020-02-24 18:00:00,83.14220528322198,0.0,0.32,0.5236842105263158,0.5236842105263158,0.0,0.0,0.0,-0.0,83.14220528322198,26.605505690631034,0.0,-26.605505690631034
2020-02-24 19:00:00,84.35169332438598,0.0,0.32,0.5236842105263158,0.9,250.0,198.0609418282549,198.0609418282549,0.0,282.41263515264086,90.37204324884507,7.526315789473685,-97.89835903831876
2020-02-24 20:00:00,83.93567783998876,0.0,0.32,0.9,0.9,250.0,0.0,0.0,-0.0,83.93567783998876,26.8594169087964,0.0,-26.8594169087964
2020-02-24 21:00:00,77.1799209315441,0.0,0.32,0.9,0.9,125.0,0.0,0.0,-0.0,77.1799209315441,24.697574698094115,0.0,-24.697574698094115
2020-02-24 22:00:00,78.34262670672958,0.0,0.1,0.9,0.9,0.0,0.0,0.0,-0.0,78.34262670672958,7.834262670672958,0.0,-7.834262670672958
2020-02-24 23:00:00,77.18482593462127,0.0,0.1,0.9,0.6368421052631579,-125.0,-125.0,0.0,125.0,-47.81517406537873,0.0,5.2631578947368425,-5.2631578947368425
2020-02-25 00:00:00,76.41107780963985,0.0,0.1,0.6368421052631579,0.6368421052631579,0.0,0.0,0.0,-0.0,76.41107780963985,7.641107780963985,0.0,-7.641107780963985
2020-02-25 01:00:00,75.20895030689486,0.0,0.1,0.6368421052631579,0.6368421052631579,0.0,0.0,0.0,-0.0,75.20895030689486,7.520895030689487,0.0,-7.520895030689487
2020-02-25 02:00:00,77.72295013482334,0.0,0.1,0.6368421052631579,0.6368421052631579,0.0,0.0,0.0,-0.0,77.72295013482334,7.772295013482334,0.0,-7.772295013482334
2020-02-25 03:00:00,75.69607268359495,0.0,0.1,0.6368421052631579,0.3736842105263158,-125.0,-125.0,0.0,125.0,-49.30392731640505,0.0,5.263157894736842,-5.263157894736842
2020-02-25 04:00:00,77.60491459874667,0.0,0.1,0.3736842105263158,0.3736842105263158,0.0,0.0,0.0,-0.0,77.60491459874667,7.760491459874668,0.0,-7.760491459874668
2020-02-25 05:00:00,72.9353548926994,0.0,0.1,0.3736842105263158,0.1105263157894737,-125.0,-125.0,0.0,125.0,-52.064645107300606,0.0,5.263157894736842,-5.263157894736842
2020-02-25 06:00:00,76.59676309129614,0.7260130769230769,0.1,0.1105263157894737,0.1,-250.0,-5.000000000000002,0.0,5.000000000000002,70.87075001437306,7.087075001437306,0.21052631578947378,-7.297601317226779
2020-02-25 07:00:00,80.15410161573804,25.790140833333336,0.18,0.1,0.1,0.0,0.0,0.0,-0.0,54.3639607824047,9.785512940832847,0.0,-9.785512940832847
2020-02-25 08:00:00,88.51641619846372,67.14702272727273,0.18,0.1,0.1,0.0,0.0,0.0,-0.0,21.36939347119099,3.846490824814378,0.0,-3.846490824814378
2020-02-25 09:00:00,92.4989382078787,101.1445076923077,0.18,0.1,0.1,-125.0,-0.0,-0.0,0.0,-8.645569484429004,0.0,0.0,-0.0
2020-02-25 10:00:00,98.38090443792258,122.36540000000001,0.18,0.1,0.1,-250.0,-0.0,-0.0,0.0,-23.984495562077427,0.0,0.0,-0.0
2020-02-25 11:00:00,107.36668965926528,130.7813,0.18,0.1,0.1,-250.0,-0.0,-0.0,0.0,-23.41461034073471,0.0,0.0,-0.0
2020-02-25 12:00:00,111.6487321166218,129.21288076923076,0.18,0.1,0.1,0.0,0.0,0.0,-0.0,-17.564148652608964,0.0,0.0,-0.0
2020-02-25 13:00:00,108.37631406942813,119.58976041666666,0.18,0.1,0.1,0.0,0.0,0.0,-0.0,-11.21344634723853,0.0,0.0,-0.0
2020-02-25 14:00:00,98.10557003032973,98.82764545454546,0.18,0.1,0.575,250.0,250.0,250.0,0.0,249.27792457578425,44.870026423641164,9.5,-54.370026423641164
2020-02-25 15:00:00,97.29098597002083,68.89208076923077,0.18,0.575,0.31184210526315786,-125.0,-125.0,0.0,125.0,-96.60109479920995,0.0,5.263157894736842,-5.263157894736842
2020-02-25 16:00:00,83.91592605852456,29.55502875,0.32,0.31184210526315786,0.7868421052631578,250.0,250.0,250.0,0.0,304.36089730852456,97.39548713872786,9.499999999999998,-106.89548713872786
2020-02-25 17:00:00,87.36709997849431,4.376477878787878,0.32,0.7868421052631578,0.5236842105263158,-125.0,-125.0,0.0,125.0,-42.00937790029357,0.0,5.263157894736841,-5.263157894736841
2020-02-25 18:00:00,86.31785352533521,0.0,0.32,0.5236842105263158,0.5236842105263158,0.0,0.0,0.0,-0.0,86.31785352533521,27.621713128107267,0.0,-27.621713128107267
2020-02-25 19:00:00,86.04420551811266,0.0,0.32,0.5236842105263158,0.9,250.0,198.0609418282549,198.0609418282549,0.0,284.1051473463676,90.91364715083762,7.526315789473685,-98.4399629403113
2020-02-25 20:00:00,86.62783897832443,0.0,0.32,0.9,0.6368421052631579,-125.0,-125.0,0.0,125.0,-38.372161021675566,0.0,5.2631578947368425,-5.2631578947368425
2020-02-25 21:00:00,80.54672605268755,0.0,0.32,0.6368421052631579,0.3736842105263158,-125.0,-125.0,0.0,125.0,-44.453273947312454,0.0,5.263157894736842,-5.263157894736842
2020-02-25 22:00:00,79.59450818665293,0.0,0.1,0.3736842105263158,0.6111842105263158,125.0,125.0,125.0,0.0,204.59450818665294,20.459450818665296,4.75,-25.209450818665296
2020-02-25 23:00:00,77.14823181518312,0.0,0.1,0.6111842105263158,0.6111842105263158,0.0,0.0,0.0,-0.0,77.14823181518312,7.714823181518312,0.0,-7.714823181518312
2020-02-26 00:00:00,79.00556741550501,0.0,0.1,0.6111842105263158,0.6111842105263158,0.0,0.0,0.0,-0.0,79.00556741550501,7.900556741550502,0.0,-7.900556741550502
2020-02-26 01:00:00,77.19623962269895,0.0,0.1,0.6111842105263158,0.6111842105263158,0.0,0.0,0.0,-0.0,77.19623962269895,7.719623962269896,0.0,-7.719623962269896
2020-02-26 02:00:00,76.08630738988614,0.0,0.1,0.6111842105263158,0.6111842105263158,0.0,0.0,0.0,-0.0,76.08630738988614,7.608630738988615,0.0,-7.608630738988615
2020-02-26 03:00:00,75.21856402755871,0.0,0.1,0.6111842105263158,0.3480263157894737,-125.0,-125.0,0.0,125.0,-49.78143597244129,0.0,5.263157894736842,-5.263157894736842
2020-02-26 04:00:00,75.88305732411419,0.0,0.1,0.3480263157894737,0.3480263157894737,0.0,0.0,0.0,-0.0,75.88305732411419,7.58830573241142,0.0,-7.58830573241142
2020-02-26 05:00:00,75.7065882956377,0.0,0.1,0.3480263157894737,0.10000000000000003,-125.0,-117.81249999999999,0.0,117.81249999999999,-42.105911704362285,0.0,4.960526315789473,-4.960526315789473
2020-02-26 06:00:00,77.3161009258014,0.8701025641025638,0.1,0.10000000000000003,0.1,-250.0,-1.3183898417423734e-14,0.0,1.3183898417423734e-14,76.44599836169881,7.644599836169881,5.551115123125783e-16,-7.644599836169882
2020-02-26 07:00:00,82.16415674857758,25.530616666666663,0.18,0.1,0.1,0.0,0.0,0.0,-0.0,56.63354008191092,10.194037214743966,0.0,-10.194037214743966
2020-02-26 08:00:00,86.81566895457875,64.6690696969697,0.18,0.1,0.1,0.0,0.0,0.0,-0.0,22.146599257609054,3.9863878663696295,0.0,-3.9863878663696295
2020-02-26 09:00:00,88.96520782933425,94.88479615384615,0.18,0.1,0.1,-125.0,-0.0,-0.0,0.0,-5.919588324511906,0.0,0.0,-0.0
2020-02-26 10:00:00,95.66069957460273,114.30110833333333,0.18,0.1,0.1,-250.0,-0.0,-0.0,0.0,-18.6404087587306,0.0,0.0,-0.0
2020-02-26 11:00:00,99.76385768658616,122.76508636363637,0.18,0.1,0.1,-250.0,-0.0,-0.0,0.0,-23.001228677050207,0.0,0.0,-0.0
2020-02-26 12:00:00,97.71486034644006,121.95611923076923,0.18,0.1,0.1,0.0,0.0,0.0,-0.0,-24.24125888432917,0.0,0.0,-0.0
2020-02-26 13:00:00,97.195153646409,112.7381875,0.18,0.1,0.1,0.0,0.0,0.0,-0.0,-15.543033853590998,0.0,0.0,-0.0
2020-02-26 14:00:00,95.2575389723817,94.41813787878787,0.18,0.1,0.575,250.0,250.0,250.0,0.0,250.83940109359384,45.15109219684689,9.5,-54.65109219684689
2020-02-26 15:00:00,94.78186084642319,65.44491153846154,0.18,0.575,0.575,0.0,0.0,0.0,-0.0,29.336949307961646,5.280650875433096,0.0,-5.280650875433096
2020-02-26 16:00:00,86.32166641260984,28.33077,0.32,0.575,0.575,0.0,0.0,0.0,-0.0,57.99089641260984,18.55708685203515,0.0,-18.55708685203515
2020-02-26 17:00:00,82.79429907825578,4.890407272727273,0.32,0.575,0.31184210526315786,-125.0,-125.0,0.0,125.0,-47.0961081944715,0.0,5.263157894736842,-5.263157894736842
2020-02-26 18:00:00,84.54269924098789,0.0,0.32,0.31184210526315786,0.1,-125.0,-100.62499999999999,0.0,100.62499999999999,-16.0823007590121,0.0,4.2368421052631575,-4.2368421052631575
2020-02-26 19:00:00,85.69262345953213,0.0,0.32,0.1,0.1,0.0,0.0,0.0,-0.0,85.69262345953213,27.421639507050283,0.0,-27.421639507050283
2020-02-26 20:00:00,85.17423258186935,0.0,0.32,0.1,0.1,-125.0,-0.0,-0.0,0.0,85.17423258186935,27.25575442619819,0.0,-27.25575442619819
2020-02-26 21:00:00,78.19723022229189,0.0,0.32,0.1,0.1,-125.0,-0.0,-0.0,0.0,78.19723022229189,25.023113671133405,0.0,-25.023113671133405
2020-02-26 22:00:00,78.18110537440297,0.0,0.1,0.1,0.1,-250.0,-0.0,-0.0,0.0,78.18110537440297,7.8181105374402975,0.0,-7.8181105374402975
2020-02-26 23:00:00,78.74686284068517,0.0,0.1,0.1,0.1,-250.0,-0.0,-0.0,0.0,78.74686284068517,7.874686284068517,0.0,-7.874686284068517
2020-02-27 00:00:00,77.59834297830022,0.0,0.1,0.1,0.1,0.0,0.0,0.0,-0.0,77.59834297830022,7.7598342978300225,0.0,-7.7598342978300225
2020-02-27 01:00:00,74.93496857299431,0.0,0.1,0.1,0.1,-250.0,-0.0,-0.0,0.0,74.93496857299431,7.493496857299431,0.0,-7.493496857299431
2020-02-27 02:00:00,76.31779819444193,0.0,0.1,0.1,0.1,0.0,0.0,0.0,-0.0,76.31779819444193,7.631779819444194,0.0,-7.631779819444194
2020-02-27 03:00:00,76.91305456345262,0.0,0.1,0.1,0.1,-125.0,-0.0,-0.0,0.0,76.91305456345262,7.691305456345262,0.0,-7.691305456345262
2020-02-27 04:00:00,76.84612895637211,0.0,0.1,0.1,0.1,-250.0,-0.0,-0.0,0.0,76.84612895637211,7.684612895637212,0.0,-7.684612895637212
2020-02-27 05:00:00,74.9276740400877,0.0,0.1,0.1,0.1,0.0,0.0,0.0,-0.0,74.9276740400877,7.49276740400877,0.0,-7.49276740400877
2020-02-27 06:00:00,75.49182218302826,0.5478974358974353,0.1,0.1,0.1,-250.0,-0.0,-0.0,0.0,74.94392474713082,7.494392474713083,0.0,-7.494392474713083
2020-02-27 07:00:00,80.58809566861937,26.333759583333332,0.18,0.1,0.1,0.0,0.0,0.0,-0.0,54.25433608528604,9.765780495351487,0.0,-9.765780495351487
2020-02-27 08:00:00,89.54201364921745,66.29491515151516,0.18,0.1,0.1,0.0,0.0,0.0,-0.0,23.247098497702297,4.184477729586413,0.0,-4.184477729586413
2020-02-27 09:00:00,93.3676494089619,98.20347692307692,0.18,0.1,0.1,-125.0,-0.0,-0.0,0.0,-4.835827514115024,0.0,0.0,-0.0
2020-02-27 10:00:00,100.77802852114576,117.71365416666667,0.18,0.1,0.1,-250.0,-0.0,-0.0,0.0,-16.935625645520915,0.0,0.0,-0.0
2020-02-27 11:00:00,105.21039810173887,123.89252272727272,0.18,0.1,0.1,-250.0,-0.0,-0.0,0.0,-18.682124625533845,0.0,0.0,-0.0
2020-02-27 12:00:00,101.95010209855685,124.83323461538461,0.18,0.1,0.1,0.0,0.0,0.0,-0.0,-22.883132516827757,0.0,0.0,-0.0
2020-02-27 13:00:00,97.87204696870333,114.22871249999999,0.18,0.1,0.1,0.0,0.0,0.0,-0.0,-16.356665531296656,0.0,0.0,-0.0
2020-02-27 14:00:00,102.49281643289288,96.49583181818183,0.18,0.1,0.575,250.0,250.0,250.0,0.0,255.99698461471104,46.07945723064798,9.5,-55.57945723064798
2020-02-27 15:00:00,94.53684943105398,67.65004615384615,0.18,0.575,0.31184210526315786,-125.0,-125.0,0.0,125.0,-98.11319672279217,0.0,5.263157894736842,-5.263157894736842
2020-02-27 16:00:00,92.45580173955578,28.266914027777776,0.32,0.31184210526315786,0.7868421052631578,250.0,250.0,250.0,0.0,314.188887711778,100.54044406776897,9.499999999999998,-110.04044406776897
2020-02-27 17:00:00,88.20074848837605,5.128490151515151,0.32,0.7868421052631578,0.5236842105263158,-125.0,-125.0,0.0,125.0,-41.9277416631391,0.0,5.263157894736841,-5.263157894736841
2020-02-27 18:00:00,85.16289195399773,0.01076923076923077,0.32,0.5236842105263158,0.5236842105263158,0.0,0.0,0.0,-0.0,85.1521227232285,27.248679271433122,0.0,-27.248679271433122
2020-02-27 19:00:00,87.04471010822225,0.0,0.32,0.5236842105263158,0.9,250.0,198.0609418282549,198.0609418282549,0.0,285.10565193647716,91.23380861967269,7.526315789473685,-98.76012440914637
2020-02-27 20:00:00,87.20933723214273,0.0,0.32,0.9,0.6368421052631579,-125.0,-125.0,0.0,125.0,-37.79066276785727,0.0,5.2631578947368425,-5.2631578947368425
2020-02-27 21:00:00,82.1716685459094,0.0,0.32,0.6368421052631579,0.3736842105263158,-125.0,-125.0,0.0,125.0,-42.8283314540906,0.0,5.263157894736842,-5.263157894736842
2020-02-27 22:00:00,82.3703710177217,0.0,0.1,0.3736842105263158,0.10000000000000003,-250.0,-129.99999999999997,0.0,129.99999999999997,-47.62962898227828,0.0,5.473684210526315,-5.473684210526315
2020-02-27 23:00:00,81.0394539741188,0.0,0.1,0.10000000000000003,0.3375,125.0,125.0,125.0,0.0,206.0394539741188,20.60394539741188,4.75,-25.35394539741188
2020-02-28 00:00:00,80.78632431242914,0.0,0.1,0.3375,0.1,-125.0,-112.81250000000001,0.0,112.81250000000001,-32.02617568757087,0.0,4.75,-4.75
2020-02-28 01:00:00,81.33475416332278,0.0,0.1,0.1,0.1,-125.0,-0.0,-0.0,0.0,81.33475416332278,8.13347541633228,0.0,-8.13347541633228
2020-02-28 02:00:00,81.32963032065555,0.0,0.1,0.1,0.3375,125.0,125.0,125.0,0.0,206.32963032065555,20.632963032065557,4.75,-25.382963032065557
2020-02-28 03:00:00,80.38120866133627,0.0,0.1,0.3375,0.575,125.0,125.0,125.0,0.0,205.38120866133627,20.538120866133628,4.749999999999998,-25.288120866133625
2020-02-28 04:00:00,80.17796672868083,0.0,0.1,0.575,0.31184210526315786,-125.0,-125.0,0.0,125.0,-44.82203327131917,0.0,5.263157894736842,-5.263157894736842
2020-02-28 05:00:00,81.32147837710397,0.0,0.1,0.31184210526315786,0.1,-125.0,-100.62499999999999,0.0,100.62499999999999,-19.303521622896014,0.0,4.2368421052631575,-4.2368421052631575
2020-02-28 06:00:00,81.36679251233552,0.6299330218068536,0.1,0.1,0.1,-250.0,-0.0,-0.0,0.0,80.73685949052867,8.073685949052868,0.0,-8.073685949052868
2020-02-28 07:00:00,84.200927413718,17.255373194444445,0.18,0.1,0.1,0.0,0.0,0.0,-0.0,66.94555421927356,12.05019975946924,0.0,-12.05019975946924
2020-02-28 08:00:00,95.75349667254532,43.55911181818181,0.18,0.1,0.1,0.0,0.0,0.0,-0.0,52.19438485436351,9.394989273785432,0.0,-9.394989273785432
2020-02-28 09:00:00,102.70632571995495,80.11952307692307,0.18,0.1,0.1,-125.0,-0.0,-0.0,0.0,22.586802643031874,4.065624475745737,0.0,-4.065624475745737
2020-02-28 10:00:00,101.2255457107214,97.61460833333332,0.18,0.1,0.1,-250.0,-0.0,-0.0,0.0,3.6109373773880833,0.6499687279298549,0.0,-0.6499687279298549
2020-02-28 11:00:00,101.61516951214206,96.34935454545456,0.18,0.1,0.1,-250.0,-0.0,-0.0,0.0,5.2658149666875005,0.9478466940037501,0.0,-0.9478466940037501
2020-02-28 12:00:00,98.94514216305112,99.08607692307692,0.18,0.1,0.1,-250.0,-0.0,-0.0,0.0,-0.1409347600258002,0.0,0.0,-0.0
2020-02-28 13:00:00,98.39277431644128,88.887925,0.18,0.1,0.1,0.0,0.0,0.0,-0.0,9.50484931644128,1.7108728769594304,0.0,-1.7108728769594304
2020-02-28 14:00:00,125.14300053481053,74.09613181818182,0.18,0.1,0.575,250.0,250.0,250.0,0.0,301.0468687166287,54.188436368993166,9.5,-63.688436368993166
2020-02-28 15:00:00,115.39983443952886,58.042096923076926,0.18,0.575,0.31184210526315786,-125.0,-125.0,0.0,125.0,-67.64226248354807,0.0,5.263157894736842,-5.263157894736842
2020-02-28 16:00:00,97.02768475711177,25.493858333333332,0.32,0.31184210526315786,0.7868421052631578,250.0,250.0,250.0,0.0,321.53382642377846,102.8908244556091,9.499999999999998,-112.3908244556091
2020-02-28 17:00:00,89.838561179217,4.754950845369584,0.32,0.7868421052631578,0.5236842105263158,-125.0,-125.0,0.0,125.0,-39.91638966615258,0.0,5.263157894736841,-5.263157894736841
2020-02-28 18:00:00,86.02982599062686,0.011804457225017974,0.32,0.5236842105263158,0.5236842105263158,0.0,0.0,0.0,-0.0,86.01802153340185,27.525766890688594,0.0,-27.525766890688594
2020-02-28 19:00:00,87.87697186086102,0.0,0.32,0.5236842105263158,0.9,250.0,198.0609418282549,198.0609418282549,0.0,285.93791368911593,91.5001323805171,7.526315789473685,-99.02644816999079
2020-02-28 20:00:00,87.67523822413997,0.0,0.32,0.9,0.6368421052631579,-125.0,-125.0,0.0,125.0,-37.324761775860026,0.0,5.2631578947368425,-5.2631578947368425
2020-02-28 21:00:00,81.6465275231229,0.0,0.32,0.6368421052631579,0.3736842105263158,-125.0,-125.0,0.0,125.0,-43.3534724768771,0.0,5.263157894736842,-5.263157894736842
2020-02-28 22:00:00,82.18903229020587,0.0,0.1,0.3736842105263158,0.10000000000000003,-250.0,-129.99999999999997,0.0,129.99999999999997,-47.8109677097941,0.0,5.473684210526315,-5.473684210526315
2020-02-28 23:00:00,82.64613780759542,0.0,0.1,0.10000000000000003,0.3375,125.0,125.0,125.0,0.0,207.64613780759544,20.764613780759547,4.75,-25.514613780759547
