time,load_kwh,pv_kwh,price,soc_current,soc_next,requested_command_kw,command_kw,charge_kw,discharge_kw,grid_import_kwh,electricity_cost,degradation_cost,reward
2019-11-11 04:00:00,74.559530249183,0.0,0.1,0.5,0.6,52.631578947368425,52.631578947368425,52.631578947368425,0.0,127.19110919655142,12.719110919655144,1.9999999999999996,-14.719110919655144
2019-11-11 05:00:00,75.1790098541809,0.0,0.1,0.6,0.7,52.631578947368425,52.631578947368425,52.631578947368425,0.0,127.81058880154933,12.781058880154934,1.9999999999999996,-14.781058880154934
2019-11-11 06:00:00,76.83969087446215,0.8513291636712196,0.1,0.7,0.7,0.0,0.0,0.0,-0.0,75.98836171079093,7.598836171079093,0.0,-7.598836171079093
2019-11-11 07:00:00,83.34081900369799,24.375944444444443,0.18,0.7,0.6,-47.5,-47.5,0.0,47.5,11.464874559253545,2.063677420665638,1.9999999999999996,-4.063677420665638
2019-11-11 08:00:00,79.04499479646377,52.36814696969696,0.18,0.6,0.5,-47.5,-47.5,0.0,47.5,-20.82315217323319,0.0,1.9999999999999996,-1.9999999999999996
2019-11-11 09:00:00,84.77046467166511,79.22326923076922,0.18,0.5,0.4,-47.5,-47.5,0.0,47.5,-41.95280455910411,0.0,1.9999999999999996,-1.9999999999999996
2019-11-11 10:00:00,94.50340332532171,90.12807708333334,0.18,0.4,0.30000000000000004,-47.5,-47.5,0.0,47.5,-43.124673758011625,0.0,1.9999999999999996,-1.9999999999999996
2019-11-11 11:00:00,95.00357625464129,81.04171590909091,0.18,0.30000000000000004,0.20000000000000004,-47.5,-47.5,0.0,47.5,-33.53813965444962,0.0,2.0,-2.0
2019-11-11 12:00:00,89.3053698826706,76.2750423076923,0.18,0.20000000000000004,0.10000000000000003,-47.5,-47.5,0.0,47.5,-34.4696724250217,0.0,2.0,-2.0
2019-11-11 13:00:00,84.75907453428992,57.53093611111111,0.18,0.10000000000000003,0.1,-1.3183898417423734e-14,-1.3183898417423734e-14,0.0,1.3183898417423734e-14,27.228138423178798,4.901064916172183,5.551115123125783e-16,-4.901064916172184
2019-11-11 14:00:00,81.7314834843874,44.88780606060606,0.18,0.1,0.1,0.0,0.0,0.0,-0.0,36.84367742378134,6.63186193628064,0.0,-6.63186193628064
2019-11-11 15:00:00,79.89865589566918,23.790312564102564,0.18,0.1,0.2,52.631578947368425,52.631578947368425,52.631578947368425,0.0,108.73992227893504,19.573186010208307,2.0,-21.573186010208307
2019-11-11 16:00:00,79.00864308229974,5.219202762201454,0.32,0.2,0.30000000000000004,52.631578947368425,52.631578947368425,52.631578947368425,0.0,126.42101926746672,40.45472616558935,2.000000000000001,-42.45472616558935
2019-11-11 17:00:00,78.6046927723206,0.0,0.32,0.30000000000000004,0.20000000000000004,-47.5,-47.5,0.0,47.5,31.104692772320604,9.953501687142593,2.0,-11.953501687142593
2019-11-11 18:00:00,80.71624675533228,0.0,0.32,0.20000000000000004,0.10000000000000003,-47.5,-47.5,0.0,47.5,33.21624675533228,10.62919896170633,2.0,-12.62919896170633
2019-11-11 19:00:00,79.5755961464227,0.0,0.32,0.10000000000000003,0.1,-1.3183898417423734e-14,-1.3183898417423734e-14,0.0,1.3183898417423734e-14,79.57559614642268,25.46419076685526,5.551115123125783e-16,-25.46419076685526
2019-11-11 20:00:00,78.87454168707478,0.0,0.32,0.1,0.1,-0.0,-0.0,-0.0,0.0,78.87454168707478,25.23985333986393,0.0,-25.23985333986393
2019-11-11 21:00:00,77.61231979043929,0.0,0.32,0.1,0.1,0.0,0.0,0.0,-0.0,77.61231979043929,24.835942332940572,0.0,-24.835942332940572
2019-11-11 22:00:00,77.93055816295755,0.0,0.1,0.1,0.1,0.0,0.0,0.0,-0.0,77.93055816295755,7.793055816295755,0.0,-7.793055816295755
2019-11-11 23:00:00,77.3422136705679,0.0,0.1,0.1,0.1,-0.0,-0.0,-0.0,0.0,77.3422136705679,7.73422136705679,0.0,-7.73422136705679
2019-11-12 00:00:00,77.2113114533674,0.0,0.1,0.1,0.2,52.631578947368425,52.631578947368425,52.631578947368425,0.0,129.84289040073583,12.984289040073584,2.0,-14.984289040073584
2019-11-12 01:00:00,75.61428029516918,0.0,0.1,0.2,0.1,-47.5,-47.5,0.0,47.5,28.11428029516918,2.811428029516918,2.0,-4.811428029516918
2019-11-12 02:00:00,77.09460127203549,0.0,0.1,0.1,0.1,-0.0,-0.0,-0.0,0.0,77.09460127203549,7.709460127203549,0.0,-7.709460127203549
2019-11-12 03:00:00,76.72317306551489,0.0,0.1,0.1,0.1,-0.0,-0.0,-0.0,0.0,76.72317306551489,7.672317306551489,0.0,-7.672317306551489
2019-11-12 04:00:00,76.63961570012451,0.0,0.1,0.1,0.1,0.0,0.0,0.0,-0.0,76.63961570012451,7.663961570012451,0.0,-7.663961570012451
2019-11-12 05:00:00,76.53417471383986,0.0,0.1,0.1,0.1,0.0,0.0,0.0,-0.0,76.53417471383986,7.653417471383986,0.0,-7.653417471383986
2019-11-12 06:00:00,76.43525957070948,0.6745580397795349,0.1,0.1,0.1,0.0,0.0,0.0,-0.0,75.76070153092994,7.576070153092994,0.0,-7.576070153092994
2019-11-12 07:00:00,81.48677798308238,22.06728111111111,0.18,0.1,0.1,-0.0,-0.0,-0.0,0.0,59.41949687197126,10.695509436954827,0.0,-10.695509436954827
2019-11-12 08:00:00,86.59237279635643,51.68672272727272,0.18,0.1,0.1,0.0,0.0,0.0,-0.0,34.905650069083705,6.283017012435066,0.0,-6.283017012435066
2019-11-12 09:00:00,89.39109422492994,63.698838461538465,0.18,0.1,0.1,0.0,0.0,0.0,-0.0,25.69225576339148,4.624606037410466,0.0,-4.624606037410466
2019-11-12 10:00:00,90.87536416165487,70.7670625,0.18,0.1,0.1,-0.0,-0.0,-0.0,0.0,20.108301661654878,3.619494299097878,0.0,-3.619494299097878
2019-11-12 11:00:00,98.52989272722947,83.68757575757576,0.18,0.1,0.1,-0.0,-0.0,-0.0,0.0,14.842316969653709,2.6716170545376676,0.0,-2.6716170545376676
2019-11-12 12:00:00,95.32242833193033,63.002935897435904,0.18,0.1,0.2,52.631578947368425,52.631578947368425,52.631578947368425,0.0,84.95107138186285,15.291192848735312,2.0,-17.291192848735314
2019-11-12 13:00:00,98.12791512804024,72.56424722222222,0.18,0.2,0.1,-47.5,-47.5,0.0,47.5,-21.936332094181978,0.0,2.0,-2.0
2019-11-12 14:00:00,94.23969241587245,40.88270166666666,0.18,0.1,0.1,0.0,0.0,0.0,-0.0,53.35699074920579,9.604258334857041,0.0,-9.604258334857041
2019-11-12 15:00:00,99.5822038911572,27.29310923076923,0.18,0.1,0.1,-0.0,-0.0,-0.0,0.0,72.28909466038797,13.012037038869835,0.0,-13.012037038869835
2019-11-12 16:00:00,93.0428436395298,5.3354891796469355,0.32,0.1,0.1,-0.0,-0.0,-0.0,0.0,87.70735445988286,28.066353427162518,0.0,-28.066353427162518
2019-11-12 17:00:00,87.60395960281163,0.0,0.32,0.1,0.2,52.631578947368425,52.631578947368425,52.631578947368425,0.0,140.23553855018005,44.875372336057616,2.0,-46.875372336057616
2019-11-12 18:00:00,86.17016792371616,0.0,0.32,0.2,0.1,-47.5,-47.5,0.0,47.5,38.670167923716164,12.374453735589173,2.0,-14.374453735589173
2019-11-12 19:00:00,83.70825610881617,0.0,0.32,0.1,0.1,-0.0,-0.0,-0.0,0.0,83.70825610881617,26.786641954821174,0.0,-26.786641954821174
2019-11-12 20:00:00,85.4287145386566,0.0,0.32,0.1,0.1,0.0,0.0,0.0,-0.0,85.4287145386566,27.337188652370116,0.0,-27.337188652370116
2019-11-12 21:00:00,82.28122746933671,0.0,0.32,0.1,0.1,-0.0,-0.0,-0.0,0.0,82.28122746933671,26.32999279018775,0.0,-26.32999279018775
2019-11-12 22:00:00,81.9962633002465,0.0,0.1,0.1,0.1,0.0,0.0,0.0,-0.0,81.9962633002465,8.19962633002465,0.0,-8.19962633002465
2019-11-12 23:00:00,77.51591494877404,0.0,0.1,0.1,0.2,52.631578947368425,52.631578947368425,52.631578947368425,0.0,130.14749389614246,13.014749389614247,2.0,-15.014749389614247
2019-11-13 00:00:00,77.94855103265621,0.0,0.1,0.2,0.1,-47.5,-47.5,0.0,47.5,30.448551032656212,3.0448551032656215,2.0,-5.044855103265622
2019-11-13 01:00:00,79.31709149308537,0.0,0.1,0.1,0.1,-0.0,-0.0,-0.0,0.0,79.31709149308537,7.931709149308538,0.0,-7.931709149308538
2019-11-13 02:00:00,79.94213364374279,0.0,0.1,0.1,0.1,-0.0,-0.0,-0.0,0.0,79.94213364374279,7.994213364374279,0.0,-7.994213364374279
2019-11-13 03:00:00,77.36651271287383,0.0,0.1,0.1,0.1,-0.0,-0.0,-0.0,0.0,77.36651271287383,7.736651271287383,0.0,-7.736651271287383
2019-11-13 04:00:00,78.06430430019317,0.0,0.1,0.1,0.1,0.0,0.0,0.0,-0.0,78.06430430019317,7.806430430019318,0.0,-7.806430430019318
2019-11-13 05:00:00,78.35526963769115,0.0,0.1,0.1,0.1,0.0,0.0,0.0,-0.0,78.35526963769115,7.835526963769116,0.0,-7.835526963769116
2019-11-13 06:00:00,84.2687184663732,0.47479535106637916,0.1,0.1,0.1,0.0,0.0,0.0,-0.0,83.79392311530682,8.379392311530683,0.0,-8.379392311530683
2019-11-13 07:00:00,87.70679103070377,12.140319374999999,0.18,0.1,0.1,-0.0,-0.0,-0.0,0.0,75.56647165570377,13.601964898026678,0.0,-13.601964898026678
2019-11-13 08:00:00,86.84218978351299,42.122730909090905,0.18,0.1,0.1,0.0,0.0,0.0,-0.0,44.71945887442209,8.049502597395975,0.0,-8.049502597395975
2019-11-13 09:00:00,90.35098467883482,68.54232051282051,0.18,0.1,0.1,0.0,0.0,0.0,-0.0,21.80866416601431,3.9255595498825757,0.0,-3.9255595498825757
2019-11-13 10:00:00,92.10416013618853,84.510725,0.18,0.1,0.1,-0.0,-0.0,-0.0,0.0,7.593435136188532,1.3668183245139356,0.0,-1.3668183245139356
2019-11-13 11:00:00,95.48965344642926,95.23302272727273,0.18,0.1,0.1,-0.0,-0.0,-0.0,0.0,0.2566307191565329,0.046193529448175924,0.0,-0.046193529448175924
2019-11-13 12:00:00,92.53295975514226,59.53386871794872,0.18,0.1,0.2,52.631578947368425,52.631578947368425,52.631578947368425,0.0,85.63066998456196,15.413520597221153,2.0,-17.41352059722115
2019-11-13 13:00:00,92.91785375068098,48.21968111111111,0.18,0.2,0.1,-47.5,-47.5,0.0,47.5,-2.8018273604301314,0.0,2.0,-2.0
2019-11-13 14:00:00,90.26656696953438,39.98755727272727,0.18,0.1,0.1,-0.0,-0.0,-0.0,0.0,50.27900969680711,9.05022174542528,0.0,-9.05022174542528
2019-11-13 15:00:00,87.00989514441633,20.318015833333334,0.18,0.1,0.1,-0.0,-0.0,-0.0,0.0,66.691879311083,12.004538275994939,0.0,-12.004538275994939
2019-11-13 16:00:00,87.83403216840627,3.483370678219108,0.32,0.1,0.1,-0.0,-0.0,-0.0,0.0,84.35066149018716,26.992211676859892,0.0,-26.992211676859892
2019-11-13 17:00:00,88.44344401459426,0.0,0.32,0.1,0.2,52.631578947368425,52.631578947368425,52.631578947368425,0.0,141.0750229619627,45.144007347828065,2.0,-47.144007347828065
2019-11-13 18:00:00,89.89444150428363,0.0,0.32,0.2,0.1,-47.5,-47.5,0.0,47.5,42.394441504283634,13.566221281370764,2.0,-15.566221281370764
2019-11-13 19:00:00,88.19819331085212,0.0,0.32,0.1,0.1,-0.0,-0.0,-0.0,0.0,88.19819331085212,28.22342185947268,0.0,-28.22342185947268
2019-11-13 20:00:00,85.78291096668913,0.0,0.32,0.1,0.1,0.0,0.0,0.0,-0.0,85.78291096668913,27.45053150934052,0.0,-27.45053150934052
2019-11-13 21:00:00,81.65723892430756,0.0,0.32,0.1,0.1,-0.0,-0.0,-0.0,0.0,81.65723892430756,26.13031645577842,0.0,-26.13031645577842
2019-11-13 22:00:00,82.65326466680108,0.0,0.1,0.1,0.1,0.0,0.0,0.0,-0.0,82.65326466680108,8.265326466680108,0.0,-8.265326466680108
2019-11-13 23:00:00,80.88155817559428,0.0,0.1,0.1,0.2,52.631578947368425,52.631578947368425,52.631578947368425,0.0,133.5131371229627,13.35131371229627,2.0,-15.35131371229627
2019-11-14 00:00:00,81.32587506733464,0.0,0.1,0.2,0.30000000000000004,52.631578947368425,52.631578947368425,52.631578947368425,0.0,133.95745401470305,13.395745401470306,2.000000000000001,-15.395745401470307
2019-11-14 01:00:00,78.78744771551865,0.0,0.1,0.30000000000000004,0.4,52.631578947368425,52.631578947368425,52.631578947368425,0.0,131.41902666288706,13.141902666288708,1.9999999999999996,-15.141902666288708
2019-11-14 02:00:00,81.62785895352341,0.0,0.1,0.4,0.30000000000000004,-47.5,-47.5,0.0,47.5,34.127858953523415,3.4127858953523416,1.9999999999999996,-5.412785895352341
2019-11-14 03:00:00,82.74818418803419,0.0,0.1,0.30000000000000004,0.4,52.631578947368425,52.631578947368425,52.631578947368425,0.0,135.3797631354026,13.537976313540263,1.9999999999999996,-15.537976313540263
2019-11-14 04:00:00,81.94653785980101,0.0,0.1,0.4,0.4,0.0,0.0,0.0,-0.0,81.94653785980101,8.194653785980101,0.0,-8.194653785980101
2019-11-14 05:00:00,79.51143352171448,0.0,0.1,0.4,0.30000000000000004,-47.5,-47.5,0.0,47.5,32.01143352171448,3.201143352171448,1.9999999999999996,-5.201143352171448
2019-11-14 06:00:00,84.99646453832544,0.37716923076923076,0.1,0.30000000000000004,0.30000000000000004,0.0,0.0,0.0,-0.0,84.61929530755621,8.461929530755622,0.0,-8.461929530755622
2019-11-14 07:00:00,87.41534823884298,9.132399444444445,0.18,0.30000000000000004,0.30000000000000004,0.0,0.0,0.0,-0.0,78.28294879439854,14.090930782991736,0.0,-14.090930782991736
2019-11-14 08:00:00,90.74477078058288,52.01779666666667,0.18,0.30000000000000004,0.20000000000000004,-47.5,-47.5,0.0,47.5,-8.773025886083786,0.0,2.0,-2.0
2019-11-14 09:00:00,97.56666607286087,77.99791282051282,0.18,0.20000000000000004,0.10000000000000003,-47.5,-47.5,0.0,47.5,-27.931246747651954,0.0,2.0,-2.0
2019-11-14 10:00:00,103.22399362062212,90.15320833333334,0.18,0.10000000000000003,0.1,-1.3183898417423734e-14,-1.3183898417423734e-14,0.0,1.3183898417423734e-14,13.070785287288773,2.352741351711979,5.551115123125783e-16,-2.3527413517119795
2019-11-14 11:00:00,101.25158261653934,93.56169545454546,0.18,0.1,0.1,-0.0,-0.0,-0.0,0.0,7.68988716199388,1.3841796891588984,0.0,-1.3841796891588984
2019-11-14 12:00:00,98.81735996948717,80.89243307692308,0.18,0.1,0.2,52.631578947368425,52.631578947368425,52.631578947368425,0.0,70.55650583993251,12.700171051187851,2.0,-14.700171051187851
2019-11-14 13:00:00,91.80125188289958,66.43029090909091,0.18,0.2,0.1,-47.5,-47.5,0.0,47.5,-22.129039026191336,0.0,2.0,-2.0
2019-11-14 14:00:00,94.19263459811727,46.956608787878785,0.18,0.1,0.1,-0.0,-0.0,-0.0,0.0,47.23602581023848,8.502484645842927,0.0,-8.502484645842927
2019-11-14 15:00:00,87.49240674869523,20.683118846153846,0.18,0.1,0.1,-0.0,-0.0,-0.0,0.0,66.80928790254139,12.025671822457449,0.0,-12.025671822457449
2019-11-14 16:00:00,82.91928823147775,6.487640617860852,0.32,0.1,0.1,-0.0,-0.0,-0.0,0.0,76.4316476136169,24.45812723635741,0.0,-24.45812723635741
2019-11-14 17:00:00,80.40728491259323,0.0,0.32,0.1,0.2,52.631578947368425,52.631578947368425,52.631578947368425,0.0,133.03886385996165,42.57243643518773,2.0,-44.57243643518773
2019-11-14 18:00:00,80.26516463149908,0.0,0.32,0.2,0.1,-47.5,-47.5,0.0,47.5,32.765164631499076,10.484852682079705,2.0,-12.484852682079705
2019-11-14 19:00:00,83.07649527629128,0.0,0.32,0.1,0.1,-0.0,-0.0,-0.0,0.0,83.07649527629128,26.58447848841321,0.0,-26.58447848841321
2019-11-14 20:00:00,83.31713309525117,0.0,0.32,0.1,0.1,0.0,0.0,0.0,-0.0,83.31713309525117,26.661482590480375,0.0,-26.661482590480375
2019-11-14 21:00:00,77.99046565761412,0.0,0.32,0.1,0.1,-0.0,-0.0,-0.0,0.0,77.99046565761412,24.95694901043652,0.0,-24.95694901043652
2019-11-14 22:00:00,75.85573985645426,0.0,0.1,0.1,0.1,0.0,0.0,0.0,-0.0,75.85573985645426,7.585573985645427,0.0,-7.585573985645427
2019-11-14 23:00:00,73.9878244711592,0.0,0.1,0.1,0.1,-0.0,-0.0,-0.0,0.0,73.9878244711592,7.39878244711592,0.0,-7.39878244711592
2019-11-15 00:00:00,74.40288416021886,0.0,0.1,0.1,0.2,52.631578947368425,52.631578947368425,52.631578947368425,0.0,127.03446310758729,12.703446310758729,2.0,-14.703446310758729
2019-11-15 01:00:00,75.27129716202943,0.0,0.1,0.2,0.1,-47.5,-47.5,0.0,47.5,27.771297162029427,2.7771297162029427,2.0,-4.777129716202943
2019-11-15 02:00:00,75.50706670526453,0.0,0.1,0.1,0.1,-0.0,-0.0,-0.0,0.0,75.50706670526453,7.550706670526454,0.0,-7.550706670526454
2019-11-15 03:00:00,73.30556568768552,0.0,0.1,0.1,0.1,-0.0,-0.0,-0.0,0.0,73.30556568768552,7.330556568768552,0.0,-7.330556568768552
2019-11-15 04:00:00,73.07865367426001,0.0,0.1,0.1,0.2,52.631578947368425,52.631578947368425,52.631578947368425,0.0,125.71023262162844,12.571023262162845,2.0,-14.571023262162845
2019-11-15 05:00:00,72.96410121566758,0.0,0.1,0.2,0.1,-47.5,-47.5,0.0,47.5,25.464101215667583,2.5464101215667583,2.0,-4.546410121566758
2019-11-15 06:00:00,75.59898425173263,0.25234251138269825,0.1,0.1,0.1,0.0,0.0,0.0,-0.0,75.34664174034994,7.534664174034994,0.0,-7.534664174034994
2019-11-15 07:00:00,85.29834276502082,24.275444444444446,0.18,0.1,0.1,-0.0,-0.0,-0.0,0.0,61.022898320576374,10.984121697703747,0.0,-10.984121697703747
2019-11-15 08:00:00,86.02194335545491,47.37386060606061,0.18,0.1,0.1,0.0,0.0,0.0,-0.0,38.6480827493943,6.956654894890973,0.0,-6.956654894890973
2019-11-15 09:00:00,93.04584100028296,75.76326666666667,0.18,0.1,0.1,0.0,0.0,0.0,-0.0,17.282574333616296,3.110863380050933,0.0,-3.110863380050933
2019-11-15 10:00:00,95.0366538007526,91.88602083333332,0.18,0.1,0.1,-0.0,-0.0,-0.0,0.0,3.150632967419284,0.5671139341354711,0.0,-0.5671139341354711
2019-11-15 11:00:00,96.08660353892802,96.2101015151515,0.18,0.1,0.1,-0.0,-0.0,-0.0,0.0,-0.12349797622349001,0.0,0.0,-0.0
2019-11-15 12:00:00,94.15058260025837,91.71217307692307,0.18,0.1,0.2,52.631578947368425,52.631578947368425,52.631578947368425,0.0,55.069988470703734,9.912597924726672,2.0,-11.912597924726672
2019-11-15 13:00:00,97.11035494676207,77.45240833333334,0.18,0.2,0.1,-47.5,-47.5,0.0,47.5,-27.842053386571266,0.0,2.0,-2.0
2019-11-15 14:00:00,93.04393960169168,55.541003030303024,0.18,0.1,0.1,0.0,0.0,0.0,-0.0,37.50293657138865,6.750528582849957,0.0,-6.750528582849957
2019-11-15 15:00:00,92.08964183355032,27.162114999999996,0.18,0.1,0.1,-0.0,-0.0,-0.0,0.0,64.92752683355032,11.686954830039056,0.0,-11.686954830039056
2019-11-15 16:00:00,85.81293476834658,4.387898456645898,0.32,0.1,0.1,-0.0,-0.0,-0.0,0.0,81.42503631170068,26.05601161974422,0.0,-26.05601161974422
2019-11-15 17:00:00,86.08349163891714,0.0,0.32,0.1,0.2,52.631578947368425,52.631578947368425,52.631578947368425,0.0,138.71507058628555,44.38882258761138,2.0,-46.38882258761138
2019-11-15 18:00:00,86.73117675401194,0.0,0.32,0.2,0.1,-47.5,-47.5,0.0,47.5,39.23117675401194,12.553976561283822,2.0,-14.553976561283822
2019-11-15 19:00:00,86.12843003601101,0.0,0.32,0.1,0.1,-0.0,-0.0,-0.0,0.0,86.12843003601101,27.561097611523525,0.0,-27.561097611523525
2019-11-15 20:00:00,87.61842539760549,0.0,0.32,0.1,0.1,0.0,0.0,0.0,-0.0,87.61842539760549,28.037896127233758,0.0,-28.037896127233758
2019-11-15 21:00:00,81.7825231483892,0.0,0.32,0.1,0.1,-0.0,-0.0,-0.0,0.0,81.7825231483892,26.170407407484547,0.0,-26.170407407484547
2019-11-15 22:00:00,78.12858900272944,0.0,0.1,0.1,0.1,0.0,0.0,0.0,-0.0,78.12858900272944,7.8128589002729445,0.0,-7.8128589002729445
2019-11-15 23:00:00,77.26059422551849,0.0,0.1,0.1,0.1,-0.0,-0.0,-0.0,0.0,77.26059422551849,7.726059422551849,0.0,-7.726059422551849
2019-11-16 00:00:00,75.73665496124681,0.0,0.12,0.1,0.1,-0.0,-0.0,-0.0,0.0,75.73665496124681,9.088398595349616,0.0,-9.088398595349616
2019-11-16 01:00:00,74.85252141238529,0.0,0.12,0.1,0.1,0.0,0.0,0.0,-0.0,74.85252141238529,8.982302569486235,0.0,-8.982302569486235
2019-11-16 02:00:00,75.79177326209816,0.0,0.12,0.1,0.2,52.631578947368425,52.631578947368425,52.631578947368425,0.0,128.4233522094666,15.410802265135992,2.0,-17.41080226513599
2019-11-16 03:00:00,78.5713255598772,0.0,0.12,0.2,0.2,0.0,0.0,0.0,-0.0,78.5713255598772,9.428559067185263,0.0,-9.428559067185263
2019-11-16 04:00:00,77.29046551195746,0.0,0.12,0.2,0.1,-47.5,-47.5,0.0,47.5,29.790465511957464,3.5748558614348958,2.0,-5.574855861434896
2019-11-16 05:00:00,74.71136921442039,0.0,0.12,0.1,0.2,52.631578947368425,52.631578947368425,52.631578947368425,0.0,127.34294816178881,15.281153779414657,2.0,-17.28115377941466
2019-11-16 06:00:00,75.95738488567862,0.3346692547328062,0.12,0.2,0.30000000000000004,52.631578947368425,52.631578947368425,52.631578947368425,0.0,128.25429457831424,15.39051534939771,2.000000000000001,-17.39051534939771
2019-11-16 07:00:00,75.81053057563956,14.490448611111113,0.12,0.30000000000000004,0.20000000000000004,-47.5,-47.5,0.0,47.5,13.820081964528448,1.6584098357434138,2.0,-3.658409835743414
2019-11-16 08:00:00,83.68217735839907,54.550940909090905,0.12,0.20000000000000004,0.10000000000000003,-47.5,-47.5,0.0,47.5,-18.36876355069183,0.0,2.0,-2.0
2019-11-16 09:00:00,85.77754759772053,78.27656442307692,0.12,0.10000000000000003,0.1,-1.3183898417423734e-14,-1.3183898417423734e-14,0.0,1.3183898417423734e-14,7.500983174643594,0.9001179809572313,5.551115123125783e-16,-0.9001179809572318
2019-11-16 10:00:00,90.45326217467134,93.3473861111111,0.12,0.1,0.1,-0.0,-0.0,-0.0,0.0,-2.894123936439769,0.0,0.0,-0.0
2019-11-16 11:00:00,91.54132337294696,98.47514848484848,0.12,0.1,0.2,52.631578947368425,52.631578947368425,52.631578947368425,0.0,45.69775383546691,5.483730460256029,2.0,-7.483730460256029
2019-11-16 12:00:00,92.61178004665814,93.27504615384616,0.12,0.2,0.2,0.0,0.0,0.0,-0.0,-0.6632661071880221,0.0,0.0,-0.0
2019-11-16 13:00:00,88.0382487286448,73.4151611111111,0.12,0.2,0.2,0.0,0.0,0.0,-0.0,14.623087617533699,1.7547705141040437,0.0,-1.7547705141040437
2019-11-16 14:00:00,87.23630305100023,46.82815090909091,0.12,0.2,0.30000000000000004,52.631578947368425,52.631578947368425,52.631578947368425,0.0,93.03973108927775,11.16476773071333,2.000000000000001,-13.16476773071333
2019-11-16 15:00:00,81.50902736569562,18.412868461538462,0.12,0.30000000000000004,0.4,52.631578947368425,52.631578947368425,52.631578947368425,0.0,115.72773785152557,13.887328542183068,1.9999999999999996,-15.887328542183068
2019-11-16 16:00:00,80.16329991275629,4.495949017393563,0.12,0.4,0.4,0.0,0.0,0.0,-0.0,75.66735089536273,9.080082107443527,0.0,-9.080082107443527
2019-11-16 17:00:00,78.6457407437818,0.01860096290002832,0.12,0.4,0.4,0.0,0.0,0.0,-0.0,78.62713978088178,9.435256773705813,0.0,-9.435256773705813
2019-11-16 18:00:00,78.76926137991147,0.0,0.12,0.4,0.30000000000000004,-47.5,-47.5,0.0,47.5,31.26926137991147,3.7523113655893763,1.9999999999999996,-5.752311365589376
2019-11-16 19:00:00,80.62075004550563,0.0,0.12,0.30000000000000004,0.30000000000000004,0.0,0.0,0.0,-0.0,80.62075004550563,9.674490005460676,0.0,-9.674490005460676
2019-11-16 20:00:00,79.2869370665146,0.0,0.12,0.30000000000000004,0.4,52.631578947368425,52.631578947368425,52.631578947368425,0.0,131.91851601388302,15.830221921665961,1.9999999999999996,-17.83022192166596
2019-11-16 21:00:00,80.59676825236455,0.0,0.12,0.4,0.4,0.0,0.0,0.0,-0.0,80.59676825236455,9.671612190283746,0.0,-9.671612190283746
2019-11-16 22:00:00,79.99378005533872,0.0,0.12,0.4,0.4,0.0,0.0,0.0,-0.0,79.99378005533872,9.599253606640646,0.0,-9.599253606640646
2019-11-16 23:00:00,77.73115001692605,0.0,0.12,0.4,0.30000000000000004,-47.5,-47.5,0.0,47.5,30.23115001692605,3.627738002031126,1.9999999999999996,-5.627738002031125
2019-11-17 00:00:00,78.02317893120727,0.0,0.12,0.30000000000000004,0.30000000000000004,0.0,0.0,0.0,-0.0,78.02317893120727,9.362781471744873,0.0,-9.362781471744873
2019-11-17 01:00:00,78.60205043957323,0.0,0.12,0.30000000000000004,0.4,52.631578947368425,52.631578947368425,52.631578947368425,0.0,131.23362938694166,15.748035526432998,1.9999999999999996,-17.748035526432997
2019-11-17 02:00:00,76.69393289942678,0.0,0.12,0.4,0.4,0.0,0.0,0.0,-0.0,76.69393289942678,9.203271947931214,0.0,-9.203271947931214
2019-11-17 03:00:00,75.93429241090742,0.0,0.12,0.4,0.30000000000000004,-47.5,-47.5,0.0,47.5,28.434292410907418,3.41211508930889,1.9999999999999996,-5.412115089308889
2019-11-17 04:00:00,78.27508282617387,0.0,0.12,0.30000000000000004,0.20000000000000004,-47.5,-47.5,0.0,47.5,30.775082826173872,3.6930099391408646,2.0,-5.693009939140865
2019-11-17 05:00:00,77.39145711220303,0.0,0.12,0.20000000000000004,0.10000000000000003,-47.5,-47.5,0.0,47.5,29.891457112203028,3.5869748534643633,2.0,-5.586974853464364
2019-11-17 06:00:00,77.54540889516284,0.3032467768991134,0.12,0.10000000000000003,0.10000000000000003,0.0,0.0,0.0,-0.0,77.24216211826372,9.269059454191646,0.0,-9.269059454191646
2019-11-17 07:00:00,76.40973482307949,16.774135277777777,0.12,0.10000000000000003,0.1,-1.3183898417423734e-14,-1.3183898417423734e-14,0.0,1.3183898417423734e-14,59.6355995453017,7.156271945436204,5.551115123125783e-16,-7.156271945436205
2019-11-17 08:00:00,79.24954902802764,49.705600000000004,0.12,0.1,0.1,0.0,0.0,0.0,-0.0,29.54394902802764,3.5452738833633166,0.0,-3.5452738833633166
2019-11-17 09:00:00,84.68197787627918,74.73883461538462,0.12,0.1,0.1,-0.0,-0.0,-0.0,0.0,9.943143260894558,1.193177191307347,0.0,-1.193177191307347
2019-11-17 10:00:00,87.21880450702575,89.925525,0.12,0.1,0.1,-0.0,-0.0,-0.0,0.0,-2.7067204929742417,0.0,0.0,-0.0
2019-11-17 11:00:00,85.73952001108016,94.28544545454544,0.12,0.1,0.2,52.631578947368425,52.631578947368425,52.631578947368425,0.0,44.085653503903146,5.290278420468377,2.0,-7.290278420468377
2019-11-17 12:00:00,86.00911496081466,90.73013846153846,0.12,0.2,0.2,0.0,0.0,0.0,-0.0,-4.721023500723803,0.0,0.0,-0.0
2019-11-17 13:00:00,85.7324939419813,76.53304166666668,0.12,0.2,0.2,0.0,0.0,0.0,-0.0,9.199452275314627,1.1039342730377553,0.0,-1.1039342730377553
2019-11-17 14:00:00,84.0248403239196,55.443060606060605,0.12,0.2,0.30000000000000004,52.631578947368425,52.631578947368425,52.631578947368425,0.0,81.21335866522742,9.745603039827289,2.000000000000001,-11.74560303982729
2019-11-17 15:00:00,79.72542236999756,26.873382564102563,0.12,0.30000000000000004,0.4,52.631578947368425,52.631578947368425,52.631578947368425,0.0,105.48361875326341,12.658034250391609,1.9999999999999996,-14.658034250391609
2019-11-17 16:00:00,79.25445126272105,4.012455417964694,0.12,0.4,0.4,0.0,0.0,0.0,-0.0,75.24199584475636,9.029039501370763,0.0,-9.029039501370763
2019-11-17 17:00:00,80.18670068566584,0.0,0.12,0.4,0.4,0.0,0.0,0.0,-0.0,80.18670068566584,9.6224040822799,0.0,-9.6224040822799
2019-11-17 18:00:00,78.0992434812363,0.0,0.12,0.4,0.30000000000000004,-47.5,-47.5,0.0,47.5,30.5992434812363,3.6719092177483557,1.9999999999999996,-5.671909217748356
2019-11-17 19:00:00,81.75885504244796,0.0,0.12,0.30000000000000004,0.30000000000000004,0.0,0.0,0.0,-0.0,81.75885504244796,9.811062605093754,0.0,-9.811062605093754
2019-11-17 20:00:00,77.20333820277448,0.0,0.12,0.30000000000000004,0.4,52.631578947368425,52.631578947368425,52.631578947368425,0.0,129.8349171501429,15.580190058017147,1.9999999999999996,-17.580190058017145
2019-11-17 21:00:00,82.2802972242219,0.0,0.12,0.4,0.4,0.0,0.0,0.0,-0.0,82.2802972242219,9.873635666906628,0.0,-9.873635666906628
2019-11-17 22:00:00,79.23636362005617,0.0,0.12,0.4,0.30000000000000004,-47.5,-47.5,0.0,47.5,31.736363620056167,3.80836363440674,1.9999999999999996,-5.8083636344067395
2019-11-17 23:00:00,80.11020492707581,0.0,0.12,0.30000000000000004,0.20000000000000004,-47.5,-47.5,0.0,47.5,32.61020492707581,3.9132245912490973,2.0,-5.913224591249097
2019-11-18 00:00:00,77.78897075000677,0.0,0.1,0.20000000000000004,0.10000000000000003,-47.5,-47.5,0.0,47.5,30.28897075000677,3.028897075000677,2.0,-5.0288970750006765
2019-11-18 01:00:00,77.42964118753558,0.0,0.1,0.10000000000000003,0.1,-1.3183898417423734e-14,-1.3183898417423734e-14,0.0,1.3183898417423734e-14,77.42964118753557,7.742964118753557,5.551115123125783e-16,-7.742964118753558
2019-11-18 02:00:00,79.5777151522198,0.0,0.1,0.1,0.1,-0.0,-0.0,-0.0,0.0,79.5777151522198,7.95777151522198,0.0,-7.95777151522198
2019-11-18 03:00:00,77.92504086500804,0.0,0.1,0.1,0.1,-0.0,-0.0,-0.0,0.0,77.92504086500804,7.792504086500805,0.0,-7.792504086500805
2019-11-18 04:00:00,77.08572409148931,0.0,0.1,0.1,0.2,52.631578947368425,52.631578947368425,52.631578947368425,0.0,129.71730303885772,12.971730303885773,2.0,-14.971730303885773
2019-11-18 05:00:00,77.13523773832225,0.0,0.1,0.2,0.1,-47.5,-47.5,0.0,47.5,29.635237738322246,2.963523773832225,2.0,-4.963523773832225
2019-11-18 06:00:00,83.470549244164,0.4718615384615385,0.1,0.1,0.1,0.0,0.0,0.0,-0.0,82.99868770570247,8.299868770570248,0.0,-8.299868770570248
2019-11-18 07:00:00,85.14885228341626,17.76621611111111,0.18,0.1,0.1,-0.0,-0.0,-0.0,0.0,67.38263617230515,12.128874511014928,0.0,-12.128874511014928
2019-11-18 08:00:00,89.0855831989884,49.832159090909094,0.18,0.1,0.1,0.0,0.0,0.0,-0.0,39.25342410807931,7.065616339454275,0.0,-7.065616339454275
2019-11-18 09:00:00,91.74975845260802,75.26112692307692,0.18,0.1,0.1,-0.0,-0.0,-0.0,0.0,16.488631529531105,2.9679536753155986,0.0,-2.9679536753155986
2019-11-18 10:00:00,96.31656360994492,89.64190416666668,0.18,0.1,0.1,-0.0,-0.0,-0.0,0.0,6.6746594432782445,1.2014386997900839,0.0,-1.2014386997900839
2019-11-18 11:00:00,94.87614355055189,94.31133636363637,0.18,0.1,0.1,-0.0,-0.0,-0.0,0.0,0.564807186915516,0.10166529364479288,0.0,-0.10166529364479288
2019-11-18 12:00:00,98.24531440310653,89.7652858974359,0.18,0.1,0.2,52.631578947368425,52.631578947368425,52.631578947368425,0.0,61.111607453039056,11.00008934154703,2.0,-13.00008934154703
2019-11-18 13:00:00,92.07480976081139,76.2546,0.18,0.2,0.1,-47.5,-47.5,0.0,47.5,-31.679790239188605,0.0,2.0,-2.0
2019-11-18 14:00:00,93.32665389483485,54.576159090909094,0.18,0.1,0.1,0.0,0.0,0.0,-0.0,38.750494803925754,6.975089064706635,0.0,-6.975089064706635
2019-11-18 15:00:00,89.10770957556507,25.90291153846153,0.18,0.1,0.1,-0.0,-0.0,-0.0,0.0,63.20479803710354,11.376863646678636,0.0,-11.376863646678636
2019-11-18 16:00:00,83.98694650417343,4.070061107866044,0.32,0.1,0.1,-0.0,-0.0,-0.0,0.0,79.91688539630739,25.573403326818365,0.0,-25.573403326818365
2019-11-18 17:00:00,82.33577441239937,0.0,0.32,0.1,0.2,52.631578947368425,52.631578947368425,52.631578947368425,0.0,134.9673533597678,43.189553075125694,2.0,-45.189553075125694
2019-11-18 18:00:00,80.8547988227971,0.0,0.32,0.2,0.1,-47.5,-47.5,0.0,47.5,33.35479882279709,10.67353562329507,2.0,-12.67353562329507
2019-11-18 19:00:00,84.93316037672982,0.0,0.32,0.1,0.1,-0.0,-0.0,-0.0,0.0,84.93316037672982,27.178611320553543,0.0,-27.178611320553543
2019-11-18 20:00:00,85.46755760773227,0.0,0.32,0.1,0.1,0.0,0.0,0.0,-0.0,85.46755760773227,27.34961843447433,0.0,-27.34961843447433
2019-11-18 21:00:00,79.37051798942178,0.0,0.32,0.1,0.1,-0.0,-0.0,-0.0,0.0,79.37051798942178,25.39856575661497,0.0,-25.39856575661497
2019-11-18 22:00:00,77.02769261748143,0.0,0.1,0.1,0.1,0.0,0.0,0.0,-0.0,77.02769261748143,7.702769261748144,0.0,-7.702769261748144
2019-11-18 23:00:00,77.8393796227321,0.0,0.1,0.1,0.1,-0.0,-0.0,-0.0,0.0,77.8393796227321,7.78393796227321,0.0,-7.78393796227321
2019-11-19 00:00:00,77.80610544899307,0.0,0.1,0.1,0.2,52.631578947368425,52.631578947368425,52.631578947368425,0.0,130.43768439636148,13.043768439636148,2.0,-15.043768439636148
2019-11-19 01:00:00,78.71542124613033,0.0,0.1,0.2,0.1,-47.5,-47.5,0.0,47.5,31.215421246130333,3.1215421246130335,2.0,-5.1215421246130335
2019-11-19 02:00:00,76.04970494358383,0.0,0.1,0.1,0.1,-0.0,-0.0,-0.0,0.0,76.04970494358383,7.604970494358383,0.0,-7.604970494358383
2019-11-19 03:00:00,77.20957240362124,0.0,0.1,0.1,0.1,-0.0,-0.0,-0.0,0.0,77.20957240362124,7.720957240362124,0.0,-7.720957240362124
2019-11-19 04:00:00,77.09442348103317,0.0,0.1,0.1,0.2,52.631578947368425,52.631578947368425,52.631578947368425,0.0,129.7260024284016,12.972600242840162,2.0,-14.972600242840162
2019-11-19 05:00:00,81.17848423096933,0.0,0.1,0.2,0.1,-47.5,-47.5,0.0,47.5,33.67848423096933,3.3678484230969334,2.0,-5.367848423096934
2019-11-19 06:00:00,78.5014342827464,0.06295710520009587,0.1,0.1,0.1,0.0,0.0,0.0,-0.0,78.4384771775463,7.843847717754631,0.0,-7.843847717754631
2019-11-19 07:00:00,80.6491579442065,17.27519458333333,0.18,0.1,0.1,-0.0,-0.0,-0.0,0.0,63.37396336087316,11.407313404957169,0.0,-11.407313404957169
2019-11-19 08:00:00,85.03451427208843,48.87889545454546,0.18,0.1,0.1,0.0,0.0,0.0,-0.0,36.15561881754297,6.508011387157735,0.0,-6.508011387157735
2019-11-19 09:00:00,90.88733697968698,73.48926666666668,0.18,0.1,0.1,-0.0,-0.0,-0.0,0.0,17.3980703130203,3.1316526563436535,0.0,-3.1316526563436535
2019-11-19 10:00:00,95.41991125784158,87.215125,0.18,0.1,0.1,-0.0,-0.0,-0.0,0.0,8.204786257841576,1.4768615264114837,0.0,-1.4768615264114837
2019-11-19 11:00:00,98.09287215498435,92.47559545454546,0.18,0.1,0.1,-0.0,-0.0,-0.0,0.0,5.617276700438893,1.0111098060790007,0.0,-1.0111098060790007
2019-11-19 12:00:00,103.0526706457751,88.17678846153846,0.18,0.1,0.2,52.631578947368425,52.631578947368425,52.631578947368425,0.0,67.50746113160506,12.15134300368891,2.0,-14.15134300368891
2019-11-19 13:00:00,102.66322809707607,72.90387222222223,0.18,0.2,0.1,-47.5,-47.5,0.0,47.5,-17.74064412514616,0.0,2.0,-2.0
2019-11-19 14:00:00,99.29202345009183,51.99290454545455,0.18,0.1,0.1,-0.0,-0.0,-0.0,0.0,47.29911890463728,8.51384140283471,0.0,-8.51384140283471
2019-11-19 15:00:00,94.84029954931451,24.09385064102564,0.18,0.1,0.1,-0.0,-0.0,-0.0,0.0,70.74644890828887,12.734360803491995,0.0,-12.734360803491995
2019-11-19 16:00:00,88.98618152337211,3.496168124350986,0.32,0.1,0.1,-0.0,-0.0,-0.0,0.0,85.49001339902112,27.35680428768676,0.0,-27.35680428768676
2019-11-19 17:00:00,87.10507368010013,0.0,0.32,0.1,0.2,52.631578947368425,52.631578947368425,52.631578947368425,0.0,139.73665262746857,44.71572884078994,2.0,-46.71572884078994
2019-11-19 18:00:00,86.5064141887492,0.0,0.32,0.2,0.1,-47.5,-47.5,0.0,47.5,39.006414188749204,12.482052540399746,2.0,-14.482052540399746
2019-11-19 19:00:00,84.88935080657565,0.0,0.32,0.1,0.1,-0.0,-0.0,-0.0,0.0,84.88935080657565,27.164592258104207,0.0,-27.164592258104207
2019-11-19 20:00:00,81.85085778687647,0.0,0.32,0.1,0.1,0.0,0.0,0.0,-0.0,81.85085778687647,26.19227449180047,0.0,-26.19227449180047
2019-11-19 21:00:00,83.03422340249752,0.0,0.32,0.1,0.1,-0.0,-0.0,-0.0,0.0,83.03422340249752,26.570951488799206,0.0,-26.570951488799206
2019-11-19 22:00:00,81.5763961397862,0.0,0.1,0.1,0.1,0.0,0.0,0.0,-0.0,81.5763961397862,8.15763961397862,0.0,-8.15763961397862
2019-11-19 23:00:00,78.99594800063797,0.0,0.1,0.1,0.2,52.631578947368425,52.631578947368425,52.631578947368425,0.0,131.6275269480064,13.16275269480064,2.0,-15.16275269480064
2019-11-20 00:00:00,76.55688095801499,0.0,0.1,0.2,0.1,-47.5,-47.5,0.0,47.5,29.056880958014986,2.905688095801499,2.0,-4.905688095801499
2019-11-20 01:00:00,77.54769204734731,0.0,0.1,0.1,0.1,-0.0,-0.0,-0.0,0.0,77.54769204734731,7.754769204734732,0.0,-7.754769204734732
2019-11-20 02:00:00,77.97081424888123,0.0,0.1,0.1,0.1,-0.0,-0.0,-0.0,0.0,77.97081424888123,7.797081424888123,0.0,-7.797081424888123
2019-11-20 03:00:00,80.30973231859512,0.0,0.1,0.1,0.1,-0.0,-0.0,-0.0,0.0,80.30973231859512,8.030973231859512,0.0,-8.030973231859512
2019-11-20 04:00:00,77.15521509310413,0.0,0.1,0.1,0.1,-0.0,-0.0,-0.0,0.0,77.15521509310413,7.715521509310413,0.0,-7.715521509310413
2019-11-20 05:00:00,77.41272011059756,0.0,0.1,0.1,0.1,0.0,0.0,0.0,-0.0,77.41272011059756,7.741272011059756,0.0,-7.741272011059756
2019-11-20 06:00:00,82.75715969506746,0.027543733525041938,0.1,0.1,0.1,0.0,0.0,0.0,-0.0,82.72961596154242,8.272961596154243,0.0,-8.272961596154243
2019-11-20 07:00:00,91.40618417096645,3.6030541666666664,0.18,0.1,0.1,-0.0,-0.0,-0.0,0.0,87.80313000429979,15.804563400773961,0.0,-15.804563400773961
2019-11-20 08:00:00,96.9291396803163,13.110807575757576,0.18,0.1,0.1,0.0,0.0,0.0,-0.0,83.81833210455872,15.087299778820569,0.0,-15.087299778820569
2019-11-20 09:00:00,122.95539605878062,54.964920769230766,0.18,0.1,0.1,0.0,0.0,0.0,-0.0,67.99047528954986,12.238285552118976,0.0,-12.238285552118976
2019-11-20 10:00:00,101.85757191475693,72.22890416666667,0.18,0.1,0.1,-0.0,-0.0,-0.0,0.0,29.628667748090265,5.333160194656248,0.0,-5.333160194656248
2019-11-20 11:00:00,100.0512305317768,96.12459545454546,0.18,0.1,0.1,-0.0,-0.0,-0.0,0.0,3.9266350772313388,0.7067943139016409,0.0,-0.7067943139016409
2019-11-20 12:00:00,105.11329372536458,92.71479615384615,0.18,0.1,0.2,52.631578947368425,52.631578947368425,52.631578947368425,0.0,65.03007651888686,11.705413773399634,2.0,-13.705413773399634
2019-11-20 13:00:00,101.203931461935,77.45743611111111,0.18,0.2,0.1,-47.5,-47.5,0.0,47.5,-23.753504649176108,0.0,2.0,-2.0
2019-11-20 14:00:00,100.15003818475758,53.79532666666666,0.18,0.1,0.1,-0.0,-0.0,-0.0,0.0,46.354711518090916,8.343848073256364,0.0,-8.343848073256364
2019-11-20 15:00:00,97.87894055389414,24.696273205128207,0.18,0.1,0.1,-0.0,-0.0,-0.0,0.0,73.18266734876593,13.172880122777867,0.0,-13.172880122777867
2019-11-20 16:00:00,92.49989752607259,4.434473582554517,0.32,0.1,0.1,-0.0,-0.0,-0.0,0.0,88.06542394351807,28.180935661925783,0.0,-28.180935661925783
2019-11-20 17:00:00,87.05994861222133,0.0,0.32,0.1,0.2,52.631578947368425,52.631578947368425,52.631578947368425,0.0,139.69152755958976,44.70128881906872,2.0,-46.70128881906872
2019-11-20 18:00:00,88.32046440327636,0.0,0.32,0.2,0.1,-47.5,-47.5,0.0,47.5,40.82046440327636,13.062548609048436,2.0,-15.062548609048436
2019-11-20 19:00:00,91.24738535855498,0.0,0.32,0.1,0.1,-0.0,-0.0,-0.0,0.0,91.24738535855498,29.199163314737593,0.0,-29.199163314737593
2019-11-20 20:00:00,92.81525143561471,0.0,0.32,0.1,0.1,0.0,0.0,0.0,-0.0,92.81525143561471,29.700880459396707,0.0,-29.700880459396707
2019-11-20 21:00:00,85.8297450093666,0.0,0.32,0.1,0.1,-0.0,-0.0,-0.0,0.0,85.8297450093666,27.465518402997315,0.0,-27.465518402997315
2019-11-20 22:00:00,82.95948052111274,0.0,0.1,0.1,0.1,0.0,0.0,0.0,-0.0,82.95948052111274,8.295948052111275,0.0,-8.295948052111275
2019-11-20 23:00:00,83.36054928622966,0.0,0.1,0.1,0.2,52.631578947368425,52.631578947368425,52.631578947368425,0.0,135.99212823359807,13.599212823359807,2.0,-15.599212823359807
2019-11-21 00:00:00,83.83309269500903,0.0,0.1,0.2,0.30000000000000004,52.631578947368425,52.631578947368425,52.631578947368425,0.0,136.46467164237745,13.646467164237746,2.000000000000001,-15.646467164237748
2019-11-21 01:00:00,83.46476121227936,0.0,0.1,0.30000000000000004,0.4,52.631578947368425,52.631578947368425,52.631578947368425,0.0,136.09634015964778,13.60963401596478,1.9999999999999996,-15.60963401596478
2019-11-21 02:00:00,82.70610845535127,0.0,0.1,0.4,0.30000000000000004,-47.5,-47.5,0.0,47.5,35.20610845535127,3.5206108455351273,1.9999999999999996,-5.520610845535127
2019-11-21 03:00:00,83.96126522826151,0.0,0.1,0.30000000000000004,0.4,52.631578947368425,52.631578947368425,52.631578947368425,0.0,136.59284417562992,13.659284417562993,1.9999999999999996,-15.659284417562993
2019-11-21 04:00:00,85.65082551312503,0.0,0.1,0.4,0.4,0.0,0.0,0.0,-0.0,85.65082551312503,8.565082551312504,0.0,-8.565082551312504
2019-11-21 05:00:00,84.8796767004044,0.0,0.1,0.4,0.4,0.0,0.0,0.0,-0.0,84.8796767004044,8.48796767004044,0.0,-8.48796767004044
2019-11-21 06:00:00,79.76062814063314,0.08459861011262881,0.1,0.4,0.4,0.0,0.0,0.0,-0.0,79.67602953052051,7.967602953052051,0.0,-7.967602953052051
2019-11-21 07:00:00,84.0983071090231,14.937960046728973,0.18,0.4,0.4,0.0,0.0,0.0,-0.0,69.16034706229412,12.44886247121294,0.0,-12.44886247121294
2019-11-21 08:00:00,87.73951635391923,46.76394848484848,0.18,0.4,0.4,0.0,0.0,0.0,-0.0,40.97556786907075,7.375602216432735,0.0,-7.375602216432735
2019-11-21 09:00:00,100.17845660305771,69.77742692307692,0.18,0.4,0.30000000000000004,-47.5,-47.5,0.0,47.5,-17.098970320019205,0.0,1.9999999999999996,-1.9999999999999996
2019-11-21 10:00:00,139.1279936793588,85.59924583333333,0.18,0.30000000000000004,0.30000000000000004,0.0,0.0,0.0,-0.0,53.52874784602548,9.635174612284587,0.0,-9.635174612284587
2019-11-21 11:00:00,138.5673317879691,91.23287954545455,0.18,0.30000000000000004,0.20000000000000004,-47.5,-47.5,0.0,47.5,-0.1655477574854558,0.0,2.0,-2.0
2019-11-21 12:00:00,99.23993372847806,87.01285384615386,0.18,0.20000000000000004,0.10000000000000003,-47.5,-47.5,0.0,47.5,-35.272920117675795,0.0,2.0,-2.0
2019-11-21 13:00:00,108.36461176843115,72.92415277777778,0.18,0.10000000000000003,0.10000000000000003,0.0,0.0,0.0,-0.0,35.44045899065337,6.379282618317606,0.0,-6.379282618317606
2019-11-21 14:00:00,98.51412955962769,51.537640909090904,0.18,0.10000000000000003,0.1,-1.3183898417423734e-14,-1.3183898417423734e-14,0.0,1.3183898417423734e-14,46.97648865053677,8.455767957096619,5.551115123125783e-16,-8.455767957096619
2019-11-21 15:00:00,91.64364505227876,23.74836256410256,0.18,0.1,0.1,-0.0,-0.0,-0.0,0.0,67.89528248817619,12.221150847871714,0.0,-12.221150847871714
2019-11-21 16:00:00,89.45069443978416,3.9694116874350995,0.32,0.1,0.1,-0.0,-0.0,-0.0,0.0,85.48128275234906,27.3540104807517,0.0,-27.3540104807517
2019-11-21 17:00:00,84.87573116971711,0.0,0.32,0.1,0.2,52.631578947368425,52.631578947368425,52.631578947368425,0.0,137.50731011708552,44.00233923746737,2.0,-46.00233923746737
2019-11-21 18:00:00,83.68330392097481,0.0,0.32,0.2,0.1,-47.5,-47.5,0.0,47.5,36.18330392097481,11.578657254711938,2.0,-13.578657254711938
2019-11-21 19:00:00,83.67259271274152,0.0,0.32,0.1,0.1,-0.0,-0.0,-0.0,0.0,83.67259271274152,26.775229668077287,0.0,-26.775229668077287
2019-11-21 20:00:00,86.747419566006,0.0,0.32,0.1,0.1,0.0,0.0,0.0,-0.0,86.747419566006,27.75917426112192,0.0,-27.75917426112192
2019-11-21 21:00:00,82.33291334009365,0.0,0.32,0.1,0.1,-0.0,-0.0,-0.0,0.0,82.33291334009365,26.34653226882997,0.0,-26.34653226882997
2019-11-21 22:00:00,79.8727032339956,0.0,0.1,0.1,0.1,0.0,0.0,0.0,-0.0,79.8727032339956,7.98727032339956,0.0,-7.98727032339956
2019-11-21 23:00:00,78.88955421951052,0.0,0.1,0.1,0.2,52.631578947368425,52.631578947368425,52.631578947368425,0.0,131.52113316687894,13.152113316687895,2.0,-15.152113316687895
2019-11-22 00:00:00,77.36339667075451,0.0,0.1,0.2,0.30000000000000004,52.631578947368425,52.631578947368425,52.631578947368425,0.0,129.99497561812294,12.999497561812294,2.000000000000001,-14.999497561812294
2019-11-22 01:00:00,78.92654251119963,0.0,0.1,0.30000000000000004,0.4,52.631578947368425,52.631578947368425,52.631578947368425,0.0,131.55812145856805,13.155812145856807,1.9999999999999996,-15.155812145856807
2019-11-22 02:00:00,80.93092956560918,0.0,0.1,0.4,0.30000000000000004,-47.5,-47.5,0.0,47.5,33.430929565609176,3.343092956560918,1.9999999999999996,-5.343092956560918
2019-11-22 03:00:00,80.01827283166212,0.0,0.1,0.30000000000000004,0.4,52.631578947368425,52.631578947368425,52.631578947368425,0.0,132.64985177903054,13.264985177903055,1.9999999999999996,-15.264985177903055
2019-11-22 04:00:00,77.91560483045194,0.0,0.1,0.4,0.4,0.0,0.0,0.0,-0.0,77.91560483045194,7.7915604830451946,0.0,-7.7915604830451946
2019-11-22 05:00:00,82.71455373450672,0.0,0.1,0.4,0.30000000000000004,-47.5,-47.5,0.0,47.5,35.21455373450672,3.5214553734506726,1.9999999999999996,-5.521455373450673
2019-11-22 06:00:00,82.48386769901904,0.03934819075005991,0.1,0.30000000000000004,0.30000000000000004,0.0,0.0,0.0,-0.0,82.44451950826898,8.244451950826898,0.0,-8.244451950826898
2019-11-22 07:00:00,90.31839615249554,14.245710555555556,0.18,0.30000000000000004,0.30000000000000004,0.0,0.0,0.0,-0.0,76.07268559693998,13.693083407449196,0.0,-13.693083407449196
2019-11-22 08:00:00,100.2200734920708,45.30384696969696,0.18,0.30000000000000004,0.20000000000000004,-47.5,-47.5,0.0,47.5,7.416226522373833,1.33492077402729,2.0,-3.3349207740272897
2019-11-22 09:00:00,101.04374309007996,71.42038461538462,0.18,0.20000000000000004,0.10000000000000003,-47.5,-47.5,0.0,47.5,-17.876641525304663,0.0,2.0,-2.0
2019-11-22 10:00:00,101.5566278801566,87.66062083333333,0.18,0.10000000000000003,0.1,-1.3183898417423734e-14,-1.3183898417423734e-14,0.0,1.3183898417423734e-14,13.896007046823259,2.5012812684281864,5.551115123125783e-16,-2.501281268428187
2019-11-22 11:00:00,105.13758346411906,93.11779090909091,0.18,0.1,0.1,-0.0,-0.0,-0.0,0.0,12.019792555028147,2.1635626599050664,0.0,-2.1635626599050664
2019-11-22 12:00:00,102.05669269470947,87.80138846153847,0.18,0.1,0.2,52.631578947368425,52.631578947368425,52.631578947368425,0.0,66.88688318053943,12.039638972497096,2.0,-14.039638972497096
2019-11-22 13:00:00,100.19645500095216,73.00133749999999,0.18,0.2,0.1,-47.5,-47.5,0.0,47.5,-20.304882499047835,0.0,2.0,-2.0
2019-11-22 14:00:00,98.85983086736783,50.33993484848485,0.18,0.1,0.1,-0.0,-0.0,-0.0,0.0,48.51989601888298,8.733581283398935,0.0,-8.733581283398935
2019-11-22 15:00:00,94.88439791234818,22.97088897435897,0.18,0.1,0.1,-0.0,-0.0,-0.0,0.0,71.9135089379892,12.944431608838057,0.0,-12.944431608838057
2019-11-22 16:00:00,87.37099776551293,3.2532356801661475,0.32,0.1,0.1,-0.0,-0.0,-0.0,0.0,84.11776208534678,26.91768386731097,0.0,-26.91768386731097
2019-11-22 17:00:00,84.14974256709576,0.0,0.32,0.1,0.2,52.631578947368425,52.631578947368425,52.631578947368425,0.0,136.7813215144642,43.770022884628546,2.0,-45.770022884628546
2019-11-22 18:00:00,84.41944429461964,0.0,0.32,0.2,0.1,-47.5,-47.5,0.0,47.5,36.91944429461964,11.814222174278283,2.0,-13.814222174278283
2019-11-22 19:00:00,90.40152899226534,0.0,0.32,0.1,0.1,-0.0,-0.0,-0.0,0.0,90.40152899226534,28.92848927752491,0.0,-28.92848927752491
2019-11-22 20:00:00,89.28764416656301,0.0,0.32,0.1,0.1,0.0,0.0,0.0,-0.0,89.28764416656301,28.572046133300166,0.0,-28.572046133300166
2019-11-22 21:00:00,83.6153718420719,0.0,0.32,0.1,0.1,-0.0,-0.0,-0.0,0.0,83.6153718420719,26.756918989463006,0.0,-26.756918989463006
2019-11-22 22:00:00,80.06912959533348,0.0,0.1,0.1,0.1,0.0,0.0,0.0,-0.0,80.06912959533348,8.006912959533349,0.0,-8.006912959533349
2019-11-22 23:00:00,80.00271968348073,0.0,0.1,0.1,0.2,52.631578947368425,52.631578947368425,52.631578947368425,0.0,132.63429863084917,13.263429863084918,2.0,-15.263429863084918
2019-11-23 00:00:00,79.98200658478835,0.0,0.12,0.2,0.30000000000000004,52.631578947368425,52.631578947368425,52.631578947368425,0.0,132.61358553215678,15.913630263858813,2.000000000000001,-17.913630263858813
2019-11-23 01:00:00,81.51345955932356,0.0,0.12,0.30000000000000004,0.4,52.631578947368425,52.631578947368425,52.631578947368425,0.0,134.145038506692,16.09740462080304,1.9999999999999996,-18.09740462080304
2019-11-23 02:00:00,79.68554556210424,0.0,0.12,0.4,0.30000000000000004,-47.5,-47.5,0.0,47.5,32.18554556210424,3.8622654674525085,1.9999999999999996,-5.862265467452508
2019-11-23 03:00:00,79.97340898908041,0.0,0.12,0.30000000000000004,0.30000000000000004,0.0,0.0,0.0,-0.0,79.97340898908041,9.596809078689649,0.0,-9.596809078689649
2019-11-23 04:00:00,82.16657654497907,0.0,0.12,0.30000000000000004,0.20000000000000004,-47.5,-47.5,0.0,47.5,34.666576544979065,4.159989185397488,2.0,-6.159989185397488
2019-11-23 05:00:00,86.29377098637825,0.0,0.12,0.20000000000000004,0.10000000000000003,-47.5,-47.5,0.0,47.5,38.79377098637825,4.65525251836539,2.0,-6.65525251836539
2019-11-23 06:00:00,84.96089006278602,0.055087467050083876,0.12,0.10000000000000003,0.10000000000000003,0.0,0.0,0.0,-0.0,84.90580259573593,10.188696311488313,0.0,-10.188696311488313
2019-11-23 07:00:00,84.28463682858947,15.761578055555555,0.12,0.10000000000000003,0.20000000000000004,52.631578947368425,52.631578947368425,52.631578947368425,0.0,121.15463772040233,14.53855652644828,2.0,-16.538556526448282
2019-11-23 08:00:00,87.7345505945379,47.22685454545456,0.12,0.20000000000000004,0.20000000000000004,0.0,0.0,0.0,-0.0,40.507696049083336,4.8609235258900005,0.0,-4.8609235258900005
2019-11-23 09:00:00,87.11860711178177,73.3506923076923,0.12,0.20000000000000004,0.20000000000000004,0.0,0.0,0.0,-0.0,13.767914804089472,1.6521497764907365,0.0,-1.6521497764907365
2019-11-23 10:00:00,92.58971986108439,89.4075888888889,0.12,0.20000000000000004,0.20000000000000004,0.0,0.0,0.0,-0.0,3.1821309721954947,0.38185571666345935,0.0,-0.38185571666345935
2019-11-23 11:00:00,92.31546857743733,93.73829848484849,0.12,0.20000000000000004,0.10000000000000003,-47.5,-47.5,0.0,47.5,-48.922829907411156,0.0,2.0,-2.0
2019-11-23 12:00:00,94.05991427643191,89.32102307692307,0.12,0.10000000000000003,0.1,-1.3183898417423734e-14,-1.3183898417423734e-14,0.0,1.3183898417423734e-14,4.738891199508829,0.5686669439410594,5.551115123125783e-16,-0.56866694394106
2019-11-23 13:00:00,93.93245795027502,74.96994166666667,0.12,0.1,0.1,0.0,0.0,0.0,-0.0,18.962516283608352,2.275501954033002,0.0,-2.275501954033002
2019-11-23 14:00:00,89.19830358688002,53.71004090909091,0.12,0.1,0.1,-0.0,-0.0,-0.0,0.0,35.48826267778911,4.258591521334693,0.0,-4.258591521334693
2019-11-23 15:00:00,85.37814668559274,25.315286410256405,0.12,0.1,0.2,52.631578947368425,52.631578947368425,52.631578947368425,0.0,112.69443922270476,13.52333270672457,2.0,-15.52333270672457
2019-11-23 16:00:00,82.92404993559965,3.907283472222222,0.12,0.2,0.2,0.0,0.0,0.0,-0.0,79.01676646337744,9.482011975605293,0.0,-9.482011975605293
2019-11-23 17:00:00,80.99992712927163,0.0,0.12,0.2,0.2,0.0,0.0,0.0,-0.0,80.99992712927163,9.719991255512594,0.0,-9.719991255512594
2019-11-23 18:00:00,79.9538702528872,0.0,0.12,0.2,0.1,-47.5,-47.5,0.0,47.5,32.4538702528872,3.894464430346464,2.0,-5.8944644303464635
2019-11-23 19:00:00,80.49537010872602,0.0,0.12,0.1,0.1,-0.0,-0.0,-0.0,0.0,80.49537010872602,9.659444413047122,0.0,-9.659444413047122
2019-11-23 20:00:00,80.66083963341474,0.0,0.12,0.1,0.1,-0.0,-0.0,-0.0,0.0,80.66083963341474,9.679300756009768,0.0,-9.679300756009768
2019-11-23 21:00:00,82.6965886979648,0.0,0.12,0.1,0.1,0.0,0.0,0.0,-0.0,82.6965886979648,9.923590643755775,0.0,-9.923590643755775
2019-11-23 22:00:00,81.68601197858632,0.0,0.12,0.1,0.1,0.0,0.0,0.0,-0.0,81.68601197858632,9.802321437430358,0.0,-9.802321437430358
2019-11-23 23:00:00,80.15073260254461,0.0,0.12,0.1,0.1,0.0,0.0,0.0,-0.0,80.15073260254461,9.618087912305352,0.0,-9.618087912305352
2019-11-24 00:00:00,76.62647074050653,0.0,0.12,0.1,0.1,-0.0,-0.0,-0.0,0.0,76.62647074050653,9.195176488860783,0.0,-9.195176488860783
2019-11-24 01:00:00,80.03552922647249,0.0,0.12,0.1,0.1,-0.0,-0.0,-0.0,0.0,80.03552922647249,9.604263507176698,0.0,-9.604263507176698
2019-11-24 02:00:00,81.19328050784388,0.0,0.12,0.1,0.1,-0.0,-0.0,-0.0,0.0,81.19328050784388,9.743193660941266,0.0,-9.743193660941266
2019-11-24 03:00:00,81.030100672225,0.0,0.12,0.1,0.1,0.0,0.0,0.0,-0.0,81.030100672225,9.723612080667,0.0,-9.723612080667
2019-11-24 04:00:00,79.35998208317442,0.0,0.12,0.1,0.1,-0.0,-0.0,-0.0,0.0,79.35998208317442,9.52319784998093,0.0,-9.52319784998093
2019-11-24 05:00:00,84.18732837058212,0.0,0.12,0.1,0.2,52.631578947368425,52.631578947368425,52.631578947368425,0.0,136.81890731795056,16.418268878154066,2.0,-18.418268878154066
2019-11-24 06:00:00,83.65066889918685,0.0019674095375029955,0.12,0.2,0.30000000000000004,52.631578947368425,52.631578947368425,52.631578947368425,0.0,136.28028043701778,16.353633652442134,2.000000000000001,-18.353633652442134
2019-11-24 07:00:00,82.3872283628309,16.203715972222223,0.12,0.30000000000000004,0.20000000000000004,-47.5,-47.5,0.0,47.5,18.68351239060867,2.2420214868730404,2.0,-4.242021486873041
2019-11-24 08:00:00,81.91085941516026,49.20670151515151,0.12,0.20000000000000004,0.10000000000000003,-47.5,-47.5,0.0,47.5,-14.795842099991248,0.0,2.0,-2.0
2019-11-24 09:00:00,83.72290936311298,72.87227564102565,0.12,0.10000000000000003,0.1,-1.3183898417423734e-14,-1.3183898417423734e-14,0.0,1.3183898417423734e-14,10.850633722087311,1.3020760466504773,5.551115123125783e-16,-1.3020760466504777
2019-11-24 10:00:00,90.11101005530163,89.3741375,0.12,0.1,0.1,-0.0,-0.0,-0.0,0.0,0.7368725553016304,0.08842470663619564,0.0,-0.08842470663619564
2019-11-24 11:00:00,86.68120992374902,82.2008693939394,0.12,0.1,0.2,52.631578947368425,52.631578947368425,52.631578947368425,0.0,57.11191947717805,6.853430337261366,2.0,-8.853430337261365
2019-11-24 12:00:00,86.30751481770137,85.9861076923077,0.12,0.2,0.2,0.0,0.0,0.0,-0.0,0.32140712539367655,0.03856885504724118,0.0,-0.03856885504724118
2019-11-24 13:00:00,84.35713565096606,75.95513333333334,0.12,0.2,0.2,0.0,0.0,0.0,-0.0,8.402002317632721,1.0082402781159265,0.0,-1.0082402781159265
2019-11-24 14:00:00,83.87440722582973,53.94848636363636,0.12,0.2,0.30000000000000004,52.631578947368425,52.631578947368425,52.631578947368425,0.0,82.55749980956179,9.906899977147415,2.000000000000001,-11.906899977147415
2019-11-24 15:00:00,82.86180900028451,25.172588717948717,0.12,0.30000000000000004,0.4,52.631578947368425,52.631578947368425,52.631578947368425,0.0,110.32079922970422,13.238495907564506,1.9999999999999996,-15.238495907564506
2019-11-24 16:00:00,81.08573697253813,2.9532293029595014,0.12,0.4,0.4,0.0,0.0,0.0,-0.0,78.13250766957863,9.375900920349435,0.0,-9.375900920349435
2019-11-24 17:00:00,76.47119743939156,0.0,0.12,0.4,0.4,0.0,0.0,0.0,-0.0,76.47119743939156,9.176543692726987,0.0,-9.176543692726987
2019-11-24 18:00:00,77.86846677358643,0.0,0.12,0.4,0.30000000000000004,-47.5,-47.5,0.0,47.5,30.368466773586434,3.644216012830372,1.9999999999999996,-5.6442160128303716
2019-11-24 19:00:00,81.95721438199064,0.0,0.12,0.30000000000000004,0.30000000000000004,0.0,0.0,0.0,-0.0,81.95721438199064,9.834865725838876,0.0,-9.834865725838876
2019-11-24 20:00:00,82.99248376857214,0.0,0.12,0.30000000000000004,0.4,52.631578947368425,52.631578947368425,52.631578947368425,0.0,135.62406271594057,16.274887525912867,1.9999999999999996,-18.274887525912867
2019-11-24 21:00:00,80.9314473301613,0.0,0.12,0.4,0.30000000000000004,-47.5,-47.5,0.0,47.5,33.431447330161305,4.011773679619356,1.9999999999999996,-6.011773679619356
2019-11-24 22:00:00,79.73514881221809,0.0,0.12,0.30000000000000004,0.4,52.631578947368425,52.631578947368425,52.631578947368425,0.0,132.36672775958652,15.884007331150382,1.9999999999999996,-17.884007331150382
2019-11-24 23:00:00,79.61061232318667,0.0,0.12,0.4,0.30000000000000004,-47.5,-47.5,0.0,47.5,32.11061232318667,3.8532734787824006,1.9999999999999996,-5.8532734787824
2019-11-25 00:00:00,79.9571127384018,0.0,0.1,0.30000000000000004,0.20000000000000004,-47.5,-47.5,0.0,47.5,32.457112738401804,3.2457112738401808,2.0,-5.245711273840181
2019-11-25 01:00:00,80.4436939665493,0.0,0.1,0.20000000000000004,0.20000000000000004,0.0,0.0,0.0,-0.0,80.4436939665493,8.04436939665493,0.0,-8.04436939665493
2019-11-25 02:00:00,79.85673305306614,0.0,0.1,0.20000000000000004,0.10000000000000003,-47.5,-47.5,0.0,47.5,32.35673305306614,3.235673305306614,2.0,-5.235673305306614
2019-11-25 03:00:00,83.18332837500567,0.0,0.1,0.10000000000000003,0.1,-1.3183898417423734e-14,-1.3183898417423734e-14,0.0,1.3183898417423734e-14,83.18332837500566,8.318332837500567,5.551115123125783e-16,-8.318332837500567
2019-11-25 04:00:00,81.69780132797874,0.0,0.1,0.1,0.1,-0.0,-0.0,-0.0,0.0,81.69780132797874,8.169780132797873,0.0,-8.169780132797873
2019-11-25 05:00:00,84.5624844758495,0.0,0.1,0.1,0.1,0.0,0.0,0.0,-0.0,84.5624844758495,8.45624844758495,0.0,-8.45624844758495
2019-11-25 06:00:00,82.38653244669783,0.0432830098250659,0.1,0.1,0.1,0.0,0.0,0.0,-0.0,82.34324943687277,8.234324943687277,0.0,-8.234324943687277
2019-11-25 07:00:00,86.04805816403122,14.554890069444445,0.18,0.1,0.1,-0.0,-0.0,-0.0,0.0,71.49316809458678,12.86877025702562,0.0,-12.86877025702562
2019-11-25 08:00:00,87.33665709638014,36.98834227272727,0.18,0.1,0.1,0.0,0.0,0.0,-0.0,50.34831482365286,9.062696668257516,0.0,-9.062696668257516
2019-11-25 09:00:00,95.8931526292854,74.34648205128205,0.18,0.1,0.1,0.0,0.0,0.0,-0.0,21.546670578003344,3.878400704040602,0.0,-3.878400704040602
2019-11-25 10:00:00,97.87004751194512,93.06340972222222,0.18,0.1,0.1,-0.0,-0.0,-0.0,0.0,4.806637789722899,0.8651948021501218,0.0,-0.8651948021501218
2019-11-25 11:00:00,107.47469200447412,98.2259,0.18,0.1,0.1,-0.0,-0.0,-0.0,0.0,9.248792004474126,1.6647825608053426,0.0,-1.6647825608053426
2019-11-25 12:00:00,104.93482438126361,94.14364743589744,0.18,0.1,0.2,52.631578947368425,52.631578947368425,52.631578947368425,0.0,63.4227558927346,11.416096060692228,2.0,-13.416096060692228
2019-11-25 13:00:00,111.88494229921982,79.07484722222223,0.18,0.2,0.1,-47.5,-47.5,0.0,47.5,-14.689904923002416,0.0,2.0,-2.0
2019-11-25 14:00:00,113.88292652995351,55.60884545454546,0.18,0.1,0.1,-0.0,-0.0,-0.0,0.0,58.27408107540805,10.489334593573448,0.0,-10.489334593573448
2019-11-25 15:00:00,112.9958360102364,25.723061794871793,0.18,0.1,0.1,-0.0,-0.0,-0.0,0.0,87.2727742153646,15.709099358765629,0.0,-15.709099358765629
2019-11-25 16:00:00,99.89803832047399,3.48376002596054,0.32,0.1,0.1,-0.0,-0.0,-0.0,0.0,96.41427829451345,30.852569054244306,0.0,-30.852569054244306
2019-11-25 17:00:00,87.11944042325064,0.0,0.32,0.1,0.2,52.631578947368425,52.631578947368425,52.631578947368425,0.0,139.75101937061908,44.72032619859811,2.0,-46.72032619859811
2019-11-25 18:00:00,86.18924437009201,0.0,0.32,0.2,0.1,-47.5,-47.5,0.0,47.5,38.68924437009201,12.380558198429444,2.0,-14.380558198429444
2019-11-25 19:00:00,86.58749299774364,0.0,0.32,0.1,0.1,-0.0,-0.0,-0.0,0.0,86.58749299774364,27.707997759277966,0.0,-27.707997759277966
2019-11-25 20:00:00,85.22457604371893,0.0,0.32,0.1,0.1,0.0,0.0,0.0,-0.0,85.22457604371893,27.271864333990056,0.0,-27.271864333990056
2019-11-25 21:00:00,82.13121743257415,0.0,0.32,0.1,0.1,-0.0,-0.0,-0.0,0.0,82.13121743257415,26.281989578423726,0.0,-26.281989578423726
2019-11-25 22:00:00,81.46453569330247,0.0,0.1,0.1,0.1,0.0,0.0,0.0,-0.0,81.46453569330247,8.146453569330246,0.0,-8.146453569330246
2019-11-25 23:00:00,80.21416030227894,0.0,0.1,0.1,0.2,52.631578947368425,52.631578947368425,52.631578947368425,0.0,132.84573924964735,13.284573924964736,2.0,-15.284573924964736
2019-11-26 00:00:00,79.44587765874495,0.0,0.1,0.2,0.30000000000000004,52.631578947368425,52.631578947368425,52.631578947368425,0.0,132.07745660611337,13.207745660611337,2.000000000000001,-15.207745660611337
2019-11-26 01:00:00,80.38656022798008,0.0,0.1,0.30000000000000004,0.4,52.631578947368425,52.631578947368425,52.631578947368425,0.0,133.0181391753485,13.30181391753485,1.9999999999999996,-15.30181391753485
2019-11-26 02:00:00,80.62260128957207,0.0,0.1,0.4,0.30000000000000004,-47.5,-47.5,0.0,47.5,33.122601289572074,3.312260128957208,1.9999999999999996,-5.312260128957208
2019-11-26 03:00:00,80.00908296443184,0.0,0.1,0.30000000000000004,0.4,52.631578947368425,52.631578947368425,52.631578947368425,0.0,132.64066191180027,13.264066191180028,1.9999999999999996,-15.264066191180028
2019-11-26 04:00:00,79.41651541928574,0.0,0.1,0.4,0.4,0.0,0.0,0.0,-0.0,79.41651541928574,7.941651541928575,0.0,-7.941651541928575
2019-11-26 05:00:00,79.71962298371388,0.0,0.1,0.4,0.30000000000000004,-47.5,-47.5,0.0,47.5,32.219622983713876,3.2219622983713876,1.9999999999999996,-5.221962298371388
2019-11-26 06:00:00,85.02781187188839,0.047217828900071895,0.1,0.30000000000000004,0.30000000000000004,0.0,0.0,0.0,-0.0,84.98059404298832,8.498059404298832,0.0,-8.498059404298832
2019-11-26 07:00:00,92.54414392174856,13.040612916666667,0.18,0.30000000000000004,0.30000000000000004,0.0,0.0,0.0,-0.0,79.5035310050819,14.310635580914742,0.0,-14.310635580914742
2019-11-26 08:00:00,86.35479228628223,24.38079803030303,0.18,0.30000000000000004,0.20000000000000004,-47.5,-47.5,0.0,47.5,14.473994255979207,2.6053189660762572,2.0,-4.605318966076258
2019-11-26 09:00:00,102.10822714249899,24.348045384615382,0.18,0.20000000000000004,0.10000000000000003,-47.5,-47.5,0.0,47.5,30.2601817578836,5.446832716419048,2.0,-7.446832716419048
2019-11-26 10:00:00,111.72352468682682,29.05760666666667,0.18,0.10000000000000003,0.1,-1.3183898417423734e-14,-1.3183898417423734e-14,0.0,1.3183898417423734e-14,82.66591802016013,14.879865243628824,5.551115123125783e-16,-14.879865243628824
2019-11-26 11:00:00,106.8917100379047,11.766917878787881,0.18,0.1,0.1,-0.0,-0.0,-0.0,0.0,95.12479215911682,17.122462588641028,0.0,-17.122462588641028
2019-11-26 12:00:00,112.1726003528908,10.58685435897436,0.18,0.1,0.2,52.631578947368425,52.631578947368425,52.631578947368425,0.0,154.21732494128486,27.759118489431273,2.0,-29.759118489431273
2019-11-26 13:00:00,103.87195563752063,5.808801944444444,0.18,0.2,0.30000000000000004,52.631578947368425,52.631578947368425,52.631578947368425,0.0,150.6947326404446,27.12505187528003,2.000000000000001,-29.12505187528003
2019-11-26 14:00:00,95.97925212238587,5.5079166666666675,0.18,0.30000000000000004,0.20000000000000004,-47.5,-47.5,0.0,47.5,42.9713354557192,7.734840382029455,2.0,-9.734840382029455
2019-11-26 15:00:00,96.64933364671562,4.735401923076923,0.18,0.20000000000000004,0.10000000000000003,-47.5,-47.5,0.0,47.5,44.4139317236387,7.9945077102549655,2.0,-9.994507710254965
2019-11-26 16:00:00,92.34169785935188,1.1834506749740394,0.32,0.10000000000000003,0.1,-1.3183898417423734e-14,-1.3183898417423734e-14,0.0,1.3183898417423734e-14,91.15824718437783,29.170639099000905,5.551115123125783e-16,-29.170639099000905
2019-11-26 17:00:00,88.63056104358093,0.0,0.32,0.1,0.2,52.631578947368425,52.631578947368425,52.631578947368425,0.0,141.26213999094935,45.20388479710379,2.0,-47.20388479710379
2019-11-26 18:00:00,84.83041988333305,0.0,0.32,0.2,0.1,-47.5,-47.5,0.0,47.5,37.33041988333305,11.945734362666576,2.0,-13.945734362666576
2019-11-26 19:00:00,84.0412357229415,0.0,0.32,0.1,0.1,-0.0,-0.0,-0.0,0.0,84.0412357229415,26.89319543134128,0.0,-26.89319543134128
2019-11-26 20:00:00,84.33065297066196,0.0,0.32,0.1,0.1,0.0,0.0,0.0,-0.0,84.33065297066196,26.985808950611826,0.0,-26.985808950611826
2019-11-26 21:00:00,79.19585391283194,0.0,0.32,0.1,0.1,-0.0,-0.0,-0.0,0.0,79.19585391283194,25.34267325210622,0.0,-25.34267325210622
2019-11-26 22:00:00,77.2593769005848,0.0,0.1,0.1,0.1,0.0,0.0,0.0,-0.0,77.2593769005848,7.72593769005848,0.0,-7.72593769005848
2019-11-26 23:00:00,76.19789059679259,0.0,0.1,0.1,0.1,-0.0,-0.0,-0.0,0.0,76.19789059679259,7.61978905967926,0.0,-7.61978905967926
2019-11-27 00:00:00,77.59093967126692,0.0,0.1,0.1,0.2,52.631578947368425,52.631578947368425,52.631578947368425,0.0,130.22251861863535,13.022251861863536,2.0,-15.022251861863536
2019-11-27 01:00:00,76.03098770257608,0.0,0.1,0.2,0.1,-47.5,-47.5,0.0,47.5,28.530987702576084,2.8530987702576085,2.0,-4.853098770257608
2019-11-27 02:00:00,77.06145167670009,0.0,0.1,0.1,0.1,-0.0,-0.0,-0.0,0.0,77.06145167670009,7.706145167670009,0.0,-7.706145167670009
2019-11-27 03:00:00,77.33505313201161,0.0,0.1,0.1,0.1,-0.0,-0.0,-0.0,0.0,77.33505313201161,7.733505313201161,0.0,-7.733505313201161
2019-11-27 04:00:00,78.43041090399609,0.0,0.1,0.1,0.1,-0.0,-0.0,-0.0,0.0,78.43041090399609,7.843041090399609,0.0,-7.843041090399609
2019-11-27 05:00:00,80.83495831158476,0.0,0.1,0.1,0.1,0.0,0.0,0.0,-0.0,80.83495831158476,8.083495831158476,0.0,-8.083495831158476
2019-11-27 06:00:00,78.27109176212119,0.0,0.1,0.1,0.1,-0.0,-0.0,-0.0,0.0,78.27109176212119,7.827109176212119,0.0,-7.827109176212119
2019-11-27 07:00:00,82.67764076613607,9.460346050103842,0.18,0.1,0.1,-0.0,-0.0,-0.0,0.0,73.21729471603223,13.179113048885801,0.0,-13.179113048885801
2019-11-27 08:00:00,102.11546116822055,33.044107424242426,0.18,0.1,0.2,52.631578947368425,52.631578947368425,52.631578947368425,0.0,121.70293269134655,21.906527884442376,2.0,-23.906527884442376
2019-11-27 09:00:00,107.33540911414978,84.61826538461538,0.18,0.2,0.30000000000000004,52.631578947368425,52.631578947368425,52.631578947368425,0.0,75.34872267690282,13.562770081842508,2.000000000000001,-15.562770081842508
2019-11-27 10:00:00,121.53993148156542,67.63015,0.18,0.30000000000000004,0.20000000000000004,-47.5,-47.5,0.0,47.5,6.4097814815654175,1.153760666681775,2.0,-3.153760666681775
2019-11-27 11:00:00,105.04855273386967,70.36791363636364,0.18,0.20000000000000004,0.30000000000000004,52.631578947368425,52.631578947368425,52.631578947368425,0.0,87.31221804487446,15.716199248077402,2.0,-17.7161992480774
2019-11-27 12:00:00,97.55726919748128,78.32284230769231,0.18,0.30000000000000004,0.4,52.631578947368425,52.631578947368425,52.631578947368425,0.0,71.86600583715739,12.93588105068833,1.9999999999999996,-14.93588105068833
2019-11-27 13:00:00,102.21342048144487,81.03532083333333,0.18,0.4,0.5,52.631578947368425,52.631578947368425,52.631578947368425,0.0,73.80967859547997,13.285742147186394,1.9999999999999996,-15.285742147186394
2019-11-27 14:00:00,88.44956838600723,61.27288333333332,0.18,0.5,0.6,52.631578947368425,52.631578947368425,52.631578947368425,0.0,79.80826400004233,14.365487520007619,1.9999999999999996,-16.36548752000762
2019-11-27 15:00:00,81.4001156114173,18.150699743589744,0.18,0.6,0.6,0.0,0.0,0.0,-0.0,63.249415867827565,11.38489485620896,0.0,-11.38489485620896
2019-11-27 16:00:00,83.22971370106978,3.2746185098650042,0.32,0.6,0.5,-47.5,-47.5,0.0,47.5,32.45509519120478,10.385630461185528,1.9999999999999996,-12.385630461185528
2019-11-27 17:00:00,82.82135441243628,0.0,0.32,0.5,0.6,52.631578947368425,52.631578947368425,52.631578947368425,0.0,135.45293335980472,43.34493867513751,1.9999999999999996,-45.34493867513751
2019-11-27 18:00:00,84.94777188394723,0.0,0.32,0.6,0.5,-47.5,-47.5,0.0,47.5,37.447771883947226,11.983287002863113,1.9999999999999996,-13.983287002863113
2019-11-27 19:00:00,85.55898051668657,0.0,0.32,0.5,0.5,0.0,0.0,0.0,-0.0,85.55898051668657,27.378873765339705,0.0,-27.378873765339705
2019-11-27 20:00:00,83.94367594819481,0.0,0.32,0.5,0.5,0.0,0.0,0.0,-0.0,83.94367594819481,26.861976303422338,0.0,-26.861976303422338
2019-11-27 21:00:00,77.81592076841632,0.0,0.32,0.5,0.4,-47.5,-47.5,0.0,47.5,30.31592076841632,9.701094645893223,1.9999999999999996,-11.701094645893223
2019-11-27 22:00:00,74.44838941389143,0.0,0.1,0.4,0.5,52.631578947368425,52.631578947368425,52.631578947368425,0.0,127.07996836125986,12.707996836125986,1.9999999999999996,-14.707996836125986
2019-11-27 23:00:00,73.15276448585686,0.0,0.1,0.5,0.4,-47.5,-47.5,0.0,47.5,25.652764485856864,2.5652764485856867,1.9999999999999996,-4.565276448585687
2019-11-28 00:00:00,74.76107494547372,0.0,0.1,0.4,0.30000000000000004,-47.5,-47.5,0.0,47.5,27.261074945473723,2.7261074945473727,1.9999999999999996,-4.726107494547373
2019-11-28 01:00:00,75.57262036554549,0.0,0.1,0.30000000000000004,0.30000000000000004,0.0,0.0,0.0,-0.0,75.57262036554549,7.557262036554549,0.0,-7.557262036554549
2019-11-28 02:00:00,75.44287039153681,0.0,0.1,0.30000000000000004,0.4,52.631578947368425,52.631578947368425,52.631578947368425,0.0,128.07444933890525,12.807444933890526,1.9999999999999996,-14.807444933890526
2019-11-28 03:00:00,73.74457214180217,0.0,0.1,0.4,0.30000000000000004,-47.5,-47.5,0.0,47.5,26.244572141802166,2.6244572141802167,1.9999999999999996,-4.624457214180216
2019-11-28 04:00:00,74.28866777323476,0.0,0.1,0.30000000000000004,0.20000000000000004,-47.5,-47.5,0.0,47.5,26.788667773234764,2.6788667773234764,2.0,-4.678866777323476
2019-11-28 05:00:00,78.96946124868975,0.0,0.1,0.20000000000000004,0.10000000000000003,-47.5,-47.5,0.0,47.5,31.469461248689754,3.1469461248689754,2.0,-5.146946124868975
2019-11-28 06:00:00,77.12384420275524,0.0,0.1,0.10000000000000003,0.10000000000000003,0.0,0.0,0.0,-0.0,77.12384420275524,7.712384420275524,0.0,-7.712384420275524
2019-11-28 07:00:00,75.38479929586767,2.653389583333333,0.18,0.10000000000000003,0.1,-1.3183898417423734e-14,-1.3183898417423734e-14,0.0,1.3183898417423734e-14,72.73140971253432,13.091653748256176,5.551115123125783e-16,-13.091653748256176
2019-11-28 08:00:00,74.01368937526232,8.488796893939393,0.18,0.1,0.1,0.0,0.0,0.0,-0.0,65.52489248132292,11.794480646638126,0.0,-11.794480646638126
2019-11-28 09:00:00,78.42329637283787,27.45686358974359,0.18,0.1,0.1,0.0,0.0,0.0,-0.0,50.96643278309428,9.17395790095697,0.0,-9.17395790095697
2019-11-28 10:00:00,81.58898451675948,37.68486236111111,0.18,0.1,0.1,-0.0,-0.0,-0.0,0.0,43.90412215564837,7.902741988016707,0.0,-7.902741988016707
2019-11-28 11:00:00,85.0204773320292,56.696601818181826,0.18,0.1,0.1,-0.0,-0.0,-0.0,0.0,28.323875513847376,5.098297592492528,0.0,-5.098297592492528
2019-11-28 12:00:00,77.07569214439563,49.166149102564106,0.18,0.1,0.2,52.631578947368425,52.631578947368425,52.631578947368425,0.0,80.54112198919995,14.49740195805599,2.0,-16.49740195805599
2019-11-28 13:00:00,81.11343325271268,80.92504722222222,0.18,0.2,0.30000000000000004,52.631578947368425,52.631578947368425,52.631578947368425,0.0,52.81996497785889,9.507593696014599,2.000000000000001,-11.507593696014599
2019-11-28 14:00:00,77.48471871328276,29.059747878787878,0.18,0.30000000000000004,0.4,52.631578947368425,52.631578947368425,52.631578947368425,0.0,101.05654978186331,18.190178960735395,1.9999999999999996,-20.190178960735395
2019-11-28 15:00:00,76.57114725469748,22.17801128205128,0.18,0.4,0.5,52.631578947368425,52.631578947368425,52.631578947368425,0.0,107.02471492001462,19.26444868560263,1.9999999999999996,-21.26444868560263
2019-11-28 16:00:00,83.47125344376612,4.106504340602284,0.32,0.5,0.6,52.631578947368425,52.631578947368425,52.631578947368425,0.0,131.99632805053227,42.23882497617033,1.9999999999999996,-44.23882497617033
2019-11-28 17:00:00,81.9891522670707,0.0,0.32,0.6,0.5,-47.5,-47.5,0.0,47.5,34.48915226707069,11.036528725462622,1.9999999999999996,-13.036528725462622
2019-11-28 18:00:00,78.16088237206733,0.0,0.32,0.5,0.5,0.0,0.0,0.0,-0.0,78.16088237206733,25.011482359061546,0.0,-25.011482359061546
2019-11-28 19:00:00,78.31021118462881,0.0,0.32,0.5,0.4,-47.5,-47.5,0.0,47.5,30.810211184628812,9.85926757908122,1.9999999999999996,-11.85926757908122
2019-11-28 20:00:00,79.29916013797272,0.0,0.32,0.4,0.30000000000000004,-47.5,-47.5,0.0,47.5,31.79916013797272,10.17573124415127,1.9999999999999996,-12.17573124415127
2019-11-28 21:00:00,76.29195476614431,0.0,0.32,0.30000000000000004,0.20000000000000004,-47.5,-47.5,0.0,47.5,28.791954766144315,9.213425525166182,2.0,-11.213425525166182
2019-11-28 22:00:00,75.19015943261608,0.0,0.1,0.20000000000000004,0.20000000000000004,0.0,0.0,0.0,-0.0,75.19015943261608,7.519015943261609,0.0,-7.519015943261609
2019-11-28 23:00:00,75.36566844103378,0.0,0.1,0.20000000000000004,0.10000000000000003,-47.5,-47.5,0.0,47.5,27.865668441033776,2.786566844103378,2.0,-4.786566844103378
2019-11-29 00:00:00,75.35613143886715,0.0,0.1,0.10000000000000003,0.20000000000000004,52.631578947368425,52.631578947368425,52.631578947368425,0.0,127.98771038623558,12.798771038623558,2.0,-14.798771038623558
2019-11-29 01:00:00,74.04255920833468,0.0,0.1,0.20000000000000004,0.30000000000000004,52.631578947368425,52.631578947368425,52.631578947368425,0.0,126.6741381557031,12.667413815570312,2.0,-14.667413815570312
2019-11-29 02:00:00,75.88862218072167,0.0,0.1,0.30000000000000004,0.4,52.631578947368425,52.631578947368425,52.631578947368425,0.0,128.5202011280901,12.85202011280901,1.9999999999999996,-14.85202011280901
2019-11-29 03:00:00,75.9947717551403,0.0,0.1,0.4,0.30000000000000004,-47.5,-47.5,0.0,47.5,28.494771755140306,2.8494771755140307,1.9999999999999996,-4.84947717551403
2019-11-29 04:00:00,76.45421765105327,0.0,0.1,0.30000000000000004,0.20000000000000004,-47.5,-47.5,0.0,47.5,28.95421765105327,2.8954217651053273,2.0,-4.895421765105327
2019-11-29 05:00:00,77.77544360119545,0.0,0.1,0.20000000000000004,0.10000000000000003,-47.5,-47.5,0.0,47.5,30.275443601195448,3.027544360119545,2.0,-5.0275443601195455
2019-11-29 06:00:00,78.33591972677415,0.0,0.1,0.10000000000000003,0.1,-1.3183898417423734e-14,-1.3183898417423734e-14,0.0,1.3183898417423734e-14,78.33591972677414,7.833591972677414,5.551115123125783e-16,-7.833591972677415
2019-11-29 07:00:00,77.82952478572729,14.69300111111111,0.18,0.1,0.1,-0.0,-0.0,-0.0,0.0,63.13652367461618,11.364574261430912,0.0,-11.364574261430912
2019-11-29 08:00:00,79.05623338792181,55.001845454545446,0.18,0.1,0.1,0.0,0.0,0.0,-0.0,24.05438793337636,4.329789828007745,0.0,-4.329789828007745
2019-11-29 09:00:00,79.65079976227064,85.88933846153847,0.18,0.1,0.1,0.0,0.0,0.0,-0.0,-6.238538699267835,0.0,0.0,-0.0
2019-11-29 10:00:00,83.57930449748602,104.40329166666668,0.18,0.1,0.1,-0.0,-0.0,-0.0,0.0,-20.823987169180654,0.0,0.0,-0.0
2019-11-29 11:00:00,85.17758544691883,109.69765000000001,0.18,0.1,0.1,-0.0,-0.0,-0.0,0.0,-24.520064553081184,0.0,0.0,-0.0
2019-11-29 12:00:00,84.40880061385397,105.25623846153846,0.18,0.1,0.2,52.631578947368425,52.631578947368425,52.631578947368425,0.0,31.784141099683936,5.721145397943109,2.0,-7.721145397943109
2019-11-29 13:00:00,83.36154376034152,93.30301666666666,0.18,0.2,0.30000000000000004,52.631578947368425,52.631578947368425,52.631578947368425,0.0,42.69010604104328,7.68421908738779,2.000000000000001,-9.684219087387792
2019-11-29 14:00:00,78.19624141591264,55.66378727272727,0.18,0.30000000000000004,0.4,52.631578947368425,52.631578947368425,52.631578947368425,0.0,75.1640330905538,13.529525956299684,1.9999999999999996,-15.529525956299684
2019-11-29 15:00:00,75.42742418083377,20.020630256410257,0.18,0.4,0.5,52.631578947368425,52.631578947368425,52.631578947368425,0.0,108.03837287179194,19.44690711692255,1.9999999999999996,-21.44690711692255
2019-11-29 16:00:00,74.70032611230361,2.61548119807892,0.32,0.5,0.6,52.631578947368425,52.631578947368425,52.631578947368425,0.0,124.71642386159311,39.9092556357098,1.9999999999999996,-41.9092556357098
2019-11-29 17:00:00,75.62186675006828,0.0,0.32,0.6,0.5,-47.5,-47.5,0.0,47.5,28.12186675006828,8.99899736002185,1.9999999999999996,-10.99899736002185
2019-11-29 18:00:00,78.17487971203478,0.0,0.32,0.5,0.5,0.0,0.0,0.0,-0.0,78.17487971203478,25.01596150785113,0.0,-25.01596150785113
2019-11-29 19:00:00,81.39153231047426,0.0,0.32,0.5,0.4,-47.5,-47.5,0.0,47.5,33.89153231047426,10.845290339351763,1.9999999999999996,-12.845290339351763
2019-11-29 20:00:00,82.85750109625458,0.0,0.32,0.4,0.30000000000000004,-47.5,-47.5,0.0,47.5,35.35750109625458,11.314400350801465,1.9999999999999996,-13.314400350801465
2019-11-29 21:00:00,83.34442178226413,0.0,0.32,0.30000000000000004,0.20000000000000004,-47.5,-47.5,0.0,47.5,35.844421782264135,11.470214970324523,2.0,-13.470214970324523
2019-11-29 22:00:00,77.08026949765903,0.0,0.1,0.20000000000000004,0.10000000000000003,-47.5,-47.5,0.0,47.5,29.58026949765903,2.9580269497659035,2.0,-4.9580269497659035
2019-11-29 23:00:00,77.38633607127198,0.0,0.1,0.10000000000000003,0.1,-1.3183898417423734e-14,-1.3183898417423734e-14,0.0,1.3183898417423734e-14,77.38633607127197,7.7386336071271975,5.551115123125783e-16,-7.738633607127198
2019-11-30 00:00:00,78.98460900043209,0.0,0.12,0.1,0.1,-0.0,-0.0,-0.0,0.0,78.98460900043209,9.47815308005185,0.0,-9.47815308005185
2019-11-30 01:00:00,79.85237972904449,0.0,0.12,0.1,0.1,-0.0,-0.0,-0.0,0.0,79.85237972904449,9.582285567485338,0.0,-9.582285567485338
2019-11-30 02:00:00,78.2334579203526,0.0,0.12,0.1,0.1,0.0,0.0,0.0,-0.0,78.2334579203526,9.388014950442312,0.0,-9.388014950442312
2019-11-30 03:00:00,84.82990446595376,0.0,0.12,0.1,0.1,-0.0,-0.0,-0.0,0.0,84.82990446595376,10.179588535914451,0.0,-10.179588535914451
2019-11-30 04:00:00,86.26390982140754,0.0,0.12,0.1,0.1,-0.0,-0.0,-0.0,0.0,86.26390982140754,10.351669178568905,0.0,-10.351669178568905
2019-11-30 05:00:00,82.91379962800659,0.0,0.12,0.1,0.2,52.631578947368425,52.631578947368425,52.631578947368425,0.0,135.54537857537503,16.265445429045002,2.0,-18.265445429045002
2019-11-30 06:00:00,81.45011615896573,0.0,0.12,0.2,0.30000000000000004,52.631578947368425,52.631578947368425,52.631578947368425,0.0,134.08169510633417,16.089803412760098,2.000000000000001,-18.089803412760098
2019-11-30 07:00:00,77.76911900868927,2.860274911734164,0.12,0.30000000000000004,0.30000000000000004,0.0,0.0,0.0,-0.0,74.90884409695511,8.989061291634613,0.0,-8.989061291634613
2019-11-30 08:00:00,79.99237571380769,9.805312954545455,0.12,0.30000000000000004,0.20000000000000004,-47.5,-47.5,0.0,47.5,22.687062759262233,2.722447531111468,2.0,-4.722447531111468
2019-11-30 09:00:00,80.33658394787108,12.338607307692307,0.12,0.20000000000000004,0.20000000000000004,0.0,0.0,0.0,-0.0,67.99797664017876,8.15975719682145,0.0,-8.15975719682145
2019-11-30 10:00:00,81.32899054048644,16.456929444444444,0.12,0.20000000000000004,0.20000000000000004,0.0,0.0,0.0,-0.0,64.872061096042,7.78464733152504,0.0,-7.78464733152504
2019-11-30 11:00:00,80.78576224398486,25.16241,0.12,0.20000000000000004,0.10000000000000003,-47.5,-47.5,0.0,47.5,8.123352243984861,0.9748022692781834,2.0,-2.9748022692781833
2019-11-30 12:00:00,80.02261751194334,24.156654615384618,0.12,0.10000000000000003,0.1,-1.3183898417423734e-14,-1.3183898417423734e-14,0.0,1.3183898417423734e-14,55.865962896558706,6.703915547587044,5.551115123125783e-16,-6.703915547587045
2019-11-30 13:00:00,81.87219292605073,18.067155694444445,0.12,0.1,0.2,52.631578947368425,52.631578947368425,52.631578947368425,0.0,116.4366161789747,13.972393941476964,2.0,-15.972393941476964
2019-11-30 14:00:00,82.86872444077665,7.042734242424243,0.12,0.2,0.30000000000000004,52.631578947368425,52.631578947368425,52.631578947368425,0.0,128.4575691457208,15.414908297486496,2.000000000000001,-17.414908297486498
2019-11-30 15:00:00,80.41052611669535,3.0948965552360415,0.12,0.30000000000000004,0.4,52.631578947368425,52.631578947368425,52.631578947368425,0.0,129.9472085088277,15.593665021059325,1.9999999999999996,-17.593665021059323
2019-11-30 16:00:00,80.02757944999799,0.5527200545171339,0.12,0.4,0.4,0.0,0.0,0.0,-0.0,79.47485939548085,9.5369831274577,0.0,-9.5369831274577
2019-11-30 17:00:00,81.85070500486304,0.0,0.12,0.4,0.4,0.0,0.0,0.0,-0.0,81.85070500486304,9.822084600583565,0.0,-9.822084600583565
2019-11-30 18:00:00,81.99169910310937,0.0,0.12,0.4,0.30000000000000004,-47.5,-47.5,0.0,47.5,34.49169910310937,4.1390038923731245,1.9999999999999996,-6.139003892373124
2019-11-30 19:00:00,81.69243974408867,0.0,0.12,0.30000000000000004,0.30000000000000004,0.0,0.0,0.0,-0.0,81.69243974408867,9.803092769290641,0.0,-9.803092769290641
2019-11-30 20:00:00,78.34421446893865,0.0,0.12,0.30000000000000004,0.4,52.631578947368425,52.631578947368425,52.631578947368425,0.0,130.97579341630706,15.717095209956845,1.9999999999999996,-17.717095209956845
2019-11-30 21:00:00,80.45466367409247,0.0,0.12,0.4,0.4,0.0,0.0,0.0,-0.0,80.45466367409247,9.654559640891096,0.0,-9.654559640891096
2019-11-30 22:00:00,79.38013110444383,0.0,0.12,0.4,0.30000000000000004,-47.5,-47.5,0.0,47.5,31.880131104443834,3.82561573253326,1.9999999999999996,-5.82561573253326
2019-11-30 23:00:00,79.22875021324397,0.0,0.12,0.30000000000000004,0.30000000000000004,0.0,0.0,0.0,-0.0,79.22875021324397,9.507450025589277,0.0,-9.507450025589277
2019-12-01 00:00:00,78.86690345758421,0.0,0.12,0.30000000000000004,0.20000000000000004,-47.5,-47.5,0.0,47.5,31.366903457584215,3.7640284149101055,2.0,-5.764028414910106
2019-12-01 01:00:00,77.80056023023421,0.0,0.12,0.20000000000000004,0.20000000000000004,0.0,0.0,0.0,-0.0,77.80056023023421,9.336067227628105,0.0,-9.336067227628105
2019-12-01 02:00:00,78.86024945795457,0.0,0.12,0.20000000000000004,0.10000000000000003,-47.5,-47.5,0.0,47.5,31.360249457954566,3.763229934954548,2.0,-5.763229934954548
2019-12-01 03:00:00,78.94852210346049,0.0,0.12,0.10000000000000003,0.10000000000000003,0.0,0.0,0.0,-0.0,78.94852210346049,9.473822652415258,0.0,-9.473822652415258
2019-12-01 04:00:00,76.4755852034118,0.0,0.12,0.10000000000000003,0.1,-1.3183898417423734e-14,-1.3183898417423734e-14,0.0,1.3183898417423734e-14,76.47558520341178,9.177070224409414,5.551115123125783e-16,-9.177070224409414
2019-12-01 05:00:00,80.7206066991982,0.0,0.12,0.1,0.2,52.631578947368425,52.631578947368425,52.631578947368425,0.0,133.35218564656662,16.002262277587995,2.0,-18.002262277587995
2019-12-01 06:00:00,79.04841353054326,0.0,0.12,0.2,0.30000000000000004,52.631578947368425,52.631578947368425,52.631578947368425,0.0,131.6799924779117,15.801599097349403,2.000000000000001,-17.801599097349403
2019-12-01 07:00:00,78.73320060904636,1.1546441458982348,0.12,0.30000000000000004,0.20000000000000004,-47.5,-47.5,0.0,47.5,30.078556463148132,3.609426775577776,2.0,-5.609426775577775
2019-12-01 08:00:00,78.52512720075288,3.2741522727272727,0.12,0.20000000000000004,0.20000000000000004,0.0,0.0,0.0,-0.0,75.2509749280256,9.030116991363071,0.0,-9.030116991363071
2019-12-01 09:00:00,77.81840697838389,7.413798076923076,0.12,0.20000000000000004,0.20000000000000004,0.0,0.0,0.0,-0.0,70.40460890146082,8.448553068175299,0.0,-8.448553068175299
2019-12-01 10:00:00,80.75599744753724,10.23684111111111,0.12,0.20000000000000004,0.20000000000000004,0.0,0.0,0.0,-0.0,70.51915633642614,8.462298760371135,0.0,-8.462298760371135
2019-12-01 11:00:00,80.41672786062367,9.990434393939394,0.12,0.20000000000000004,0.10000000000000003,-47.5,-47.5,0.0,47.5,22.92629346668427,2.7511552160021124,2.0,-4.751155216002113
2019-12-01 12:00:00,78.40159364861304,11.108512435897437,0.12,0.10000000000000003,0.20000000000000004,52.631578947368425,52.631578947368425,52.631578947368425,0.0,119.92466016008403,14.390959219210083,2.0,-16.39095921921008
2019-12-01 13:00:00,76.61054077868764,6.327790277777779,0.12,0.20000000000000004,0.30000000000000004,52.631578947368425,52.631578947368425,52.631578947368425,0.0,122.91432944827828,14.749719533793392,2.0,-16.749719533793392
2019-12-01 14:00:00,76.52844532455957,3.7090090909090905,0.12,0.30000000000000004,0.20000000000000004,-47.5,-47.5,0.0,47.5,25.319436233650478,3.038332348038057,2.0,-5.0383323480380575
2019-12-01 15:00:00,79.47827832942875,2.7751814102564105,0.12,0.20000000000000004,0.10000000000000003,-47.5,-47.5,0.0,47.5,29.20309691917234,3.5043716303006804,2.0,-5.50437163030068
2019-12-01 16:00:00,81.8985447742833,0.08099169262720664,0.12,0.10000000000000003,0.20000000000000004,52.631578947368425,52.631578947368425,52.631578947368425,0.0,134.4491320290245,16.13389584348294,2.0,-18.13389584348294
2019-12-01 17:00:00,94.84257750141778,0.0,0.12,0.20000000000000004,0.20000000000000004,0.0,0.0,0.0,-0.0,94.84257750141778,11.381109300170133,0.0,-11.381109300170133
2019-12-01 18:00:00,78.65447103804833,0.0,0.12,0.20000000000000004,0.10000000000000003,-47.5,-47.5,0.0,47.5,31.154471038048328,3.738536524565799,2.0,-5.738536524565799
2019-12-01 19:00:00,80.59329548049026,0.0,0.12,0.10000000000000003,0.1,-1.3183898417423734e-14,-1.3183898417423734e-14,0.0,1.3183898417423734e-14,80.59329548049024,9.671195457658829,5.551115123125783e-16,-9.671195457658829
2019-12-01 20:00:00,80.46843465232938,0.0,0.12,0.1,0.1,-0.0,-0.0,-0.0,0.0,80.46843465232938,9.656212158279525,0.0,-9.656212158279525
2019-12-01 21:00:00,78.29306600650189,0.0,0.12,0.1,0.1,0.0,0.0,0.0,-0.0,78.29306600650189,9.395167920780226,0.0,-9.395167920780226
2019-12-01 22:00:00,77.23832075660191,0.0,0.12,0.1,0.1,-0.0,-0.0,-0.0,0.0,77.23832075660191,9.268598490792229,0.0,-9.268598490792229
2019-12-01 23:00:00,77.26358238170427,0.0,0.12,0.1,0.2,52.631578947368425,52.631578947368425,52.631578947368425,0.0,129.8951613290727,15.587419359488722,2.0,-17.58741935948872
2019-12-02 00:00:00,77.79458544384661,0.0,0.1,0.2,0.1,-47.5,-47.5,0.0,47.5,30.294585443846614,3.0294585443846618,2.0,-5.029458544384662
2019-12-02 01:00:00,77.1551197327901,0.0,0.1,0.1,0.1,-0.0,-0.0,-0.0,0.0,77.1551197327901,7.7155119732790105,0.0,-7.7155119732790105
2019-12-02 02:00:00,74.81617554362305,0.0,0.1,0.1,0.1,-0.0,-0.0,-0.0,0.0,74.81617554362305,7.481617554362305,0.0,-7.481617554362305
2019-12-02 03:00:00,77.86985076290578,0.0,0.1,0.1,0.1,-0.0,-0.0,-0.0,0.0,77.86985076290578,7.786985076290579,0.0,-7.786985076290579
2019-12-02 04:00:00,77.81938052628092,0.0,0.1,0.1,0.1,-0.0,-0.0,-0.0,0.0,77.81938052628092,7.781938052628092,0.0,-7.781938052628092
2019-12-02 05:00:00,81.98359149205682,0.0,0.1,0.1,0.2,52.631578947368425,52.631578947368425,52.631578947368425,0.0,134.61517043942524,13.461517043942525,2.0,-15.461517043942525
2019-12-02 06:00:00,77.71295481113671,0.0,0.1,0.2,0.1,-47.5,-47.5,0.0,47.5,30.21295481113671,3.0212954811136714,2.0,-5.021295481113672
2019-12-02 07:00:00,81.82539230103932,0.13427570093457944,0.18,0.1,0.1,-0.0,-0.0,-0.0,0.0,81.69111660010473,14.704400988018852,0.0,-14.704400988018852
2019-12-02 08:00:00,89.30042391414864,6.03055606060606,0.18,0.1,0.2,52.631578947368425,52.631578947368425,52.631578947368425,0.0,135.901446800911,24.46226042416398,2.0,-26.46226042416398
2019-12-02 09:00:00,92.22395840957968,9.217391282051283,0.18,0.2,0.1,-47.5,-47.5,0.0,47.5,35.5065671275284,6.391182082955112,2.0,-8.391182082955112
2019-12-02 10:00:00,91.73493754248074,24.53431236111111,0.18,0.1,0.1,-0.0,-0.0,-0.0,0.0,67.20062518136963,12.096112532646533,0.0,-12.096112532646533
2019-12-02 11:00:00,92.63255607707808,21.74624,0.18,0.1,0.1,0.0,0.0,0.0,-0.0,70.88631607707808,12.759536893874053,0.0,-12.759536893874053
2019-12-02 12:00:00,89.9175317383145,19.863055512820512,0.18,0.1,0.1,0.0,0.0,0.0,-0.0,70.05447622549399,12.609805720588916,0.0,-12.609805720588916
2019-12-02 13:00:00,89.27429045456218,20.24452638888889,0.18,0.1,0.2,52.631578947368425,52.631578947368425,52.631578947368425,0.0,121.66134301304172,21.899041742347507,2.0,-23.899041742347507
2019-12-02 14:00:00,89.1041076235466,13.568884393939395,0.18,0.2,0.1,-47.5,-47.5,0.0,47.5,28.035223229607197,5.046340181329295,2.0,-7.046340181329295
2019-12-02 15:00:00,90.66551680890773,7.81240141025641,0.18,0.1,0.1,-0.0,-0.0,-0.0,0.0,82.85311539865131,14.913560771757236,0.0,-14.913560771757236
2019-12-02 16:00:00,90.17840688093973,2.4514002206645897,0.32,0.1,0.1,-0.0,-0.0,-0.0,0.0,87.72700666027514,28.072642131288045,0.0,-28.072642131288045
2019-12-02 17:00:00,85.29315620246686,0.0,0.32,0.1,0.2,52.631578947368425,52.631578947368425,52.631578947368425,0.0,137.92473514983527,44.13591524794729,2.0,-46.13591524794729
2019-12-02 18:00:00,85.97574309004193,0.0,0.32,0.2,0.1,-47.5,-47.5,0.0,47.5,38.47574309004193,12.312237788813418,2.0,-14.312237788813418
2019-12-02 19:00:00,86.83306448925129,0.0,0.32,0.1,0.1,-0.0,-0.0,-0.0,0.0,86.83306448925129,27.786580636560412,0.0,-27.786580636560412
2019-12-02 20:00:00,85.86271369775831,0.0,0.32,0.1,0.1,0.0,0.0,0.0,-0.0,85.86271369775831,27.47606838328266,0.0,-27.47606838328266
2019-12-02 21:00:00,80.66547198057059,0.0,0.32,0.1,0.1,-0.0,-0.0,-0.0,0.0,80.66547198057059,25.81295103378259,0.0,-25.81295103378259
2019-12-02 22:00:00,80.78198435130494,0.0,0.1,0.1,0.1,0.0,0.0,0.0,-0.0,80.78198435130494,8.078198435130494,0.0,-8.078198435130494
2019-12-02 23:00:00,77.30268152982454,0.0,0.1,0.1,0.1,-0.0,-0.0,-0.0,0.0,77.30268152982454,7.730268152982454,0.0,-7.730268152982454
2019-12-03 00:00:00,78.2336139690955,0.0,0.1,0.1,0.2,52.631578947368425,52.631578947368425,52.631578947368425,0.0,130.8651929164639,13.086519291646391,2.0,-15.086519291646391
2019-12-03 01:00:00,79.72348618638718,0.0,0.1,0.2,0.1,-47.5,-47.5,0.0,47.5,32.22348618638718,3.222348618638718,2.0,-5.222348618638717
2019-12-03 02:00:00,78.74429550580808,0.0,0.1,0.1,0.1,-0.0,-0.0,-0.0,0.0,78.74429550580808,7.874429550580809,0.0,-7.874429550580809
2019-12-03 03:00:00,78.11128473850853,0.0,0.1,0.1,0.1,-0.0,-0.0,-0.0,0.0,78.11128473850853,7.811128473850854,0.0,-7.811128473850854
2019-12-03 04:00:00,77.42033936872816,0.0,0.1,0.1,0.1,-0.0,-0.0,-0.0,0.0,77.42033936872816,7.742033936872817,0.0,-7.742033936872817
2019-12-03 05:00:00,82.9069439329153,0.0,0.1,0.1,0.1,0.0,0.0,0.0,-0.0,82.9069439329153,8.29069439329153,0.0,-8.29069439329153
2019-12-03 06:00:00,80.61815332838644,0.0,0.1,0.1,0.1,0.0,0.0,0.0,-0.0,80.61815332838644,8.061815332838645,0.0,-8.061815332838645
2019-12-03 07:00:00,84.52392181882517,12.483534435358257,0.18,0.1,0.1,-0.0,-0.0,-0.0,0.0,72.04038738346692,12.967269729024045,0.0,-12.967269729024045
2019-12-03 08:00:00,90.16238294082851,50.82541515151514,0.18,0.1,0.2,52.631578947368425,52.631578947368425,52.631578947368425,0.0,91.96854673668179,16.55433841260272,2.0,-18.55433841260272
2019-12-03 09:00:00,97.9115193564919,81.39063717948717,0.18,0.2,0.1,-47.5,-47.5,0.0,47.5,-30.979117822995278,0.0,2.0,-2.0
2019-12-03 10:00:00,102.80131069646553,100.10967916666665,0.18,0.1,0.1,-0.0,-0.0,-0.0,0.0,2.691631529798883,0.48449367536379895,0.0,-0.48449367536379895
2019-12-03 11:00:00,91.41171697463575,103.83090454545454,0.18,0.1,0.1,0.0,0.0,0.0,-0.0,-12.419187570818792,0.0,0.0,-0.0
2019-12-03 12:00:00,88.47658631451388,98.48935512820512,0.18,0.1,0.2,52.631578947368425,52.631578947368425,52.631578947368425,0.0,42.61881013367719,7.671385824061893,2.0,-9.671385824061893
2019-12-03 13:00:00,112.8767838992149,45.59621513888888,0.18,0.2,0.1,-47.5,-47.5,0.0,47.5,19.78056876032602,3.5605023768586834,2.0,-5.560502376858683
2019-12-03 14:00:00,91.63205918088546,22.223065151515154,0.18,0.1,0.1,-0.0,-0.0,-0.0,0.0,69.4089940293703,12.493618925286654,0.0,-12.493618925286654
2019-12-03 15:00:00,112.06217714055484,5.980193589743591,0.18,0.1,0.1,-0.0,-0.0,-0.0,0.0,106.08198355081124,19.094757039146025,0.0,-19.094757039146025
2019-12-03 16:00:00,80.81988578651406,1.3534214953271029,0.32,0.1,0.1,-0.0,-0.0,-0.0,0.0,79.46646429118697,25.42926857317983,0.0,-25.42926857317983
2019-12-03 17:00:00,77.46744654055095,0.0,0.32,0.1,0.2,52.631578947368425,52.631578947368425,52.631578947368425,0.0,130.0990254879194,41.6316881561342,2.0,-43.6316881561342
2019-12-03 18:00:00,78.88795968423496,0.0,0.32,0.2,0.1,-47.5,-47.5,0.0,47.5,31.387959684234957,10.044147098955186,2.0,-12.044147098955186
2019-12-03 19:00:00,81.68109695802563,0.0,0.32,0.1,0.1,-0.0,-0.0,-0.0,0.0,81.68109695802563,26.137951026568203,0.0,-26.137951026568203
2019-12-03 20:00:00,77.83550533998361,0.0,0.32,0.1,0.1,-0.0,-0.0,-0.0,0.0,77.83550533998361,24.907361708794756,0.0,-24.907361708794756
2019-12-03 21:00:00,76.72090227515002,0.0,0.32,0.1,0.1,0.0,0.0,0.0,-0.0,76.72090227515002,24.55068872804801,0.0,-24.55068872804801
2019-12-03 22:00:00,74.8490281505517,0.0,0.1,0.1,0.1,0.0,0.0,0.0,-0.0,74.8490281505517,7.484902815055171,0.0,-7.484902815055171
2019-12-03 23:00:00,73.39666975524474,0.0,0.1,0.1,0.1,-0.0,-0.0,-0.0,0.0,73.39666975524474,7.339666975524475,0.0,-7.339666975524475
2019-12-04 00:00:00,71.34412189357704,0.0,0.1,0.1,0.2,52.631578947368425,52.631578947368425,52.631578947368425,0.0,123.97570084094546,12.397570084094546,2.0,-14.397570084094546
2019-12-04 01:00:00,72.24468322988287,0.0,0.1,0.2,0.30000000000000004,52.631578947368425,52.631578947368425,52.631578947368425,0.0,124.87626217725129,12.48762621772513,2.000000000000001,-14.48762621772513
2019-12-04 02:00:00,73.53018141269557,0.0,0.1,0.30000000000000004,0.4,52.631578947368425,52.631578947368425,52.631578947368425,0.0,126.161760360064,12.6161760360064,1.9999999999999996,-14.6161760360064
2019-12-04 03:00:00,74.60070013039629,0.0,0.1,0.4,0.30000000000000004,-47.5,-47.5,0.0,47.5,27.10070013039629,2.7100700130396294,1.9999999999999996,-4.710070013039629
2019-12-04 04:00:00,75.01451991980916,0.0,0.1,0.30000000000000004,0.20000000000000004,-47.5,-47.5,0.0,47.5,27.51451991980916,2.7514519919809164,2.0,-4.751451991980916
2019-12-04 05:00:00,76.83645911859234,0.0,0.1,0.20000000000000004,0.10000000000000003,-47.5,-47.5,0.0,47.5,29.336459118592344,2.9336459118592346,2.0,-4.933645911859235
2019-12-04 06:00:00,74.80572438963752,0.0,0.1,0.10000000000000003,0.10000000000000003,0.0,0.0,0.0,-0.0,74.80572438963752,7.480572438963752,0.0,-7.480572438963752
2019-12-04 07:00:00,79.8909938713468,0.14493250259605397,0.18,0.10000000000000003,0.1,-1.3183898417423734e-14,-1.3183898417423734e-14,0.0,1.3183898417423734e-14,79.74606136875073,14.354291046375131,5.551115123125783e-16,-14.354291046375131
2019-12-04 08:00:00,92.30029080053868,2.665293642027754,0.18,0.1,0.1,0.0,0.0,0.0,-0.0,89.63499715851093,16.134299488531965,0.0,-16.134299488531965
2019-12-04 09:00:00,92.97352340042691,6.138903340522406,0.18,0.1,0.1,0.0,0.0,0.0,-0.0,86.83462005990451,15.630231610782811,0.0,-15.630231610782811
2019-12-04 10:00:00,91.50564315363584,9.938719305555555,0.18,0.1,0.1,-0.0,-0.0,-0.0,0.0,81.5669238480803,14.682046292654451,0.0,-14.682046292654451
2019-12-04 11:00:00,120.81880295666794,19.522993181818183,0.18,0.1,0.1,0.0,0.0,0.0,-0.0,101.29580977484976,18.233245759472954,0.0,-18.233245759472954
2019-12-04 12:00:00,93.75168121430131,26.38399064102564,0.18,0.1,0.2,52.631578947368425,52.631578947368425,52.631578947368425,0.0,119.99926952064409,21.599868513715936,2.0,-23.599868513715936
2019-12-04 13:00:00,90.886169368188,19.45393673611111,0.18,0.2,0.30000000000000004,52.631578947368425,52.631578947368425,52.631578947368425,0.0,124.06381157944533,22.33148608430016,2.000000000000001,-24.33148608430016
2019-12-04 14:00:00,114.07675102417771,10.633354393939394,0.18,0.30000000000000004,0.20000000000000004,-47.5,-47.5,0.0,47.5,55.94339663023831,10.069811393442896,2.0,-12.069811393442896
2019-12-04 15:00:00,95.09962176727389,3.433292307692308,0.18,0.20000000000000004,0.10000000000000003,-47.5,-47.5,0.0,47.5,44.166329459581576,7.949939302724683,2.0,-9.949939302724683
2019-12-04 16:00:00,85.3255191505615,0.39217030114226376,0.32,0.10000000000000003,0.1,-1.3183898417423734e-14,-1.3183898417423734e-14,0.0,1.3183898417423734e-14,84.93334884941923,27.178671631814154,5.551115123125783e-16,-27.178671631814154
2019-12-04 17:00:00,84.17655565692071,0.0,0.32,0.1,0.2,52.631578947368425,52.631578947368425,52.631578947368425,0.0,136.80813460428914,43.77860307337252,2.0,-45.77860307337252
2019-12-04 18:00:00,81.69758205167668,0.0,0.32,0.2,0.1,-47.5,-47.5,0.0,47.5,34.197582051676676,10.943226256536537,2.0,-12.943226256536537
2019-12-04 19:00:00,84.10223563850211,0.0,0.32,0.1,0.1,-0.0,-0.0,-0.0,0.0,84.10223563850211,26.912715404320675,0.0,-26.912715404320675
2019-12-04 20:00:00,84.37880472948376,0.0,0.32,0.1,0.1,-0.0,-0.0,-0.0,0.0,84.37880472948376,27.001217513434803,0.0,-27.001217513434803
2019-12-04 21:00:00,79.86824233387674,0.0,0.32,0.1,0.1,-0.0,-0.0,-0.0,0.0,79.86824233387674,25.557837546840556,0.0,-25.557837546840556
2019-12-04 22:00:00,76.05768773625033,0.0,0.1,0.1,0.1,0.0,0.0,0.0,-0.0,76.05768773625033,7.605768773625034,0.0,-7.605768773625034
2019-12-04 23:00:00,76.09154818734402,0.0,0.1,0.1,0.1,-0.0,-0.0,-0.0,0.0,76.09154818734402,7.609154818734402,0.0,-7.609154818734402
2019-12-05 00:00:00,75.65916547349073,0.0,0.1,0.1,0.2,52.631578947368425,52.631578947368425,52.631578947368425,0.0,128.29074442085914,12.829074442085915,2.0,-14.829074442085915
2019-12-05 01:00:00,75.48092900601699,0.0,0.1,0.2,0.1,-47.5,-47.5,0.0,47.5,27.980929006016993,2.7980929006016995,2.0,-4.7980929006016995
2019-12-05 02:00:00,75.06279245717423,0.0,0.1,0.1,0.1,-0.0,-0.0,-0.0,0.0,75.06279245717423,7.5062792457174226,0.0,-7.5062792457174226
2019-12-05 03:00:00,75.35576545493817,0.0,0.1,0.1,0.1,-0.0,-0.0,-0.0,0.0,75.35576545493817,7.535576545493817,0.0,-7.535576545493817
2019-12-05 04:00:00,76.92563518390394,0.0,0.1,0.1,0.2,52.631578947368425,52.631578947368425,52.631578947368425,0.0,129.55721413127236,12.955721413127236,2.0,-14.955721413127236
2019-12-05 05:00:00,81.06297870995671,0.0,0.1,0.2,0.1,-47.5,-47.5,0.0,47.5,33.56297870995671,3.3562978709956712,2.0,-5.356297870995672
2019-12-05 06:00:00,76.99971043615587,0.0,0.1,0.1,0.1,0.0,0.0,0.0,-0.0,76.99971043615587,7.699971043615587,0.0,-7.699971043615587
2019-12-05 07:00:00,78.60152036187873,2.396682255970924,0.18,0.1,0.2,52.631578947368425,52.631578947368425,52.631578947368425,0.0,128.83641705327622,23.19055506958972,2.0,-25.19055506958972
2019-12-05 08:00:00,85.96018082736973,10.623550227272728,0.18,0.2,0.1,-47.5,-47.5,0.0,47.5,27.836630600096996,5.010593508017459,2.0,-7.010593508017459
2019-12-05 09:00:00,89.58814693334905,23.957644615384616,0.18,0.1,0.2,52.631578947368425,52.631578947368425,52.631578947368425,0.0,118.26208126533287,21.287174627759914,2.0,-23.287174627759914
2019-12-05 10:00:00,95.00435556158995,32.21037833333333,0.18,0.2,0.1,-47.5,-47.5,0.0,47.5,15.293977228256615,2.7529159010861908,2.0,-4.75291590108619
2019-12-05 11:00:00,95.81090984583938,45.126338636363634,0.18,0.1,0.1,0.0,0.0,0.0,-0.0,50.68457120947574,9.123222817705633,0.0,-9.123222817705633
2019-12-05 12:00:00,95.89948190739038,45.2663091025641,0.18,0.1,0.1,0.0,0.0,0.0,-0.0,50.63317280482628,9.11397110486873,0.0,-9.11397110486873
2019-12-05 13:00:00,103.9837440056174,35.276633194444436,0.18,0.1,0.2,52.631578947368425,52.631578947368425,52.631578947368425,0.0,121.33868975854138,21.840964156537446,2.0,-23.840964156537446
2019-12-05 14:00:00,91.7043318704049,22.131502878787877,0.18,0.2,0.1,-47.5,-47.5,0.0,47.5,22.07282899161703,3.9731092184910652,2.0,-5.973109218491065
2019-12-05 15:00:00,87.76750894856039,12.257560641025643,0.18,0.1,0.1,-0.0,-0.0,-0.0,0.0,75.50994830753474,13.591790695356254,0.0,-13.591790695356254
2019-12-05 16:00:00,85.19024192700745,2.1887838395638632,0.32,0.1,0.1,-0.0,-0.0,-0.0,0.0,83.00145808744358,26.560466587981946,0.0,-26.560466587981946
2019-12-05 17:00:00,88.70841909180109,0.0,0.32,0.1,0.2,52.631578947368425,52.631578947368425,52.631578947368425,0.0,141.33999803916953,45.22879937253425,2.0,-47.22879937253425
2019-12-05 18:00:00,83.49427417300406,0.0,0.32,0.2,0.1,-47.5,-47.5,0.0,47.5,35.99427417300406,11.518167735361299,2.0,-13.518167735361299
2019-12-05 19:00:00,84.1593176033538,0.0,0.32,0.1,0.1,-0.0,-0.0,-0.0,0.0,84.1593176033538,26.930981633073216,0.0,-26.930981633073216
2019-12-05 20:00:00,81.77214531403435,0.0,0.32,0.1,0.1,0.0,0.0,0.0,-0.0,81.77214531403435,26.167086500490992,0.0,-26.167086500490992
2019-12-05 21:00:00,81.91459864873228,0.0,0.32,0.1,0.1,-0.0,-0.0,-0.0,0.0,81.91459864873228,26.21267156759433,0.0,-26.21267156759433
2019-12-05 22:00:00,78.72970140494262,0.0,0.1,0.1,0.1,0.0,0.0,0.0,-0.0,78.72970140494262,7.872970140494262,0.0,-7.872970140494262
2019-12-05 23:00:00,78.27529047982506,0.0,0.1,0.1,0.1,-0.0,-0.0,-0.0,0.0,78.27529047982506,7.827529047982506,0.0,-7.827529047982506
2019-12-06 00:00:00,75.31888010394997,0.0,0.1,0.1,0.2,52.631578947368425,52.631578947368425,52.631578947368425,0.0,127.95045905131839,12.79504590513184,2.0,-14.79504590513184
2019-12-06 01:00:00,77.73150358372463,0.0,0.1,0.2,0.1,-47.5,-47.5,0.0,47.5,30.23150358372463,3.0231503583724635,2.0,-5.0231503583724635
2019-12-06 02:00:00,77.6994227817572,0.0,0.1,0.1,0.1,-0.0,-0.0,-0.0,0.0,77.6994227817572,7.769942278175721,0.0,-7.769942278175721
2019-12-06 03:00:00,77.34102059800718,0.0,0.1,0.1,0.1,-0.0,-0.0,-0.0,0.0,77.34102059800718,7.734102059800718,0.0,-7.734102059800718
2019-12-06 04:00:00,75.47961568634882,0.0,0.1,0.1,0.1,-0.0,-0.0,-0.0,0.0,75.47961568634882,7.547961568634882,0.0,-7.547961568634882
2019-12-06 05:00:00,76.31235584297868,0.0,0.1,0.1,0.2,52.631578947368425,52.631578947368425,52.631578947368425,0.0,128.9439347903471,12.894393479034711,2.0,-14.894393479034711
2019-12-06 06:00:00,78.1282367965791,0.0,0.1,0.2,0.2,0.0,0.0,0.0,-0.0,78.1282367965791,7.81282367965791,0.0,-7.81282367965791
2019-12-06 07:00:00,90.4333040686684,4.3262409657320875,0.18,0.2,0.1,-47.5,-47.5,0.0,47.5,38.60706310293632,6.949271358528538,2.0,-8.949271358528538
2019-12-06 08:00:00,93.28941322852846,16.969406515151515,0.18,0.1,0.2,52.631578947368425,52.631578947368425,52.631578947368425,0.0,128.95158566074537,23.211285418934164,2.0,-25.211285418934164
2019-12-06 09:00:00,93.91734061371218,68.04038025641026,0.18,0.2,0.1,-47.5,-47.5,0.0,47.5,-21.623039642698075,0.0,2.0,-2.0
2019-12-06 10:00:00,127.84751468786173,95.52233333333334,0.18,0.1,0.1,-0.0,-0.0,-0.0,0.0,32.3251813545284,5.818532643815111,0.0,-5.818532643815111
2019-12-06 11:00:00,120.50992339636973,102.29673181818181,0.18,0.1,0.1,-0.0,-0.0,-0.0,0.0,18.213191578187917,3.278374484073825,0.0,-3.278374484073825
2019-12-06 12:00:00,100.41391195993356,93.18452153846155,0.18,0.1,0.2,52.631578947368425,52.631578947368425,52.631578947368425,0.0,59.86096936884043,10.774974486391276,2.0,-12.774974486391276
2019-12-06 13:00:00,101.08006485271333,34.45562138888889,0.18,0.2,0.1,-47.5,-47.5,0.0,47.5,19.124443463824434,3.442399823488398,2.0,-5.4423998234883975
2019-12-06 14:00:00,92.54972365252627,12.496295151515149,0.18,0.1,0.1,-0.0,-0.0,-0.0,0.0,80.05342850101113,14.409617130182003,0.0,-14.409617130182003
2019-12-06 15:00:00,92.46616499598203,10.848978076923078,0.18,0.1,0.1,-0.0,-0.0,-0.0,0.0,81.61718691905895,14.69109364543061,0.0,-14.69109364543061
2019-12-06 16:00:00,89.58347085824276,1.782829854620976,0.32,0.1,0.1,-0.0,-0.0,-0.0,0.0,87.80064100362179,28.096205121158974,0.0,-28.096205121158974
2019-12-06 17:00:00,84.94770251809679,0.0,0.32,0.1,0.2,52.631578947368425,52.631578947368425,52.631578947368425,0.0,137.57928146546521,44.02537006894887,2.0,-46.02537006894887
2019-12-06 18:00:00,85.34443005535387,0.0,0.32,0.2,0.1,-47.5,-47.5,0.0,47.5,37.84443005535387,12.110217617713237,2.0,-14.110217617713237
2019-12-06 19:00:00,83.36421668395204,0.0,0.32,0.1,0.1,-0.0,-0.0,-0.0,0.0,83.36421668395204,26.676549338864653,0.0,-26.676549338864653
2019-12-06 20:00:00,82.82749352313459,0.0,0.32,0.1,0.1,0.0,0.0,0.0,-0.0,82.82749352313459,26.50479792740307,0.0,-26.50479792740307
2019-12-06 21:00:00,78.48306040097086,0.0,0.32,0.1,0.1,-0.0,-0.0,-0.0,0.0,78.48306040097086,25.114579328310676,0.0,-25.114579328310676
2019-12-06 22:00:00,76.77735829726414,0.0,0.1,0.1,0.1,0.0,0.0,0.0,-0.0,76.77735829726414,7.677735829726415,0.0,-7.677735829726415
2019-12-06 23:00:00,77.08654987972963,0.0,0.1,0.1,0.1,-0.0,-0.0,-0.0,0.0,77.08654987972963,7.708654987972963,0.0,-7.708654987972963
2019-12-07 00:00:00,78.18036769784835,0.0,0.12,0.1,0.1,-0.0,-0.0,-0.0,0.0,78.18036769784835,9.381644123741802,0.0,-9.381644123741802
2019-12-07 01:00:00,76.90141822208804,0.0,0.12,0.1,0.1,-0.0,-0.0,-0.0,0.0,76.90141822208804,9.228170186650564,0.0,-9.228170186650564
2019-12-07 02:00:00,75.1913468619773,0.0,0.12,0.1,0.1,0.0,0.0,0.0,-0.0,75.1913468619773,9.022961623437276,0.0,-9.022961623437276
2019-12-07 03:00:00,75.78823301036886,0.0,0.12,0.1,0.1,-0.0,-0.0,-0.0,0.0,75.78823301036886,9.094587961244262,0.0,-9.094587961244262
2019-12-07 04:00:00,76.61968611985729,0.0,0.12,0.1,0.1,-0.0,-0.0,-0.0,0.0,76.61968611985729,9.194362334382875,0.0,-9.194362334382875
2019-12-07 05:00:00,81.10259929692025,0.0,0.12,0.1,0.2,52.631578947368425,52.631578947368425,52.631578947368425,0.0,133.73417824428867,16.04810138931464,2.0,-18.04810138931464
2019-12-07 06:00:00,77.59168116163603,0.0,0.12,0.2,0.30000000000000004,52.631578947368425,52.631578947368425,52.631578947368425,0.0,130.22326010900446,15.626791213080534,2.000000000000001,-17.626791213080534
2019-12-07 07:00:00,75.98383453465694,1.4751145379023882,0.12,0.30000000000000004,0.20000000000000004,-47.5,-47.5,0.0,47.5,27.00871999675455,3.241046399610546,2.0,-5.241046399610546
2019-12-07 08:00:00,80.49334106454954,37.27998848484849,0.12,0.20000000000000004,0.20000000000000004,0.0,0.0,0.0,-0.0,43.21335257970105,5.185602309564126,0.0,-5.185602309564126
2019-12-07 09:00:00,86.74746768282616,78.70325769230769,0.12,0.20000000000000004,0.20000000000000004,0.0,0.0,0.0,-0.0,8.044209990518468,0.9653051988622161,0.0,-0.9653051988622161
2019-12-07 10:00:00,91.12431916567694,99.74948472222223,0.12,0.20000000000000004,0.20000000000000004,0.0,0.0,0.0,-0.0,-8.625165556545298,0.0,0.0,-0.0
2019-12-07 11:00:00,90.10643779349927,70.80864484848486,0.12,0.20000000000000004,0.10000000000000003,-47.5,-47.5,0.0,47.5,-28.202207054985593,0.0,2.0,-2.0
2019-12-07 12:00:00,83.68770691343829,30.735912435897436,0.12,0.10000000000000003,0.1,-1.3183898417423734e-14,-1.3183898417423734e-14,0.0,1.3183898417423734e-14,52.951794477540844,6.354215337304901,5.551115123125783e-16,-6.354215337304902
2019-12-07 13:00:00,81.0903078723534,15.241770833333334,0.12,0.1,0.2,52.631578947368425,52.631578947368425,52.631578947368425,0.0,118.4801159863885,14.217613918366618,2.0,-16.217613918366617
2019-12-07 14:00:00,81.01075113105767,7.403948787878789,0.12,0.2,0.30000000000000004,52.631578947368425,52.631578947368425,52.631578947368425,0.0,126.23838129054731,15.148605754865677,2.000000000000001,-17.148605754865677
2019-12-07 15:00:00,83.93075425810632,7.672672435897436,0.12,0.30000000000000004,0.4,52.631578947368425,52.631578947368425,52.631578947368425,0.0,128.8896607695773,15.466759292349273,1.9999999999999996,-17.466759292349273
2019-12-07 16:00:00,79.49417851546907,5.574856944444444,0.12,0.4,0.4,0.0,0.0,0.0,-0.0,73.91932157102462,8.870318588522954,0.0,-8.870318588522954
2019-12-07 17:00:00,76.39004406560342,0.0,0.12,0.4,0.4,0.0,0.0,0.0,-0.0,76.39004406560342,9.16680528787241,0.0,-9.16680528787241
2019-12-07 18:00:00,78.20939561653809,0.0,0.12,0.4,0.30000000000000004,-47.5,-47.5,0.0,47.5,30.70939561653809,3.6851274739845703,1.9999999999999996,-5.68512747398457
2019-12-07 19:00:00,77.48939793577419,0.0,0.12,0.30000000000000004,0.4,52.631578947368425,52.631578947368425,52.631578947368425,0.0,130.12097688314262,15.614517225977114,1.9999999999999996,-17.614517225977114
2019-12-07 20:00:00,76.71712093044749,0.0,0.12,0.4,0.30000000000000004,-47.5,-47.5,0.0,47.5,29.217120930447493,3.506054511653699,1.9999999999999996,-5.506054511653699
2019-12-07 21:00:00,81.08045465648728,0.0,0.12,0.30000000000000004,0.30000000000000004,0.0,0.0,0.0,-0.0,81.08045465648728,9.729654558778472,0.0,-9.729654558778472
2019-12-07 22:00:00,80.18519570558054,0.0,0.12,0.30000000000000004,0.30000000000000004,0.0,0.0,0.0,-0.0,80.18519570558054,9.622223484669664,0.0,-9.622223484669664
2019-12-07 23:00:00,77.4733561592819,0.0,0.12,0.30000000000000004,0.20000000000000004,-47.5,-47.5,0.0,47.5,29.973356159281906,3.5968027391138286,2.0,-5.596802739113828
2019-12-08 00:00:00,74.9694972534536,0.0,0.12,0.20000000000000004,0.20000000000000004,0.0,0.0,0.0,-0.0,74.9694972534536,8.99633967041443,0.0,-8.99633967041443
2019-12-08 01:00:00,75.30777692206449,0.0,0.12,0.20000000000000004,0.10000000000000003,-47.5,-47.5,0.0,47.5,27.80777692206449,3.336933230647739,2.0,-5.336933230647739
2019-12-08 02:00:00,76.3038736727773,0.0,0.12,0.10000000000000003,0.10000000000000003,0.0,0.0,0.0,-0.0,76.3038736727773,9.156464840733276,0.0,-9.156464840733276
2019-12-08 03:00:00,77.12630207296051,0.0,0.12,0.10000000000000003,0.1,-1.3183898417423734e-14,-1.3183898417423734e-14,0.0,1.3183898417423734e-14,77.1263020729605,9.25515624875526,5.551115123125783e-16,-9.25515624875526
2019-12-08 04:00:00,77.18621478622383,0.0,0.12,0.1,0.1,-0.0,-0.0,-0.0,0.0,77.18621478622383,9.262345774346858,0.0,-9.262345774346858
2019-12-08 05:00:00,80.97770319938017,0.0,0.12,0.1,0.2,52.631578947368425,52.631578947368425,52.631578947368425,0.0,133.6092821467486,16.03311385760983,2.0,-18.03311385760983
2019-12-08 06:00:00,77.85990269439165,0.0,0.12,0.2,0.30000000000000004,52.631578947368425,52.631578947368425,52.631578947368425,0.0,130.49148164176006,15.658977797011207,2.000000000000001,-17.658977797011207
2019-12-08 07:00:00,77.39109610913712,2.4251842419522323,0.12,0.30000000000000004,0.20000000000000004,-47.5,-47.5,0.0,47.5,27.465911867184886,3.2959094240621862,2.0,-5.295909424062186
2019-12-08 08:00:00,77.92689186327651,17.083385606060606,0.12,0.20000000000000004,0.20000000000000004,0.0,0.0,0.0,-0.0,60.84350625721591,7.301220750865909,0.0,-7.301220750865909
2019-12-08 09:00:00,78.40609613697308,66.58082923076924,0.12,0.20000000000000004,0.20000000000000004,0.0,0.0,0.0,-0.0,11.825266906203836,1.4190320287444602,0.0,-1.4190320287444602
2019-12-08 10:00:00,85.76693834506789,85.87589166666667,0.12,0.20000000000000004,0.20000000000000004,0.0,0.0,0.0,-0.0,-0.1089533215987899,0.0,0.0,-0.0
2019-12-08 11:00:00,77.91514069877623,63.24780757575757,0.12,0.20000000000000004,0.10000000000000003,-47.5,-47.5,0.0,47.5,-32.83266687698134,0.0,2.0,-2.0
2019-12-08 12:00:00,87.6106442505359,113.11054102564103,0.12,0.10000000000000003,0.1,-1.3183898417423734e-14,-1.3183898417423734e-14,0.0,1.3183898417423734e-14,-25.499896775105142,0.0,5.551115123125783e-16,-5.551115123125783e-16
2019-12-08 13:00:00,83.04308349076472,50.65968180555556,0.12,0.1,0.2,52.631578947368425,52.631578947368425,52.631578947368425,0.0,85.01498063257759,10.20179767590931,2.0,-12.20179767590931
2019-12-08 14:00:00,77.3637221552675,22.915541515151514,0.12,0.2,0.30000000000000004,52.631578947368425,52.631578947368425,52.631578947368425,0.0,107.0797595874844,12.849571150498129,2.000000000000001,-14.849571150498129
2019-12-08 15:00:00,81.98053892056706,33.33634102564102,0.12,0.30000000000000004,0.4,52.631578947368425,52.631578947368425,52.631578947368425,0.0,101.27577684229446,12.153093221075334,1.9999999999999996,-14.153093221075334
2019-12-08 16:00:00,77.62058716910472,2.2590933800623056,0.12,0.4,0.4,0.0,0.0,0.0,-0.0,75.36149378904241,9.043379254685089,0.0,-9.043379254685089
2019-12-08 17:00:00,75.35837462786452,0.0,0.12,0.4,0.4,0.0,0.0,0.0,-0.0,75.35837462786452,9.043004955343742,0.0,-9.043004955343742
2019-12-08 18:00:00,77.56788313406145,0.0,0.12,0.4,0.30000000000000004,-47.5,-47.5,0.0,47.5,30.067883134061447,3.6081459760873735,1.9999999999999996,-5.608145976087373
2019-12-08 19:00:00,79.88949246137878,0.0,0.12,0.30000000000000004,0.4,52.631578947368425,52.631578947368425,52.631578947368425,0.0,132.52107140874722,15.902528569049666,1.9999999999999996,-17.902528569049664
2019-12-08 20:00:00,79.04128120772506,0.0,0.12,0.4,0.30000000000000004,-47.5,-47.5,0.0,47.5,31.541281207725063,3.7849537449270074,1.9999999999999996,-5.784953744927007
2019-12-08 21:00:00,79.98857482028069,0.0,0.12,0.30000000000000004,0.30000000000000004,0.0,0.0,0.0,-0.0,79.98857482028069,9.598628978433682,0.0,-9.598628978433682
2019-12-08 22:00:00,76.71411881591605,0.0,0.12,0.30000000000000004,0.30000000000000004,0.0,0.0,0.0,-0.0,76.71411881591605,9.205694257909926,0.0,-9.205694257909926
2019-12-08 23:00:00,77.26744344944662,0.0,0.12,0.30000000000000004,0.20000000000000004,-47.5,-47.5,0.0,47.5,29.767443449446617,3.5720932139335937,2.0,-5.572093213933593
2019-12-09 00:00:00,78.68576786394765,0.0,0.1,0.20000000000000004,0.10000000000000003,-47.5,-47.5,0.0,47.5,31.185767863947646,3.118576786394765,2.0,-5.118576786394765
2019-12-09 01:00:00,77.61657814122727,0.0,0.1,0.10000000000000003,0.1,-1.3183898417423734e-14,-1.3183898417423734e-14,0.0,1.3183898417423734e-14,77.61657814122725,7.761657814122725,5.551115123125783e-16,-7.761657814122726
2019-12-09 02:00:00,74.93185242130279,0.0,0.1,0.1,0.1,-0.0,-0.0,-0.0,0.0,74.93185242130279,7.49318524213028,0.0,-7.49318524213028
2019-12-09 03:00:00,77.3767755124738,0.0,0.1,0.1,0.1,-0.0,-0.0,-0.0,0.0,77.3767755124738,7.73767755124738,0.0,-7.73767755124738
2019-12-09 04:00:00,78.29997554290324,0.0,0.1,0.1,0.2,52.631578947368425,52.631578947368425,52.631578947368425,0.0,130.93155449027165,13.093155449027165,2.0,-15.093155449027165
2019-12-09 05:00:00,82.54113141711231,0.0,0.1,0.2,0.1,-47.5,-47.5,0.0,47.5,35.04113141711231,3.5041131417112314,2.0,-5.5041131417112314
2019-12-09 06:00:00,78.53429529024967,0.0,0.1,0.1,0.1,-0.0,-0.0,-0.0,0.0,78.53429529024967,7.853429529024968,0.0,-7.853429529024968
2019-12-09 07:00:00,80.62530569101669,3.540830942367601,0.18,0.1,0.1,-0.0,-0.0,-0.0,0.0,77.08447474864909,13.875205454756834,0.0,-13.875205454756834
2019-12-09 08:00:00,96.06393242112632,49.49249621212121,0.18,0.1,0.1,0.0,0.0,0.0,-0.0,46.571436209005114,8.382858517620921,0.0,-8.382858517620921
2019-12-09 09:00:00,95.69771317054925,69.73765512820513,0.18,0.1,0.1,0.0,0.0,0.0,-0.0,25.960058042344116,4.6728104476219405,0.0,-4.6728104476219405
2019-12-09 10:00:00,101.29816278820817,79.66467638888889,0.18,0.1,0.1,-0.0,-0.0,-0.0,0.0,21.63348639931928,3.8940275518774703,0.0,-3.8940275518774703
2019-12-09 11:00:00,97.02171191921047,105.88615757575758,0.18,0.1,0.1,-0.0,-0.0,-0.0,0.0,-8.864445656547105,0.0,0.0,-0.0
2019-12-09 12:00:00,105.86441063729143,101.9818782051282,0.18,0.1,0.2,52.631578947368425,52.631578947368425,52.631578947368425,0.0,56.514111379531656,10.172540048315698,2.0,-12.172540048315698
2019-12-09 13:00:00,117.06179457369713,87.36571805555555,0.18,0.2,0.1,-47.5,-47.5,0.0,47.5,-17.80392348185842,0.0,2.0,-2.0
2019-12-09 14:00:00,91.48752599545142,62.82245606060605,0.18,0.1,0.1,-0.0,-0.0,-0.0,0.0,28.66506993484537,5.159712588272167,0.0,-5.159712588272167
2019-12-09 15:00:00,83.46928769660721,29.160909230769228,0.18,0.1,0.1,-0.0,-0.0,-0.0,0.0,54.30837846583798,9.775508123850836,0.0,-9.775508123850836
2019-12-09 16:00:00,79.80016454340914,2.7701943081516096,0.32,0.1,0.1,-0.0,-0.0,-0.0,0.0,77.02997023525752,24.64959047528241,0.0,-24.64959047528241
2019-12-09 17:00:00,80.50806456644456,0.0,0.32,0.1,0.2,52.631578947368425,52.631578947368425,52.631578947368425,0.0,133.13964351381298,42.60468592442015,2.0,-44.60468592442015
2019-12-09 18:00:00,86.03740702067111,0.0,0.32,0.2,0.1,-47.5,-47.5,0.0,47.5,38.53740702067111,12.331970246614755,2.0,-14.331970246614755
2019-12-09 19:00:00,87.18929638475049,0.0,0.32,0.1,0.1,-0.0,-0.0,-0.0,0.0,87.18929638475049,27.900574843120157,0.0,-27.900574843120157
2019-12-09 20:00:00,86.02099789019002,0.0,0.32,0.1,0.1,0.0,0.0,0.0,-0.0,86.02099789019002,27.526719324860807,0.0,-27.526719324860807
2019-12-09 21:00:00,82.1241262643205,0.0,0.32,0.1,0.1,-0.0,-0.0,-0.0,0.0,82.1241262643205,26.27972040458256,0.0,-26.27972040458256
2019-12-09 22:00:00,78.31356116994641,0.0,0.1,0.1,0.1,0.0,0.0,0.0,-0.0,78.31356116994641,7.831356116994641,0.0,-7.831356116994641
2019-12-09 23:00:00,78.88759613823999,0.0,0.1,0.1,0.1,-0.0,-0.0,-0.0,0.0,78.88759613823999,7.888759613823999,0.0,-7.888759613823999
2019-12-10 00:00:00,78.70832816403944,0.0,0.1,0.1,0.2,52.631578947368425,52.631578947368425,52.631578947368425,0.0,131.33990711140785,13.133990711140786,2.0,-15.133990711140786
2019-12-10 01:00:00,78.19052894281432,0.0,0.1,0.2,0.1,-47.5,-47.5,0.0,47.5,30.690528942814325,3.0690528942814326,2.0,-5.069052894281432
2019-12-10 02:00:00,76.33678116988675,0.0,0.1,0.1,0.1,-0.0,-0.0,-0.0,0.0,76.33678116988675,7.633678116988675,0.0,-7.633678116988675
2019-12-10 03:00:00,78.2892925166875,0.0,0.1,0.1,0.1,-0.0,-0.0,-0.0,0.0,78.2892925166875,7.82892925166875,0.0,-7.82892925166875
2019-12-10 04:00:00,79.19898797512886,0.0,0.1,0.1,0.1,-0.0,-0.0,-0.0,0.0,79.19898797512886,7.919898797512886,0.0,-7.919898797512886
2019-12-10 05:00:00,82.14424720189513,0.0,0.1,0.1,0.1,0.0,0.0,0.0,-0.0,82.14424720189513,8.214424720189513,0.0,-8.214424720189513
2019-12-10 06:00:00,80.04157733555563,0.0,0.1,0.1,0.1,0.0,0.0,0.0,-0.0,80.04157733555563,8.004157733555564,0.0,-8.004157733555564
2019-12-10 07:00:00,81.82420502724285,1.1655594755970924,0.18,0.1,0.1,-0.0,-0.0,-0.0,0.0,80.65864555164576,14.518556199296237,0.0,-14.518556199296237
2019-12-10 08:00:00,89.31099611650986,7.226155227272727,0.18,0.1,0.1,0.0,0.0,0.0,-0.0,82.08484088923713,14.775271360062682,0.0,-14.775271360062682
2019-12-10 09:00:00,91.02867045500655,29.682034615384616,0.18,0.1,0.1,0.0,0.0,0.0,-0.0,61.34663583962193,11.042394451131948,0.0,-11.042394451131948
2019-12-10 10:00:00,94.75924750489581,67.98459444444444,0.18,0.1,0.1,-0.0,-0.0,-0.0,0.0,26.77465306045137,4.819437550881246,0.0,-4.819437550881246
2019-12-10 11:00:00,91.87182387699427,42.89145833333333,0.18,0.1,0.1,-0.0,-0.0,-0.0,0.0,48.98036554366094,8.816465797858969,0.0,-8.816465797858969
2019-12-10 12:00:00,89.92926600894783,20.126969615384613,0.18,0.1,0.2,52.631578947368425,52.631578947368425,52.631578947368425,0.0,122.43387534093165,22.038097561367696,2.0,-24.038097561367696
2019-12-10 13:00:00,90.04712167657705,12.477188055555557,0.18,0.2,0.1,-47.5,-47.5,0.0,47.5,30.06993362102149,5.412588051783868,2.0,-7.412588051783868
2019-12-10 14:00:00,88.69058620560882,10.057202121212121,0.18,0.1,0.1,-0.0,-0.0,-0.0,0.0,78.63338408439671,14.154009135191407,0.0,-14.154009135191407
2019-12-10 15:00:00,89.08758411521241,6.771233717948718,0.18,0.1,0.1,-0.0,-0.0,-0.0,0.0,82.31635039726369,14.816943071507463,0.0,-14.816943071507463
2019-12-10 16:00:00,85.98541214514233,1.6333057113187956,0.32,0.1,0.1,-0.0,-0.0,-0.0,0.0,84.35210643382354,26.992674058823532,0.0,-26.992674058823532
2019-12-10 17:00:00,81.05611841748879,0.0,0.32,0.1,0.2,52.631578947368425,52.631578947368425,52.631578947368425,0.0,133.68769736485723,42.780063156754316,2.0,-44.780063156754316
2019-12-10 18:00:00,81.52345182200412,0.0,0.32,0.2,0.1,-47.5,-47.5,0.0,47.5,34.02345182200412,10.887504583041318,2.0,-12.887504583041318
2019-12-10 19:00:00,81.82801635375777,0.0,0.32,0.1,0.1,-0.0,-0.0,-0.0,0.0,81.82801635375777,26.18496523320249,0.0,-26.18496523320249
2019-12-10 20:00:00,79.88093719544418,0.0,0.32,0.1,0.1,0.0,0.0,0.0,-0.0,79.88093719544418,25.561899902542137,0.0,-25.561899902542137
2019-12-10 21:00:00,78.00460944993897,0.0,0.32,0.1,0.1,-0.0,-0.0,-0.0,0.0,78.00460944993897,24.96147502398047,0.0,-24.96147502398047
2019-12-10 22:00:00,78.47420069091847,0.0,0.1,0.1,0.1,0.0,0.0,0.0,-0.0,78.47420069091847,7.8474200690918465,0.0,-7.8474200690918465
2019-12-10 23:00:00,77.24630269020976,0.0,0.1,0.1,0.1,-0.0,-0.0,-0.0,0.0,77.24630269020976,7.7246302690209765,0.0,-7.7246302690209765
2019-12-11 00:00:00,74.40037650452777,0.0,0.1,0.1,0.2,52.631578947368425,52.631578947368425,52.631578947368425,0.0,127.0319554518962,12.70319554518962,2.0,-14.70319554518962
2019-12-11 01:00:00,76.2624571502006,0.0,0.1,0.2,0.1,-47.5,-47.5,0.0,47.5,28.762457150200603,2.8762457150200604,2.0,-4.87624571502006
2019-12-11 02:00:00,76.31254036182256,0.0,0.1,0.1,0.1,-0.0,-0.0,-0.0,0.0,76.31254036182256,7.631254036182256,0.0,-7.631254036182256
2019-12-11 03:00:00,76.8010302614314,0.0,0.1,0.1,0.1,-0.0,-0.0,-0.0,0.0,76.8010302614314,7.680103026143141,0.0,-7.680103026143141
2019-12-11 04:00:00,75.04023342462739,0.0,0.1,0.1,0.1,-0.0,-0.0,-0.0,0.0,75.04023342462739,7.504023342462739,0.0,-7.504023342462739
2019-12-11 05:00:00,75.65677691228512,0.0,0.1,0.1,0.1,0.0,0.0,0.0,-0.0,75.65677691228512,7.565677691228513,0.0,-7.565677691228513
2019-12-11 06:00:00,79.14746453920505,0.0,0.1,0.1,0.1,-0.0,-0.0,-0.0,0.0,79.14746453920505,7.914746453920505,0.0,-7.914746453920505
2019-12-11 07:00:00,87.20051820736548,3.927761325934579,0.18,0.1,0.1,-0.0,-0.0,-0.0,0.0,83.2727568814309,14.98909623865756,0.0,-14.98909623865756
2019-12-11 08:00:00,91.67318117831017,14.658520454545455,0.18,0.1,0.2,52.631578947368425,52.631578947368425,52.631578947368425,0.0,129.64623967113315,23.336323140803966,2.0,-25.336323140803966
2019-12-11 09:00:00,101.21633517588683,13.916984102564102,0.18,0.2,0.1,-47.5,-47.5,0.0,47.5,39.799351073322725,7.163883193198091,2.0,-9.16388319319809
2019-12-11 10:00:00,88.13220115747163,12.735056182502596,0.18,0.1,0.1,-0.0,-0.0,-0.0,0.0,75.39714497496902,13.571486095494423,0.0,-13.571486095494423
2019-12-11 11:00:00,107.71465945973273,21.598088990371,0.18,0.1,0.1,0.0,0.0,0.0,-0.0,86.11657046936173,15.50098268448511,0.0,-15.50098268448511
2019-12-11 12:00:00,101.1051844504025,19.70508076923077,0.18,0.1,0.1,0.0,0.0,0.0,-0.0,81.40010368117174,14.652018662610914,0.0,-14.652018662610914
2019-12-11 13:00:00,112.27184700950698,15.127811666666668,0.18,0.1,0.2,52.631578947368425,52.631578947368425,52.631578947368425,0.0,149.77561429020875,26.959610572237573,2.0,-28.959610572237573
2019-12-11 14:00:00,86.64830343153535,8.375353181818182,0.18,0.2,0.1,-47.5,-47.5,0.0,47.5,30.77295024971717,5.53913104494909,2.0,-7.53913104494909
2019-12-11 15:00:00,83.76896678926528,4.88430172178289,0.18,0.1,0.1,-0.0,-0.0,-0.0,0.0,78.88466506748239,14.199239712146829,0.0,-14.199239712146829
2019-12-11 16:00:00,113.33056247079487,1.0575115199896157,0.32,0.1,0.1,-0.0,-0.0,-0.0,0.0,112.27305095080526,35.927376304257685,0.0,-35.927376304257685
2019-12-11 17:00:00,110.99483931452328,0.0,0.32,0.1,0.2,52.631578947368425,52.631578947368425,52.631578947368425,0.0,163.6264182618917,52.360453843805345,2.0,-54.360453843805345
2019-12-11 18:00:00,111.33433484540696,0.0,0.32,0.2,0.1,-47.5,-47.5,0.0,47.5,63.83433484540696,20.426987150530227,2.0,-22.426987150530227
2019-12-11 19:00:00,110.6158393977409,0.0,0.32,0.1,0.1,-0.0,-0.0,-0.0,0.0,110.6158393977409,35.39706860727709,0.0,-35.39706860727709
2019-12-11 20:00:00,87.15848306389559,0.0,0.32,0.1,0.1,0.0,0.0,0.0,-0.0,87.15848306389559,27.890714580446588,0.0,-27.890714580446588
2019-12-11 21:00:00,75.56455629352038,0.0,0.32,0.1,0.1,-0.0,-0.0,-0.0,0.0,75.56455629352038,24.18065801392652,0.0,-24.18065801392652
2019-12-11 22:00:00,74.60665402194138,0.0,0.1,0.1,0.1,-0.0,-0.0,-0.0,0.0,74.60665402194138,7.460665402194138,0.0,-7.460665402194138
2019-12-11 23:00:00,71.9841001123373,0.0,0.1,0.1,0.1,-0.0,-0.0,-0.0,0.0,71.9841001123373,7.19841001123373,0.0,-7.19841001123373
2019-12-12 00:00:00,71.30380011754507,0.0,0.1,0.1,0.2,52.631578947368425,52.631578947368425,52.631578947368425,0.0,123.93537906491349,12.39353790649135,2.0,-14.39353790649135
2019-12-12 01:00:00,71.70353820277447,0.0,0.1,0.2,0.30000000000000004,52.631578947368425,52.631578947368425,52.631578947368425,0.0,124.33511715014289,12.43351171501429,2.000000000000001,-14.43351171501429
2019-12-12 02:00:00,71.62931760018228,0.0,0.1,0.30000000000000004,0.4,52.631578947368425,52.631578947368425,52.631578947368425,0.0,124.2608965475507,12.42608965475507,1.9999999999999996,-14.42608965475507
2019-12-12 03:00:00,71.37110834242807,0.0,0.1,0.4,0.4,0.0,0.0,0.0,-0.0,71.37110834242807,7.137110834242808,0.0,-7.137110834242808
2019-12-12 04:00:00,72.34727148917948,0.0,0.1,0.4,0.5,52.631578947368425,52.631578947368425,52.631578947368425,0.0,124.9788504365479,12.49788504365479,1.9999999999999996,-14.49788504365479
2019-12-12 05:00:00,76.64355142318934,0.0,0.1,0.5,0.5,0.0,0.0,0.0,-0.0,76.64355142318934,7.664355142318934,0.0,-7.664355142318934
2019-12-12 06:00:00,73.8185965015796,0.0,0.1,0.5,0.4,-47.5,-47.5,0.0,47.5,26.318596501579606,2.6318596501579608,1.9999999999999996,-4.63185965015796
2019-12-12 07:00:00,77.351921668824,1.2404292834890966,0.18,0.4,0.30000000000000004,-47.5,-47.5,0.0,47.5,28.611492385334913,5.150068629360284,1.9999999999999996,-7.150068629360284
2019-12-12 08:00:00,81.07966727981453,4.985756060606061,0.18,0.30000000000000004,0.20000000000000004,-47.5,-47.5,0.0,47.5,28.593911219208465,5.146904019457524,2.0,-7.146904019457524
2019-12-12 09:00:00,83.24088436056371,17.96758576923077,0.18,0.20000000000000004,0.10000000000000003,-47.5,-47.5,0.0,47.5,17.773298591332946,3.19919374643993,2.0,-5.19919374643993
2019-12-12 10:00:00,79.93584468057301,27.926808194444444,0.18,0.10000000000000003,0.1,-1.3183898417423734e-14,-1.3183898417423734e-14,0.0,1.3183898417423734e-14,52.00903648612855,9.361626567503139,5.551115123125783e-16,-9.361626567503139
2019-12-12 11:00:00,50.6786334794374,34.2772356060606,0.18,0.1,0.1,0.0,0.0,0.0,-0.0,16.4013978733768,2.952251617207824,0.0,-2.952251617207824
2019-12-12 12:00:00,51.3544233426577,58.968317948717946,0.18,0.1,0.2,52.631578947368425,52.631578947368425,52.631578947368425,0.0,45.017684341308176,8.10318318143547,2.0,-10.10318318143547
2019-12-12 13:00:00,61.04360087988376,42.574534444444446,0.18,0.2,0.1,-47.5,-47.5,0.0,47.5,-29.030933564560684,0.0,2.0,-2.0
2019-12-12 14:00:00,68.08784536806344,20.687820757575757,0.18,0.1,0.1,-0.0,-0.0,-0.0,0.0,47.400024610487684,8.532004429887783,0.0,-8.532004429887783
2019-12-12 15:00:00,79.5069704273,11.100863846153848,0.18,0.1,0.1,-0.0,-0.0,-0.0,0.0,68.40610658114616,12.313099184606308,0.0,-12.313099184606308
2019-12-12 16:00:00,74.09405949843082,2.017394652128764,0.32,0.1,0.1,-0.0,-0.0,-0.0,0.0,72.07666484630207,23.06453275081666,0.0,-23.06453275081666
2019-12-12 17:00:00,78.12317013393884,0.0,0.32,0.1,0.2,52.631578947368425,52.631578947368425,52.631578947368425,0.0,130.75474908130727,41.841519706018325,2.0,-43.841519706018325
2019-12-12 18:00:00,81.24860049882916,0.0,0.32,0.2,0.1,-47.5,-47.5,0.0,47.5,33.74860049882916,10.799552159625332,2.0,-12.799552159625332
2019-12-12 19:00:00,82.09561266352293,0.0,0.32,0.1,0.1,-0.0,-0.0,-0.0,0.0,82.09561266352293,26.27059605232734,0.0,-26.27059605232734
2019-12-12 20:00:00,82.0313014703309,0.0,0.32,0.1,0.1,-0.0,-0.0,-0.0,0.0,82.0313014703309,26.25001647050589,0.0,-26.25001647050589
2019-12-12 21:00:00,76.20192847217919,0.0,0.32,0.1,0.1,0.0,0.0,0.0,-0.0,76.20192847217919,24.38461711109734,0.0,-24.38461711109734
2019-12-12 22:00:00,74.1732257655306,0.0,0.1,0.1,0.1,-0.0,-0.0,-0.0,0.0,74.1732257655306,7.417322576553061,0.0,-7.417322576553061
2019-12-12 23:00:00,73.97809377792633,0.0,0.1,0.1,0.1,-0.0,-0.0,-0.0,0.0,73.97809377792633,7.397809377792633,0.0,-7.397809377792633
2019-12-13 00:00:00,73.12852097372806,0.0,0.1,0.1,0.2,52.631578947368425,52.631578947368425,52.631578947368425,0.0,125.76009992109648,12.576009992109649,2.0,-14.576009992109649
2019-12-13 01:00:00,73.19936301272423,0.0,0.1,0.2,0.30000000000000004,52.631578947368425,52.631578947368425,52.631578947368425,0.0,125.83094196009266,12.583094196009267,2.000000000000001,-14.583094196009267
2019-12-13 02:00:00,76.1845327625935,0.0,0.1,0.30000000000000004,0.4,52.631578947368425,52.631578947368425,52.631578947368425,0.0,128.81611170996194,12.881611170996194,1.9999999999999996,-14.881611170996194
2019-12-13 03:00:00,73.00931934731176,0.0,0.1,0.4,0.4,0.0,0.0,0.0,-0.0,73.00931934731176,7.300931934731176,0.0,-7.300931934731176
2019-12-13 04:00:00,73.00623789046993,0.0,0.1,0.4,0.30000000000000004,-47.5,-47.5,0.0,47.5,25.506237890469933,2.5506237890469934,1.9999999999999996,-4.550623789046993
2019-12-13 05:00:00,77.18847963641838,0.0,0.1,0.30000000000000004,0.30000000000000004,0.0,0.0,0.0,-0.0,77.18847963641838,7.718847963641839,0.0,-7.718847963641839
2019-12-13 06:00:00,73.23439267140968,0.0,0.1,0.30000000000000004,0.30000000000000004,0.0,0.0,0.0,-0.0,73.23439267140968,7.3234392671409685,0.0,-7.3234392671409685
2019-12-13 07:00:00,78.9341378830781,0.5712246105919002,0.18,0.30000000000000004,0.30000000000000004,0.0,0.0,0.0,-0.0,78.3629132724862,14.105324389047516,0.0,-14.105324389047516
2019-12-13 08:00:00,87.40869960816076,4.523584848484848,0.18,0.30000000000000004,0.20000000000000004,-47.5,-47.5,0.0,47.5,35.385114759675915,6.369320656741665,2.0,-8.369320656741664
2019-12-13 09:00:00,94.51386000231788,5.85118782051282,0.18,0.20000000000000004,0.10000000000000003,-47.5,-47.5,0.0,47.5,41.162672181805064,7.409280992724911,2.0,-9.409280992724911
2019-12-13 10:00:00,93.44705499467642,9.53919013888889,0.18,0.10000000000000003,0.1,-1.3183898417423734e-14,-1.3183898417423734e-14,0.0,1.3183898417423734e-14,83.90786485578752,15.103415674041754,5.551115123125783e-16,-15.103415674041754
2019-12-13 11:00:00,92.54603981912791,7.97348303030303,0.18,0.1,0.1,-0.0,-0.0,-0.0,0.0,84.57255678882488,15.223060221988478,0.0,-15.223060221988478
2019-12-13 12:00:00,90.41131901395927,9.167089230769232,0.18,0.1,0.2,52.631578947368425,52.631578947368425,52.631578947368425,0.0,133.87580873055845,24.097645571500518,2.0,-26.097645571500518
2019-12-13 13:00:00,115.24602945787761,13.493895555555554,0.18,0.2,0.1,-47.5,-47.5,0.0,47.5,54.25213390232206,9.76538410241797,2.0,-11.76538410241797
2019-12-13 14:00:00,106.01617043077317,11.238429393939393,0.18,0.1,0.1,-0.0,-0.0,-0.0,0.0,94.77774103683377,17.05999338663008,0.0,-17.05999338663008
2019-12-13 15:00:00,90.39589185406076,5.740283717948717,0.18,0.1,0.1,-0.0,-0.0,-0.0,0.0,84.65560813611205,15.238009464500168,0.0,-15.238009464500168
2019-12-13 16:00:00,84.87648508293948,0.9822795625649018,0.32,0.1,0.1,-0.0,-0.0,-0.0,0.0,83.89420552037458,26.846145766519868,0.0,-26.846145766519868
2019-12-13 17:00:00,83.94126748324278,0.0,0.32,0.1,0.2,52.631578947368425,52.631578947368425,52.631578947368425,0.0,136.5728464306112,43.703310857795586,2.0,-45.703310857795586
2019-12-13 18:00:00,83.06492750776566,0.0,0.32,0.2,0.1,-47.5,-47.5,0.0,47.5,35.56492750776566,11.380776802485011,2.0,-13.380776802485011
2019-12-13 19:00:00,83.01994187602891,0.0,0.32,0.1,0.1,-0.0,-0.0,-0.0,0.0,83.01994187602891,26.566381400329252,0.0,-26.566381400329252
2019-12-13 20:00:00,79.63153193486568,0.0,0.32,0.1,0.1,0.0,0.0,0.0,-0.0,79.63153193486568,25.482090219157016,0.0,-25.482090219157016
2019-12-13 21:00:00,79.67069567841375,0.0,0.32,0.1,0.1,0.0,0.0,0.0,-0.0,79.67069567841375,25.4946226170924,0.0,-25.4946226170924
2019-12-13 22:00:00,79.19092225460355,0.0,0.1,0.1,0.1,0.0,0.0,0.0,-0.0,79.19092225460355,7.919092225460355,0.0,-7.919092225460355
2019-12-13 23:00:00,73.97809108286626,0.0,0.1,0.1,0.1,-0.0,-0.0,-0.0,0.0,73.97809108286626,7.397809108286626,0.0,-7.397809108286626
2019-12-14 00:00:00,75.29719670440092,0.0,0.12,0.1,0.1,-0.0,-0.0,-0.0,0.0,75.29719670440092,9.035663604528109,0.0,-9.035663604528109
2019-12-14 01:00:00,75.41780666546296,0.0,0.12,0.1,0.1,0.0,0.0,0.0,-0.0,75.41780666546296,9.050136799855554,0.0,-9.050136799855554
2019-12-14 02:00:00,76.59012530018607,0.0,0.12,0.1,0.2,52.631578947368425,52.631578947368425,52.631578947368425,0.0,129.2217042475545,15.50660450970654,2.0,-17.50660450970654
2019-12-14 03:00:00,75.9883196205339,0.0,0.12,0.2,0.2,0.0,0.0,0.0,-0.0,75.9883196205339,9.118598354464067,0.0,-9.118598354464067
2019-12-14 04:00:00,77.06717940798184,0.0,0.12,0.2,0.30000000000000004,52.631578947368425,52.631578947368425,52.631578947368425,0.0,129.69875835535026,15.563851002642032,2.000000000000001,-17.563851002642032
2019-12-14 05:00:00,81.2812881154434,0.0,0.12,0.30000000000000004,0.4,52.631578947368425,52.631578947368425,52.631578947368425,0.0,133.9128670628118,16.069544047537416,1.9999999999999996,-18.069544047537416
2019-12-14 06:00:00,77.89813261811054,0.0,0.12,0.4,0.5,52.631578947368425,52.631578947368425,52.631578947368425,0.0,130.52971156547898,15.663565387857476,1.9999999999999996,-17.663565387857474
2019-12-14 07:00:00,76.99310747572738,1.5599578920041532,0.12,0.5,0.5,0.0,0.0,0.0,-0.0,75.43314958372324,9.051977950046789,0.0,-9.051977950046789
2019-12-14 08:00:00,80.2785792581686,44.225303939393946,0.12,0.5,0.6,52.631578947368425,52.631578947368425,52.631578947368425,0.0,88.68485426614308,10.642182511937168,1.9999999999999996,-12.642182511937168
2019-12-14 09:00:00,84.15604239088333,78.54069230769231,0.12,0.6,0.7,52.631578947368425,52.631578947368425,52.631578947368425,0.0,58.24692903055944,6.989631483667133,1.9999999999999996,-8.989631483667132
2019-12-14 10:00:00,88.1636467969379,58.11337666666666,0.12,0.7,0.7999999999999999,52.631578947368425,52.631578947368425,52.631578947368425,0.0,82.68184907763967,9.92182188931676,1.9999999999999996,-11.92182188931676
2019-12-14 11:00:00,90.07602632154745,92.95508636363637,0.12,0.7999999999999999,0.8999999999999999,52.631578947368425,52.631578947368425,52.631578947368425,0.0,49.7525189052795,5.97030226863354,1.9999999999999996,-7.970302268633539
2019-12-14 12:00:00,84.20999351093437,82.8572773076923,0.12,0.8999999999999999,0.8999999999999999,0.0,0.0,0.0,-0.0,1.3527162032420676,0.1623259443890481,0.0,-0.1623259443890481
2019-12-14 13:00:00,81.23016052916762,56.370942500000005,0.12,0.8999999999999999,0.7999999999999999,-47.5,-47.5,0.0,47.5,-22.640781970832386,0.0,1.9999999999999996,-1.9999999999999996
2019-12-14 14:00:00,86.77254450280958,60.51460757575757,0.12,0.7999999999999999,0.8999999999999999,52.631578947368425,52.631578947368425,52.631578947368425,0.0,78.88951587442043,9.466741904930451,1.9999999999999996,-11.466741904930451
2019-12-14 15:00:00,79.67695832058334,18.00603192307692,0.12,0.8999999999999999,0.9,5.843279076974509e-14,5.843279076974509e-14,5.843279076974509e-14,0.0,61.67092639750648,7.400511167700777,2.220446049250313e-15,-7.400511167700779
2019-12-14 16:00:00,77.7025468356565,3.336388618899274,0.12,0.9,0.9,0.0,0.0,0.0,-0.0,74.36615821675723,8.923938986010867,0.0,-8.923938986010867
2019-12-14 17:00:00,75.85516712740315,0.0,0.12,0.9,0.9,0.0,0.0,0.0,-0.0,75.85516712740315,9.102620055288378,0.0,-9.102620055288378
2019-12-14 18:00:00,78.38785321351324,0.0,0.12,0.9,0.8,-47.5,-47.5,0.0,47.5,30.88785321351324,3.7065423856215887,1.9999999999999996,-5.706542385621589
2019-12-14 19:00:00,80.05677962265504,0.0,0.12,0.8,0.7000000000000001,-47.5,-47.5,0.0,47.5,32.55677962265504,3.906813554718605,1.9999999999999996,-5.906813554718605
2019-12-14 20:00:00,78.86719343501426,0.0,0.12,0.7000000000000001,0.6000000000000001,-47.5,-47.5,0.0,47.5,31.367193435014258,3.7640632122017106,1.9999999999999996,-5.764063212201711
2019-12-14 21:00:00,78.48922639281113,0.0,0.12,0.6000000000000001,0.7000000000000001,52.631578947368425,52.631578947368425,52.631578947368425,0.0,131.12080534017957,15.734496640821549,1.9999999999999996,-17.734496640821547
2019-12-14 22:00:00,77.53339968457028,0.0,0.12,0.7000000000000001,0.6000000000000001,-47.5,-47.5,0.0,47.5,30.033399684570284,3.604007962148434,1.9999999999999996,-5.604007962148433
2019-12-14 23:00:00,77.42356919115952,0.0,0.12,0.6000000000000001,0.7000000000000001,52.631578947368425,52.631578947368425,52.631578947368425,0.0,130.05514813852795,15.606617776623354,1.9999999999999996,-17.606617776623352
2019-12-15 00:00:00,77.53651577351845,0.0,0.12,0.7000000000000001,0.6000000000000001,-47.5,-47.5,0.0,47.5,30.036515773518445,3.604381892822213,1.9999999999999996,-5.604381892822213
2019-12-15 01:00:00,80.38864777795321,0.0,0.12,0.6000000000000001,0.5000000000000001,-47.5,-47.5,0.0,47.5,32.88864777795321,3.946637733354385,1.9999999999999996,-5.946637733354384
2019-12-15 02:00:00,78.36745954654614,0.0,0.12,0.5000000000000001,0.5000000000000001,0.0,0.0,0.0,-0.0,78.36745954654614,9.404095145585536,0.0,-9.404095145585536
2019-12-15 03:00:00,77.26636890393641,0.0,0.12,0.5000000000000001,0.40000000000000013,-47.5,-47.5,0.0,47.5,29.76636890393641,3.571964268472369,1.9999999999999996,-5.571964268472369
2019-12-15 04:00:00,80.3568305074308,0.0,0.12,0.40000000000000013,0.40000000000000013,0.0,0.0,0.0,-0.0,80.3568305074308,9.642819660891696,0.0,-9.642819660891696
2019-12-15 05:00:00,83.3466021097697,0.0,0.12,0.40000000000000013,0.30000000000000016,-47.5,-47.5,0.0,47.5,35.846602109769705,4.301592253172364,1.9999999999999996,-6.301592253172364
2019-12-15 06:00:00,79.0029162267984,0.0,0.12,0.30000000000000016,0.20000000000000015,-47.5,-47.5,0.0,47.5,31.502916226798405,3.7803499472158086,2.0,-5.780349947215809
2019-12-15 07:00:00,79.08261694608431,7.810610606178607,0.12,0.20000000000000015,0.10000000000000014,-47.5,-47.5,0.0,47.5,23.7720063399057,2.852640760788684,2.0,-4.852640760788685
2019-12-15 08:00:00,81.09474835740747,46.429377575757584,0.12,0.10000000000000014,0.1,-6.591949208711867e-14,-6.591949208711867e-14,0.0,6.591949208711867e-14,34.66537078164982,4.159844493797978,2.7755575615628914e-15,-4.159844493797981
2019-12-15 09:00:00,81.48858742670221,78.47765384615386,0.12,0.1,0.1,-0.0,-0.0,-0.0,0.0,3.010933580548354,0.36131202966580245,0.0,-0.36131202966580245
2019-12-15 10:00:00,83.99211655285188,97.87790694444446,0.12,0.1,0.1,-0.0,-0.0,-0.0,0.0,-13.885790391592579,0.0,0.0,-0.0
2019-12-15 11:00:00,85.70613041493205,105.03016515151516,0.12,0.1,0.2,52.631578947368425,52.631578947368425,52.631578947368425,0.0,33.30754421078531,3.996905305294237,2.0,-5.996905305294237
2019-12-15 12:00:00,85.75125198734017,102.12382948717949,0.12,0.2,0.2,0.0,0.0,0.0,-0.0,-16.372577499839323,0.0,0.0,-0.0
2019-12-15 13:00:00,84.24299016718841,86.51249166666668,0.12,0.2,0.2,0.0,0.0,0.0,-0.0,-2.2695014994782667,0.0,0.0,-0.0
2019-12-15 14:00:00,82.16180753085531,61.36715303030304,0.12,0.2,0.30000000000000004,52.631578947368425,52.631578947368425,52.631578947368425,0.0,73.42623344792071,8.811148013750485,2.000000000000001,-10.811148013750486
2019-12-15 15:00:00,78.28922420235534,27.880788333333328,0.12,0.30000000000000004,0.4,52.631578947368425,52.631578947368425,52.631578947368425,0.0,103.04001481639044,12.364801777966852,1.9999999999999996,-14.364801777966852
2019-12-15 16:00:00,78.70600960713433,2.5899634527518174,0.12,0.4,0.4,0.0,0.0,0.0,-0.0,76.11604615438252,9.1339255385259,0.0,-9.1339255385259
2019-12-15 17:00:00,78.62365823540304,0.0,0.12,0.4,0.4,0.0,0.0,0.0,-0.0,78.62365823540304,9.434838988248364,0.0,-9.434838988248364
2019-12-15 18:00:00,79.43862245246783,0.0,0.12,0.4,0.30000000000000004,-47.5,-47.5,0.0,47.5,31.938622452467825,3.832634694296139,1.9999999999999996,-5.8326346942961385
2019-12-15 19:00:00,78.97261853419411,0.0,0.12,0.30000000000000004,0.30000000000000004,0.0,0.0,0.0,-0.0,78.97261853419411,9.476714224103294,0.0,-9.476714224103294
2019-12-15 20:00:00,76.14652691414517,0.0,0.12,0.30000000000000004,0.4,52.631578947368425,52.631578947368425,52.631578947368425,0.0,128.7781058615136,15.453372703381632,1.9999999999999996,-17.453372703381632
2019-12-15 21:00:00,80.5293488035078,0.0,0.12,0.4,0.4,0.0,0.0,0.0,-0.0,80.5293488035078,9.663521856420935,0.0,-9.663521856420935
2019-12-15 22:00:00,78.95520403184247,0.0,0.12,0.4,0.4,0.0,0.0,0.0,-0.0,78.95520403184247,9.474624483821096,0.0,-9.474624483821096
2019-12-15 23:00:00,77.44630588710413,0.0,0.12,0.4,0.30000000000000004,-47.5,-47.5,0.0,47.5,29.94630588710413,3.5935567064524956,1.9999999999999996,-5.593556706452495
2019-12-16 00:00:00,77.07421482510762,0.0,0.1,0.30000000000000004,0.30000000000000004,0.0,0.0,0.0,-0.0,77.07421482510762,7.707421482510762,0.0,-7.707421482510762
2019-12-16 01:00:00,77.99499045893411,0.0,0.1,0.30000000000000004,0.30000000000000004,0.0,0.0,0.0,-0.0,77.99499045893411,7.799499045893412,0.0,-7.799499045893412
2019-12-16 02:00:00,78.65322088481908,0.0,0.1,0.30000000000000004,0.20000000000000004,-47.5,-47.5,0.0,47.5,31.153220884819078,3.115322088481908,2.0,-5.115322088481908
2019-12-16 03:00:00,79.27422201303429,0.0,0.1,0.20000000000000004,0.10000000000000003,-47.5,-47.5,0.0,47.5,31.77422201303429,3.177422201303429,2.0,-5.177422201303429
2019-12-16 04:00:00,77.7475855697472,0.0,0.1,0.10000000000000003,0.1,-1.3183898417423734e-14,-1.3183898417423734e-14,0.0,1.3183898417423734e-14,77.74758556974719,7.774758556974719,5.551115123125783e-16,-7.77475855697472
2019-12-16 05:00:00,83.54798258689006,0.0,0.1,0.1,0.1,0.0,0.0,0.0,-0.0,83.54798258689006,8.354798258689007,0.0,-8.354798258689007
2019-12-16 06:00:00,82.30935705625492,0.0,0.1,0.1,0.1,0.0,0.0,0.0,-0.0,82.30935705625492,8.230935705625493,0.0,-8.230935705625493
2019-12-16 07:00:00,84.19596433432112,7.142575379023884,0.18,0.1,0.1,-0.0,-0.0,-0.0,0.0,77.05338895529724,13.869610011953503,0.0,-13.869610011953503
2019-12-16 08:00:00,84.69804460898702,46.016318181818185,0.18,0.1,0.2,52.631578947368425,52.631578947368425,52.631578947368425,0.0,91.31330537453726,16.436394967416707,2.0,-18.436394967416707
2019-12-16 09:00:00,91.55132133141844,79.58724487179487,0.18,0.2,0.1,-47.5,-47.5,0.0,47.5,-35.53592354037643,0.0,2.0,-2.0
2019-12-16 10:00:00,96.72570040856023,99.0143625,0.18,0.1,0.1,-0.0,-0.0,-0.0,0.0,-2.2886620914397753,0.0,0.0,-0.0
2019-12-16 11:00:00,100.09172304455257,108.17475909090909,0.18,0.1,0.1,-0.0,-0.0,-0.0,0.0,-8.083036046356526,0.0,0.0,-0.0
2019-12-16 12:00:00,88.41283892372847,104.64043846153847,0.18,0.1,0.2,52.631578947368425,52.631578947368425,52.631578947368425,0.0,36.40397940955843,6.5527162937205174,2.0,-8.552716293720518
2019-12-16 13:00:00,82.4466064588528,90.9858375,0.18,0.2,0.30000000000000004,52.631578947368425,52.631578947368425,52.631578947368425,0.0,44.09234790622122,7.93662262311982,2.000000000000001,-9.93662262311982
2019-12-16 14:00:00,80.1744696990207,65.45722121212121,0.18,0.30000000000000004,0.4,52.631578947368425,52.631578947368425,52.631578947368425,0.0,67.34882743426792,12.122788938168224,1.9999999999999996,-14.122788938168224
2019-12-16 15:00:00,83.55387575947944,32.165899230769234,0.18,0.4,0.5,52.631578947368425,52.631578947368425,52.631578947368425,0.0,104.01955547607864,18.723519985694153,1.9999999999999996,-20.723519985694153
2019-12-16 16:00:00,88.69981106531095,3.2925184644340604,0.32,0.5,0.4,-47.5,-47.5,0.0,47.5,37.9072926008769,12.130333632280609,1.9999999999999996,-14.130333632280609
2019-12-16 17:00:00,81.9557717175907,0.0,0.32,0.4,0.4,0.0,0.0,0.0,-0.0,81.9557717175907,26.225846949629023,0.0,-26.225846949629023
2019-12-16 18:00:00,83.54264162667583,0.0,0.32,0.4,0.30000000000000004,-47.5,-47.5,0.0,47.5,36.04264162667583,11.533645320536266,1.9999999999999996,-13.533645320536266
2019-12-16 19:00:00,86.90958142903075,0.0,0.32,0.30000000000000004,0.30000000000000004,0.0,0.0,0.0,-0.0,86.90958142903075,27.811066057289842,0.0,-27.811066057289842
2019-12-16 20:00:00,80.33769096742553,0.0,0.32,0.30000000000000004,0.20000000000000004,-47.5,-47.5,0.0,47.5,32.83769096742553,10.50806110957617,2.0,-12.50806110957617
2019-12-16 21:00:00,81.40980126147936,0.0,0.32,0.20000000000000004,0.20000000000000004,0.0,0.0,0.0,-0.0,81.40980126147936,26.051136403673397,0.0,-26.051136403673397
2019-12-16 22:00:00,78.15417702997898,0.0,0.1,0.20000000000000004,0.10000000000000003,-47.5,-47.5,0.0,47.5,30.65417702997898,3.065417702997898,2.0,-5.065417702997898
2019-12-16 23:00:00,78.60146540292034,0.0,0.1,0.10000000000000003,0.1,-1.3183898417423734e-14,-1.3183898417423734e-14,0.0,1.3183898417423734e-14,78.60146540292033,7.860146540292033,5.551115123125783e-16,-7.860146540292034
2019-12-17 00:00:00,76.98892797603676,0.0,0.1,0.1,0.2,52.631578947368425,52.631578947368425,52.631578947368425,0.0,129.62050692340517,12.962050692340519,2.0,-14.962050692340519
2019-12-17 01:00:00,79.54607886371056,0.0,0.1,0.2,0.1,-47.5,-47.5,0.0,47.5,32.04607886371056,3.2046078863710563,2.0,-5.204607886371056
2019-12-17 02:00:00,78.25334008429724,0.0,0.1,0.1,0.1,-0.0,-0.0,-0.0,0.0,78.25334008429724,7.825334008429724,0.0,-7.825334008429724
2019-12-17 03:00:00,79.5443678119078,0.0,0.1,0.1,0.1,-0.0,-0.0,-0.0,0.0,79.5443678119078,7.954436781190781,0.0,-7.954436781190781
2019-12-17 04:00:00,77.12894880359059,0.0,0.1,0.1,0.1,-0.0,-0.0,-0.0,0.0,77.12894880359059,7.712894880359059,0.0,-7.712894880359059
2019-12-17 05:00:00,82.26980746348842,0.0,0.1,0.1,0.1,0.0,0.0,0.0,-0.0,82.26980746348842,8.226980746348842,0.0,-8.226980746348842
2019-12-17 06:00:00,81.2438972785148,0.0,0.1,0.1,0.1,0.0,0.0,0.0,-0.0,81.2438972785148,8.12438972785148,0.0,-8.12438972785148
2019-12-17 07:00:00,83.45949331765543,1.7597166666666666,0.18,0.1,0.1,-0.0,-0.0,-0.0,0.0,81.69977665098877,14.705959797177977,0.0,-14.705959797177977
2019-12-17 08:00:00,92.18772149823677,8.230630303030303,0.18,0.1,0.2,52.631578947368425,52.631578947368425,52.631578947368425,0.0,136.58867014257487,24.585960625663475,2.0,-26.585960625663475
2019-12-17 09:00:00,94.5405071034952,41.58787538461539,0.18,0.2,0.1,-47.5,-47.5,0.0,47.5,5.452631718879815,0.9814737093983665,2.0,-2.9814737093983665
2019-12-17 10:00:00,101.08957553499124,74.45655416666666,0.18,0.1,0.1,-0.0,-0.0,-0.0,0.0,26.633021368324577,4.793943846298424,0.0,-4.793943846298424
2019-12-17 11:00:00,103.21039096149133,86.04201363636365,0.18,0.1,0.1,-0.0,-0.0,-0.0,0.0,17.16837732512768,3.0903079185229823,0.0,-3.0903079185229823
2019-12-17 12:00:00,108.38899289990322,56.62671666666666,0.18,0.1,0.2,52.631578947368425,52.631578947368425,52.631578947368425,0.0,104.39385518060499,18.790893932508897,2.0,-20.790893932508897
2019-12-17 13:00:00,94.58029079795028,47.41375416666667,0.18,0.2,0.1,-47.5,-47.5,0.0,47.5,-0.33346336871638727,0.0,2.0,-2.0
2019-12-17 14:00:00,94.94873777251114,26.383682272727274,0.18,0.1,0.1,-0.0,-0.0,-0.0,0.0,68.56505549978387,12.341709989961096,0.0,-12.341709989961096
2019-12-17 15:00:00,92.09861492557691,26.774823974358977,0.18,0.1,0.1,-0.0,-0.0,-0.0,0.0,65.32379095121793,11.758282371219227,0.0,-11.758282371219227
2019-12-17 16:00:00,88.07437322466086,3.549464862409138,0.32,0.1,0.1,-0.0,-0.0,-0.0,0.0,84.52490836225172,27.047970675920553,0.0,-27.047970675920553
2019-12-17 17:00:00,81.15714982187191,0.0,0.32,0.1,0.2,52.631578947368425,52.631578947368425,52.631578947368425,0.0,133.78872876924032,42.812393206156905,2.0,-44.812393206156905
2019-12-17 18:00:00,81.31669531492881,0.0,0.32,0.2,0.1,-47.5,-47.5,0.0,47.5,33.81669531492881,10.821342500777218,2.0,-12.821342500777218
2019-12-17 19:00:00,83.14791661966741,0.0,0.32,0.1,0.1,-0.0,-0.0,-0.0,0.0,83.14791661966741,26.607333318293573,0.0,-26.607333318293573
2019-12-17 20:00:00,80.80335354462648,0.0,0.32,0.1,0.1,0.0,0.0,0.0,-0.0,80.80335354462648,25.857073134280473,0.0,-25.857073134280473
2019-12-17 21:00:00,79.135617145998,0.0,0.32,0.1,0.1,0.0,0.0,0.0,-0.0,79.135617145998,25.323397486719358,0.0,-25.323397486719358
2019-12-17 22:00:00,77.87149460187366,0.0,0.1,0.1,0.1,0.0,0.0,0.0,-0.0,77.87149460187366,7.787149460187367,0.0,-7.787149460187367
2019-12-17 23:00:00,78.67026886273868,0.0,0.1,0.1,0.1,-0.0,-0.0,-0.0,0.0,78.67026886273868,7.867026886273869,0.0,-7.867026886273869
2019-12-18 00:00:00,77.83151458461273,0.0,0.1,0.1,0.2,52.631578947368425,52.631578947368425,52.631578947368425,0.0,130.46309353198114,13.046309353198115,2.0,-15.046309353198115
2019-12-18 01:00:00,77.99062249106532,0.0,0.1,0.2,0.1,-47.5,-47.5,0.0,47.5,30.490622491065324,3.0490622491065325,2.0,-5.049062249106532
2019-12-18 02:00:00,75.15539312243277,0.0,0.1,0.1,0.1,-0.0,-0.0,-0.0,0.0,75.15539312243277,7.515539312243277,0.0,-7.515539312243277
2019-12-18 03:00:00,78.10629746794774,0.0,0.1,0.1,0.1,-0.0,-0.0,-0.0,0.0,78.10629746794774,7.810629746794774,0.0,-7.810629746794774
2019-12-18 04:00:00,76.94634360969506,0.0,0.1,0.1,0.1,-0.0,-0.0,-0.0,0.0,76.94634360969506,7.6946343609695065,0.0,-7.6946343609695065
2019-12-18 05:00:00,77.34113962954694,0.0,0.1,0.1,0.1,0.0,0.0,0.0,-0.0,77.34113962954694,7.734113962954694,0.0,-7.734113962954694
2019-12-18 06:00:00,76.87563123961178,0.0,0.1,0.1,0.1,-0.0,-0.0,-0.0,0.0,76.87563123961178,7.687563123961178,0.0,-7.687563123961178
2019-12-18 07:00:00,87.81122295409027,0.8830518821391484,0.18,0.1,0.1,-0.0,-0.0,-0.0,0.0,86.92817107195113,15.647070792951203,0.0,-15.647070792951203
2019-12-18 08:00:00,91.81890946260752,8.36796606060606,0.18,0.1,0.1,0.0,0.0,0.0,-0.0,83.45094340200146,15.021169812360261,0.0,-15.021169812360261
2019-12-18 09:00:00,116.27406669816462,36.159588974358975,0.18,0.1,0.1,0.0,0.0,0.0,-0.0,80.11447772380563,14.420605990285013,0.0,-14.420605990285013
2019-12-18 10:00:00,108.3634085967309,28.1875225,0.18,0.1,0.1,-0.0,-0.0,-0.0,0.0,80.1758860967309,14.431659497411562,0.0,-14.431659497411562
2019-12-18 11:00:00,100.2039668819421,82.62627727272728,0.18,0.1,0.1,0.0,0.0,0.0,-0.0,17.577689609214815,3.1639841296586666,0.0,-3.1639841296586666
2019-12-18 12:00:00,95.29195362094518,40.55634025641025,0.18,0.1,0.2,52.631578947368425,52.631578947368425,52.631578947368425,0.0,107.36719231190335,19.3260946161426,2.0,-21.3260946161426
2019-12-18 13:00:00,93.11920152856084,27.947667499999998,0.18,0.2,0.2,0.0,0.0,0.0,-0.0,65.17153402856084,11.73087612514095,0.0,-11.73087612514095
2019-12-18 14:00:00,92.81135545517877,25.03733909090909,0.18,0.2,0.1,-47.5,-47.5,0.0,47.5,20.274016364269684,3.649322945568543,2.0,-5.649322945568543
2019-12-18 15:00:00,88.75663090870724,9.748546987179488,0.18,0.1,0.1,-0.0,-0.0,-0.0,0.0,79.00808392152774,14.221455105874993,0.0,-14.221455105874993
2019-12-18 16:00:00,86.10475234268654,1.5361,0.32,0.1,0.1,-0.0,-0.0,-0.0,0.0,84.56865234268653,27.06196874965969,0.0,-27.06196874965969
2019-12-18 17:00:00,82.54397099304714,0.0,0.32,0.1,0.2,52.631578947368425,52.631578947368425,52.631578947368425,0.0,135.17554994041558,43.25617598093299,2.0,-45.25617598093299
2019-12-18 18:00:00,84.12783149748049,0.0,0.32,0.2,0.1,-47.5,-47.5,0.0,47.5,36.627831497480486,11.720906079193755,2.0,-13.720906079193755
2019-12-18 19:00:00,83.30128173219789,0.0,0.32,0.1,0.1,-0.0,-0.0,-0.0,0.0,83.30128173219789,26.656410154303327,0.0,-26.656410154303327
2019-12-18 20:00:00,83.4577068146811,0.0,0.32,0.1,0.1,0.0,0.0,0.0,-0.0,83.4577068146811,26.706466180697955,0.0,-26.706466180697955
2019-12-18 21:00:00,80.91213189028358,0.0,0.32,0.1,0.1,-0.0,-0.0,-0.0,0.0,80.91213189028358,25.891882204890745,0.0,-25.891882204890745
2019-12-18 22:00:00,79.64318357640599,0.0,0.1,0.1,0.1,0.0,0.0,0.0,-0.0,79.64318357640599,7.964318357640599,0.0,-7.964318357640599
2019-12-18 23:00:00,76.69933927114216,0.0,0.1,0.1,0.1,-0.0,-0.0,-0.0,0.0,76.69933927114216,7.669933927114217,0.0,-7.669933927114217
2019-12-19 00:00:00,77.26261454658855,0.0,0.1,0.1,0.2,52.631578947368425,52.631578947368425,52.631578947368425,0.0,129.89419349395698,12.989419349395698,2.0,-14.989419349395698
2019-12-19 01:00:00,79.13874436832863,0.0,0.1,0.2,0.1,-47.5,-47.5,0.0,47.5,31.63874436832863,3.163874436832863,2.0,-5.163874436832863
2019-12-19 02:00:00,80.48135866527075,0.0,0.1,0.1,0.1,-0.0,-0.0,-0.0,0.0,80.48135866527075,8.048135866527074,0.0,-8.048135866527074
2019-12-19 03:00:00,79.87138651287403,0.0,0.1,0.1,0.1,-0.0,-0.0,-0.0,0.0,79.87138651287403,7.9871386512874025,0.0,-7.9871386512874025
2019-12-19 04:00:00,78.09888246062563,0.0,0.1,0.1,0.1,-0.0,-0.0,-0.0,0.0,78.09888246062563,7.809888246062563,0.0,-7.809888246062563
2019-12-19 05:00:00,83.06986681152179,0.0,0.1,0.1,0.1,0.0,0.0,0.0,-0.0,83.06986681152179,8.30698668115218,0.0,-8.30698668115218
2019-12-19 06:00:00,80.20750203733306,0.0,0.1,0.1,0.1,-0.0,-0.0,-0.0,0.0,80.20750203733306,8.020750203733305,0.0,-8.020750203733305
2019-12-19 07:00:00,83.27515126863209,1.3599582424714434,0.18,0.1,0.1,-0.0,-0.0,-0.0,0.0,81.91519302616064,14.744734744708914,0.0,-14.744734744708914
2019-12-19 08:00:00,86.51560791061866,14.964083030303032,0.18,0.1,0.1,0.0,0.0,0.0,-0.0,71.55152488031563,12.879274478456813,0.0,-12.879274478456813
2019-12-19 09:00:00,92.9349861365689,18.014657435897433,0.18,0.1,0.1,0.0,0.0,0.0,-0.0,74.92032870067146,13.485659166120863,0.0,-13.485659166120863
2019-12-19 10:00:00,92.7595098265794,28.341574305555554,0.18,0.1,0.1,-0.0,-0.0,-0.0,0.0,64.41793552102385,11.595228393784293,0.0,-11.595228393784293
2019-12-19 11:00:00,77.25773199956394,29.112541818181818,0.18,0.1,0.1,0.0,0.0,0.0,-0.0,48.14519018138213,8.666134232648782,0.0,-8.666134232648782
2019-12-19 12:00:00,95.40726142066828,26.126337499999998,0.18,0.1,0.2,52.631578947368425,52.631578947368425,52.631578947368425,0.0,121.9125028680367,21.944250516246605,2.0,-23.944250516246605
2019-12-19 13:00:00,91.08911799265546,24.864644027777775,0.18,0.2,0.30000000000000004,52.631578947368425,52.631578947368425,52.631578947368425,0.0,118.85605291224611,21.3940895242043,2.000000000000001,-23.3940895242043
2019-12-19 14:00:00,89.98318977272241,32.19640606060606,0.18,0.30000000000000004,0.20000000000000004,-47.5,-47.5,0.0,47.5,10.286783712116353,1.8516210681809435,2.0,-3.8516210681809433
2019-12-19 15:00:00,83.62979933708456,24.199379487179485,0.18,0.20000000000000004,0.10000000000000003,-47.5,-47.5,0.0,47.5,11.930419849905078,2.147475572982914,2.0,-4.1474755729829145
2019-12-19 16:00:00,81.50521204546176,4.894403653946002,0.32,0.10000000000000003,0.1,-1.3183898417423734e-14,-1.3183898417423734e-14,0.0,1.3183898417423734e-14,76.61080839151575,24.51545868528504,5.551115123125783e-16,-24.51545868528504
2019-12-19 17:00:00,80.99510997407168,0.0,0.32,0.1,0.2,52.631578947368425,52.631578947368425,52.631578947368425,0.0,133.62668892144012,42.76054045486084,2.0,-44.76054045486084
2019-12-19 18:00:00,81.33674765377981,0.0,0.32,0.2,0.1,-47.5,-47.5,0.0,47.5,33.83674765377981,10.827759249209539,2.0,-12.827759249209539
2019-12-19 19:00:00,83.16800163201617,0.0,0.32,0.1,0.1,-0.0,-0.0,-0.0,0.0,83.16800163201617,26.613760522245176,0.0,-26.613760522245176
2019-12-19 20:00:00,81.1167773826743,0.0,0.32,0.1,0.1,0.0,0.0,0.0,-0.0,81.1167773826743,25.957368762455776,0.0,-25.957368762455776
2019-12-19 21:00:00,76.65227329198268,0.0,0.32,0.1,0.1,0.0,0.0,0.0,-0.0,76.65227329198268,24.52872745343446,0.0,-24.52872745343446
2019-12-19 22:00:00,76.61043640218678,0.0,0.1,0.1,0.1,0.0,0.0,0.0,-0.0,76.61043640218678,7.661043640218678,0.0,-7.661043640218678
2019-12-19 23:00:00,76.4676794746117,0.0,0.1,0.1,0.1,-0.0,-0.0,-0.0,0.0,76.4676794746117,7.6467679474611705,0.0,-7.6467679474611705
2019-12-20 00:00:00,75.48217114149871,0.0,0.1,0.1,0.2,52.631578947368425,52.631578947368425,52.631578947368425,0.0,128.11375008886714,12.811375008886714,2.0,-14.811375008886714
2019-12-20 01:00:00,74.72202090299739,0.0,0.1,0.2,0.1,-47.5,-47.5,0.0,47.5,27.222020902997386,2.7222020902997386,2.0,-4.722202090299739
2019-12-20 02:00:00,75.77305544765615,0.0,0.1,0.1,0.1,-0.0,-0.0,-0.0,0.0,75.77305544765615,7.577305544765615,0.0,-7.577305544765615
2019-12-20 03:00:00,77.32269862914424,0.0,0.1,0.1,0.1,-0.0,-0.0,-0.0,0.0,77.32269862914424,7.732269862914425,0.0,-7.732269862914425
2019-12-20 04:00:00,76.667857791636,0.0,0.1,0.1,0.1,-0.0,-0.0,-0.0,0.0,76.667857791636,7.6667857791636,0.0,-7.6667857791636
2019-12-20 05:00:00,80.65870732621823,0.0,0.1,0.1,0.2,52.631578947368425,52.631578947368425,52.631578947368425,0.0,133.29028627358667,13.329028627358667,2.0,-15.329028627358667
2019-12-20 06:00:00,77.08662115326372,0.0,0.1,0.2,0.2,0.0,0.0,0.0,-0.0,77.08662115326372,7.708662115326373,0.0,-7.708662115326373
2019-12-20 07:00:00,81.4092626439136,2.432616243509866,0.18,0.2,0.1,-47.5,-47.5,0.0,47.5,31.476646400403737,5.665796352072673,2.0,-7.665796352072673
2019-12-20 08:00:00,81.54096915332217,24.11766121212121,0.18,0.1,0.1,0.0,0.0,0.0,-0.0,57.42330794120096,10.336195429416172,0.0,-10.336195429416172
2019-12-20 09:00:00,94.8500737032443,58.15991538461538,0.18,0.1,0.1,0.0,0.0,0.0,-0.0,36.690158318628924,6.604228497353206,0.0,-6.604228497353206
2019-12-20 10:00:00,99.34913151305675,82.24474444444444,0.18,0.1,0.1,-0.0,-0.0,-0.0,0.0,17.10438706861231,3.078789672350216,0.0,-3.078789672350216
2019-12-20 11:00:00,97.95691620264842,84.31302272727272,0.18,0.1,0.1,-0.0,-0.0,-0.0,0.0,13.643893475375691,2.4559008255676242,0.0,-2.4559008255676242
2019-12-20 12:00:00,96.19431296325638,76.48937179487179,0.18,0.1,0.2,52.631578947368425,52.631578947368425,52.631578947368425,0.0,72.33652011575302,13.020573620835544,2.0,-15.020573620835544
2019-12-20 13:00:00,96.00961171027343,56.23489722222223,0.18,0.2,0.1,-47.5,-47.5,0.0,47.5,-7.7252855119487975,0.0,2.0,-2.0
2019-12-20 14:00:00,89.31269176158376,34.724917272727275,0.18,0.1,0.1,-0.0,-0.0,-0.0,0.0,54.58777448885649,9.825799407994168,0.0,-9.825799407994168
2019-12-20 15:00:00,81.54583233839074,15.063253333333334,0.18,0.1,0.1,-0.0,-0.0,-0.0,0.0,66.4825790050574,11.966864220910333,0.0,-11.966864220910333
2019-12-20 16:00:00,82.05674371966568,2.6089548156801667,0.32,0.1,0.1,-0.0,-0.0,-0.0,0.0,79.44778890398551,25.423292449275365,0.0,-25.423292449275365
2019-12-20 17:00:00,81.24201163609682,0.0,0.32,0.1,0.2,52.631578947368425,52.631578947368425,52.631578947368425,0.0,133.87359058346524,42.83954898670888,2.0,-44.83954898670888
2019-12-20 18:00:00,81.44412309940442,0.0,0.32,0.2,0.1,-47.5,-47.5,0.0,47.5,33.94412309940442,10.862119391809415,2.0,-12.862119391809415
2019-12-20 19:00:00,83.67945955019528,0.0,0.32,0.1,0.1,-0.0,-0.0,-0.0,0.0,83.67945955019528,26.77742705606249,0.0,-26.77742705606249
2019-12-20 20:00:00,87.27918926711594,0.0,0.32,0.1,0.1,0.0,0.0,0.0,-0.0,87.27918926711594,27.9293405654771,0.0,-27.9293405654771
2019-12-20 21:00:00,79.3341369362776,0.0,0.32,0.1,0.1,-0.0,-0.0,-0.0,0.0,79.3341369362776,25.386923819608832,0.0,-25.386923819608832
2019-12-20 22:00:00,77.90780443568316,0.0,0.1,0.1,0.1,0.0,0.0,0.0,-0.0,77.90780443568316,7.790780443568316,0.0,-7.790780443568316
2019-12-20 23:00:00,74.65215962614826,0.0,0.1,0.1,0.1,-0.0,-0.0,-0.0,0.0,74.65215962614826,7.465215962614827,0.0,-7.465215962614827
2019-12-21 00:00:00,76.37464679782501,0.0,0.12,0.1,0.1,-0.0,-0.0,-0.0,0.0,76.37464679782501,9.164957615739,0.0,-9.164957615739
2019-12-21 01:00:00,78.78263416007549,0.0,0.12,0.1,0.1,-0.0,-0.0,-0.0,0.0,78.78263416007549,9.453916099209058,0.0,-9.453916099209058
2019-12-21 02:00:00,79.97343386815925,0.0,0.12,0.1,0.1,0.0,0.0,0.0,-0.0,79.97343386815925,9.59681206417911,0.0,-9.59681206417911
2019-12-21 03:00:00,77.17964151070882,0.0,0.12,0.1,0.1,0.0,0.0,0.0,-0.0,77.17964151070882,9.261556981285057,0.0,-9.261556981285057
2019-12-21 04:00:00,77.1306019845875,0.0,0.12,0.1,0.1,-0.0,-0.0,-0.0,0.0,77.1306019845875,9.255672238150499,0.0,-9.255672238150499
2019-12-21 05:00:00,82.73068207799216,0.0,0.12,0.1,0.2,52.631578947368425,52.631578947368425,52.631578947368425,0.0,135.36226102536057,16.243471323043266,2.0,-18.243471323043266
2019-12-21 06:00:00,79.21285278493256,0.0,0.12,0.2,0.30000000000000004,52.631578947368425,52.631578947368425,52.631578947368425,0.0,131.844431732301,15.821331807876119,2.000000000000001,-17.82133180787612
2019-12-21 07:00:00,78.1033660665648,1.1509205185617861,0.12,0.30000000000000004,0.20000000000000004,-47.5,-47.5,0.0,47.5,29.452445548003013,3.5342934657603613,2.0,-5.534293465760362
2019-12-21 08:00:00,80.73317963559575,7.429165303030303,0.12,0.20000000000000004,0.20000000000000004,0.0,0.0,0.0,-0.0,73.30401433256544,8.796481719907852,0.0,-8.796481719907852
2019-12-21 09:00:00,80.60898975760799,16.89989653846154,0.12,0.20000000000000004,0.20000000000000004,0.0,0.0,0.0,-0.0,63.709093219146446,7.645091186297574,0.0,-7.645091186297574
2019-12-21 10:00:00,84.39921514078087,24.135101388888888,0.12,0.20000000000000004,0.20000000000000004,0.0,0.0,0.0,-0.0,60.26411375189198,7.2316936502270375,0.0,-7.2316936502270375
2019-12-21 11:00:00,84.01137242778705,31.877176363636362,0.12,0.20000000000000004,0.10000000000000003,-47.5,-47.5,0.0,47.5,4.634196064150686,0.5561035276980822,2.0,-2.5561035276980824
2019-12-21 12:00:00,79.80922934873742,36.61758538461538,0.12,0.10000000000000003,0.1,-1.3183898417423734e-14,-1.3183898417423734e-14,0.0,1.3183898417423734e-14,43.19164396412202,5.1829972756946425,5.551115123125783e-16,-5.182997275694643
2019-12-21 13:00:00,81.68298696491834,32.061609861111116,0.12,0.1,0.2,52.631578947368425,52.631578947368425,52.631578947368425,0.0,102.25295605117566,12.270354726141079,2.0,-14.270354726141079
2019-12-21 14:00:00,82.90208458707959,22.686823030303028,0.12,0.2,0.30000000000000004,52.631578947368425,52.631578947368425,52.631578947368425,0.0,112.84684050414498,13.541620860497398,2.000000000000001,-15.5416208604974
2019-12-21 15:00:00,81.97050832861002,10.449406987179488,0.12,0.30000000000000004,0.4,52.631578947368425,52.631578947368425,52.631578947368425,0.0,124.15268028879896,14.898321634655876,1.9999999999999996,-16.898321634655876
2019-12-21 16:00:00,75.67828705037486,1.9244835539979235,0.12,0.4,0.4,0.0,0.0,0.0,-0.0,73.75380349637695,8.850456419565234,0.0,-8.850456419565234
2019-12-21 17:00:00,77.29617817585587,0.0,0.12,0.4,0.4,0.0,0.0,0.0,-0.0,77.29617817585587,9.275541381102704,0.0,-9.275541381102704
2019-12-21 18:00:00,77.91239378431462,0.0,0.12,0.4,0.30000000000000004,-47.5,-47.5,0.0,47.5,30.412393784314617,3.6494872541177537,1.9999999999999996,-5.649487254117753
2019-12-21 19:00:00,80.25446955786741,0.0,0.12,0.30000000000000004,0.30000000000000004,0.0,0.0,0.0,-0.0,80.25446955786741,9.630536346944089,0.0,-9.630536346944089
2019-12-21 20:00:00,84.96425351565227,0.0,0.12,0.30000000000000004,0.4,52.631578947368425,52.631578947368425,52.631578947368425,0.0,137.5958324630207,16.511499895562483,1.9999999999999996,-18.511499895562483
2019-12-21 21:00:00,77.88571483326311,0.0,0.12,0.4,0.30000000000000004,-47.5,-47.5,0.0,47.5,30.38571483326311,3.646285779991573,1.9999999999999996,-5.646285779991572
2019-12-21 22:00:00,78.55868378089954,0.0,0.12,0.30000000000000004,0.30000000000000004,0.0,0.0,0.0,-0.0,78.55868378089954,9.427042053707945,0.0,-9.427042053707945
2019-12-21 23:00:00,79.34092722627841,0.0,0.12,0.30000000000000004,0.20000000000000004,-47.5,-47.5,0.0,47.5,31.84092722627841,3.820911267153409,2.0,-5.820911267153409
2019-12-22 00:00:00,76.98170443014206,0.0,0.12,0.20000000000000004,0.20000000000000004,0.0,0.0,0.0,-0.0,76.98170443014206,9.237804531617046,0.0,-9.237804531617046
2019-12-22 01:00:00,76.23144205627001,0.0,0.12,0.20000000000000004,0.10000000000000003,-47.5,-47.5,0.0,47.5,28.731442056270012,3.4477730467524013,2.0,-5.447773046752401
2019-12-22 02:00:00,77.9554880081509,0.0,0.12,0.10000000000000003,0.10000000000000003,0.0,0.0,0.0,-0.0,77.9554880081509,9.354658560978107,0.0,-9.354658560978107
2019-12-22 03:00:00,78.89982713698616,0.0,0.12,0.10000000000000003,0.1,-1.3183898417423734e-14,-1.3183898417423734e-14,0.0,1.3183898417423734e-14,78.89982713698615,9.467979256438337,5.551115123125783e-16,-9.467979256438337
2019-12-22 04:00:00,79.11432205304651,0.0,0.12,0.1,0.1,-0.0,-0.0,-0.0,0.0,79.11432205304651,9.493718646365581,0.0,-9.493718646365581
2019-12-22 05:00:00,80.11051923595458,0.0,0.12,0.1,0.2,52.631578947368425,52.631578947368425,52.631578947368425,0.0,132.742098183323,15.92905178199876,2.0,-17.92905178199876
2019-12-22 06:00:00,79.27488120789732,0.0,0.12,0.2,0.30000000000000004,52.631578947368425,52.631578947368425,52.631578947368425,0.0,131.90646015526573,15.828775218631888,2.000000000000001,-17.82877521863189
2019-12-22 07:00:00,78.68674564207898,0.15132658359293874,0.12,0.30000000000000004,0.20000000000000004,-47.5,-47.5,0.0,47.5,31.035419058486042,3.7242502870183247,2.0,-5.724250287018325
2019-12-22 08:00:00,79.12957119232068,2.373027024922118,0.12,0.20000000000000004,0.20000000000000004,0.0,0.0,0.0,-0.0,76.75654416739856,9.210785300087826,0.0,-9.210785300087826
2019-12-22 09:00:00,74.81340185657439,11.603614102564102,0.12,0.20000000000000004,0.20000000000000004,0.0,0.0,0.0,-0.0,63.209787754010286,7.585174530481234,0.0,-7.585174530481234
2019-12-22 10:00:00,78.58960567651147,18.528876805555555,0.12,0.20000000000000004,0.20000000000000004,0.0,0.0,0.0,-0.0,60.06072887095591,7.207287464514709,0.0,-7.207287464514709
2019-12-22 11:00:00,82.28236314300877,18.833820454545453,0.12,0.20000000000000004,0.10000000000000003,-47.5,-47.5,0.0,47.5,15.948542688463313,1.9138251226155976,2.0,-3.913825122615598
2019-12-22 12:00:00,77.74654699150383,8.826686923076922,0.12,0.10000000000000003,0.20000000000000004,52.631578947368425,52.631578947368425,52.631578947368425,0.0,121.55143901579534,14.586172681895441,2.0,-16.58617268189544
2019-12-22 13:00:00,76.28586280433638,17.299109444444444,0.12,0.20000000000000004,0.30000000000000004,52.631578947368425,52.631578947368425,52.631578947368425,0.0,111.61833230726036,13.394199876871243,2.0,-15.394199876871243
2019-12-22 14:00:00,71.88964961754043,14.359311969696972,0.12,0.30000000000000004,0.20000000000000004,-47.5,-47.5,0.0,47.5,10.030337647843453,1.2036405177412144,2.0,-3.2036405177412144
2019-12-22 15:00:00,76.60192815545987,6.883893205128205,0.12,0.20000000000000004,0.10000000000000003,-47.5,-47.5,0.0,47.5,22.21803495033167,2.6661641940398004,2.0,-4.6661641940398
2019-12-22 16:00:00,77.16428360517538,1.6373863966770512,0.12,0.10000000000000003,0.10000000000000003,0.0,0.0,0.0,-0.0,75.52689720849834,9.0632276650198,0.0,-9.0632276650198
2019-12-22 17:00:00,78.39145741105804,0.0,0.12,0.10000000000000003,0.1,-1.3183898417423734e-14,-1.3183898417423734e-14,0.0,1.3183898417423734e-14,78.39145741105803,9.406974889326962,5.551115123125783e-16,-9.406974889326962
2019-12-22 18:00:00,77.64386428875825,0.0,0.12,0.1,0.2,52.631578947368425,52.631578947368425,52.631578947368425,0.0,130.27544323612668,15.6330531883352,2.0,-17.6330531883352
2019-12-22 19:00:00,81.973629116787,0.0,0.12,0.2,0.2,0.0,0.0,0.0,-0.0,81.973629116787,9.836835494014439,0.0,-9.836835494014439
2019-12-22 20:00:00,80.8042291753553,0.0,0.12,0.2,0.30000000000000004,52.631578947368425,52.631578947368425,52.631578947368425,0.0,133.43580812272373,16.012296974726848,2.000000000000001,-18.012296974726848
2019-12-22 21:00:00,79.95721712252342,0.0,0.12,0.30000000000000004,0.20000000000000004,-47.5,-47.5,0.0,47.5,32.45721712252342,3.8948660547028098,2.0,-5.89486605470281
2019-12-22 22:00:00,76.99365940462563,0.0,0.12,0.20000000000000004,0.30000000000000004,52.631578947368425,52.631578947368425,52.631578947368425,0.0,129.62523835199406,15.555028602239286,2.0,-17.555028602239286
2019-12-22 23:00:00,76.2416417893673,0.0,0.12,0.30000000000000004,0.20000000000000004,-47.5,-47.5,0.0,47.5,28.741641789367307,3.448997014724077,2.0,-5.4489970147240765
2019-12-23 00:00:00,79.13341458697462,0.0,0.1,0.20000000000000004,0.10000000000000003,-47.5,-47.5,0.0,47.5,31.633414586974624,3.1633414586974626,2.0,-5.163341458697463
2019-12-23 01:00:00,79.24724701888913,0.0,0.1,0.10000000000000003,0.1,-1.3183898417423734e-14,-1.3183898417423734e-14,0.0,1.3183898417423734e-14,79.24724701888911,7.924724701888912,5.551115123125783e-16,-7.924724701888913
2019-12-23 02:00:00,78.68057707355247,0.0,0.1,0.1,0.1,-0.0,-0.0,-0.0,0.0,78.68057707355247,7.868057707355248,0.0,-7.868057707355248
2019-12-23 03:00:00,77.53941861027064,0.0,0.1,0.1,0.1,-0.0,-0.0,-0.0,0.0,77.53941861027064,7.753941861027065,0.0,-7.753941861027065
2019-12-23 04:00:00,78.761603316168,0.0,0.1,0.1,0.2,52.631578947368425,52.631578947368425,52.631578947368425,0.0,131.39318226353643,13.139318226353645,2.0,-15.139318226353645
2019-12-23 05:00:00,82.17119477916988,0.0,0.1,0.2,0.2,0.0,0.0,0.0,-0.0,82.17119477916988,8.217119477916988,0.0,-8.217119477916988
2019-12-23 06:00:00,79.70187919230558,0.0,0.1,0.2,0.1,-47.5,-47.5,0.0,47.5,32.20187919230558,3.2201879192305585,2.0,-5.2201879192305585
2019-12-23 07:00:00,78.35719942463508,1.204852341640706,0.18,0.1,0.1,-0.0,-0.0,-0.0,0.0,77.15234708299438,13.887422474938989,0.0,-13.887422474938989
2019-12-23 08:00:00,84.44139096892444,16.07055515151515,0.18,0.1,0.1,0.0,0.0,0.0,-0.0,68.37083581740929,12.306750447133671,0.0,-12.306750447133671
2019-12-23 09:00:00,88.27681879867447,52.91352307692308,0.18,0.1,0.1,0.0,0.0,0.0,-0.0,35.36329572175139,6.3653932299152505,0.0,-6.3653932299152505
2019-12-23 10:00:00,85.76149827507048,100.23188333333333,0.18,0.1,0.1,-0.0,-0.0,-0.0,0.0,-14.470385058262849,0.0,0.0,-0.0
2019-12-23 11:00:00,96.23754763895884,108.64282272727273,0.18,0.1,0.1,-0.0,-0.0,-0.0,0.0,-12.405275088313886,0.0,0.0,-0.0
2019-12-23 12:00:00,98.18709676139005,106.02301538461538,0.18,0.1,0.2,52.631578947368425,52.631578947368425,52.631578947368425,0.0,44.7956603241431,8.063218858345758,2.0,-10.063218858345758
2019-12-23 13:00:00,93.86364051179557,90.9043013888889,0.18,0.2,0.1,-47.5,-47.5,0.0,47.5,-44.54066087709333,0.0,2.0,-2.0
2019-12-23 14:00:00,90.62537821601383,66.30962272727272,0.18,0.1,0.1,-0.0,-0.0,-0.0,0.0,24.315755488741104,4.376835987973399,0.0,-4.376835987973399
2019-12-23 15:00:00,87.82305157193046,33.44812974358974,0.18,0.1,0.1,-0.0,-0.0,-0.0,0.0,54.374921828340725,9.78748592910133,0.0,-9.78748592910133
2019-12-23 16:00:00,83.28316360677807,4.863340455607476,0.32,0.1,0.1,-0.0,-0.0,-0.0,0.0,78.4198231511706,25.094343408374595,0.0,-25.094343408374595
2019-12-23 17:00:00,79.64296462678381,0.0,0.32,0.1,0.2,52.631578947368425,52.631578947368425,52.631578947368425,0.0,132.27454357415223,42.32785394372871,2.0,-44.32785394372871
2019-12-23 18:00:00,80.35228326989736,0.0,0.32,0.2,0.1,-47.5,-47.5,0.0,47.5,32.852283269897356,10.512730646367155,2.0,-12.512730646367155
2019-12-23 19:00:00,82.63248956011272,0.0,0.32,0.1,0.1,-0.0,-0.0,-0.0,0.0,82.63248956011272,26.44239665923607,0.0,-26.44239665923607
2019-12-23 20:00:00,81.45644743316736,0.0,0.32,0.1,0.1,0.0,0.0,0.0,-0.0,81.45644743316736,26.066063178613554,0.0,-26.066063178613554
2019-12-23 21:00:00,77.34698949252486,0.0,0.32,0.1,0.1,-0.0,-0.0,-0.0,0.0,77.34698949252486,24.751036637607953,0.0,-24.751036637607953
2019-12-23 22:00:00,77.73836683099204,0.0,0.1,0.1,0.1,0.0,0.0,0.0,-0.0,77.73836683099204,7.773836683099204,0.0,-7.773836683099204
2019-12-23 23:00:00,77.78102171666866,0.0,0.1,0.1,0.1,-0.0,-0.0,-0.0,0.0,77.78102171666866,7.778102171666866,0.0,-7.778102171666866
2019-12-24 00:00:00,77.70376622973396,0.0,0.1,0.1,0.2,52.631578947368425,52.631578947368425,52.631578947368425,0.0,130.3353451771024,13.03353451771024,2.0,-15.03353451771024
2019-12-24 01:00:00,76.87564795468263,0.0,0.1,0.2,0.1,-47.5,-47.5,0.0,47.5,29.375647954682634,2.9375647954682638,2.0,-4.937564795468264
2019-12-24 02:00:00,75.11545472846332,0.0,0.1,0.1,0.1,-0.0,-0.0,-0.0,0.0,75.11545472846332,7.511545472846333,0.0,-7.511545472846333
2019-12-24 03:00:00,77.76017796003529,0.0,0.1,0.1,0.1,-0.0,-0.0,-0.0,0.0,77.76017796003529,7.776017796003529,0.0,-7.776017796003529
2019-12-24 04:00:00,77.52013707225888,0.0,0.1,0.1,0.1,-0.0,-0.0,-0.0,0.0,77.52013707225888,7.752013707225888,0.0,-7.752013707225888
2019-12-24 05:00:00,76.88070129387346,0.0,0.1,0.1,0.1,0.0,0.0,0.0,-0.0,76.88070129387346,7.688070129387346,0.0,-7.688070129387346
2019-12-24 06:00:00,74.60007946626612,0.0,0.1,0.1,0.1,0.0,0.0,0.0,-0.0,74.60007946626612,7.460007946626613,0.0,-7.460007946626613
2019-12-24 07:00:00,76.4379329310812,4.316480031152648,0.18,0.1,0.1,-0.0,-0.0,-0.0,0.0,72.12145289992856,12.98186152198714,0.0,-12.98186152198714
2019-12-24 08:00:00,78.00209870681385,39.9879253030303,0.18,0.1,0.2,52.631578947368425,52.631578947368425,52.631578947368425,0.0,90.64575235115197,16.316235423207353,2.0,-18.316235423207353
2019-12-24 09:00:00,80.52843513524454,65.74053461538462,0.18,0.2,0.1,-47.5,-47.5,0.0,47.5,-32.71209948014008,0.0,2.0,-2.0
2019-12-24 10:00:00,83.48952743920431,78.73553861111111,0.18,0.1,0.1,-0.0,-0.0,-0.0,0.0,4.753988828093199,0.8557179890567758,0.0,-0.8557179890567758
2019-12-24 11:00:00,89.49320693875462,89.86652424242425,0.18,0.1,0.1,-0.0,-0.0,-0.0,0.0,-0.3733173036696229,0.0,0.0,-0.0
2019-12-24 12:00:00,85.68504261185707,75.08582692307692,0.18,0.1,0.2,52.631578947368425,52.631578947368425,52.631578947368425,0.0,63.23079463614857,11.381543034506743,2.0,-13.381543034506743
2019-12-24 13:00:00,85.17057743607246,60.54922638888888,0.18,0.2,0.30000000000000004,52.631578947368425,52.631578947368425,52.631578947368425,0.0,77.252929994552,13.90552739901936,2.000000000000001,-15.905527399019363
2019-12-24 14:00:00,79.48511950570195,33.21231333333333,0.18,0.30000000000000004,0.4,52.631578947368425,52.631578947368425,52.631578947368425,0.0,98.90438511973704,17.802789321552666,1.9999999999999996,-19.802789321552666
2019-12-24 15:00:00,78.1679271312774,16.87261987179487,0.18,0.4,0.5,52.631578947368425,52.631578947368425,52.631578947368425,0.0,113.92688620685095,20.50683951723317,1.9999999999999996,-22.50683951723317
2019-12-24 16:00:00,78.73500528525095,2.7250890706126696,0.32,0.5,0.4,-47.5,-47.5,0.0,47.5,28.50991621463828,9.12317318868425,1.9999999999999996,-11.12317318868425
2019-12-24 17:00:00,78.45976962410275,0.0,0.32,0.4,0.4,0.0,0.0,0.0,-0.0,78.45976962410275,25.10712627971288,0.0,-25.10712627971288
2019-12-24 18:00:00,79.39926099307056,0.0,0.32,0.4,0.30000000000000004,-47.5,-47.5,0.0,47.5,31.899260993070556,10.207763517782578,1.9999999999999996,-12.207763517782578
2019-12-24 19:00:00,76.19580520872137,0.0,0.32,0.30000000000000004,0.30000000000000004,0.0,0.0,0.0,-0.0,76.19580520872137,24.382657666790838,0.0,-24.382657666790838
2019-12-24 20:00:00,77.3090238863452,0.0,0.32,0.30000000000000004,0.20000000000000004,-47.5,-47.5,0.0,47.5,29.8090238863452,9.538887643630465,2.0,-11.538887643630465
2019-12-24 21:00:00,79.8678863607816,0.0,0.32,0.20000000000000004,0.20000000000000004,0.0,0.0,0.0,-0.0,79.8678863607816,25.557723635450113,0.0,-25.557723635450113
2019-12-24 22:00:00,80.08394662122203,0.0,0.1,0.20000000000000004,0.20000000000000004,0.0,0.0,0.0,-0.0,80.08394662122203,8.008394662122203,0.0,-8.008394662122203
2019-12-24 23:00:00,75.19997045882577,0.0,0.1,0.20000000000000004,0.10000000000000003,-47.5,-47.5,0.0,47.5,27.699970458825774,2.769997045882578,2.0,-4.769997045882578
2019-12-25 00:00:00,76.71823629439832,0.0,0.1,0.10000000000000003,0.20000000000000004,52.631578947368425,52.631578947368425,52.631578947368425,0.0,129.34981524176675,12.934981524176676,2.0,-14.934981524176676
2019-12-25 01:00:00,76.8620077319277,0.0,0.1,0.20000000000000004,0.10000000000000003,-47.5,-47.5,0.0,47.5,29.362007731927704,2.9362007731927706,2.0,-4.936200773192771
2019-12-25 02:00:00,77.67000993853952,0.0,0.1,0.10000000000000003,0.1,-1.3183898417423734e-14,-1.3183898417423734e-14,0.0,1.3183898417423734e-14,77.67000993853951,7.7670009938539515,5.551115123125783e-16,-7.767000993853952
2019-12-25 03:00:00,75.41284859757941,0.0,0.1,0.1,0.1,-0.0,-0.0,-0.0,0.0,75.41284859757941,7.541284859757941,0.0,-7.541284859757941
2019-12-25 04:00:00,76.88018702755603,0.0,0.1,0.1,0.2,52.631578947368425,52.631578947368425,52.631578947368425,0.0,129.51176597492446,12.951176597492447,2.0,-14.951176597492447
2019-12-25 05:00:00,76.82902027223209,0.0,0.1,0.2,0.1,-47.5,-47.5,0.0,47.5,29.329020272232086,2.932902027223209,2.0,-4.932902027223209
2019-12-25 06:00:00,77.08824363842922,0.0,0.1,0.1,0.1,0.0,0.0,0.0,-0.0,77.08824363842922,7.708824363842922,0.0,-7.708824363842922
2019-12-25 07:00:00,75.86898008037379,0.7499506749740394,0.18,0.1,0.1,-0.0,-0.0,-0.0,0.0,75.11902940539974,13.521425292971953,0.0,-13.521425292971953
2019-12-25 08:00:00,76.42037219121568,19.368430303030305,0.18,0.1,0.1,0.0,0.0,0.0,-0.0,57.05194188818537,10.269349539873366,0.0,-10.269349539873366
2019-12-25 09:00:00,77.33559889627084,21.47542388329739,0.18,0.1,0.1,0.0,0.0,0.0,-0.0,55.86017501297345,10.05483150233522,0.0,-10.05483150233522
2019-12-25 10:00:00,79.85696668639359,25.569616111111113,0.18,0.1,0.1,-0.0,-0.0,-0.0,0.0,54.287350575282474,9.771723103550846,0.0,-9.771723103550846
2019-12-25 11:00:00,80.14717049105899,27.386602424242426,0.18,0.1,0.1,-0.0,-0.0,-0.0,0.0,52.76056806681656,9.496902252026981,0.0,-9.496902252026981
2019-12-25 12:00:00,77.19419732314134,20.356076794871797,0.18,0.1,0.2,52.631578947368425,52.631578947368425,52.631578947368425,0.0,109.46969947563797,19.704545905614832,2.0,-21.704545905614832
2019-12-25 13:00:00,78.07271683754935,29.171640555555555,0.18,0.2,0.1,-47.5,-47.5,0.0,47.5,1.4010762819937952,0.25219373075888313,2.0,-2.2521937307588833
2019-12-25 14:00:00,77.34280186431967,17.668278333333333,0.18,0.1,0.1,0.0,0.0,0.0,-0.0,59.674523530986335,10.74141423557754,0.0,-10.74141423557754
2019-12-25 15:00:00,78.03232734319258,10.385148076923077,0.18,0.1,0.1,-0.0,-0.0,-0.0,0.0,67.6471792662695,12.176492267928511,0.0,-12.176492267928511
2019-12-25 16:00:00,77.82814194646757,2.1509118769470406,0.32,0.1,0.1,0.0,0.0,0.0,-0.0,75.67723006952053,24.216713622246573,0.0,-24.216713622246573
2019-12-25 17:00:00,79.66491938640756,0.0,0.32,0.1,0.2,52.631578947368425,52.631578947368425,52.631578947368425,0.0,132.296498333776,42.33487946680832,2.0,-44.33487946680832
2019-12-25 18:00:00,78.66986652796231,0.0,0.32,0.2,0.1,-47.5,-47.5,0.0,47.5,31.169866527962313,9.97435728894794,2.0,-11.97435728894794
2019-12-25 19:00:00,78.18237871477352,0.0,0.32,0.1,0.1,-0.0,-0.0,-0.0,0.0,78.18237871477352,25.01836118872753,0.0,-25.01836118872753
2019-12-25 20:00:00,78.17866412490716,0.0,0.32,0.1,0.1,-0.0,-0.0,-0.0,0.0,78.17866412490716,25.01717251997029,0.0,-25.01717251997029
2019-12-25 21:00:00,76.74885350769065,0.0,0.32,0.1,0.1,0.0,0.0,0.0,-0.0,76.74885350769065,24.55963312246101,0.0,-24.55963312246101
2019-12-25 22:00:00,78.85998164442609,0.0,0.1,0.1,0.1,0.0,0.0,0.0,-0.0,78.85998164442609,7.885998164442609,0.0,-7.885998164442609
2019-12-25 23:00:00,78.85808290535273,0.0,0.1,0.1,0.1,-0.0,-0.0,-0.0,0.0,78.85808290535273,7.885808290535273,0.0,-7.885808290535273
2019-12-26 00:00:00,78.97773582016383,0.0,0.1,0.1,0.2,52.631578947368425,52.631578947368425,52.631578947368425,0.0,131.60931476753225,13.160931476753227,2.0,-15.160931476753227
2019-12-26 01:00:00,74.62065376198947,0.0,0.1,0.2,0.1,-47.5,-47.5,0.0,47.5,27.120653761989473,2.7120653761989475,2.0,-4.7120653761989475
2019-12-26 02:00:00,76.66010415654306,0.0,0.1,0.1,0.1,-0.0,-0.0,-0.0,0.0,76.66010415654306,7.666010415654306,0.0,-7.666010415654306
2019-12-26 03:00:00,77.26177455434366,0.0,0.1,0.1,0.1,-0.0,-0.0,-0.0,0.0,77.26177455434366,7.7261774554343665,0.0,-7.7261774554343665
2019-12-26 04:00:00,77.17146750244538,0.0,0.1,0.1,0.2,52.631578947368425,52.631578947368425,52.631578947368425,0.0,129.8030464498138,12.98030464498138,2.0,-14.98030464498138
2019-12-26 05:00:00,74.40992044340706,0.0,0.1,0.2,0.1,-47.5,-47.5,0.0,47.5,26.90992044340706,2.6909920443407063,2.0,-4.690992044340707
2019-12-26 06:00:00,79.45249485148884,0.0,0.1,0.1,0.1,-0.0,-0.0,-0.0,0.0,79.45249485148884,7.945249485148884,0.0,-7.945249485148884
2019-12-26 07:00:00,88.5770216419736,1.6885998701973002,0.18,0.1,0.1,-0.0,-0.0,-0.0,0.0,86.88842177177631,15.639915918919735,0.0,-15.639915918919735
2019-12-26 08:00:00,85.34573376144446,12.874823484848486,0.18,0.1,0.1,0.0,0.0,0.0,-0.0,72.47091027659597,13.044763849787275,0.0,-13.044763849787275
2019-12-26 09:00:00,87.40903989560992,60.89687230769231,0.18,0.1,0.1,0.0,0.0,0.0,-0.0,26.51216758791761,4.77219016582517,0.0,-4.77219016582517
2019-12-26 10:00:00,95.50204969026358,100.28320555555554,0.18,0.1,0.1,-0.0,-0.0,-0.0,0.0,-4.781155865291964,0.0,0.0,-0.0
2019-12-26 11:00:00,95.74002858863005,109.03993939393939,0.18,0.1,0.1,-0.0,-0.0,-0.0,0.0,-13.299910805309338,0.0,0.0,-0.0
2019-12-26 12:00:00,90.88992679579336,105.75394615384616,0.18,0.1,0.2,52.631578947368425,52.631578947368425,52.631578947368425,0.0,37.767559589315624,6.798160726076812,2.0,-8.798160726076812
2019-12-26 13:00:00,87.3024381610749,93.27057916666666,0.18,0.2,0.1,-47.5,-47.5,0.0,47.5,-53.46814100559176,0.0,2.0,-2.0
2019-12-26 14:00:00,83.78744643771152,69.29212727272727,0.18,0.1,0.1,-0.0,-0.0,-0.0,0.0,14.495319164984252,2.6091574496971655,0.0,-2.6091574496971655
2019-12-26 15:00:00,81.28827992726704,35.17629974358974,0.18,0.1,0.2,52.631578947368425,52.631578947368425,52.631578947368425,0.0,98.74355913104573,17.77384064358823,2.0,-19.77384064358823
2019-12-26 16:00:00,79.79239244039026,5.556352808930426,0.32,0.2,0.30000000000000004,52.631578947368425,52.631578947368425,52.631578947368425,0.0,126.86761857882826,40.597637945225046,2.000000000000001,-42.597637945225046
2019-12-26 17:00:00,81.0529352252638,0.0,0.32,0.30000000000000004,0.4,52.631578947368425,52.631578947368425,52.631578947368425,0.0,133.68451417263222,42.77904453524231,1.9999999999999996,-44.77904453524231
2019-12-26 18:00:00,81.29357531343014,0.0,0.32,0.4,0.30000000000000004,-47.5,-47.5,0.0,47.5,33.79357531343014,10.813944100297645,1.9999999999999996,-12.813944100297645
2019-12-26 19:00:00,85.74601056944859,0.0,0.32,0.30000000000000004,0.30000000000000004,0.0,0.0,0.0,-0.0,85.74601056944859,27.438723382223547,0.0,-27.438723382223547
2019-12-26 20:00:00,79.11845538240794,0.0,0.32,0.30000000000000004,0.20000000000000004,-47.5,-47.5,0.0,47.5,31.618455382407944,10.117905722370542,2.0,-12.117905722370542
2019-12-26 21:00:00,80.13065004894318,0.0,0.32,0.20000000000000004,0.20000000000000004,0.0,0.0,0.0,-0.0,80.13065004894318,25.64180801566182,0.0,-25.64180801566182
2019-12-26 22:00:00,76.88413690304453,0.0,0.1,0.20000000000000004,0.20000000000000004,0.0,0.0,0.0,-0.0,76.88413690304453,7.688413690304454,0.0,-7.688413690304454
2019-12-26 23:00:00,76.3933593780682,0.0,0.1,0.20000000000000004,0.10000000000000003,-47.5,-47.5,0.0,47.5,28.893359378068197,2.8893359378068197,2.0,-4.88933593780682
2019-12-27 00:00:00,77.42346027661277,0.0,0.1,0.10000000000000003,0.20000000000000004,52.631578947368425,52.631578947368425,52.631578947368425,0.0,130.0550392239812,13.00550392239812,2.0,-15.00550392239812
2019-12-27 01:00:00,77.65017946871937,0.0,0.1,0.20000000000000004,0.10000000000000003,-47.5,-47.5,0.0,47.5,30.150179468719372,3.0150179468719376,2.0,-5.015017946871938
2019-12-27 02:00:00,77.3823605444105,0.0,0.1,0.10000000000000003,0.1,-1.3183898417423734e-14,-1.3183898417423734e-14,0.0,1.3183898417423734e-14,77.38236054441049,7.73823605444105,5.551115123125783e-16,-7.7382360544410504
2019-12-27 03:00:00,77.33892486271054,0.0,0.1,0.1,0.1,-0.0,-0.0,-0.0,0.0,77.33892486271054,7.7338924862710545,0.0,-7.7338924862710545
2019-12-27 04:00:00,79.5782386039814,0.0,0.1,0.1,0.1,-0.0,-0.0,-0.0,0.0,79.5782386039814,7.957823860398141,0.0,-7.957823860398141
2019-12-27 05:00:00,84.11699732878624,0.0,0.1,0.1,0.2,52.631578947368425,52.631578947368425,52.631578947368425,0.0,136.74857627615467,13.674857627615467,2.0,-15.674857627615467
2019-12-27 06:00:00,80.00207039287938,0.0,0.1,0.2,0.2,0.0,0.0,0.0,-0.0,80.00207039287938,8.000207039287938,0.0,-8.000207039287938
2019-12-27 07:00:00,79.16084827959385,5.443997777777779,0.18,0.2,0.2,0.0,0.0,0.0,-0.0,73.71685050181607,13.269033090326891,0.0,-13.269033090326891
2019-12-27 08:00:00,82.78594322530536,42.44267060606061,0.18,0.2,0.2,0.0,0.0,0.0,-0.0,40.34327261924475,7.2617890714640545,0.0,-7.2617890714640545
2019-12-27 09:00:00,85.41252375897312,78.68897692307692,0.18,0.2,0.1,-47.5,-47.5,0.0,47.5,-40.7764531641038,0.0,2.0,-2.0
2019-12-27 10:00:00,94.51930717088605,81.49905694444443,0.18,0.1,0.1,-0.0,-0.0,-0.0,0.0,13.020250226441618,2.3436450407594913,0.0,-2.3436450407594913
2019-12-27 11:00:00,91.62206268805821,99.5184909090909,0.18,0.1,0.1,-0.0,-0.0,-0.0,0.0,-7.896428221032693,0.0,0.0,-0.0
2019-12-27 12:00:00,95.33901258003874,103.73685,0.18,0.1,0.2,52.631578947368425,52.631578947368425,52.631578947368425,0.0,44.23374152740716,7.962073474933288,2.0,-9.962073474933288
2019-12-27 13:00:00,94.07679773848515,90.9471375,0.18,0.2,0.30000000000000004,52.631578947368425,52.631578947368425,52.631578947368425,0.0,55.76123918585358,10.037023053453645,2.000000000000001,-12.037023053453645
2019-12-27 14:00:00,90.46008438748386,67.35491666666667,0.18,0.30000000000000004,0.4,52.631578947368425,52.631578947368425,52.631578947368425,0.0,75.73674666818562,13.632614400273411,1.9999999999999996,-15.632614400273411
2019-12-27 15:00:00,83.02326178233096,32.06230923076923,0.18,0.4,0.4,0.0,0.0,0.0,-0.0,50.96095255156173,9.172971459281111,0.0,-9.172971459281111
2019-12-27 16:00:00,81.2549803072941,6.933274583333335,0.32,0.4,0.5,52.631578947368425,52.631578947368425,52.631578947368425,0.0,126.9532846713292,40.625051094825345,1.9999999999999996,-42.625051094825345
2019-12-27 17:00:00,80.47833755992046,0.055802888700084964,0.32,0.5,0.6,52.631578947368425,52.631578947368425,52.631578947368425,0.0,133.05411361858881,42.57731635794842,1.9999999999999996,-44.57731635794842
2019-12-27 18:00:00,81.44907226422514,0.0,0.32,0.6,0.5,-47.5,-47.5,0.0,47.5,33.94907226422514,10.863703124552044,1.9999999999999996,-12.863703124552044
2019-12-27 19:00:00,82.80573865477429,0.0,0.32,0.5,0.5,0.0,0.0,0.0,-0.0,82.80573865477429,26.49783636952777,0.0,-26.49783636952777
2019-12-27 20:00:00,78.93581724637816,0.0,0.32,0.5,0.5,0.0,0.0,0.0,-0.0,78.93581724637816,25.259461518841015,0.0,-25.259461518841015
2019-12-27 21:00:00,77.79119319325324,0.0,0.32,0.5,0.6,52.631578947368425,52.631578947368425,52.631578947368425,0.0,130.42277214062165,41.73528708499893,1.9999999999999996,-43.73528708499893
2019-12-27 22:00:00,78.29928157001594,0.0,0.1,0.6,0.7,52.631578947368425,52.631578947368425,52.631578947368425,0.0,130.93086051738436,13.093086051738437,1.9999999999999996,-15.093086051738437
2019-12-27 23:00:00,77.77579685820113,0.0,0.1,0.7,0.7999999999999999,52.631578947368425,52.631578947368425,52.631578947368425,0.0,130.40737580556956,13.040737580556957,1.9999999999999996,-15.040737580556957
2019-12-28 00:00:00,75.68576678321689,0.0,0.12,0.7999999999999999,0.7,-47.5,-47.5,0.0,47.5,28.18576678321689,3.3822920139860266,1.9999999999999996,-5.382292013986026
2019-12-28 01:00:00,76.21783322171662,0.0,0.12,0.7,0.6,-47.5,-47.5,0.0,47.5,28.717833221716617,3.446139986605994,1.9999999999999996,-5.446139986605994
2019-12-28 02:00:00,77.78525435623173,0.0,0.12,0.6,0.5,-47.5,-47.5,0.0,47.5,30.285254356231732,3.634230522747808,1.9999999999999996,-5.634230522747807
2019-12-28 03:00:00,78.01005672930403,0.0,0.12,0.5,0.4,-47.5,-47.5,0.0,47.5,30.510056729304026,3.661206807516483,1.9999999999999996,-5.661206807516482
2019-12-28 04:00:00,75.38312632618599,0.0,0.12,0.4,0.4,0.0,0.0,0.0,-0.0,75.38312632618599,9.045975159142317,0.0,-9.045975159142317
2019-12-28 05:00:00,76.18404702404754,0.0,0.12,0.4,0.30000000000000004,-47.5,-47.5,0.0,47.5,28.684047024047544,3.442085642885705,1.9999999999999996,-5.442085642885704
2019-12-28 06:00:00,76.6362225599021,0.0,0.12,0.30000000000000004,0.20000000000000004,-47.5,-47.5,0.0,47.5,29.136222559902095,3.496346707188251,2.0,-5.496346707188251
2019-12-28 07:00:00,76.6151353117995,4.7593531373312565,0.12,0.20000000000000004,0.10000000000000003,-47.5,-47.5,0.0,47.5,24.355782174468246,2.922693860936189,2.0,-4.922693860936189
2019-12-28 08:00:00,81.26531244039957,44.57563287878789,0.12,0.10000000000000003,0.1,-1.3183898417423734e-14,-1.3183898417423734e-14,0.0,1.3183898417423734e-14,36.68967956161166,4.402761547393399,5.551115123125783e-16,-4.4027615473934
2019-12-28 09:00:00,82.18160306988706,74.74327564102565,0.12,0.1,0.1,-0.0,-0.0,-0.0,0.0,7.438327428861413,0.8925992914633696,0.0,-0.8925992914633696
2019-12-28 10:00:00,88.63553242736477,95.634325,0.12,0.1,0.1,-0.0,-0.0,-0.0,0.0,-6.998792572635239,0.0,0.0,-0.0
2019-12-28 11:00:00,88.94591932300987,103.68620909090909,0.12,0.1,0.1,0.0,0.0,0.0,-0.0,-14.740289767899213,0.0,0.0,-0.0
2019-12-28 12:00:00,87.2852393465176,102.43276923076922,0.12,0.1,0.1,-0.0,-0.0,-0.0,0.0,-15.147529884251625,0.0,0.0,-0.0
2019-12-28 13:00:00,87.09731944518985,90.54965416666666,0.12,0.1,0.1,0.0,0.0,0.0,-0.0,-3.4523347214768023,0.0,0.0,-0.0
2019-12-28 14:00:00,85.24285463647671,65.32473333333334,0.12,0.1,0.1,-0.0,-0.0,-0.0,0.0,19.918121303143366,2.390174556377204,0.0,-2.390174556377204
2019-12-28 15:00:00,81.83833391875396,23.460775641025638,0.12,0.1,0.1,-0.0,-0.0,-0.0,0.0,58.377558277728326,7.005306993327399,0.0,-7.005306993327399
2019-12-28 16:00:00,76.07973946097808,3.5006756619937693,0.12,0.1,0.2,52.631578947368425,52.631578947368425,52.631578947368425,0.0,125.21064274635273,15.025277129562328,2.0,-17.025277129562326
2019-12-28 17:00:00,74.30861176129946,0.0,0.12,0.2,0.1,-47.5,-47.5,0.0,47.5,26.80861176129946,3.217033411355935,2.0,-5.217033411355935
2019-12-28 18:00:00,75.08505707180089,0.0,0.12,0.1,0.2,52.631578947368425,52.631578947368425,52.631578947368425,0.0,127.71663601916931,15.325996322300318,2.0,-17.32599632230032
2019-12-28 19:00:00,78.36383061561479,0.0,0.12,0.2,0.2,0.0,0.0,0.0,-0.0,78.36383061561479,9.403659673873774,0.0,-9.403659673873774
2019-12-28 20:00:00,76.7657860812571,0.0,0.12,0.2,0.1,-47.5,-47.5,0.0,47.5,29.265786081257104,3.5118943297508523,2.0,-5.511894329750852
2019-12-28 21:00:00,77.8889123132262,0.0,0.12,0.1,0.1,-0.0,-0.0,-0.0,0.0,77.8889123132262,9.346669477587144,0.0,-9.346669477587144
2019-12-28 22:00:00,76.90680106454984,0.0,0.12,0.1,0.1,-0.0,-0.0,-0.0,0.0,76.90680106454984,9.228816127745981,0.0,-9.228816127745981
2019-12-28 23:00:00,76.88950879560635,0.0,0.12,0.1,0.2,52.631578947368425,52.631578947368425,52.631578947368425,0.0,129.52108774297477,15.542530529156972,2.0,-17.54253052915697
2019-12-29 00:00:00,76.4772878621935,0.0,0.12,0.2,0.2,0.0,0.0,0.0,-0.0,76.4772878621935,9.17727454346322,0.0,-9.17727454346322
2019-12-29 01:00:00,76.823151969754,0.0,0.12,0.2,0.1,-47.5,-47.5,0.0,47.5,29.323151969753994,3.518778236370479,2.0,-5.518778236370479
2019-12-29 02:00:00,73.94851384559207,0.0,0.12,0.1,0.1,0.0,0.0,0.0,-0.0,73.94851384559207,8.873821661471048,0.0,-8.873821661471048
2019-12-29 03:00:00,76.21209468666707,0.0,0.12,0.1,0.1,-0.0,-0.0,-0.0,0.0,76.21209468666707,9.145451362400049,0.0,-9.145451362400049
2019-12-29 04:00:00,76.72744291308251,0.0,0.12,0.1,0.1,-0.0,-0.0,-0.0,0.0,76.72744291308251,9.207293149569901,0.0,-9.207293149569901
2019-12-29 05:00:00,76.56390940684895,0.0,0.12,0.1,0.2,52.631578947368425,52.631578947368425,52.631578947368425,0.0,129.1954883542174,15.503458602506086,2.0,-17.503458602506086
2019-12-29 06:00:00,74.7748898452857,0.0,0.12,0.2,0.30000000000000004,52.631578947368425,52.631578947368425,52.631578947368425,0.0,127.40646879265412,15.288776255118494,2.000000000000001,-17.288776255118496
2019-12-29 07:00:00,75.60164028836,0.9044710929387331,0.12,0.30000000000000004,0.20000000000000004,-47.5,-47.5,0.0,47.5,27.197169195421267,3.263660303450552,2.0,-5.263660303450552
2019-12-29 08:00:00,76.32813308772751,6.803238333333334,0.12,0.20000000000000004,0.20000000000000004,0.0,0.0,0.0,-0.0,69.52489475439417,8.3429873705273,0.0,-8.3429873705273
2019-12-29 09:00:00,74.91824247339615,13.740172307692308,0.12,0.20000000000000004,0.20000000000000004,0.0,0.0,0.0,-0.0,61.17807016570384,7.341368419884461,0.0,-7.341368419884461
2019-12-29 10:00:00,76.20261230626708,16.44645277777778,0.12,0.20000000000000004,0.20000000000000004,0.0,0.0,0.0,-0.0,59.756159528489306,7.170739143418716,0.0,-7.170739143418716
2019-12-29 11:00:00,75.40384465932038,19.33971212121212,0.12,0.20000000000000004,0.10000000000000003,-47.5,-47.5,0.0,47.5,8.564132538108268,1.027695904572992,2.0,-3.027695904572992
2019-12-29 12:00:00,74.35949702642225,13.559261282051283,0.12,0.10000000000000003,0.1,-1.3183898417423734e-14,-1.3183898417423734e-14,0.0,1.3183898417423734e-14,60.80023574437095,7.296028289324514,5.551115123125783e-16,-7.296028289324515
2019-12-29 13:00:00,76.3771690926923,12.324160555555556,0.12,0.1,0.1,0.0,0.0,0.0,-0.0,64.05300853713675,7.686361024456409,0.0,-7.686361024456409
2019-12-29 14:00:00,74.34850191083008,5.2967961363636356,0.12,0.1,0.1,-0.0,-0.0,-0.0,0.0,69.05170577446644,8.286204692935973,0.0,-8.286204692935973
2019-12-29 15:00:00,73.57422632836945,2.5420906482147134,0.12,0.1,0.1,-0.0,-0.0,-0.0,0.0,71.03213568015474,8.523856281618569,0.0,-8.523856281618569
2019-12-29 16:00:00,75.57709482393568,0.21313603322949118,0.12,0.1,0.1,0.0,0.0,0.0,-0.0,75.36395879070619,9.043675054884742,0.0,-9.043675054884742
2019-12-29 17:00:00,75.88833624879767,0.0,0.12,0.1,0.2,52.631578947368425,52.631578947368425,52.631578947368425,0.0,128.5199151961661,15.42238982353993,2.0,-17.42238982353993
2019-12-29 18:00:00,76.42175166254626,0.0,0.12,0.2,0.30000000000000004,52.631578947368425,52.631578947368425,52.631578947368425,0.0,129.05333060991467,15.486399673189759,2.000000000000001,-17.48639967318976
2019-12-29 19:00:00,76.91256029766394,0.0,0.12,0.30000000000000004,0.4,52.631578947368425,52.631578947368425,52.631578947368425,0.0,129.54413924503237,15.545296709403884,1.9999999999999996,-17.545296709403882
2019-12-29 20:00:00,78.16843944937237,0.0,0.12,0.4,0.30000000000000004,-47.5,-47.5,0.0,47.5,30.66843944937237,3.6802127339246846,1.9999999999999996,-5.680212733924684
2019-12-29 21:00:00,78.74917521030054,0.0,0.12,0.30000000000000004,0.30000000000000004,0.0,0.0,0.0,-0.0,78.74917521030054,9.449901025236064,0.0,-9.449901025236064
2019-12-29 22:00:00,78.320501930704,0.0,0.12,0.30000000000000004,0.30000000000000004,0.0,0.0,0.0,-0.0,78.320501930704,9.39846023168448,0.0,-9.39846023168448
2019-12-29 23:00:00,77.16679353506325,0.0,0.12,0.30000000000000004,0.20000000000000004,-47.5,-47.5,0.0,47.5,29.66679353506325,3.5600152242075898,2.0,-5.560015224207589
2019-12-30 00:00:00,75.44170016500868,0.0,0.1,0.20000000000000004,0.10000000000000003,-47.5,-47.5,0.0,47.5,27.941700165008683,2.7941700165008685,2.0,-4.7941700165008685
2019-12-30 01:00:00,76.69772382770078,0.0,0.1,0.10000000000000003,0.10000000000000003,0.0,0.0,0.0,-0.0,76.69772382770078,7.669772382770079,0.0,-7.669772382770079
2019-12-30 02:00:00,77.16788249624261,0.0,0.1,0.10000000000000003,0.1,-1.3183898417423734e-14,-1.3183898417423734e-14,0.0,1.3183898417423734e-14,77.1678824962426,7.71678824962426,5.551115123125783e-16,-7.716788249624261
2019-12-30 03:00:00,77.21766686068925,0.0,0.1,0.1,0.1,-0.0,-0.0,-0.0,0.0,77.21766686068925,7.721766686068925,0.0,-7.721766686068925
2019-12-30 04:00:00,74.02816879394426,0.0,0.1,0.1,0.2,52.631578947368425,52.631578947368425,52.631578947368425,0.0,126.65974774131269,12.66597477413127,2.0,-14.66597477413127
2019-12-30 05:00:00,76.86164858790987,0.0,0.1,0.2,0.1,-47.5,-47.5,0.0,47.5,29.36164858790987,2.936164858790987,2.0,-4.9361648587909865
2019-12-30 06:00:00,79.48792462808123,0.0,0.1,0.1,0.1,-0.0,-0.0,-0.0,0.0,79.48792462808123,7.9487924628081235,0.0,-7.9487924628081235
2019-12-30 07:00:00,88.2758610656734,5.0031799999999995,0.18,0.1,0.1,-0.0,-0.0,-0.0,0.0,83.2726810656734,14.98908259182121,0.0,-14.98908259182121
2019-12-30 08:00:00,84.80565659390687,38.0887303030303,0.18,0.1,0.1,0.0,0.0,0.0,-0.0,46.71692629087657,8.409046732357783,0.0,-8.409046732357783
2019-12-30 09:00:00,84.7089509435014,73.94022692307692,0.18,0.1,0.1,0.0,0.0,0.0,-0.0,10.768724020424486,1.9383703236764074,0.0,-1.9383703236764074
2019-12-30 10:00:00,89.69141159649469,96.38091666666666,0.18,0.1,0.1,-0.0,-0.0,-0.0,0.0,-6.689505070171975,0.0,0.0,-0.0
2019-12-30 11:00:00,91.93946924277112,105.7283590909091,0.18,0.1,0.1,-0.0,-0.0,-0.0,0.0,-13.78888984813797,0.0,0.0,-0.0
2019-12-30 12:00:00,88.98118955247989,104.74255384615384,0.18,0.1,0.2,52.631578947368425,52.631578947368425,52.631578947368425,0.0,36.870214653694475,6.636638637665006,2.0,-8.636638637665005
2019-12-30 13:00:00,88.88000954654062,91.01952777777778,0.18,0.2,0.1,-47.5,-47.5,0.0,47.5,-49.63951823123716,0.0,2.0,-2.0
2019-12-30 14:00:00,85.5299792978858,67.90538181818182,0.18,0.1,0.1,-0.0,-0.0,-0.0,0.0,17.62459747970398,3.172427546346716,0.0,-3.172427546346716
2019-12-30 15:00:00,83.46705848378973,35.06339269230769,0.18,0.1,0.2,52.631578947368425,52.631578947368425,52.631578947368425,0.0,101.03524473885047,18.186344052993082,2.0,-20.186344052993082
2019-12-30 16:00:00,82.01679411622035,6.088521793873313,0.32,0.2,0.30000000000000004,52.631578947368425,52.631578947368425,52.631578947368425,0.0,128.55985126971547,41.13915240630895,2.000000000000001,-43.13915240630895
2019-12-30 17:00:00,79.83743393035682,0.0,0.32,0.30000000000000004,0.4,52.631578947368425,52.631578947368425,52.631578947368425,0.0,132.46901287772525,42.39008412087208,1.9999999999999996,-44.39008412087208
2019-12-30 18:00:00,81.92884081733905,0.0,0.32,0.4,0.30000000000000004,-47.5,-47.5,0.0,47.5,34.42884081733905,11.017229061548496,1.9999999999999996,-13.017229061548496
2019-12-30 19:00:00,83.80196469171271,0.0,0.32,0.30000000000000004,0.30000000000000004,0.0,0.0,0.0,-0.0,83.80196469171271,26.81662870134807,0.0,-26.81662870134807
2019-12-30 20:00:00,82.54890989607085,0.0,0.32,0.30000000000000004,0.20000000000000004,-47.5,-47.5,0.0,47.5,35.04890989607085,11.215651166742672,2.0,-13.215651166742672
2019-12-30 21:00:00,77.73486404945808,0.0,0.32,0.20000000000000004,0.20000000000000004,0.0,0.0,0.0,-0.0,77.73486404945808,24.875156495826587,0.0,-24.875156495826587
2019-12-30 22:00:00,76.90876329141975,0.0,0.1,0.20000000000000004,0.20000000000000004,0.0,0.0,0.0,-0.0,76.90876329141975,7.690876329141975,0.0,-7.690876329141975
2019-12-30 23:00:00,77.3911905935866,0.0,0.1,0.20000000000000004,0.10000000000000003,-47.5,-47.5,0.0,47.5,29.8911905935866,2.9891190593586603,2.0,-4.989119059358661
2019-12-31 00:00:00,76.53640052119125,0.0,0.1,0.10000000000000003,0.20000000000000004,52.631578947368425,52.631578947368425,52.631578947368425,0.0,129.16797946855968,12.916797946855969,2.0,-14.916797946855969
2019-12-31 01:00:00,77.11255870925578,0.0,0.1,0.20000000000000004,0.10000000000000003,-47.5,-47.5,0.0,47.5,29.61255870925578,2.9612558709255783,2.0,-4.961255870925578
2019-12-31 02:00:00,77.31731470241643,0.0,0.1,0.10000000000000003,0.1,-1.3183898417423734e-14,-1.3183898417423734e-14,0.0,1.3183898417423734e-14,77.31731470241641,7.731731470241641,5.551115123125783e-16,-7.731731470241642
2019-12-31 03:00:00,78.8119853984943,0.0,0.1,0.1,0.1,-0.0,-0.0,-0.0,0.0,78.8119853984943,7.88119853984943,0.0,-7.88119853984943
2019-12-31 04:00:00,79.1027940639687,0.0,0.1,0.1,0.1,-0.0,-0.0,-0.0,0.0,79.1027940639687,7.910279406396871,0.0,-7.910279406396871
2019-12-31 05:00:00,82.96951940327713,0.0,0.1,0.1,0.1,0.0,0.0,0.0,-0.0,82.96951940327713,8.296951940327714,0.0,-8.296951940327714
2019-12-31 06:00:00,79.2869353810688,0.0,0.1,0.1,0.1,0.0,0.0,0.0,-0.0,79.2869353810688,7.928693538106881,0.0,-7.928693538106881
2019-12-31 07:00:00,79.8031825197461,5.826215140186917,0.18,0.1,0.1,-0.0,-0.0,-0.0,0.0,73.97696737955918,13.315854128320654,0.0,-13.315854128320654
2019-12-31 08:00:00,79.06134778140012,41.91756954545455,0.18,0.1,0.1,0.0,0.0,0.0,-0.0,37.14377823594557,6.685880082470202,0.0,-6.685880082470202
2019-12-31 09:00:00,82.97898612694371,49.449517435897434,0.18,0.1,0.1,-0.0,-0.0,-0.0,0.0,33.529468691046276,6.035304364388329,0.0,-6.035304364388329
2019-12-31 10:00:00,83.67734750674275,68.91839777777778,0.18,0.1,0.1,-0.0,-0.0,-0.0,0.0,14.758949728964964,2.6566109512136933,0.0,-2.6566109512136933
2019-12-31 11:00:00,89.10464461785486,90.29262272727273,0.18,0.1,0.1,-0.0,-0.0,-0.0,0.0,-1.1879781094178696,0.0,0.0,-0.0
2019-12-31 12:00:00,87.64420867314715,89.08666282051283,0.18,0.1,0.2,52.631578947368425,52.631578947368425,52.631578947368425,0.0,51.189124800002745,9.214042464000494,2.0,-11.214042464000494
2019-12-31 13:00:00,82.86092300928654,56.11697777777778,0.18,0.2,0.30000000000000004,52.631578947368425,52.631578947368425,52.631578947368425,0.0,79.37552417887719,14.287594352197893,2.000000000000001,-16.287594352197893
2019-12-31 14:00:00,83.37387023087352,66.5240696969697,0.18,0.30000000000000004,0.4,52.631578947368425,52.631578947368425,52.631578947368425,0.0,69.48137948127224,12.506648306629003,1.9999999999999996,-14.506648306629003
2019-12-31 15:00:00,80.15243978780767,30.08182794871795,0.18,0.4,0.5,52.631578947368425,52.631578947368425,52.631578947368425,0.0,102.70219078645815,18.486394341562466,1.9999999999999996,-20.486394341562466
2019-12-31 16:00:00,79.68664756258288,6.0214155555555555,0.32,0.5,0.4,-47.5,-47.5,0.0,47.5,26.165232007027328,8.372874242248745,1.9999999999999996,-10.372874242248745
2019-12-31 17:00:00,79.66167689204688,0.0,0.32,0.4,0.4,0.0,0.0,0.0,-0.0,79.66167689204688,25.491736605455003,0.0,-25.491736605455003
2019-12-31 18:00:00,81.10984361554505,0.0,0.32,0.4,0.30000000000000004,-47.5,-47.5,0.0,47.5,33.609843615545046,10.755149956974416,1.9999999999999996,-12.755149956974416
2019-12-31 19:00:00,78.27207181397164,0.0,0.32,0.30000000000000004,0.30000000000000004,0.0,0.0,0.0,-0.0,78.27207181397164,25.047062980470923,0.0,-25.047062980470923
2019-12-31 20:00:00,77.74378923730487,0.0,0.32,0.30000000000000004,0.20000000000000004,-47.5,-47.5,0.0,47.5,30.243789237304867,9.678012555937558,2.0,-11.678012555937558
2019-12-31 21:00:00,79.86471890872394,0.0,0.32,0.20000000000000004,0.20000000000000004,0.0,0.0,0.0,-0.0,79.86471890872394,25.55671005079166,0.0,-25.55671005079166
2019-12-31 22:00:00,78.53971886444396,0.0,0.1,0.20000000000000004,0.20000000000000004,0.0,0.0,0.0,-0.0,78.53971886444396,7.853971886444396,0.0,-7.853971886444396
2019-12-31 23:00:00,75.33620003389018,0.0,0.1,0.20000000000000004,0.10000000000000003,-47.5,-47.5,0.0,47.5,27.83620003389018,2.783620003389018,2.0,-4.783620003389018
2020-01-01 00:00:00,77.02573782439612,0.0,0.1,0.10000000000000003,0.20000000000000004,52.631578947368425,52.631578947368425,52.631578947368425,0.0,129.65731677176456,12.965731677176457,2.0,-14.965731677176457
2020-01-01 01:00:00,78.16515033058435,0.0,0.1,0.20000000000000004,0.10000000000000003,-47.5,-47.5,0.0,47.5,30.665150330584353,3.0665150330584354,2.0,-5.066515033058435
2020-01-01 02:00:00,78.9804498390609,0.0,0.1,0.10000000000000003,0.1,-1.3183898417423734e-14,-1.3183898417423734e-14,0.0,1.3183898417423734e-14,78.98044983906088,7.898044983906089,5.551115123125783e-16,-7.8980449839060896
2020-01-01 03:00:00,78.50744528420795,0.0,0.1,0.1,0.1,-0.0,-0.0,-0.0,0.0,78.50744528420795,7.850744528420795,0.0,-7.850744528420795
2020-01-01 04:00:00,78.21286417099856,0.0,0.1,0.1,0.1,-0.0,-0.0,-0.0,0.0,78.21286417099856,7.821286417099856,0.0,-7.821286417099856
2020-01-01 05:00:00,82.68304900641697,0.0,0.1,0.1,0.1,0.0,0.0,0.0,-0.0,82.68304900641697,8.268304900641697,0.0,-8.268304900641697
2020-01-01 06:00:00,80.29097056215625,0.0,0.1,0.1,0.1,-0.0,-0.0,-0.0,0.0,80.29097056215625,8.029097056215624,0.0,-8.029097056215624
2020-01-01 07:00:00,78.7721150018832,0.5028855919003116,0.18,0.1,0.1,-0.0,-0.0,-0.0,0.0,78.26922940998288,14.088461293796918,0.0,-14.088461293796918
2020-01-01 08:00:00,76.89344049963836,21.485331287878786,0.18,0.1,0.1,0.0,0.0,0.0,-0.0,55.40810921175957,9.973459658116722,0.0,-9.973459658116722
2020-01-01 09:00:00,81.04586365564644,44.77684615384616,0.18,0.1,0.1,0.0,0.0,0.0,-0.0,36.269017501800285,6.528423150324051,0.0,-6.528423150324051
2020-01-01 10:00:00,81.38460811413407,52.13327375,0.18,0.1,0.1,-0.0,-0.0,-0.0,0.0,29.251334364134067,5.2652401855441315,0.0,-5.2652401855441315
2020-01-01 11:00:00,86.70169268995083,92.08991363636363,0.18,0.1,0.1,-0.0,-0.0,-0.0,0.0,-5.388220946412801,0.0,0.0,-0.0
2020-01-01 12:00:00,84.89116694622415,78.87887282051283,0.18,0.1,0.2,52.631578947368425,52.631578947368425,52.631578947368425,0.0,58.643873073079746,10.555897153154353,2.0,-12.555897153154353
2020-01-01 13:00:00,82.19833243004454,40.991248750000004,0.18,0.2,0.30000000000000004,52.631578947368425,52.631578947368425,52.631578947368425,0.0,93.83866262741296,16.89095927293433,2.000000000000001,-18.89095927293433
2020-01-01 14:00:00,78.38951723602173,24.78034121212121,0.18,0.30000000000000004,0.4,52.631578947368425,52.631578947368425,52.631578947368425,0.0,106.24075497126894,19.123335894828408,1.9999999999999996,-21.123335894828408
2020-01-01 15:00:00,77.65126440204145,14.24281769230769,0.18,0.4,0.5,52.631578947368425,52.631578947368425,52.631578947368425,0.0,116.04002565710218,20.887204618278393,1.9999999999999996,-22.887204618278393
2020-01-01 16:00:00,77.61947216311948,4.19903992731049,0.32,0.5,0.6,52.631578947368425,52.631578947368425,52.631578947368425,0.0,126.05201118317741,40.33664357861677,1.9999999999999996,-42.33664357861677
2020-01-01 17:00:00,77.74262262013704,0.00232512036250354,0.32,0.6,0.5,-47.5,-47.5,0.0,47.5,30.24029749977454,9.676895199927854,1.9999999999999996,-11.676895199927854
2020-01-01 18:00:00,78.22734002333479,0.0,0.32,0.5,0.5,0.0,0.0,0.0,-0.0,78.22734002333479,25.032748807467133,0.0,-25.032748807467133
2020-01-01 19:00:00,78.06310200791638,0.0,0.32,0.5,0.4,-47.5,-47.5,0.0,47.5,30.563102007916385,9.780192642533244,1.9999999999999996,-11.780192642533244
2020-01-01 20:00:00,78.18770939477204,0.0,0.32,0.4,0.30000000000000004,-47.5,-47.5,0.0,47.5,30.687709394772043,9.820067006327054,1.9999999999999996,-11.820067006327054
2020-01-01 21:00:00,76.50633201620397,0.0,0.32,0.30000000000000004,0.20000000000000004,-47.5,-47.5,0.0,47.5,29.00633201620397,9.282026245185271,2.0,-11.282026245185271
2020-01-01 22:00:00,76.59569250940667,0.0,0.1,0.20000000000000004,0.20000000000000004,0.0,0.0,0.0,-0.0,76.59569250940667,7.659569250940668,0.0,-7.659569250940668
2020-01-01 23:00:00,76.4620787512502,0.0,0.1,0.20000000000000004,0.10000000000000003,-47.5,-47.5,0.0,47.5,28.962078751250203,2.8962078751250204,2.0,-4.89620787512502
2020-01-02 00:00:00,75.75438566552221,0.0,0.1,0.10000000000000003,0.20000000000000004,52.631578947368425,52.631578947368425,52.631578947368425,0.0,128.38596461289063,12.838596461289065,2.0,-14.838596461289065
2020-01-02 01:00:00,74.42879037935703,0.0,0.1,0.20000000000000004,0.10000000000000003,-47.5,-47.5,0.0,47.5,26.928790379357025,2.6928790379357026,2.0,-4.692879037935702
2020-01-02 02:00:00,76.94474639555307,0.0,0.1,0.10000000000000003,0.1,-1.3183898417423734e-14,-1.3183898417423734e-14,0.0,1.3183898417423734e-14,76.94474639555305,7.694474639555306,5.551115123125783e-16,-7.694474639555307
2020-01-02 03:00:00,76.5454774436313,0.0,0.1,0.1,0.1,-0.0,-0.0,-0.0,0.0,76.5454774436313,7.65454774436313,0.0,-7.65454774436313
2020-01-02 04:00:00,76.85454064981799,0.0,0.1,0.1,0.1,-0.0,-0.0,-0.0,0.0,76.85454064981799,7.6854540649817995,0.0,-7.6854540649817995
2020-01-02 05:00:00,80.00125452907648,0.0,0.1,0.1,0.1,0.0,0.0,0.0,-0.0,80.00125452907648,8.000125452907648,0.0,-8.000125452907648
2020-01-02 06:00:00,76.82846610495605,0.0,0.1,0.1,0.1,-0.0,-0.0,-0.0,0.0,76.82846610495605,7.682846610495606,0.0,-7.682846610495606
2020-01-02 07:00:00,81.38081120065306,3.84741135384216,0.18,0.1,0.1,-0.0,-0.0,-0.0,0.0,77.5333998468109,13.95601197242596,0.0,-13.95601197242596
2020-01-02 08:00:00,83.28261492508925,31.308518484848488,0.18,0.1,0.1,0.0,0.0,0.0,-0.0,51.97409644024076,9.355337359243336,0.0,-9.355337359243336
2020-01-02 09:00:00,82.30514074700362,52.17622435897436,0.18,0.1,0.1,0.0,0.0,0.0,-0.0,30.12891638802926,5.423204949845267,0.0,-5.423204949845267
2020-01-02 10:00:00,85.96265619183553,83.2945625,0.18,0.1,0.1,-0.0,-0.0,-0.0,0.0,2.668093691835537,0.4802568645303967,0.0,-0.4802568645303967
2020-01-02 11:00:00,91.32121059718058,93.64317272727273,0.18,0.1,0.1,-0.0,-0.0,-0.0,0.0,-2.321962130092146,0.0,0.0,-0.0
2020-01-02 12:00:00,91.06287098353718,103.61923974358976,0.18,0.1,0.2,52.631578947368425,52.631578947368425,52.631578947368425,0.0,40.07521018731585,7.2135378337168525,2.0,-9.213537833716853
2020-01-02 13:00:00,90.1383198535948,92.7791736111111,0.18,0.2,0.1,-47.5,-47.5,0.0,47.5,-50.14085375751631,0.0,2.0,-2.0
2020-01-02 14:00:00,84.17387580897912,68.80002727272728,0.18,0.1,0.1,0.0,0.0,0.0,-0.0,15.373848536251842,2.7672927365253313,0.0,-2.7672927365253313
2020-01-02 15:00:00,82.85070612795177,37.57411999999999,0.18,0.1,0.1,-0.0,-0.0,-0.0,0.0,45.276586127951774,8.14978550303132,0.0,-8.14978550303132
2020-01-02 16:00:00,79.63468579143516,7.513484755321911,0.32,0.1,0.1,-0.0,-0.0,-0.0,0.0,72.12120103611325,23.07878433155624,0.0,-23.07878433155624
2020-01-02 17:00:00,77.02839780992142,0.0,0.32,0.1,0.2,52.631578947368425,52.631578947368425,52.631578947368425,0.0,129.65997675728983,41.49119256233274,2.0,-43.49119256233274
2020-01-02 18:00:00,76.78724378285395,0.0,0.32,0.2,0.1,-47.5,-47.5,0.0,47.5,29.28724378285395,9.371918010513264,2.0,-11.371918010513264
2020-01-02 19:00:00,77.90289889348031,0.0,0.32,0.1,0.1,-0.0,-0.0,-0.0,0.0,77.90289889348031,24.9289276459137,0.0,-24.9289276459137
2020-01-02 20:00:00,77.7054834011048,0.0,0.32,0.1,0.1,-0.0,-0.0,-0.0,0.0,77.7054834011048,24.865754688353537,0.0,-24.865754688353537
2020-01-02 21:00:00,75.24740199030998,0.0,0.32,0.1,0.1,0.0,0.0,0.0,-0.0,75.24740199030998,24.079168636899194,0.0,-24.079168636899194
2020-01-02 22:00:00,75.39024222881976,0.0,0.1,0.1,0.1,-0.0,-0.0,-0.0,0.0,75.39024222881976,7.539024222881976,0.0,-7.539024222881976
2020-01-02 23:00:00,72.55446132940928,0.0,0.1,0.1,0.1,-0.0,-0.0,-0.0,0.0,72.55446132940928,7.2554461329409285,0.0,-7.2554461329409285
2020-01-03 00:00:00,73.82684845913862,0.0,0.1,0.1,0.2,52.631578947368425,52.631578947368425,52.631578947368425,0.0,126.45842740650704,12.645842740650705,2.0,-14.645842740650705
2020-01-03 01:00:00,73.25243257327921,0.0,0.1,0.2,0.30000000000000004,52.631578947368425,52.631578947368425,52.631578947368425,0.0,125.88401152064763,12.588401152064764,2.000000000000001,-14.588401152064765
2020-01-03 02:00:00,74.25772277184942,0.0,0.1,0.30000000000000004,0.4,52.631578947368425,52.631578947368425,52.631578947368425,0.0,126.88930171921784,12.688930171921784,1.9999999999999996,-14.688930171921784
2020-01-03 03:00:00,72.13773864051565,0.0,0.1,0.4,0.30000000000000004,-47.5,-47.5,0.0,47.5,24.63773864051565,2.463773864051565,1.9999999999999996,-4.463773864051564
2020-01-03 04:00:00,74.22206251528127,0.0,0.1,0.30000000000000004,0.20000000000000004,-47.5,-47.5,0.0,47.5,26.722062515281266,2.672206251528127,2.0,-4.672206251528127
2020-01-03 05:00:00,74.17265315960161,0.0,0.1,0.20000000000000004,0.10000000000000003,-47.5,-47.5,0.0,47.5,26.67265315960161,2.667265315960161,2.0,-4.667265315960162
2020-01-03 06:00:00,76.37634977645308,0.0,0.1,0.10000000000000003,0.10000000000000003,0.0,0.0,0.0,-0.0,76.37634977645308,7.637634977645309,0.0,-7.637634977645309
2020-01-03 07:00:00,84.83618586487732,2.117730338785047,0.18,0.10000000000000003,0.1,-1.3183898417423734e-14,-1.3183898417423734e-14,0.0,1.3183898417423734e-14,82.71845552609226,14.889321994696605,5.551115123125783e-16,-14.889321994696605
2020-01-03 08:00:00,82.33664651151895,23.155109242424246,0.18,0.1,0.1,0.0,0.0,0.0,-0.0,59.181537269094704,10.652676708437046,0.0,-10.652676708437046
2020-01-03 09:00:00,84.71749508476097,48.11051487179487,0.18,0.1,0.1,-0.0,-0.0,-0.0,0.0,36.6069802129661,6.589256438333898,0.0,-6.589256438333898
2020-01-03 10:00:00,92.6013901823081,78.51202916666666,0.18,0.1,0.1,-0.0,-0.0,-0.0,0.0,14.08936101564143,2.5360849828154572,0.0,-2.5360849828154572
2020-01-03 11:00:00,94.40687622467631,91.61484545454545,0.18,0.1,0.1,-0.0,-0.0,-0.0,0.0,2.7920307701308644,0.5025655386235556,0.0,-0.5025655386235556
2020-01-03 12:00:00,89.74632689811384,89.85825,0.18,0.1,0.2,52.631578947368425,52.631578947368425,52.631578947368425,0.0,52.51965584548226,9.453538052186806,2.0,-11.453538052186806
2020-01-03 13:00:00,110.0482092764472,78.767475,0.18,0.2,0.30000000000000004,52.631578947368425,52.631578947368425,52.631578947368425,0.0,83.91231322381562,15.104216380286811,2.000000000000001,-17.10421638028681
2020-01-03 14:00:00,92.19555435280019,44.575718787878785,0.18,0.30000000000000004,0.4,52.631578947368425,52.631578947368425,52.631578947368425,0.0,100.25141451228983,18.04525461221217,1.9999999999999996,-20.04525461221217
2020-01-03 15:00:00,85.7945422812836,24.705620384615386,0.18,0.4,0.4,0.0,0.0,0.0,-0.0,61.08892189666821,10.996005941400277,0.0,-10.996005941400277
2020-01-03 16:00:00,81.3276887849946,5.784982500000001,0.32,0.4,0.5,52.631578947368425,52.631578947368425,52.631578947368425,0.0,128.17428523236305,41.015771274356176,1.9999999999999996,-43.015771274356176
2020-01-03 17:00:00,79.65574901386492,0.0,0.32,0.5,0.5,0.0,0.0,0.0,-0.0,79.65574901386492,25.489839684436774,0.0,-25.489839684436774
2020-01-03 18:00:00,81.33870271129719,0.0,0.32,0.5,0.5,0.0,0.0,0.0,-0.0,81.33870271129719,26.028384867615102,0.0,-26.028384867615102
2020-01-03 19:00:00,83.01245631575131,0.0,0.32,0.5,0.4,-47.5,-47.5,0.0,47.5,35.51245631575131,11.363986021040418,1.9999999999999996,-13.363986021040418
2020-01-03 20:00:00,82.12104694016905,0.0,0.32,0.4,0.30000000000000004,-47.5,-47.5,0.0,47.5,34.62104694016905,11.078735020854097,1.9999999999999996,-13.078735020854097
2020-01-03 21:00:00,76.35144824958105,0.0,0.32,0.30000000000000004,0.20000000000000004,-47.5,-47.5,0.0,47.5,28.851448249581054,9.232463439865937,2.0,-11.232463439865937
2020-01-03 22:00:00,78.36748978683502,0.0,0.1,0.20000000000000004,0.20000000000000004,0.0,0.0,0.0,-0.0,78.36748978683502,7.836748978683502,0.0,-7.836748978683502
2020-01-03 23:00:00,77.86785320349226,0.0,0.1,0.20000000000000004,0.10000000000000003,-47.5,-47.5,0.0,47.5,30.36785320349226,3.0367853203492263,2.0,-5.036785320349226
2020-01-04 00:00:00,77.30316393675783,0.0,0.12,0.10000000000000003,0.1,-1.3183898417423734e-14,-1.3183898417423734e-14,0.0,1.3183898417423734e-14,77.30316393675781,9.276379672410938,5.551115123125783e-16,-9.276379672410938
2020-01-04 01:00:00,74.06570144720602,0.0,0.12,0.1,0.1,-0.0,-0.0,-0.0,0.0,74.06570144720602,8.887884173664723,0.0,-8.887884173664723
2020-01-04 02:00:00,77.28134791180936,0.0,0.12,0.1,0.2,52.631578947368425,52.631578947368425,52.631578947368425,0.0,129.9129268591778,15.589551223101333,2.0,-17.58955122310133
2020-01-04 03:00:00,76.7280833402298,0.0,0.12,0.2,0.2,0.0,0.0,0.0,-0.0,76.7280833402298,9.207370000827575,0.0,-9.207370000827575
2020-01-04 04:00:00,77.24411635485409,0.0,0.12,0.2,0.30000000000000004,52.631578947368425,52.631578947368425,52.631578947368425,0.0,129.8756953022225,15.5850834362667,2.000000000000001,-17.5850834362667
2020-01-04 05:00:00,74.85448339961685,0.0,0.12,0.30000000000000004,0.4,52.631578947368425,52.631578947368425,52.631578947368425,0.0,127.48606234698528,15.298327481638232,1.9999999999999996,-17.298327481638232
2020-01-04 06:00:00,75.81827472768246,0.0,0.12,0.4,0.4,0.0,0.0,0.0,-0.0,75.81827472768246,9.098192967321895,0.0,-9.098192967321895
2020-01-04 07:00:00,76.41512344616147,0.800813746105919,0.12,0.4,0.30000000000000004,-47.5,-47.5,0.0,47.5,28.114309700055557,3.3737171640066665,1.9999999999999996,-5.373717164006666
2020-01-04 08:00:00,79.32145799864452,20.797375606060605,0.12,0.30000000000000004,0.20000000000000004,-47.5,-47.5,0.0,47.5,11.024082392583914,1.3228898871100696,2.0,-3.32288988711007
2020-01-04 09:00:00,82.84831666756386,41.801014358974356,0.12,0.20000000000000004,0.20000000000000004,0.0,0.0,0.0,-0.0,41.04730230858951,4.925676277030741,0.0,-4.925676277030741
2020-01-04 10:00:00,82.50336016342429,43.14045055555555,0.12,0.20000000000000004,0.20000000000000004,0.0,0.0,0.0,-0.0,39.36290960786874,4.723549152944249,0.0,-4.723549152944249
2020-01-04 11:00:00,80.92518906743449,44.887119545454546,0.12,0.20000000000000004,0.10000000000000003,-47.5,-47.5,0.0,47.5,-11.461930478020058,0.0,2.0,-2.0
2020-01-04 12:00:00,88.92737730658298,104.29738461538462,0.12,0.10000000000000003,0.1,-1.3183898417423734e-14,-1.3183898417423734e-14,0.0,1.3183898417423734e-14,-15.370007308801645,0.0,5.551115123125783e-16,-5.551115123125783e-16
2020-01-04 13:00:00,88.71101785965561,91.60889166666668,0.12,0.1,0.1,0.0,0.0,0.0,-0.0,-2.8978738070110666,0.0,0.0,-0.0
2020-01-04 14:00:00,85.38982360763478,69.9271287878788,0.12,0.1,0.1,-0.0,-0.0,-0.0,0.0,15.462694819755981,1.8555233783707177,0.0,-1.8555233783707177
2020-01-04 15:00:00,84.11543049733427,35.500675384615384,0.12,0.1,0.1,-0.0,-0.0,-0.0,0.0,48.61475511271889,5.833770613526267,0.0,-5.833770613526267
2020-01-04 16:00:00,75.00287099188468,5.383154184839044,0.12,0.1,0.2,52.631578947368425,52.631578947368425,52.631578947368425,0.0,122.25129575441406,14.670155490529687,2.0,-16.670155490529687
2020-01-04 17:00:00,75.4684592377019,0.0,0.12,0.2,0.1,-47.5,-47.5,0.0,47.5,27.968459237701893,3.356215108524227,2.0,-5.356215108524227
2020-01-04 18:00:00,73.80211323414385,0.0,0.12,0.1,0.2,52.631578947368425,52.631578947368425,52.631578947368425,0.0,126.43369218151227,15.172043061781473,2.0,-17.172043061781473
2020-01-04 19:00:00,77.98993941924061,0.0,0.12,0.2,0.2,0.0,0.0,0.0,-0.0,77.98993941924061,9.358792730308874,0.0,-9.358792730308874
2020-01-04 20:00:00,76.18201046377536,0.0,0.12,0.2,0.1,-47.5,-47.5,0.0,47.5,28.682010463775356,3.4418412556530424,2.0,-5.441841255653042
2020-01-04 21:00:00,78.65981739008404,0.0,0.12,0.1,0.1,-0.0,-0.0,-0.0,0.0,78.65981739008404,9.439178086810085,0.0,-9.439178086810085
2020-01-04 22:00:00,76.54294238004704,0.0,0.12,0.1,0.1,-0.0,-0.0,-0.0,0.0,76.54294238004704,9.185153085605645,0.0,-9.185153085605645
2020-01-04 23:00:00,76.41088714219687,0.0,0.12,0.1,0.2,52.631578947368425,52.631578947368425,52.631578947368425,0.0,129.0424660895653,15.485095930747836,2.0,-17.485095930747836
2020-01-05 00:00:00,76.24643515995132,0.0,0.12,0.2,0.2,0.0,0.0,0.0,-0.0,76.24643515995132,9.149572219194157,0.0,-9.149572219194157
2020-01-05 01:00:00,76.37137155508347,0.0,0.12,0.2,0.1,-47.5,-47.5,0.0,47.5,28.87137155508347,3.4645645866100163,2.0,-5.464564586610017
2020-01-05 02:00:00,76.80430223750906,0.0,0.12,0.1,0.1,0.0,0.0,0.0,-0.0,76.80430223750906,9.216516268501087,0.0,-9.216516268501087
2020-01-05 03:00:00,75.03261058590196,0.0,0.12,0.1,0.1,-0.0,-0.0,-0.0,0.0,75.03261058590196,9.003913270308235,0.0,-9.003913270308235
2020-01-05 04:00:00,76.4387751158841,0.0,0.12,0.1,0.1,-0.0,-0.0,-0.0,0.0,76.4387751158841,9.172653013906091,0.0,-9.172653013906091
2020-01-05 05:00:00,76.86016625742879,0.0,0.12,0.1,0.2,52.631578947368425,52.631578947368425,52.631578947368425,0.0,129.4917452047972,15.539009424575665,2.0,-17.539009424575667
2020-01-05 06:00:00,76.84618012748875,0.0,0.12,0.2,0.30000000000000004,52.631578947368425,52.631578947368425,52.631578947368425,0.0,129.47775907485718,15.53733108898286,2.000000000000001,-17.53733108898286
2020-01-05 07:00:00,74.27629442045685,4.806881536863966,0.12,0.30000000000000004,0.20000000000000004,-47.5,-47.5,0.0,47.5,21.96941288359288,2.6363295460311456,2.0,-4.6363295460311456
2020-01-05 08:00:00,77.50615214449887,39.63293621212121,0.12,0.20000000000000004,0.20000000000000004,0.0,0.0,0.0,-0.0,37.87321593237766,4.544785911885319,0.0,-4.544785911885319
2020-01-05 09:00:00,80.8171258383588,77.01001153846154,0.12,0.20000000000000004,0.20000000000000004,0.0,0.0,0.0,-0.0,3.8071142998972647,0.45685371598767177,0.0,-0.45685371598767177
2020-01-05 10:00:00,84.87006099152141,98.33387499999999,0.12,0.20000000000000004,0.20000000000000004,0.0,0.0,0.0,-0.0,-13.463814008478579,0.0,0.0,-0.0
2020-01-05 11:00:00,85.7451896435703,106.70456363636363,0.12,0.20000000000000004,0.20000000000000004,0.0,0.0,0.0,-0.0,-20.95937399279333,0.0,0.0,-0.0
2020-01-05 12:00:00,84.77764673663472,103.77904230769231,0.12,0.20000000000000004,0.20000000000000004,0.0,0.0,0.0,-0.0,-19.001395571057586,0.0,0.0,-0.0
2020-01-05 13:00:00,84.6475414486249,91.53915972222222,0.12,0.20000000000000004,0.20000000000000004,0.0,0.0,0.0,-0.0,-6.891618273597317,0.0,0.0,-0.0
2020-01-05 14:00:00,82.57056243065328,70.12670151515152,0.12,0.20000000000000004,0.30000000000000004,52.631578947368425,52.631578947368425,52.631578947368425,0.0,65.07543986287018,7.809052783544422,2.0,-9.809052783544422
2020-01-05 15:00:00,78.85923216985982,38.2297241025641,0.12,0.30000000000000004,0.4,52.631578947368425,52.631578947368425,52.631578947368425,0.0,93.26108701466416,11.191330441759698,1.9999999999999996,-13.191330441759698
2020-01-05 16:00:00,74.37325818549067,7.6909334722222225,0.12,0.4,0.30000000000000004,-47.5,-47.5,0.0,47.5,19.182324713268443,2.301878965592213,1.9999999999999996,-4.301878965592213
2020-01-05 17:00:00,75.21920798988944,0.014545454545454545,0.12,0.30000000000000004,0.4,52.631578947368425,52.631578947368425,52.631578947368425,0.0,127.83624148271241,15.340348977925489,1.9999999999999996,-17.340348977925487
2020-01-05 18:00:00,74.5486161354432,0.0,0.12,0.4,0.30000000000000004,-47.5,-47.5,0.0,47.5,27.048616135443197,3.2458339362531836,1.9999999999999996,-5.245833936253183
2020-01-05 19:00:00,77.56686441644442,0.0,0.12,0.30000000000000004,0.4,52.631578947368425,52.631578947368425,52.631578947368425,0.0,130.19844336381283,15.623813203657539,1.9999999999999996,-17.623813203657537
2020-01-05 20:00:00,74.14441874945982,0.0,0.12,0.4,0.30000000000000004,-47.5,-47.5,0.0,47.5,26.644418749459817,3.197330249935178,1.9999999999999996,-5.1973302499351774
2020-01-05 21:00:00,76.3127618994153,0.0,0.12,0.30000000000000004,0.4,52.631578947368425,52.631578947368425,52.631578947368425,0.0,128.94434084678375,15.473320901614048,1.9999999999999996,-17.47332090161405
2020-01-05 22:00:00,77.0880810902358,0.0,0.12,0.4,0.4,0.0,0.0,0.0,-0.0,77.0880810902358,9.250569730828296,0.0,-9.250569730828296
2020-01-05 23:00:00,76.8473187117082,0.0,0.12,0.4,0.30000000000000004,-47.5,-47.5,0.0,47.5,29.347318711708198,3.5216782454049835,1.9999999999999996,-5.521678245404983
2020-01-06 00:00:00,74.12663994171514,0.0,0.1,0.30000000000000004,0.30000000000000004,0.0,0.0,0.0,-0.0,74.12663994171514,7.412663994171514,0.0,-7.412663994171514
2020-01-06 01:00:00,74.91529011750139,0.0,0.1,0.30000000000000004,0.20000000000000004,-47.5,-47.5,0.0,47.5,27.415290117501385,2.7415290117501385,2.0,-4.7415290117501385
2020-01-06 02:00:00,76.50064052854022,0.0,0.1,0.20000000000000004,0.30000000000000004,52.631578947368425,52.631578947368425,52.631578947368425,0.0,129.13221947590864,12.913221947590865,2.0,-14.913221947590865
2020-01-06 03:00:00,76.7492459606615,0.0,0.1,0.30000000000000004,0.4,52.631578947368425,52.631578947368425,52.631578947368425,0.0,129.38082490802992,12.938082490802993,1.9999999999999996,-14.938082490802993
2020-01-06 04:00:00,75.92405471542186,0.0,0.1,0.4,0.5,52.631578947368425,52.631578947368425,52.631578947368425,0.0,128.55563366279029,12.855563366279029,1.9999999999999996,-14.855563366279029
2020-01-06 05:00:00,74.25301526961806,0.0,0.1,0.5,0.5,0.0,0.0,0.0,-0.0,74.25301526961806,7.425301526961807,0.0,-7.425301526961807
2020-01-06 06:00:00,76.89237906902258,0.0,0.1,0.5,0.4,-47.5,-47.5,0.0,47.5,29.39237906902258,2.9392379069022585,1.9999999999999996,-4.9392379069022585
2020-01-06 07:00:00,88.88648546208078,4.730940761941849,0.18,0.4,0.4,0.0,0.0,0.0,-0.0,84.15554470013893,15.147998046025007,0.0,-15.147998046025007
2020-01-06 08:00:00,111.02080065688497,40.68954212121212,0.18,0.4,0.4,0.0,0.0,0.0,-0.0,70.33125853567284,12.659626536421111,0.0,-12.659626536421111
2020-01-06 09:00:00,103.03880003831722,75.4719576923077,0.18,0.4,0.30000000000000004,-47.5,-47.5,0.0,47.5,-19.933157653990477,0.0,1.9999999999999996,-1.9999999999999996
2020-01-06 10:00:00,96.58358166822215,97.78744999999999,0.18,0.30000000000000004,0.4,52.631578947368425,52.631578947368425,52.631578947368425,0.0,51.427710615590584,9.256987910806306,1.9999999999999996,-11.256987910806306
2020-01-06 11:00:00,99.01786631823842,106.45627272727273,0.18,0.4,0.30000000000000004,-47.5,-47.5,0.0,47.5,-54.938406409034314,0.0,1.9999999999999996,-1.9999999999999996
2020-01-06 12:00:00,96.98281456880753,104.75946410256412,0.18,0.30000000000000004,0.30000000000000004,0.0,0.0,0.0,-0.0,-7.776649533756597,0.0,0.0,-0.0
2020-01-06 13:00:00,93.64889860071078,92.50400833333333,0.18,0.30000000000000004,0.30000000000000004,0.0,0.0,0.0,-0.0,1.1448902673774484,0.2060802481279407,0.0,-0.2060802481279407
2020-01-06 14:00:00,92.17221986746914,70.79043787878788,0.18,0.30000000000000004,0.4,52.631578947368425,52.631578947368425,52.631578947368425,0.0,74.01336093604968,13.322404968488941,1.9999999999999996,-15.322404968488941
2020-01-06 15:00:00,93.89293748576256,38.72781429487179,0.18,0.4,0.4,0.0,0.0,0.0,-0.0,55.16512319089077,9.929722174360338,0.0,-9.929722174360338
2020-01-06 16:00:00,84.68407686628898,7.50352168224299,0.32,0.4,0.5,52.631578947368425,52.631578947368425,52.631578947368425,0.0,129.8121341314144,41.53988292205261,1.9999999999999996,-43.53988292205261
2020-01-06 17:00:00,84.05066399522872,0.05347776833758142,0.32,0.5,0.6,52.631578947368425,52.631578947368425,52.631578947368425,0.0,136.62876517425957,43.72120485576306,1.9999999999999996,-45.72120485576306
2020-01-06 18:00:00,79.94953507718756,0.0,0.32,0.6,0.5,-47.5,-47.5,0.0,47.5,32.44953507718756,10.38385122470002,1.9999999999999996,-12.38385122470002
2020-01-06 19:00:00,84.39245602525234,0.0,0.32,0.5,0.5,0.0,0.0,0.0,-0.0,84.39245602525234,27.00558592808075,0.0,-27.00558592808075
2020-01-06 20:00:00,83.55922673237315,0.0,0.32,0.5,0.5,0.0,0.0,0.0,-0.0,83.55922673237315,26.738952554359408,0.0,-26.738952554359408
2020-01-06 21:00:00,80.45447288169292,0.0,0.32,0.5,0.6,52.631578947368425,52.631578947368425,52.631578947368425,0.0,133.08605182906135,42.58753658529963,1.9999999999999996,-44.58753658529963
2020-01-06 22:00:00,78.29605598278154,0.0,0.1,0.6,0.7,52.631578947368425,52.631578947368425,52.631578947368425,0.0,130.92763493014996,13.092763493014997,1.9999999999999996,-15.092763493014997
2020-01-06 23:00:00,79.23503860207201,0.0,0.1,0.7,0.7999999999999999,52.631578947368425,52.631578947368425,52.631578947368425,0.0,131.86661754944043,13.186661754944044,1.9999999999999996,-15.186661754944044
2020-01-07 00:00:00,78.22441717251992,0.0,0.1,0.7999999999999999,0.7,-47.5,-47.5,0.0,47.5,30.72441717251992,3.0724417172519924,1.9999999999999996,-5.072441717251992
2020-01-07 01:00:00,78.42975158703585,0.0,0.1,0.7,0.7999999999999999,52.631578947368425,52.631578947368425,52.631578947368425,0.0,131.06133053440428,13.106133053440429,1.9999999999999996,-15.106133053440429
2020-01-07 02:00:00,77.12830369408579,0.0,0.1,0.7999999999999999,0.7,-47.5,-47.5,0.0,47.5,29.628303694085787,2.9628303694085787,1.9999999999999996,-4.962830369408579
2020-01-07 03:00:00,78.17402602668966,0.0,0.1,0.7,0.6,-47.5,-47.5,0.0,47.5,30.67402602668966,3.0674026026689662,1.9999999999999996,-5.067402602668966
2020-01-07 04:00:00,78.15805294141383,0.0,0.1,0.6,0.5,-47.5,-47.5,0.0,47.5,30.65805294141383,3.065805294141383,1.9999999999999996,-5.0658052941413825
2020-01-07 05:00:00,78.12542261337138,0.0,0.1,0.5,0.5,0.0,0.0,0.0,-0.0,78.12542261337138,7.812542261337139,0.0,-7.812542261337139
2020-01-07 06:00:00,77.59824210439773,0.0,0.1,0.5,0.4,-47.5,-47.5,0.0,47.5,30.098242104397727,3.0098242104397728,1.9999999999999996,-5.009824210439772
2020-01-07 07:00:00,84.99477420470949,2.031787843977155,0.18,0.4,0.4,0.0,0.0,0.0,-0.0,82.96298636073233,14.933337544931819,0.0,-14.933337544931819
2020-01-07 08:00:00,94.3332869586036,10.73814,0.18,0.4,0.4,0.0,0.0,0.0,-0.0,83.59514695860359,15.047126452548646,0.0,-15.047126452548646
2020-01-07 09:00:00,92.1161330873306,24.214893205128206,0.18,0.4,0.30000000000000004,-47.5,-47.5,0.0,47.5,20.40123988220239,3.67222317879643,1.9999999999999996,-5.672223178796429
2020-01-07 10:00:00,92.85559992799112,36.32541125,0.18,0.30000000000000004,0.4,52.631578947368425,52.631578947368425,52.631578947368425,0.0,109.16176762535954,19.649118172564716,1.9999999999999996,-21.649118172564716
2020-01-07 11:00:00,96.5523855680884,42.581790000000005,0.18,0.4,0.30000000000000004,-47.5,-47.5,0.0,47.5,6.470595568088392,1.1647072022559104,1.9999999999999996,-3.1647072022559097
2020-01-07 12:00:00,89.4111696412855,40.04583076923076,0.18,0.30000000000000004,0.30000000000000004,0.0,0.0,0.0,-0.0,49.365338872054735,8.885760996969852,0.0,-8.885760996969852
2020-01-07 13:00:00,91.33931140939403,36.778370833333334,0.18,0.30000000000000004,0.4,52.631578947368425,52.631578947368425,52.631578947368425,0.0,107.19251952342913,19.29465351421724,1.9999999999999996,-21.29465351421724
2020-01-07 14:00:00,90.93886485858239,20.781688484848484,0.18,0.4,0.5,52.631578947368425,52.631578947368425,52.631578947368425,0.0,122.78875532110233,22.10197595779842,1.9999999999999996,-24.10197595779842
2020-01-07 15:00:00,87.11198002216639,14.584169358974359,0.18,0.5,0.5,0.0,0.0,0.0,-0.0,72.52781066319203,13.055005919374565,0.0,-13.055005919374565
2020-01-07 16:00:00,85.17179772617699,3.877922611630322,0.32,0.5,0.4,-47.5,-47.5,0.0,47.5,33.793875114546665,10.814040036654934,1.9999999999999996,-12.814040036654934
2020-01-07 17:00:00,86.53615686800384,0.058128009062588505,0.32,0.4,0.4,0.0,0.0,0.0,-0.0,86.47802885894126,27.672969234861203,0.0,-27.672969234861203
2020-01-07 18:00:00,86.58411078087718,0.0,0.32,0.4,0.30000000000000004,-47.5,-47.5,0.0,47.5,39.08411078087718,12.5069154498807,1.9999999999999996,-14.5069154498807
2020-01-07 19:00:00,88.74028558604995,0.0,0.32,0.30000000000000004,0.30000000000000004,0.0,0.0,0.0,-0.0,88.74028558604995,28.396891387535984,0.0,-28.396891387535984
2020-01-07 20:00:00,86.13474209361799,0.0,0.32,0.30000000000000004,0.20000000000000004,-47.5,-47.5,0.0,47.5,38.63474209361799,12.363117469957757,2.0,-14.363117469957757
2020-01-07 21:00:00,84.91169180584386,0.0,0.32,0.20000000000000004,0.10000000000000003,-47.5,-47.5,0.0,47.5,37.41169180584386,11.971741377870035,2.0,-13.971741377870035
2020-01-07 22:00:00,82.14660616710209,0.0,0.1,0.10000000000000003,0.10000000000000003,0.0,0.0,0.0,-0.0,82.14660616710209,8.21466061671021,0.0,-8.21466061671021
2020-01-07 23:00:00,81.25567578887075,0.0,0.1,0.10000000000000003,0.20000000000000004,52.631578947368425,52.631578947368425,52.631578947368425,0.0,133.88725473623919,13.38872547362392,2.0,-15.38872547362392
2020-01-08 00:00:00,80.32395036301173,0.0,0.1,0.20000000000000004,0.30000000000000004,52.631578947368425,52.631578947368425,52.631578947368425,0.0,132.95552931038014,13.295552931038015,2.0,-15.295552931038015
2020-01-08 01:00:00,81.93656827255171,0.0,0.1,0.30000000000000004,0.4,52.631578947368425,52.631578947368425,52.631578947368425,0.0,134.56814721992015,13.456814721992016,1.9999999999999996,-15.456814721992016
2020-01-08 02:00:00,83.27760517073564,0.0,0.1,0.4,0.30000000000000004,-47.5,-47.5,0.0,47.5,35.77760517073564,3.577760517073564,1.9999999999999996,-5.577760517073564
2020-01-08 03:00:00,82.4026130984157,0.0,0.1,0.30000000000000004,0.4,52.631578947368425,52.631578947368425,52.631578947368425,0.0,135.03419204578412,13.503419204578414,1.9999999999999996,-15.503419204578414
2020-01-08 04:00:00,80.13962232953801,0.0,0.1,0.4,0.4,0.0,0.0,0.0,-0.0,80.13962232953801,8.013962232953801,0.0,-8.013962232953801
2020-01-08 05:00:00,85.79365884026457,0.0,0.1,0.4,0.4,0.0,0.0,0.0,-0.0,85.79365884026457,8.579365884026457,0.0,-8.579365884026457
2020-01-08 06:00:00,83.17734663241582,0.0,0.1,0.4,0.4,0.0,0.0,0.0,-0.0,83.17734663241582,8.317734663241582,0.0,-8.317734663241582
2020-01-08 07:00:00,86.1120322637942,1.1040758047767394,0.18,0.4,0.30000000000000004,-47.5,-47.5,0.0,47.5,37.507956459017464,6.751432162623144,1.9999999999999996,-8.751432162623143
2020-01-08 08:00:00,89.34372155679074,4.4286590909090915,0.18,0.30000000000000004,0.20000000000000004,-47.5,-47.5,0.0,47.5,37.41506246588165,6.734711243858696,2.0,-8.734711243858696
2020-01-08 09:00:00,86.55055403636476,10.68070826923077,0.18,0.20000000000000004,0.10000000000000003,-47.5,-47.5,0.0,47.5,28.369845767133995,5.1065722380841185,2.0,-7.1065722380841185
2020-01-08 10:00:00,88.24706889836175,12.295931111111111,0.18,0.10000000000000003,0.1,-1.3183898417423734e-14,-1.3183898417423734e-14,0.0,1.3183898417423734e-14,75.95113778725062,13.67120480170511,5.551115123125783e-16,-13.67120480170511
2020-01-08 11:00:00,87.0976280039662,16.582087727272725,0.18,0.1,0.1,0.0,0.0,0.0,-0.0,70.51554027669347,12.692797249804824,0.0,-12.692797249804824
2020-01-08 12:00:00,86.17303896834161,27.113738205128207,0.18,0.1,0.2,52.631578947368425,52.631578947368425,52.631578947368425,0.0,111.69087971058184,20.104358347904732,2.0,-22.104358347904732
2020-01-08 13:00:00,85.37338194487165,23.447616111111113,0.18,0.2,0.2,0.0,0.0,0.0,-0.0,61.925765833760536,11.146637850076896,0.0,-11.146637850076896
2020-01-08 14:00:00,88.00423533575673,18.435519696969696,0.18,0.2,0.1,-47.5,-47.5,0.0,47.5,22.06871563878704,3.972368814981667,2.0,-5.972368814981667
2020-01-08 15:00:00,88.76413947917098,11.891910641025643,0.18,0.1,0.1,-0.0,-0.0,-0.0,0.0,76.87222883814533,13.83700119086616,0.0,-13.83700119086616
2020-01-08 16:00:00,80.75528004508925,2.660063564382139,0.32,0.1,0.1,-0.0,-0.0,-0.0,0.0,78.09521648070711,24.990469273826275,0.0,-24.990469273826275
2020-01-08 17:00:00,82.74149762525097,0.0,0.32,0.1,0.2,52.631578947368425,52.631578947368425,52.631578947368425,0.0,135.3730765726194,43.319384503238204,2.0,-45.319384503238204
2020-01-08 18:00:00,84.55632936809569,0.0,0.32,0.2,0.1,-47.5,-47.5,0.0,47.5,37.05632936809569,11.858025397790621,2.0,-13.858025397790621
2020-01-08 19:00:00,88.707168593518,0.0,0.32,0.1,0.1,-0.0,-0.0,-0.0,0.0,88.707168593518,28.38629394992576,0.0,-28.38629394992576
2020-01-08 20:00:00,87.91786698579043,0.0,0.32,0.1,0.1,0.0,0.0,0.0,-0.0,87.91786698579043,28.133717435452937,0.0,-28.133717435452937
2020-01-08 21:00:00,80.72132435159854,0.0,0.32,0.1,0.1,-0.0,-0.0,-0.0,0.0,80.72132435159854,25.830823792511534,0.0,-25.830823792511534
2020-01-08 22:00:00,78.50885651197865,0.0,0.1,0.1,0.1,0.0,0.0,0.0,-0.0,78.50885651197865,7.850885651197865,0.0,-7.850885651197865
2020-01-08 23:00:00,78.84327740884964,0.0,0.1,0.1,0.2,52.631578947368425,52.631578947368425,52.631578947368425,0.0,131.47485635621808,13.147485635621809,2.0,-15.147485635621809
2020-01-09 00:00:00,78.44810595478879,0.0,0.1,0.2,0.1,-47.5,-47.5,0.0,47.5,30.948105954788787,3.094810595478879,2.0,-5.094810595478879
2020-01-09 01:00:00,79.23393095129242,0.0,0.1,0.1,0.1,0.0,0.0,0.0,-0.0,79.23393095129242,7.923393095129242,0.0,-7.923393095129242
2020-01-09 02:00:00,76.74015443628583,0.0,0.1,0.1,0.1,-0.0,-0.0,-0.0,0.0,76.74015443628583,7.6740154436285835,0.0,-7.6740154436285835
2020-01-09 03:00:00,79.38780899881728,0.0,0.1,0.1,0.1,-0.0,-0.0,-0.0,0.0,79.38780899881728,7.938780899881728,0.0,-7.938780899881728
2020-01-09 04:00:00,78.61555970121047,0.0,0.1,0.1,0.1,-0.0,-0.0,-0.0,0.0,78.61555970121047,7.861555970121048,0.0,-7.861555970121048
2020-01-09 05:00:00,83.0895985549613,0.0,0.1,0.1,0.1,0.0,0.0,0.0,-0.0,83.0895985549613,8.30895985549613,0.0,-8.30895985549613
2020-01-09 06:00:00,77.77691597780142,0.0,0.1,0.1,0.1,0.0,0.0,0.0,-0.0,77.77691597780142,7.777691597780143,0.0,-7.777691597780143
2020-01-09 07:00:00,84.64394360687946,1.0428270119418483,0.18,0.1,0.1,-0.0,-0.0,-0.0,0.0,83.60111659493761,15.04820098708877,0.0,-15.04820098708877
2020-01-09 08:00:00,88.16581473394238,5.126157575757575,0.18,0.1,0.2,52.631578947368425,52.631578947368425,52.631578947368425,0.0,135.67123610555325,24.420822498999584,2.0,-26.420822498999584
2020-01-09 09:00:00,87.84295590722348,9.71460858974359,0.18,0.2,0.1,-47.5,-47.5,0.0,47.5,30.628347317479893,5.513102517146381,2.0,-7.513102517146381
2020-01-09 10:00:00,103.23758642551213,19.45230777777778,0.18,0.1,0.1,-0.0,-0.0,-0.0,0.0,83.78527864773436,15.081350156592183,0.0,-15.081350156592183
2020-01-09 11:00:00,98.11677174519878,13.804153636363635,0.18,0.1,0.1,0.0,0.0,0.0,-0.0,84.31261810883514,15.176271259590324,0.0,-15.176271259590324
2020-01-09 12:00:00,96.33675074491485,31.69421525641026,0.18,0.1,0.1,0.0,0.0,0.0,-0.0,64.64253548850459,11.635656387930826,0.0,-11.635656387930826
2020-01-09 13:00:00,96.27058455379706,47.518844722222234,0.18,0.1,0.2,52.631578947368425,52.631578947368425,52.631578947368425,0.0,101.38331877894325,18.248997380209783,2.0,-20.248997380209783
2020-01-09 14:00:00,89.71133921100474,39.85020863636364,0.18,0.2,0.1,-47.5,-47.5,0.0,47.5,2.361130574641102,0.42500350343539833,2.0,-2.4250035034353985
2020-01-09 15:00:00,85.87857970133146,47.51886153846154,0.18,0.1,0.1,-0.0,-0.0,-0.0,0.0,38.35971816286992,6.904749269316585,0.0,-6.904749269316585
2020-01-09 16:00:00,82.9620763719273,8.924914027777778,0.32,0.1,0.1,-0.0,-0.0,-0.0,0.0,74.03716234414952,23.691891950127847,0.0,-23.691891950127847
2020-01-09 17:00:00,78.9875048489771,0.10230529595015576,0.32,0.1,0.2,52.631578947368425,52.631578947368425,52.631578947368425,0.0,131.51677850039536,42.085369120126515,2.0,-44.085369120126515
2020-01-09 18:00:00,80.45988862928439,0.0,0.32,0.2,0.1,-47.5,-47.5,0.0,47.5,32.95988862928439,10.547164361371006,2.0,-12.547164361371006
2020-01-09 19:00:00,80.52086259279538,0.0,0.32,0.1,0.1,-0.0,-0.0,-0.0,0.0,80.52086259279538,25.766676029694523,0.0,-25.766676029694523
2020-01-09 20:00:00,79.57032633766357,0.0,0.32,0.1,0.1,0.0,0.0,0.0,-0.0,79.57032633766357,25.462504428052345,0.0,-25.462504428052345
2020-01-09 21:00:00,78.40987293305685,0.0,0.32,0.1,0.1,0.0,0.0,0.0,-0.0,78.40987293305685,25.09115933857819,0.0,-25.09115933857819
2020-01-09 22:00:00,77.87674434594253,0.0,0.1,0.1,0.1,0.0,0.0,0.0,-0.0,77.87674434594253,7.787674434594253,0.0,-7.787674434594253
2020-01-09 23:00:00,75.83854150814072,0.0,0.1,0.1,0.1,-0.0,-0.0,-0.0,0.0,75.83854150814072,7.583854150814073,0.0,-7.583854150814073
2020-01-10 00:00:00,76.68842933923646,0.0,0.1,0.1,0.2,52.631578947368425,52.631578947368425,52.631578947368425,0.0,129.3200082866049,12.93200082866049,2.0,-14.93200082866049
2020-01-10 01:00:00,77.96088531001426,0.0,0.1,0.2,0.1,-47.5,-47.5,0.0,47.5,30.460885310014262,3.0460885310014265,2.0,-5.046088531001427
2020-01-10 02:00:00,77.90875798573036,0.0,0.1,0.1,0.1,-0.0,-0.0,-0.0,0.0,77.90875798573036,7.790875798573037,0.0,-7.790875798573037
2020-01-10 03:00:00,78.79184070618723,0.0,0.1,0.1,0.1,-0.0,-0.0,-0.0,0.0,78.79184070618723,7.879184070618724,0.0,-7.879184070618724
2020-01-10 04:00:00,77.12903261171947,0.0,0.1,0.1,0.1,-0.0,-0.0,-0.0,0.0,77.12903261171947,7.712903261171947,0.0,-7.712903261171947
2020-01-10 05:00:00,81.93127685697924,0.0,0.1,0.1,0.1,0.0,0.0,0.0,-0.0,81.93127685697924,8.193127685697924,0.0,-8.193127685697924
2020-01-10 06:00:00,80.14695624339826,0.0,0.1,0.1,0.1,0.0,0.0,0.0,-0.0,80.14695624339826,8.014695624339828,0.0,-8.014695624339828
2020-01-10 07:00:00,80.36065837379842,4.096412958203531,0.18,0.1,0.1,-0.0,-0.0,-0.0,0.0,76.26424541559489,13.727564174807078,0.0,-13.727564174807078
2020-01-10 08:00:00,80.6631168536591,40.818447575757574,0.18,0.1,0.2,52.631578947368425,52.631578947368425,52.631578947368425,0.0,92.47624822526996,16.645724680548593,2.0,-18.645724680548593
2020-01-10 09:00:00,88.24018891726104,79.73822307692308,0.18,0.2,0.1,-47.5,-47.5,0.0,47.5,-38.99803415966204,0.0,2.0,-2.0
2020-01-10 10:00:00,94.09183290616994,99.88702083333334,0.18,0.1,0.1,-0.0,-0.0,-0.0,0.0,-5.795187927163397,0.0,0.0,-0.0
2020-01-10 11:00:00,94.61911058520022,109.65119393939393,0.18,0.1,0.1,-0.0,-0.0,-0.0,0.0,-15.032083354193716,0.0,0.0,-0.0
2020-01-10 12:00:00,95.9384577267282,108.87176538461539,0.18,0.1,0.2,52.631578947368425,52.631578947368425,52.631578947368425,0.0,39.69827128948124,7.145688832106623,2.0,-9.145688832106623
2020-01-10 13:00:00,95.54678225947255,95.35397083333334,0.18,0.2,0.30000000000000004,52.631578947368425,52.631578947368425,52.631578947368425,0.0,52.82439037350764,9.508390267231375,2.000000000000001,-11.508390267231377
2020-01-10 14:00:00,94.87693868869388,73.08190757575757,0.18,0.30000000000000004,0.4,52.631578947368425,52.631578947368425,52.631578947368425,0.0,74.42661006030474,13.396789810854852,1.9999999999999996,-15.396789810854852
2020-01-10 15:00:00,94.66765313036295,39.92379923076923,0.18,0.4,0.4,0.0,0.0,0.0,-0.0,54.743853899593724,9.85389370192687,0.0,-9.85389370192687
2020-01-10 16:00:00,86.41656525267304,6.3600844444444435,0.32,0.4,0.5,52.631578947368425,52.631578947368425,52.631578947368425,0.0,132.688059755597,42.46017912179104,1.9999999999999996,-44.46017912179104
2020-01-10 17:00:00,81.55060348111543,0.06255168507504956,0.32,0.5,0.6,52.631578947368425,52.631578947368425,52.631578947368425,0.0,134.1196307434088,42.91828183789082,1.9999999999999996,-44.91828183789082
2020-01-10 18:00:00,79.94543750999414,0.0,0.32,0.6,0.5,-47.5,-47.5,0.0,47.5,32.445437509994136,10.382540003198123,1.9999999999999996,-12.382540003198123
2020-01-10 19:00:00,83.52820283687394,0.0,0.32,0.5,0.5,0.0,0.0,0.0,-0.0,83.52820283687394,26.729024907799662,0.0,-26.729024907799662
2020-01-10 20:00:00,80.53408474527082,0.0,0.32,0.5,0.5,0.0,0.0,0.0,-0.0,80.53408474527082,25.77090711848666,0.0,-25.77090711848666
2020-01-10 21:00:00,78.0320657934203,0.0,0.32,0.5,0.6,52.631578947368425,52.631578947368425,52.631578947368425,0.0,130.66364474078873,41.812366317052394,1.9999999999999996,-43.812366317052394
2020-01-10 22:00:00,79.30854630958395,0.0,0.1,0.6,0.7,52.631578947368425,52.631578947368425,52.631578947368425,0.0,131.94012525695237,13.194012525695237,1.9999999999999996,-15.194012525695237
2020-01-10 23:00:00,78.97991402135925,0.0,0.1,0.7,0.7999999999999999,52.631578947368425,52.631578947368425,52.631578947368425,0.0,131.61149296872767,13.161149296872768,1.9999999999999996,-15.161149296872768
2020-01-11 00:00:00,77.92793849469214,0.0,0.12,0.7999999999999999,0.7,-47.5,-47.5,0.0,47.5,30.427938494692143,3.651352619363057,1.9999999999999996,-5.651352619363056
2020-01-11 01:00:00,76.84104874489407,0.0,0.12,0.7,0.6,-47.5,-47.5,0.0,47.5,29.341048744894067,3.520925849387288,1.9999999999999996,-5.520925849387288
2020-01-11 02:00:00,76.6682257332449,0.0,0.12,0.6,0.5,-47.5,-47.5,0.0,47.5,29.168225733244896,3.5001870879893873,1.9999999999999996,-5.500187087989387
2020-01-11 03:00:00,77.92340737813119,0.0,0.12,0.5,0.4,-47.5,-47.5,0.0,47.5,30.423407378131188,3.6508088853757426,1.9999999999999996,-5.650808885375742
2020-01-11 04:00:00,77.36442980021575,0.0,0.12,0.4,0.4,0.0,0.0,0.0,-0.0,77.36442980021575,9.28373157602589,0.0,-9.28373157602589
2020-01-11 05:00:00,77.85435632968213,0.0,0.12,0.4,0.30000000000000004,-47.5,-47.5,0.0,47.5,30.354356329682133,3.6425227595618557,1.9999999999999996,-5.642522759561855
2020-01-11 06:00:00,76.01179048933653,0.0,0.12,0.30000000000000004,0.20000000000000004,-47.5,-47.5,0.0,47.5,28.511790489336533,3.421414858720384,2.0,-5.421414858720384
2020-01-11 07:00:00,76.90428481333893,4.514143625389408,0.12,0.20000000000000004,0.10000000000000003,-47.5,-47.5,0.0,47.5,24.890141187949524,2.9868169425539426,2.0,-4.986816942553943
2020-01-11 08:00:00,82.20176851323833,39.677034772727275,0.12,0.10000000000000003,0.10000000000000003,0.0,0.0,0.0,-0.0,42.52473374051106,5.102968048861327,0.0,-5.102968048861327
2020-01-11 09:00:00,85.22057498669086,75.50367307692308,0.12,0.10000000000000003,0.1,-1.3183898417423734e-14,-1.3183898417423734e-14,0.0,1.3183898417423734e-14,9.716901909767772,1.1660282291721327,5.551115123125783e-16,-1.1660282291721331
2020-01-11 10:00:00,88.38870571819889,97.61260555555556,0.12,0.1,0.1,-0.0,-0.0,-0.0,0.0,-9.223899837356669,0.0,0.0,-0.0
2020-01-11 11:00:00,90.95298781999308,106.94772424242424,0.12,0.1,0.1,0.0,0.0,0.0,-0.0,-15.99473642243116,0.0,0.0,-0.0
2020-01-11 12:00:00,94.03383892946928,99.25064948717949,0.12,0.1,0.1,-0.0,-0.0,-0.0,0.0,-5.216810557710204,0.0,0.0,-0.0
2020-01-11 13:00:00,85.86058728199775,50.07235083333333,0.12,0.1,0.1,0.0,0.0,0.0,-0.0,35.78823644866442,4.29458837383973,0.0,-4.29458837383973
2020-01-11 14:00:00,84.80226365178633,52.7347196969697,0.12,0.1,0.1,-0.0,-0.0,-0.0,0.0,32.067543954816635,3.8481052745779962,0.0,-3.8481052745779962
2020-01-11 15:00:00,85.39634706423664,38.61632294871795,0.12,0.1,0.2,52.631578947368425,52.631578947368425,52.631578947368425,0.0,99.41160306288711,11.929392367546452,2.0,-13.929392367546452
2020-01-11 16:00:00,79.26127910080551,9.092273204828661,0.12,0.2,0.2,0.0,0.0,0.0,-0.0,70.16900589597685,8.420280707517222,0.0,-8.420280707517222
2020-01-11 17:00:00,78.042383929314,0.8698177286887567,0.12,0.2,0.2,0.0,0.0,0.0,-0.0,77.17256620062524,9.260707944075028,0.0,-9.260707944075028
2020-01-11 18:00:00,76.4670290677322,0.0,0.12,0.2,0.1,-47.5,-47.5,0.0,47.5,28.9670290677322,3.4760434881278637,2.0,-5.476043488127864
2020-01-11 19:00:00,78.04072269729524,0.0,0.12,0.1,0.1,-0.0,-0.0,-0.0,0.0,78.04072269729524,9.364886723675427,0.0,-9.364886723675427
2020-01-11 20:00:00,78.88159870802009,0.0,0.12,0.1,0.1,-0.0,-0.0,-0.0,0.0,78.88159870802009,9.46579184496241,0.0,-9.46579184496241
2020-01-11 21:00:00,79.41294339271745,0.0,0.12,0.1,0.1,-0.0,-0.0,-0.0,0.0,79.41294339271745,9.529553207126094,0.0,-9.529553207126094
2020-01-11 22:00:00,78.6802209188575,0.0,0.12,0.1,0.1,-0.0,-0.0,-0.0,0.0,78.6802209188575,9.4416265102629,0.0,-9.4416265102629
2020-01-11 23:00:00,77.40478213115033,0.0,0.12,0.1,0.2,52.631578947368425,52.631578947368425,52.631578947368425,0.0,130.03636107851875,15.604363329422249,2.0,-17.60436332942225
2020-01-12 00:00:00,77.9239778455713,0.0,0.12,0.2,0.2,0.0,0.0,0.0,-0.0,77.9239778455713,9.350877341468555,0.0,-9.350877341468555
2020-01-12 01:00:00,77.82401463138997,0.0,0.12,0.2,0.1,-47.5,-47.5,0.0,47.5,30.32401463138997,3.6388817557667963,2.0,-5.638881755766796
2020-01-12 02:00:00,78.61696462885848,0.0,0.12,0.1,0.1,0.0,0.0,0.0,-0.0,78.61696462885848,9.434035755463018,0.0,-9.434035755463018
2020-01-12 03:00:00,77.58858060515095,0.0,0.12,0.1,0.1,-0.0,-0.0,-0.0,0.0,77.58858060515095,9.310629672618115,0.0,-9.310629672618115
2020-01-12 04:00:00,76.68984038790637,0.0,0.12,0.1,0.1,-0.0,-0.0,-0.0,0.0,76.68984038790637,9.202780846548764,0.0,-9.202780846548764
2020-01-12 05:00:00,78.03568049715396,0.0,0.12,0.1,0.2,52.631578947368425,52.631578947368425,52.631578947368425,0.0,130.6672594445224,15.680071133342686,2.0,-17.680071133342686
2020-01-12 06:00:00,78.6003634204616,0.0,0.12,0.2,0.30000000000000004,52.631578947368425,52.631578947368425,52.631578947368425,0.0,131.23194236783002,15.747833084139602,2.000000000000001,-17.747833084139604
2020-01-12 07:00:00,77.6561863183213,2.5959143159397713,0.12,0.30000000000000004,0.20000000000000004,-47.5,-47.5,0.0,47.5,27.560272002381538,3.3072326402857843,2.0,-5.307232640285784
2020-01-12 08:00:00,74.23376994586452,16.03276181818182,0.12,0.20000000000000004,0.10000000000000003,-47.5,-47.5,0.0,47.5,10.701008127682698,1.2841209753219238,2.0,-3.284120975321924
2020-01-12 09:00:00,76.90097630856896,29.51465205128205,0.12,0.10000000000000003,0.1,-1.3183898417423734e-14,-1.3183898417423734e-14,0.0,1.3183898417423734e-14,47.386324257286894,5.686358910874427,5.551115123125783e-16,-5.686358910874428
2020-01-12 10:00:00,82.55263795697975,63.60442722222223,0.12,0.1,0.1,-0.0,-0.0,-0.0,0.0,18.948210734757524,2.273785288170903,0.0,-2.273785288170903
2020-01-12 11:00:00,82.26412736032326,85.47390151515152,0.12,0.1,0.1,0.0,0.0,0.0,-0.0,-3.209774154828267,0.0,0.0,-0.0
2020-01-12 12:00:00,77.33429758002373,40.91817999999999,0.12,0.1,0.1,-0.0,-0.0,-0.0,0.0,36.41611758002374,4.369934109602848,0.0,-4.369934109602848
2020-01-12 13:00:00,71.93093746264289,52.27325138888889,0.12,0.1,0.1,0.0,0.0,0.0,-0.0,19.657686073754,2.35892232885048,0.0,-2.35892232885048
2020-01-12 14:00:00,79.4156824578617,77.11201363636364,0.12,0.1,0.1,-0.0,-0.0,-0.0,0.0,2.3036688214980643,0.27644025857976773,0.0,-0.27644025857976773
2020-01-12 15:00:00,75.8420441052123,43.166658461538454,0.12,0.1,0.1,-0.0,-0.0,-0.0,0.0,32.67538564367384,3.921046277240861,0.0,-3.921046277240861
2020-01-12 16:00:00,72.800972233873,9.370235944963655,0.12,0.1,0.1,0.0,0.0,0.0,-0.0,63.430736288909344,7.611688354669121,0.0,-7.611688354669121
2020-01-12 17:00:00,72.09736012539787,0.05347776833758142,0.12,0.1,0.2,52.631578947368425,52.631578947368425,52.631578947368425,0.0,124.67546130442871,14.961055356531444,2.0,-16.961055356531446
2020-01-12 18:00:00,77.46675642457429,0.0,0.12,0.2,0.30000000000000004,52.631578947368425,52.631578947368425,52.631578947368425,0.0,130.0983353719427,15.611800244633125,2.000000000000001,-17.611800244633127
2020-01-12 19:00:00,77.74532064002103,0.0,0.12,0.30000000000000004,0.4,52.631578947368425,52.631578947368425,52.631578947368425,0.0,130.37689958738946,15.645227950486735,1.9999999999999996,-17.645227950486735
2020-01-12 20:00:00,74.95954631146786,0.0,0.12,0.4,0.30000000000000004,-47.5,-47.5,0.0,47.5,27.45954631146786,3.2951455573761432,1.9999999999999996,-5.295145557376143
2020-01-12 21:00:00,74.35366836940683,0.0,0.12,0.30000000000000004,0.4,52.631578947368425,52.631578947368425,52.631578947368425,0.0,126.98524731677526,15.238229678013031,1.9999999999999996,-17.23822967801303
2020-01-12 22:00:00,75.69302229656363,0.0,0.12,0.4,0.4,0.0,0.0,0.0,-0.0,75.69302229656363,9.083162675587635,0.0,-9.083162675587635
2020-01-12 23:00:00,74.9665707832599,0.0,0.12,0.4,0.30000000000000004,-47.5,-47.5,0.0,47.5,27.466570783259897,3.2959884939911874,1.9999999999999996,-5.295988493991187
2020-01-13 00:00:00,74.4830382931105,0.0,0.1,0.30000000000000004,0.20000000000000004,-47.5,-47.5,0.0,47.5,26.983038293110496,2.6983038293110497,2.0,-4.698303829311049
2020-01-13 01:00:00,72.65139433412477,0.0,0.1,0.20000000000000004,0.30000000000000004,52.631578947368425,52.631578947368425,52.631578947368425,0.0,125.2829732814932,12.528297328149321,2.0,-14.528297328149321
2020-01-13 02:00:00,73.66267044309828,0.0,0.1,0.30000000000000004,0.4,52.631578947368425,52.631578947368425,52.631578947368425,0.0,126.2942493904667,12.629424939046672,1.9999999999999996,-14.629424939046672
2020-01-13 03:00:00,73.8088959773119,0.0,0.1,0.4,0.4,0.0,0.0,0.0,-0.0,73.8088959773119,7.380889597731191,0.0,-7.380889597731191
2020-01-13 04:00:00,73.36616366662889,0.0,0.1,0.4,0.5,52.631578947368425,52.631578947368425,52.631578947368425,0.0,125.99774261399732,12.599774261399732,1.9999999999999996,-14.599774261399732
2020-01-13 05:00:00,73.05673626971146,0.0,0.1,0.5,0.5,0.0,0.0,0.0,-0.0,73.05673626971146,7.305673626971147,0.0,-7.305673626971147
2020-01-13 06:00:00,73.2174947995925,0.0,0.1,0.5,0.4,-47.5,-47.5,0.0,47.5,25.7174947995925,2.57174947995925,1.9999999999999996,-4.57174947995925
2020-01-13 07:00:00,85.28854886808054,5.043326205867082,0.18,0.4,0.4,0.0,0.0,0.0,-0.0,80.24522266221345,14.444140079198421,0.0,-14.444140079198421
2020-01-13 08:00:00,87.68802089426148,41.588844242424244,0.18,0.4,0.4,0.0,0.0,0.0,-0.0,46.09917665183724,8.297851797330702,0.0,-8.297851797330702
2020-01-13 09:00:00,85.98233796029272,77.30732692307691,0.18,0.4,0.30000000000000004,-47.5,-47.5,0.0,47.5,-38.82498896278419,0.0,1.9999999999999996,-1.9999999999999996
2020-01-13 10:00:00,78.59838397426091,99.09807083333334,0.18,0.30000000000000004,0.30000000000000004,0.0,0.0,0.0,-0.0,-20.499686859072426,0.0,0.0,-0.0
2020-01-13 11:00:00,87.59859975710154,109.18726666666666,0.18,0.30000000000000004,0.20000000000000004,-47.5,-47.5,0.0,47.5,-69.08866690956512,0.0,2.0,-2.0
2020-01-13 12:00:00,87.57913080954485,108.44677692307692,0.18,0.20000000000000004,0.10000000000000003,-47.5,-47.5,0.0,47.5,-68.36764611353207,0.0,2.0,-2.0
2020-01-13 13:00:00,118.46549417869215,83.99699833333334,0.18,0.10000000000000003,0.1,-1.3183898417423734e-14,-1.3183898417423734e-14,0.0,1.3183898417423734e-14,34.4684958453588,6.204329252164584,5.551115123125783e-16,-6.204329252164585
2020-01-13 14:00:00,81.23007288575496,51.59760545454546,0.18,0.1,0.1,0.0,0.0,0.0,-0.0,29.632467431209506,5.333844137617711,0.0,-5.333844137617711
2020-01-13 15:00:00,112.19712223167888,33.30260551282051,0.18,0.1,0.2,52.631578947368425,52.631578947368425,52.631578947368425,0.0,131.5260956662268,23.674697219920823,2.0,-25.674697219920823
2020-01-13 16:00:00,72.57045147024498,3.290633005581516,0.32,0.2,0.30000000000000004,52.631578947368425,52.631578947368425,52.631578947368425,0.0,121.91139741203189,39.01164717185021,2.000000000000001,-41.01164717185021
2020-01-13 17:00:00,72.91355337790807,0.027901444350042482,0.32,0.30000000000000004,0.30000000000000004,0.0,0.0,0.0,-0.0,72.88565193355804,23.323408618738572,0.0,-23.323408618738572
2020-01-13 18:00:00,72.35444362215677,0.0,0.32,0.30000000000000004,0.30000000000000004,0.0,0.0,0.0,-0.0,72.35444362215677,23.153421959090164,0.0,-23.153421959090164
2020-01-13 19:00:00,73.72054582037627,0.0,0.32,0.30000000000000004,0.20000000000000004,-47.5,-47.5,0.0,47.5,26.220545820376273,8.390574662520407,2.0,-10.390574662520407
2020-01-13 20:00:00,73.75113562863875,0.0,0.32,0.20000000000000004,0.10000000000000003,-47.5,-47.5,0.0,47.5,26.25113562863875,8.4003634011644,2.0,-10.4003634011644
2020-01-13 21:00:00,70.37662954398189,0.0,0.32,0.10000000000000003,0.10000000000000003,0.0,0.0,0.0,-0.0,70.37662954398189,22.520521454074206,0.0,-22.520521454074206
2020-01-13 22:00:00,67.8815698461518,0.0,0.1,0.10000000000000003,0.1,-1.3183898417423734e-14,-1.3183898417423734e-14,0.0,1.3183898417423734e-14,67.88156984615179,6.7881569846151795,5.551115123125783e-16,-6.78815698461518
2020-01-13 23:00:00,64.91146354545117,0.0,0.1,0.1,0.1,-0.0,-0.0,-0.0,0.0,64.91146354545117,6.491146354545117,0.0,-6.491146354545117
2020-01-14 00:00:00,66.37136035172465,0.0,0.1,0.1,0.2,52.631578947368425,52.631578947368425,52.631578947368425,0.0,119.00293929909307,11.900293929909308,2.0,-13.900293929909308
2020-01-14 01:00:00,66.8498871617725,0.0,0.1,0.2,0.30000000000000004,52.631578947368425,52.631578947368425,52.631578947368425,0.0,119.48146610914092,11.948146610914094,2.000000000000001,-13.948146610914094
2020-01-14 02:00:00,67.68372999108436,0.0,0.1,0.30000000000000004,0.4,52.631578947368425,52.631578947368425,52.631578947368425,0.0,120.31530893845279,12.031530893845279,1.9999999999999996,-14.031530893845279
2020-01-14 03:00:00,66.29623990027939,0.0,0.1,0.4,0.4,0.0,0.0,0.0,-0.0,66.29623990027939,6.629623990027939,0.0,-6.629623990027939
2020-01-14 04:00:00,68.0977744772096,0.0,0.1,0.4,0.30000000000000004,-47.5,-47.5,0.0,47.5,20.597774477209597,2.05977744772096,1.9999999999999996,-4.059777447720959
2020-01-14 05:00:00,71.98383305485979,0.0,0.1,0.30000000000000004,0.30000000000000004,0.0,0.0,0.0,-0.0,71.98383305485979,7.198383305485979,0.0,-7.198383305485979
2020-01-14 06:00:00,69.81029199259557,0.0,0.1,0.30000000000000004,0.30000000000000004,0.0,0.0,0.0,-0.0,69.81029199259557,6.981029199259557,0.0,-6.981029199259557
2020-01-14 07:00:00,71.49913078666071,7.166702023624091,0.18,0.30000000000000004,0.30000000000000004,0.0,0.0,0.0,-0.0,64.33242876303662,11.57983717734659,0.0,-11.57983717734659
2020-01-14 08:00:00,75.2367073339699,31.924343181818184,0.18,0.30000000000000004,0.20000000000000004,-47.5,-47.5,0.0,47.5,-4.187635847848284,0.0,2.0,-2.0
2020-01-14 09:00:00,87.74243305647641,52.14220782051281,0.18,0.20000000000000004,0.10000000000000003,-47.5,-47.5,0.0,47.5,-11.899774764036394,0.0,2.0,-2.0
2020-01-14 10:00:00,86.7202757210353,75.64388333333333,0.18,0.10000000000000003,0.1,-1.3183898417423734e-14,-1.3183898417423734e-14,0.0,1.3183898417423734e-14,11.07639238770196,1.9937506297863528,5.551115123125783e-16,-1.9937506297863532
2020-01-14 11:00:00,87.86657631666543,84.86833636363636,0.18,0.1,0.1,-0.0,-0.0,-0.0,0.0,2.9982399530290706,0.5396831915452327,0.0,-0.5396831915452327
2020-01-14 12:00:00,86.91747859839622,99.86393461538462,0.18,0.1,0.2,52.631578947368425,52.631578947368425,52.631578947368425,0.0,39.68512293038002,7.143322127468403,2.0,-9.143322127468403
2020-01-14 13:00:00,88.05150976654312,94.49116666666667,0.18,0.2,0.30000000000000004,52.631578947368425,52.631578947368425,52.631578947368425,0.0,46.19192204724487,8.314545968504078,2.000000000000001,-10.314545968504078
2020-01-14 14:00:00,106.55618136941074,72.39950454545455,0.18,0.30000000000000004,0.4,52.631578947368425,52.631578947368425,52.631578947368425,0.0,86.78825577132461,15.62188603883843,1.9999999999999996,-17.62188603883843
2020-01-14 15:00:00,88.92902219688237,50.92667243589744,0.18,0.4,0.5,52.631578947368425,52.631578947368425,52.631578947368425,0.0,90.63392870835335,16.314107167503604,1.9999999999999996,-18.314107167503604
2020-01-14 16:00:00,84.48113024136892,13.797841944444444,0.32,0.5,0.4,-47.5,-47.5,0.0,47.5,23.183288296924474,7.418652255015831,1.9999999999999996,-9.41865225501583
2020-01-14 17:00:00,78.7926835020405,0.2877570093457944,0.32,0.4,0.5,52.631578947368425,52.631578947368425,52.631578947368425,0.0,131.13650544006313,41.963681740820206,1.9999999999999996,-43.963681740820206
2020-01-14 18:00:00,78.32130676578323,0.0,0.32,0.5,0.4,-47.5,-47.5,0.0,47.5,30.821306765783234,9.862818165050635,1.9999999999999996,-11.862818165050635
2020-01-14 19:00:00,80.34481585353572,0.0,0.32,0.4,0.30000000000000004,-47.5,-47.5,0.0,47.5,32.84481585353572,10.51034107313143,1.9999999999999996,-12.51034107313143
2020-01-14 20:00:00,78.83905619400349,0.0,0.32,0.30000000000000004,0.20000000000000004,-47.5,-47.5,0.0,47.5,31.33905619400349,10.028497982081117,2.0,-12.028497982081117
2020-01-14 21:00:00,76.12203538758284,0.0,0.32,0.20000000000000004,0.10000000000000003,-47.5,-47.5,0.0,47.5,28.62203538758284,9.159051324026509,2.0,-11.159051324026509
2020-01-14 22:00:00,75.65785524407333,0.0,0.1,0.10000000000000003,0.1,-1.3183898417423734e-14,-1.3183898417423734e-14,0.0,1.3183898417423734e-14,75.65785524407332,7.565785524407332,5.551115123125783e-16,-7.565785524407333
2020-01-14 23:00:00,75.69206176059377,0.0,0.1,0.1,0.1,-0.0,-0.0,-0.0,0.0,75.69206176059377,7.569206176059378,0.0,-7.569206176059378
2020-01-15 00:00:00,74.94881185059228,0.0,0.1,0.1,0.2,52.631578947368425,52.631578947368425,52.631578947368425,0.0,127.5803907979607,12.75803907979607,2.0,-14.75803907979607
2020-01-15 01:00:00,74.6641056344619,0.0,0.1,0.2,0.30000000000000004,52.631578947368425,52.631578947368425,52.631578947368425,0.0,127.29568458183033,12.729568458183033,2.000000000000001,-14.729568458183035
2020-01-15 02:00:00,76.8288085541409,0.0,0.1,0.30000000000000004,0.4,52.631578947368425,52.631578947368425,52.631578947368425,0.0,129.46038750150933,12.946038750150933,1.9999999999999996,-14.946038750150933
2020-01-15 03:00:00,75.73264583455423,0.0,0.1,0.4,0.30000000000000004,-47.5,-47.5,0.0,47.5,28.232645834554233,2.8232645834554235,1.9999999999999996,-4.823264583455423
2020-01-15 04:00:00,76.39226895078606,0.0,0.1,0.30000000000000004,0.20000000000000004,-47.5,-47.5,0.0,47.5,28.89226895078606,2.889226895078606,2.0,-4.889226895078606
2020-01-15 05:00:00,77.51826563374692,0.0,0.1,0.20000000000000004,0.10000000000000003,-47.5,-47.5,0.0,47.5,30.01826563374692,3.001826563374692,2.0,-5.001826563374692
2020-01-15 06:00:00,77.11980875792143,0.0,0.1,0.10000000000000003,0.10000000000000003,0.0,0.0,0.0,-0.0,77.11980875792143,7.711980875792143,0.0,-7.711980875792143
2020-01-15 07:00:00,79.39128500354566,3.220303968068535,0.18,0.10000000000000003,0.1,-1.3183898417423734e-14,-1.3183898417423734e-14,0.0,1.3183898417423734e-14,76.17098103547711,13.71077658638588,5.551115123125783e-16,-13.71077658638588
2020-01-15 08:00:00,79.66863928344837,15.392858636363634,0.18,0.1,0.1,0.0,0.0,0.0,-0.0,64.27578064708473,11.569640516475252,0.0,-11.569640516475252
2020-01-15 09:00:00,85.01649509863047,53.8582958974359,0.18,0.1,0.1,0.0,0.0,0.0,-0.0,31.15819920119457,5.608475856215023,0.0,-5.608475856215023
2020-01-15 10:00:00,84.87661270523559,88.85722916666667,0.18,0.1,0.1,-0.0,-0.0,-0.0,0.0,-3.980616461431083,0.0,0.0,-0.0
2020-01-15 11:00:00,89.44125236892987,75.10176818181819,0.18,0.1,0.1,-0.0,-0.0,-0.0,0.0,14.33948418711168,2.5811071536801022,0.0,-2.5811071536801022
2020-01-15 12:00:00,87.62220223159756,70.86497948717948,0.18,0.1,0.2,52.631578947368425,52.631578947368425,52.631578947368425,0.0,69.3888016917865,12.489984304521569,2.0,-14.489984304521569
2020-01-15 13:00:00,89.65963590267528,58.59730416666667,0.18,0.2,0.30000000000000004,52.631578947368425,52.631578947368425,52.631578947368425,0.0,83.69391068337703,15.064903923007865,2.000000000000001,-17.064903923007865
2020-01-15 14:00:00,91.8683181720636,35.406991363636365,0.18,0.30000000000000004,0.4,52.631578947368425,52.631578947368425,52.631578947368425,0.0,109.09290575579566,19.636723036043218,1.9999999999999996,-21.636723036043218
2020-01-15 15:00:00,97.46803067641594,21.560185705128205,0.18,0.4,0.4,0.0,0.0,0.0,-0.0,75.90784497128773,13.663412094831791,0.0,-13.663412094831791
2020-01-15 16:00:00,89.92982690417604,10.88269013888889,0.32,0.4,0.5,52.631578947368425,52.631578947368425,52.631578947368425,0.0,131.67871571265556,42.13718902804978,1.9999999999999996,-44.13718902804978
2020-01-15 17:00:00,82.44051088991232,0.2207306711979609,0.32,0.5,0.6,52.631578947368425,52.631578947368425,52.631578947368425,0.0,134.85135916608277,43.15243493314649,1.9999999999999996,-45.15243493314649
2020-01-15 18:00:00,77.1173490770224,0.0,0.32,0.6,0.5,-47.5,-47.5,0.0,47.5,29.617349077022396,9.477551704647167,1.9999999999999996,-11.477551704647167
2020-01-15 19:00:00,79.83808846082745,0.0,0.32,0.5,0.4,-47.5,-47.5,0.0,47.5,32.33808846082745,10.348188307464785,1.9999999999999996,-12.348188307464785
2020-01-15 20:00:00,79.29002400003827,0.0,0.32,0.4,0.30000000000000004,-47.5,-47.5,0.0,47.5,31.790024000038272,10.172807680012248,1.9999999999999996,-12.172807680012248
2020-01-15 21:00:00,76.79302928169945,0.0,0.32,0.30000000000000004,0.20000000000000004,-47.5,-47.5,0.0,47.5,29.293029281699447,9.373769370143822,2.0,-11.373769370143822
2020-01-15 22:00:00,75.49264302180353,0.0,0.1,0.20000000000000004,0.20000000000000004,0.0,0.0,0.0,-0.0,75.49264302180353,7.549264302180354,0.0,-7.549264302180354
2020-01-15 23:00:00,74.6884730835012,0.0,0.1,0.20000000000000004,0.10000000000000003,-47.5,-47.5,0.0,47.5,27.188473083501194,2.7188473083501195,2.0,-4.718847308350119
2020-01-16 00:00:00,75.59046245162938,0.0,0.1,0.10000000000000003,0.20000000000000004,52.631578947368425,52.631578947368425,52.631578947368425,0.0,128.22204139899782,12.822204139899782,2.0,-14.822204139899782
2020-01-16 01:00:00,74.0937363459056,0.0,0.1,0.20000000000000004,0.30000000000000004,52.631578947368425,52.631578947368425,52.631578947368425,0.0,126.72531529327402,12.672531529327403,2.0,-14.672531529327403
2020-01-16 02:00:00,74.33253264758038,0.0,0.1,0.30000000000000004,0.4,52.631578947368425,52.631578947368425,52.631578947368425,0.0,126.9641115949488,12.69641115949488,1.9999999999999996,-14.69641115949488
2020-01-16 03:00:00,73.4965582512767,0.0,0.1,0.4,0.4,0.0,0.0,0.0,-0.0,73.4965582512767,7.34965582512767,0.0,-7.34965582512767
2020-01-16 04:00:00,74.01683789027221,0.0,0.1,0.4,0.5,52.631578947368425,52.631578947368425,52.631578947368425,0.0,126.64841683764064,12.664841683764065,1.9999999999999996,-14.664841683764065
2020-01-16 05:00:00,73.52017786324686,0.0,0.1,0.5,0.5,0.0,0.0,0.0,-0.0,73.52017786324686,7.352017786324686,0.0,-7.352017786324686
2020-01-16 06:00:00,78.79527517551203,0.0,0.1,0.5,0.4,-47.5,-47.5,0.0,47.5,31.29527517551203,3.129527517551203,1.9999999999999996,-5.129527517551203
2020-01-16 07:00:00,83.7759271581131,0.820032554517134,0.18,0.4,0.4,0.0,0.0,0.0,-0.0,82.95589460359597,14.932061028647274,0.0,-14.932061028647274
2020-01-16 08:00:00,83.8758240326791,4.390346212121213,0.18,0.4,0.4,0.0,0.0,0.0,-0.0,79.48547782055789,14.30738600770042,0.0,-14.30738600770042
2020-01-16 09:00:00,88.45906098856689,4.2198717948717945,0.18,0.4,0.30000000000000004,-47.5,-47.5,0.0,47.5,36.7391891936951,6.613054054865117,1.9999999999999996,-8.613054054865117
2020-01-16 10:00:00,90.57866549925852,2.9657354166666665,0.18,0.30000000000000004,0.20000000000000004,-47.5,-47.5,0.0,47.5,40.11293008259186,7.220327414866534,2.0,-9.220327414866535
2020-01-16 11:00:00,85.95487796594777,4.368503030303031,0.18,0.20000000000000004,0.10000000000000003,-47.5,-47.5,0.0,47.5,34.08637493564474,6.135547488416053,2.0,-8.135547488416053
2020-01-16 12:00:00,82.70427269924849,12.908374487179488,0.18,0.10000000000000003,0.20000000000000004,52.631578947368425,52.631578947368425,52.631578947368425,0.0,122.42747715943743,22.036945888698735,2.0,-24.036945888698735
2020-01-16 13:00:00,87.65867115122474,20.41005986111111,0.18,0.20000000000000004,0.10000000000000003,-47.5,-47.5,0.0,47.5,19.74861129011363,3.5547500322204533,2.0,-5.554750032220453
2020-01-16 14:00:00,84.1851148867042,26.511333636363634,0.18,0.10000000000000003,0.1,-1.3183898417423734e-14,-1.3183898417423734e-14,0.0,1.3183898417423734e-14,57.673781250340554,10.381280625061299,5.551115123125783e-16,-10.381280625061299
2020-01-16 15:00:00,88.539406996483,42.349829487179484,0.18,0.1,0.2,52.631578947368425,52.631578947368425,52.631578947368425,0.0,98.82115645667193,17.787808162200946,2.0,-19.787808162200946
2020-01-16 16:00:00,83.45932511807548,11.184755554257528,0.32,0.2,0.30000000000000004,52.631578947368425,52.631578947368425,52.631578947368425,0.0,124.90614851118637,39.96996752357964,2.000000000000001,-41.96996752357964
2020-01-16 17:00:00,80.21539481522642,0.23716227697536107,0.32,0.30000000000000004,0.4,52.631578947368425,52.631578947368425,52.631578947368425,0.0,132.6098114856195,42.43513967539824,1.9999999999999996,-44.43513967539824
2020-01-16 18:00:00,81.3322322679991,0.0,0.32,0.4,0.30000000000000004,-47.5,-47.5,0.0,47.5,33.8322322679991,10.826314325759713,1.9999999999999996,-12.826314325759713
2020-01-16 19:00:00,82.77992333821867,0.0,0.32,0.30000000000000004,0.30000000000000004,0.0,0.0,0.0,-0.0,82.77992333821867,26.489575468229972,0.0,-26.489575468229972
2020-01-16 20:00:00,77.20404163180002,0.0,0.32,0.30000000000000004,0.20000000000000004,-47.5,-47.5,0.0,47.5,29.704041631800024,9.505293322176009,2.0,-11.505293322176009
2020-01-16 21:00:00,77.38843302257231,0.0,0.32,0.20000000000000004,0.20000000000000004,0.0,0.0,0.0,-0.0,77.38843302257231,24.76429856722314,0.0,-24.76429856722314
2020-01-16 22:00:00,75.52359649314135,0.0,0.1,0.20000000000000004,0.20000000000000004,0.0,0.0,0.0,-0.0,75.52359649314135,7.552359649314136,0.0,-7.552359649314136
2020-01-16 23:00:00,74.08447617864459,0.0,0.1,0.20000000000000004,0.10000000000000003,-47.5,-47.5,0.0,47.5,26.584476178644593,2.6584476178644594,2.0,-4.658447617864459
2020-01-17 00:00:00,74.38672946355926,0.0,0.1,0.10000000000000003,0.20000000000000004,52.631578947368425,52.631578947368425,52.631578947368425,0.0,127.01830841092769,12.70183084109277,2.0,-14.70183084109277
2020-01-17 01:00:00,74.98291069506882,0.0,0.1,0.20000000000000004,0.30000000000000004,52.631578947368425,52.631578947368425,52.631578947368425,0.0,127.61448964243725,12.761448964243726,2.0,-14.761448964243726
2020-01-17 02:00:00,76.15077199163842,0.0,0.1,0.30000000000000004,0.4,52.631578947368425,52.631578947368425,52.631578947368425,0.0,128.78235093900685,12.878235093900685,1.9999999999999996,-14.878235093900685
2020-01-17 03:00:00,76.26836019253824,0.0,0.1,0.4,0.30000000000000004,-47.5,-47.5,0.0,47.5,28.76836019253824,2.8768360192538243,1.9999999999999996,-4.876836019253824
2020-01-17 04:00:00,74.79539484625472,0.0,0.1,0.30000000000000004,0.4,52.631578947368425,52.631578947368425,52.631578947368425,0.0,127.42697379362315,12.742697379362316,1.9999999999999996,-14.742697379362316
2020-01-17 05:00:00,77.82230615987649,0.0,0.1,0.4,0.4,0.0,0.0,0.0,-0.0,77.82230615987649,7.7822306159876495,0.0,-7.7822306159876495
2020-01-17 06:00:00,78.54229997218934,0.0,0.1,0.4,0.5,52.631578947368425,52.631578947368425,52.631578947368425,0.0,131.17387891955775,13.117387891955776,1.9999999999999996,-15.117387891955776
2020-01-17 07:00:00,84.93625894804133,1.5996158099688473,0.18,0.5,0.5,0.0,0.0,0.0,-0.0,83.33664313807247,15.000595764853045,0.0,-15.000595764853045
2020-01-17 08:00:00,86.18058556555405,7.431559696969697,0.18,0.5,0.6,52.631578947368425,52.631578947368425,52.631578947368425,0.0,131.38060481595278,23.6485088668715,1.9999999999999996,-25.6485088668715
2020-01-17 09:00:00,83.31392997270642,17.410264615384616,0.18,0.6,0.5,-47.5,-47.5,0.0,47.5,18.4036653573218,3.3126597643179236,1.9999999999999996,-5.312659764317923
2020-01-17 10:00:00,85.77757254949289,30.077567222222218,0.18,0.5,0.4,-47.5,-47.5,0.0,47.5,8.200005327270674,1.4760009589087213,1.9999999999999996,-3.476000958908721
2020-01-17 11:00:00,86.48163008620958,36.098550151515155,0.18,0.4,0.30000000000000004,-47.5,-47.5,0.0,47.5,2.883079934694422,0.518954388244996,1.9999999999999996,-2.5189543882449956
2020-01-17 12:00:00,83.81942650604543,45.293438461538464,0.18,0.30000000000000004,0.20000000000000004,-47.5,-47.5,0.0,47.5,-8.974011955493033,0.0,2.0,-2.0
2020-01-17 13:00:00,81.80991427266355,61.9236298611111,0.18,0.20000000000000004,0.10000000000000003,-47.5,-47.5,0.0,47.5,-27.613715588447555,0.0,2.0,-2.0
2020-01-17 14:00:00,84.94222654808908,69.17532272727273,0.18,0.10000000000000003,0.10000000000000003,0.0,0.0,0.0,-0.0,15.766903820816353,2.8380426877469436,0.0,-2.8380426877469436
2020-01-17 15:00:00,82.85167360822895,33.32629602564103,0.18,0.10000000000000003,0.20000000000000004,52.631578947368425,52.631578947368425,52.631578947368425,0.0,102.15695652995635,18.388252175392143,2.0,-20.388252175392143
2020-01-17 16:00:00,80.48697196935417,9.719193888888888,0.32,0.20000000000000004,0.30000000000000004,52.631578947368425,52.631578947368425,52.631578947368425,0.0,123.39935702783372,39.48779424890679,2.0,-41.48779424890679
2020-01-17 17:00:00,77.65397536678027,0.13020674030019827,0.32,0.30000000000000004,0.4,52.631578947368425,52.631578947368425,52.631578947368425,0.0,130.1553475738485,41.64971122363152,1.9999999999999996,-43.64971122363152
2020-01-17 18:00:00,76.13637528283684,0.0,0.32,0.4,0.30000000000000004,-47.5,-47.5,0.0,47.5,28.636375282836838,9.163640090507789,1.9999999999999996,-11.163640090507789
2020-01-17 19:00:00,78.97112349664226,0.0,0.32,0.30000000000000004,0.4,52.631578947368425,52.631578947368425,52.631578947368425,0.0,131.60270244401067,42.11286478208341,1.9999999999999996,-44.11286478208341
2020-01-17 20:00:00,78.88734544961858,0.0,0.32,0.4,0.30000000000000004,-47.5,-47.5,0.0,47.5,31.38734544961858,10.043950543877946,1.9999999999999996,-12.043950543877946
2020-01-17 21:00:00,77.33209469706448,0.0,0.32,0.30000000000000004,0.20000000000000004,-47.5,-47.5,0.0,47.5,29.832094697064477,9.546270303060632,2.0,-11.546270303060632
2020-01-17 22:00:00,73.19287986784882,0.0,0.1,0.20000000000000004,0.20000000000000004,0.0,0.0,0.0,-0.0,73.19287986784882,7.319287986784882,0.0,-7.319287986784882
2020-01-17 23:00:00,75.64017998238329,0.0,0.1,0.20000000000000004,0.10000000000000003,-47.5,-47.5,0.0,47.5,28.140179982383287,2.814017998238329,2.0,-4.814017998238329
2020-01-18 00:00:00,73.96099843828011,0.0,0.12,0.10000000000000003,0.1,-1.3183898417423734e-14,-1.3183898417423734e-14,0.0,1.3183898417423734e-14,73.9609984382801,8.875319812593611,5.551115123125783e-16,-8.875319812593611
2020-01-18 01:00:00,74.80571125423606,0.0,0.12,0.1,0.1,0.0,0.0,0.0,-0.0,74.80571125423606,8.976685350508326,0.0,-8.976685350508326
2020-01-18 02:00:00,72.15812320634922,0.0,0.12,0.1,0.2,52.631578947368425,52.631578947368425,52.631578947368425,0.0,124.78970215371764,14.974764258446116,2.0,-16.974764258446115
2020-01-18 03:00:00,73.83284790111826,0.0,0.12,0.2,0.30000000000000004,52.631578947368425,52.631578947368425,52.631578947368425,0.0,126.46442684848668,15.1757312218184,2.000000000000001,-17.175731221818403
2020-01-18 04:00:00,74.54407209783069,0.0,0.12,0.30000000000000004,0.20000000000000004,-47.5,-47.5,0.0,47.5,27.044072097830693,3.245288651739683,2.0,-5.245288651739683
2020-01-18 05:00:00,74.8918154655234,0.0,0.12,0.20000000000000004,0.10000000000000003,-47.5,-47.5,0.0,47.5,27.391815465523393,3.287017855862807,2.0,-5.287017855862807
2020-01-18 06:00:00,74.02014633612416,0.0,0.12,0.10000000000000003,0.20000000000000004,52.631578947368425,52.631578947368425,52.631578947368425,0.0,126.65172528349258,15.19820703401911,2.0,-17.19820703401911
2020-01-18 07:00:00,71.29522143487458,4.603710555555556,0.12,0.20000000000000004,0.10000000000000003,-47.5,-47.5,0.0,47.5,19.191510879319026,2.302981305518283,2.0,-4.3029813055182835
2020-01-18 08:00:00,76.38168751409758,41.569327575757576,0.12,0.10000000000000003,0.1,-1.3183898417423734e-14,-1.3183898417423734e-14,0.0,1.3183898417423734e-14,34.81235993833999,4.177483192600798,5.551115123125783e-16,-4.177483192600799
2020-01-18 09:00:00,60.366116338554214,78.9743435897436,0.12,0.1,0.1,-0.0,-0.0,-0.0,0.0,-18.608227251189383,0.0,0.0,-0.0
2020-01-18 10:00:00,45.17690172352071,78.11010416666666,0.12,0.1,0.1,-0.0,-0.0,-0.0,0.0,-32.93320244314595,0.0,0.0,-0.0
2020-01-18 11:00:00,44.223414195285564,92.40082272727273,0.12,0.1,0.1,0.0,0.0,0.0,-0.0,-48.17740853198716,0.0,0.0,-0.0
2020-01-18 12:00:00,61.72908297851672,101.11050769230769,0.12,0.1,0.1,-0.0,-0.0,-0.0,0.0,-39.38142471379097,0.0,0.0,-0.0
2020-01-18 13:00:00,65.57076338143953,101.50616163194445,0.12,0.1,0.1,0.0,0.0,0.0,-0.0,-35.93539825050492,0.0,0.0,-0.0
2020-01-18 14:00:00,68.66217035483504,63.73257305871211,0.12,0.1,0.1,-0.0,-0.0,-0.0,0.0,4.929597296122928,0.5915516755347514,0.0,-0.5915516755347514
2020-01-18 15:00:00,67.5255939550108,30.388260384615386,0.12,0.1,0.1,-0.0,-0.0,-0.0,0.0,37.13733357039542,4.456480028447451,0.0,-4.456480028447451
2020-01-18 16:00:00,78.05329711069963,8.162753888888888,0.12,0.1,0.1,0.0,0.0,0.0,-0.0,69.89054322181074,8.386865186617289,0.0,-8.386865186617289
2020-01-18 17:00:00,77.15272316703658,0.13956103086944208,0.12,0.1,0.2,52.631578947368425,52.631578947368425,52.631578947368425,0.0,129.64474108353556,15.557368930024268,2.0,-17.557368930024268
2020-01-18 18:00:00,77.21995567474879,0.0,0.12,0.2,0.30000000000000004,52.631578947368425,52.631578947368425,52.631578947368425,0.0,129.8515346221172,15.582184154654065,2.000000000000001,-17.582184154654065
2020-01-18 19:00:00,76.31514782871035,0.0,0.12,0.30000000000000004,0.4,52.631578947368425,52.631578947368425,52.631578947368425,0.0,128.94672677607878,15.473607213129453,1.9999999999999996,-17.47360721312945
2020-01-18 20:00:00,74.8994701404656,0.0,0.12,0.4,0.30000000000000004,-47.5,-47.5,0.0,47.5,27.399470140465596,3.2879364168558713,1.9999999999999996,-5.287936416855871
2020-01-18 21:00:00,77.95300521017444,0.0,0.12,0.30000000000000004,0.30000000000000004,0.0,0.0,0.0,-0.0,77.95300521017444,9.354360625220933,0.0,-9.354360625220933
2020-01-18 22:00:00,77.59662109649611,0.0,0.12,0.30000000000000004,0.30000000000000004,0.0,0.0,0.0,-0.0,77.59662109649611,9.311594531579532,0.0,-9.311594531579532
2020-01-18 23:00:00,77.1006401931402,0.0,0.12,0.30000000000000004,0.20000000000000004,-47.5,-47.5,0.0,47.5,29.600640193140194,3.552076823176823,2.0,-5.552076823176823
2020-01-19 00:00:00,74.6535362970363,0.0,0.12,0.20000000000000004,0.10000000000000003,-47.5,-47.5,0.0,47.5,27.153536297036297,3.2584243556443555,2.0,-5.2584243556443555
2020-01-19 01:00:00,76.02283638583638,0.0,0.12,0.10000000000000003,0.10000000000000003,0.0,0.0,0.0,-0.0,76.02283638583638,9.122740366300366,0.0,-9.122740366300366
2020-01-19 02:00:00,76.33077951139771,0.0,0.12,0.10000000000000003,0.20000000000000004,52.631578947368425,52.631578947368425,52.631578947368425,0.0,128.96235845876612,15.475483015051934,2.0,-17.475483015051935
2020-01-19 03:00:00,76.81753939895574,0.0,0.12,0.20000000000000004,0.30000000000000004,52.631578947368425,52.631578947368425,52.631578947368425,0.0,129.44911834632416,15.533894201558898,2.0,-17.533894201558898
2020-01-19 04:00:00,73.20217314907316,0.0,0.12,0.30000000000000004,0.20000000000000004,-47.5,-47.5,0.0,47.5,25.70217314907316,3.084260777888779,2.0,-5.08426077788878
2020-01-19 05:00:00,75.94116365301365,0.0,0.12,0.20000000000000004,0.10000000000000003,-47.5,-47.5,0.0,47.5,28.441163653013646,3.4129396383616375,2.0,-5.412939638361637
2020-01-19 06:00:00,75.44682810650889,0.0,0.12,0.10000000000000003,0.10000000000000003,0.0,0.0,0.0,-0.0,75.44682810650889,9.053619372781066,0.0,-9.053619372781066
2020-01-19 07:00:00,74.88320763684438,1.1754321586188994,0.12,0.10000000000000003,0.20000000000000004,52.631578947368425,52.631578947368425,52.631578947368425,0.0,126.3393544255939,15.160722531071267,2.0,-17.160722531071265
2020-01-19 08:00:00,74.5991656802511,6.384064848484849,0.12,0.20000000000000004,0.10000000000000003,-47.5,-47.5,0.0,47.5,20.71510083176625,2.48581209981195,2.0,-4.48581209981195
2020-01-19 09:00:00,73.05348267836565,13.97529064102564,0.12,0.10000000000000003,0.1,-1.3183898417423734e-14,-1.3183898417423734e-14,0.0,1.3183898417423734e-14,59.07819203734,7.0893830444808,5.551115123125783e-16,-7.089383044480801
2020-01-19 10:00:00,78.31674142140308,26.253005277777778,0.12,0.1,0.1,-0.0,-0.0,-0.0,0.0,52.063736143625306,6.247648337235036,0.0,-6.247648337235036
2020-01-19 11:00:00,79.55692544577671,36.85613045454546,0.12,0.1,0.1,0.0,0.0,0.0,-0.0,42.700794991231255,5.124095398947751,0.0,-5.124095398947751
2020-01-19 12:00:00,66.63363307842222,42.8342658974359,0.12,0.1,0.1,-0.0,-0.0,-0.0,0.0,23.799367180986323,2.8559240617183588,0.0,-2.8559240617183588
2020-01-19 13:00:00,70.98351304258777,48.16852652777777,0.12,0.1,0.1,0.0,0.0,0.0,-0.0,22.814986514810002,2.7377983817772003,0.0,-2.7377983817772003
2020-01-19 14:00:00,72.1085441159522,27.233767424242423,0.12,0.1,0.1,-0.0,-0.0,-0.0,0.0,44.874776691709776,5.384973203005173,0.0,-5.384973203005173
2020-01-19 15:00:00,74.06620925140737,12.448106666666668,0.12,0.1,0.1,-0.0,-0.0,-0.0,0.0,61.618102584740704,7.3941723101688845,0.0,-7.3941723101688845
2020-01-19 16:00:00,78.10070729970498,5.843890160955348,0.12,0.1,0.1,0.0,0.0,0.0,-0.0,72.25681713874962,8.670818056649955,0.0,-8.670818056649955
2020-01-19 17:00:00,76.47226147790498,0.09765505522514868,0.12,0.1,0.2,52.631578947368425,52.631578947368425,52.631578947368425,0.0,129.00618537004826,15.480742244405791,2.0,-17.48074224440579
2020-01-19 18:00:00,77.67049836195571,0.0,0.12,0.2,0.30000000000000004,52.631578947368425,52.631578947368425,52.631578947368425,0.0,130.30207730932415,15.636249277118898,2.000000000000001,-17.6362492771189
2020-01-19 19:00:00,77.54765160177534,0.0,0.12,0.30000000000000004,0.4,52.631578947368425,52.631578947368425,52.631578947368425,0.0,130.17923054914377,15.621507665897251,1.9999999999999996,-17.62150766589725
2020-01-19 20:00:00,76.51741738722686,0.0,0.12,0.4,0.30000000000000004,-47.5,-47.5,0.0,47.5,29.017417387226857,3.4820900864672226,1.9999999999999996,-5.482090086467222
2020-01-19 21:00:00,77.90662343154538,0.0,0.12,0.30000000000000004,0.30000000000000004,0.0,0.0,0.0,-0.0,77.90662343154538,9.348794811785446,0.0,-9.348794811785446
2020-01-19 22:00:00,76.05445326873699,0.0,0.12,0.30000000000000004,0.30000000000000004,0.0,0.0,0.0,-0.0,76.05445326873699,9.12653439224844,0.0,-9.12653439224844
2020-01-19 23:00:00,77.29284664787032,0.0,0.12,0.30000000000000004,0.20000000000000004,-47.5,-47.5,0.0,47.5,29.79284664787032,3.5751415977444383,2.0,-5.575141597744438
2020-01-20 00:00:00,76.87417886827379,0.0,0.1,0.20000000000000004,0.10000000000000003,-47.5,-47.5,0.0,47.5,29.374178868273788,2.937417886827379,2.0,-4.9374178868273795
2020-01-20 01:00:00,75.4434381309362,0.0,0.1,0.10000000000000003,0.1,-1.3183898417423734e-14,-1.3183898417423734e-14,0.0,1.3183898417423734e-14,75.44343813093619,7.544343813093619,5.551115123125783e-16,-7.54434381309362
2020-01-20 02:00:00,74.65956473959798,0.0,0.1,0.1,0.1,-0.0,-0.0,-0.0,0.0,74.65956473959798,7.465956473959799,0.0,-7.465956473959799
2020-01-20 03:00:00,76.15755827802967,0.0,0.1,0.1,0.1,-0.0,-0.0,-0.0,0.0,76.15755827802967,7.615755827802968,0.0,-7.615755827802968
2020-01-20 04:00:00,75.66476328847376,0.0,0.1,0.1,0.1,0.0,0.0,0.0,-0.0,75.66476328847376,7.566476328847377,0.0,-7.566476328847377
2020-01-20 05:00:00,75.42958590762083,0.0,0.1,0.1,0.1,0.0,0.0,0.0,-0.0,75.42958590762083,7.542958590762083,0.0,-7.542958590762083
2020-01-20 06:00:00,75.52562772070654,0.0,0.1,0.1,0.1,-0.0,-0.0,-0.0,0.0,75.52562772070654,7.5525627720706545,0.0,-7.5525627720706545
2020-01-20 07:00:00,83.10078950457692,1.2408506749740393,0.18,0.1,0.1,-0.0,-0.0,-0.0,0.0,81.85993882960288,14.734788989328518,0.0,-14.734788989328518
2020-01-20 08:00:00,83.39361055008658,6.868961818181817,0.18,0.1,0.1,0.0,0.0,0.0,-0.0,76.52464873190476,13.774436771742856,0.0,-13.774436771742856
2020-01-20 09:00:00,78.31606475063298,13.48956923076923,0.18,0.1,0.1,0.0,0.0,0.0,-0.0,64.82649551986374,11.668769193575473,0.0,-11.668769193575473
2020-01-20 10:00:00,80.36870594409531,15.438900694444447,0.18,0.1,0.1,-0.0,-0.0,-0.0,0.0,64.92980524965087,11.687364944937157,0.0,-11.687364944937157
2020-01-20 11:00:00,78.8474364705405,20.419824848484847,0.18,0.1,0.1,-0.0,-0.0,-0.0,0.0,58.42761162205565,10.516970091970016,0.0,-10.516970091970016
2020-01-20 12:00:00,78.90615668556471,28.984051666666666,0.18,0.1,0.2,52.631578947368425,52.631578947368425,52.631578947368425,0.0,102.55368396626648,18.459663113927967,2.0,-20.459663113927967
2020-01-20 13:00:00,81.39676735059423,36.9004425,0.18,0.2,0.1,-47.5,-47.5,0.0,47.5,-3.0036751494057654,0.0,2.0,-2.0
2020-01-20 14:00:00,79.46634182276058,17.11638,0.18,0.1,0.1,0.0,0.0,0.0,-0.0,62.349961822760584,11.222993128096904,0.0,-11.222993128096904
2020-01-20 15:00:00,75.52651083178725,12.9878791025641,0.18,0.1,0.1,-0.0,-0.0,-0.0,0.0,62.53863172922315,11.256953711260167,0.0,-11.256953711260167
2020-01-20 16:00:00,79.88055200604462,5.046785555555555,0.32,0.1,0.1,-0.0,-0.0,-0.0,0.0,74.83376645048907,23.946805264156502,0.0,-23.946805264156502
2020-01-20 17:00:00,79.73417815002351,1.0523454545454545,0.32,0.1,0.2,52.631578947368425,52.631578947368425,52.631578947368425,0.0,131.31341164284646,42.02029172571087,2.0,-44.02029172571087
2020-01-20 18:00:00,80.35483325295803,0.0,0.32,0.2,0.1,-47.5,-47.5,0.0,47.5,32.85483325295803,10.51354664094657,2.0,-12.51354664094657
2020-01-20 19:00:00,78.23496304240493,0.0,0.32,0.1,0.1,-0.0,-0.0,-0.0,0.0,78.23496304240493,25.035188173569576,0.0,-25.035188173569576
2020-01-20 20:00:00,82.53429266097808,0.0,0.32,0.1,0.1,-0.0,-0.0,-0.0,0.0,82.53429266097808,26.410973651512986,0.0,-26.410973651512986
2020-01-20 21:00:00,78.82376627174837,0.0,0.32,0.1,0.1,0.0,0.0,0.0,-0.0,78.82376627174837,25.22360520695948,0.0,-25.22360520695948
2020-01-20 22:00:00,77.7386221025902,0.0,0.1,0.1,0.1,0.0,0.0,0.0,-0.0,77.7386221025902,7.77386221025902,0.0,-7.77386221025902
2020-01-20 23:00:00,76.74901416060045,0.0,0.1,0.1,0.1,-0.0,-0.0,-0.0,0.0,76.74901416060045,7.674901416060045,0.0,-7.674901416060045
2020-01-21 00:00:00,75.39143609812905,0.0,0.1,0.1,0.2,52.631578947368425,52.631578947368425,52.631578947368425,0.0,128.02301504549746,12.802301504549746,2.0,-14.802301504549746
2020-01-21 01:00:00,77.19264868958994,0.0,0.1,0.2,0.1,-47.5,-47.5,0.0,47.5,29.692648689589944,2.9692648689589944,2.0,-4.969264868958994
2020-01-21 02:00:00,77.60201016555446,0.0,0.1,0.1,0.1,-0.0,-0.0,-0.0,0.0,77.60201016555446,7.760201016555446,0.0,-7.760201016555446
2020-01-21 03:00:00,78.56643043890394,0.0,0.1,0.1,0.1,-0.0,-0.0,-0.0,0.0,78.56643043890394,7.856643043890394,0.0,-7.856643043890394
2020-01-21 04:00:00,76.06110174236927,0.0,0.1,0.1,0.1,-0.0,-0.0,-0.0,0.0,76.06110174236927,7.606110174236928,0.0,-7.606110174236928
2020-01-21 05:00:00,81.42143568149426,0.0,0.1,0.1,0.2,52.631578947368425,52.631578947368425,52.631578947368425,0.0,134.05301462886268,13.40530146288627,2.0,-15.40530146288627
2020-01-21 06:00:00,78.93291793182578,0.0,0.1,0.2,0.2,0.0,0.0,0.0,-0.0,78.93291793182578,7.893291793182579,0.0,-7.893291793182579
2020-01-21 07:00:00,88.21296624099041,0.47955607476635514,0.18,0.2,0.1,-47.5,-47.5,0.0,47.5,40.23341016622406,7.242013829920331,2.0,-9.242013829920332
2020-01-21 08:00:00,89.01665696727923,8.525688323421129,0.18,0.1,0.2,52.631578947368425,52.631578947368425,52.631578947368425,0.0,133.12254759122652,23.962058566420772,2.0,-25.962058566420772
2020-01-21 09:00:00,94.02172832189237,29.025932179487178,0.18,0.2,0.1,-47.5,-47.5,0.0,47.5,17.495796142405197,3.149243305632935,2.0,-5.149243305632935
2020-01-21 10:00:00,98.74703415555398,35.332446527777776,0.18,0.1,0.1,-0.0,-0.0,-0.0,0.0,63.4145876277762,11.414625772999715,0.0,-11.414625772999715
2020-01-21 11:00:00,99.70214049948036,35.06463909090909,0.18,0.1,0.1,0.0,0.0,0.0,-0.0,64.63750140857127,11.634750253542828,0.0,-11.634750253542828
2020-01-21 12:00:00,93.04008759215942,25.921006666666663,0.18,0.1,0.2,52.631578947368425,52.631578947368425,52.631578947368425,0.0,119.75065987286119,21.555118777115013,2.0,-23.555118777115013
2020-01-21 13:00:00,88.71565532934657,15.844512083333333,0.18,0.2,0.1,-47.5,-47.5,0.0,47.5,25.371143246013247,4.566805784282384,2.0,-6.566805784282384
2020-01-21 14:00:00,83.11808761004073,16.885682954545455,0.18,0.1,0.1,0.0,0.0,0.0,-0.0,66.23240465549527,11.921832837989149,0.0,-11.921832837989149
2020-01-21 15:00:00,84.95441432057873,8.346961666666667,0.18,0.1,0.2,52.631578947368425,52.631578947368425,52.631578947368425,0.0,129.2390316012805,23.26302568823049,2.0,-25.26302568823049
2020-01-21 16:00:00,81.06603319106735,5.942972013888888,0.32,0.2,0.30000000000000004,52.631578947368425,52.631578947368425,52.631578947368425,0.0,127.75464012454688,40.881484839855005,2.000000000000001,-42.881484839855005
2020-01-21 17:00:00,75.34138294666435,0.1092806570376664,0.32,0.30000000000000004,0.4,52.631578947368425,52.631578947368425,52.631578947368425,0.0,127.8636812369951,40.91637799583844,1.9999999999999996,-42.91637799583844
2020-01-21 18:00:00,76.2881383167711,0.0,0.32,0.4,0.30000000000000004,-47.5,-47.5,0.0,47.5,28.788138316771096,9.21220426136675,1.9999999999999996,-11.21220426136675
2020-01-21 19:00:00,79.21772391321186,0.0,0.32,0.30000000000000004,0.4,52.631578947368425,52.631578947368425,52.631578947368425,0.0,131.84930286058028,42.19177691538569,1.9999999999999996,-44.19177691538569
2020-01-21 20:00:00,75.55105081413568,0.0,0.32,0.4,0.30000000000000004,-47.5,-47.5,0.0,47.5,28.051050814135678,8.976336260523418,1.9999999999999996,-10.976336260523418
2020-01-21 21:00:00,71.17523865569544,0.0,0.32,0.30000000000000004,0.30000000000000004,0.0,0.0,0.0,-0.0,71.17523865569544,22.77607636982254,0.0,-22.77607636982254
2020-01-21 22:00:00,68.8612025636574,0.0,0.1,0.30000000000000004,0.20000000000000004,-47.5,-47.5,0.0,47.5,21.3612025636574,2.13612025636574,2.0,-4.13612025636574
2020-01-21 23:00:00,68.63330388095768,0.0,0.1,0.20000000000000004,0.10000000000000003,-47.5,-47.5,0.0,47.5,21.133303880957683,2.1133303880957683,2.0,-4.113330388095768
2020-01-22 00:00:00,69.0985870108028,0.0,0.1,0.10000000000000003,0.20000000000000004,52.631578947368425,52.631578947368425,52.631578947368425,0.0,121.73016595817123,12.173016595817124,2.0,-14.173016595817124
2020-01-22 01:00:00,67.88940952783882,0.0,0.1,0.20000000000000004,0.30000000000000004,52.631578947368425,52.631578947368425,52.631578947368425,0.0,120.52098847520725,12.052098847520725,2.0,-14.052098847520725
2020-01-22 02:00:00,67.00318792992742,0.0,0.1,0.30000000000000004,0.4,52.631578947368425,52.631578947368425,52.631578947368425,0.0,119.63476687729585,11.963476687729585,1.9999999999999996,-13.963476687729585
2020-01-22 03:00:00,68.57161553485653,0.0,0.1,0.4,0.4,0.0,0.0,0.0,-0.0,68.57161553485653,6.857161553485653,0.0,-6.857161553485653
2020-01-22 04:00:00,69.21118101550653,0.0,0.1,0.4,0.5,52.631578947368425,52.631578947368425,52.631578947368425,0.0,121.84275996287495,12.184275996287496,1.9999999999999996,-14.184275996287496
2020-01-22 05:00:00,73.56051591318874,0.0,0.1,0.5,0.6,52.631578947368425,52.631578947368425,52.631578947368425,0.0,126.19209486055716,12.619209486055716,1.9999999999999996,-14.619209486055716
2020-01-22 06:00:00,68.35651328008258,0.0,0.1,0.6,0.7,52.631578947368425,52.631578947368425,52.631578947368425,0.0,120.988092227451,12.098809222745102,1.9999999999999996,-14.098809222745102
2020-01-22 07:00:00,73.106145874589,1.546696884735203,0.18,0.7,0.6,-47.5,-47.5,0.0,47.5,24.059448989853806,4.330700818173685,1.9999999999999996,-6.330700818173684
2020-01-22 08:00:00,98.57380390767854,11.756539393939393,0.18,0.6,0.6,0.0,0.0,0.0,-0.0,86.81726451373915,15.627107612473045,0.0,-15.627107612473045
2020-01-22 09:00:00,77.66780366585441,28.167093974358977,0.18,0.6,0.5,-47.5,-47.5,0.0,47.5,2.0007096914954303,0.36012774446917745,1.9999999999999996,-2.360127744469177
2020-01-22 10:00:00,88.34968986317575,35.479418333333335,0.18,0.5,0.5,0.0,0.0,0.0,-0.0,52.87027152984242,9.516648875371635,0.0,-9.516648875371635
2020-01-22 11:00:00,97.81782866490374,95.57728636363636,0.18,0.5,0.5,0.0,0.0,0.0,-0.0,2.240542301267382,0.40329761422812876,0.0,-0.40329761422812876
2020-01-22 12:00:00,112.6789685244547,104.59799615384615,0.18,0.5,0.4,-47.5,-47.5,0.0,47.5,-39.41902762939145,0.0,1.9999999999999996,-1.9999999999999996
2020-01-22 13:00:00,120.2113919668737,89.70730833333334,0.18,0.4,0.30000000000000004,-47.5,-47.5,0.0,47.5,-16.99591636645964,0.0,1.9999999999999996,-1.9999999999999996
2020-01-22 14:00:00,118.69109666849094,78.11104545454545,0.18,0.30000000000000004,0.4,52.631578947368425,52.631578947368425,52.631578947368425,0.0,93.21163016131392,16.778093429036506,1.9999999999999996,-18.778093429036506
2020-01-22 15:00:00,133.06117704283216,47.555184615384626,0.18,0.4,0.4,0.0,0.0,0.0,-0.0,85.50599242744752,15.391078636940554,0.0,-15.391078636940554
2020-01-22 16:00:00,91.36479703836494,13.088116666666666,0.32,0.4,0.5,52.631578947368425,52.631578947368425,52.631578947368425,0.0,130.9082593190667,41.89064298210135,1.9999999999999996,-43.89064298210135
2020-01-22 17:00:00,78.39902076758759,0.23797530444633247,0.32,0.5,0.6,52.631578947368425,52.631578947368425,52.631578947368425,0.0,130.7926244105097,41.8536398113631,1.9999999999999996,-43.8536398113631
2020-01-22 18:00:00,77.04400936402223,0.0,0.32,0.6,0.7,52.631578947368425,52.631578947368425,52.631578947368425,0.0,129.67558831139064,41.496188259645,1.9999999999999996,-43.496188259645
2020-01-22 19:00:00,75.59054377330936,0.0,0.32,0.7,0.6,-47.5,-47.5,0.0,47.5,28.090543773309363,8.988974007458996,1.9999999999999996,-10.988974007458996
2020-01-22 20:00:00,74.6837810919688,0.0,0.32,0.6,0.5,-47.5,-47.5,0.0,47.5,27.183781091968797,8.698809949430014,1.9999999999999996,-10.698809949430014
2020-01-22 21:00:00,71.96992117405648,0.0,0.32,0.5,0.4,-47.5,-47.5,0.0,47.5,24.46992117405648,7.830374775698074,1.9999999999999996,-9.830374775698074
2020-01-22 22:00:00,71.79547213108295,0.0,0.1,0.4,0.30000000000000004,-47.5,-47.5,0.0,47.5,24.295472131082946,2.429547213108295,1.9999999999999996,-4.429547213108295
2020-01-22 23:00:00,70.41618395357371,0.0,0.1,0.30000000000000004,0.20000000000000004,-47.5,-47.5,0.0,47.5,22.916183953573707,2.291618395357371,2.0,-4.291618395357371
2020-01-23 00:00:00,68.79621468968254,0.0,0.1,0.20000000000000004,0.30000000000000004,52.631578947368425,52.631578947368425,52.631578947368425,0.0,121.42779363705097,12.142779363705097,2.0,-14.142779363705097
2020-01-23 01:00:00,69.8228666636438,0.0,0.1,0.30000000000000004,0.20000000000000004,-47.5,-47.5,0.0,47.5,22.322866663643794,2.2322866663643794,2.0,-4.232286666364379
2020-01-23 02:00:00,69.84033777712237,0.0,0.1,0.20000000000000004,0.30000000000000004,52.631578947368425,52.631578947368425,52.631578947368425,0.0,122.4719167244908,12.24719167244908,2.0,-14.24719167244908
2020-01-23 03:00:00,70.42929962474747,0.0,0.1,0.30000000000000004,0.4,52.631578947368425,52.631578947368425,52.631578947368425,0.0,123.0608785721159,12.30608785721159,1.9999999999999996,-14.30608785721159
2020-01-23 04:00:00,68.27423153998457,0.0,0.1,0.4,0.30000000000000004,-47.5,-47.5,0.0,47.5,20.77423153998457,2.077423153998457,1.9999999999999996,-4.077423153998456
2020-01-23 05:00:00,69.9892608552531,0.0,0.1,0.30000000000000004,0.30000000000000004,0.0,0.0,0.0,-0.0,69.9892608552531,6.9989260855253095,0.0,-6.9989260855253095
2020-01-23 06:00:00,71.28239615637435,0.0,0.1,0.30000000000000004,0.30000000000000004,0.0,0.0,0.0,-0.0,71.28239615637435,7.128239615637435,0.0,-7.128239615637435
2020-01-23 07:00:00,88.93629963228689,3.554483143821392,0.18,0.30000000000000004,0.30000000000000004,0.0,0.0,0.0,-0.0,85.3818164884655,15.36872696792379,0.0,-15.36872696792379
2020-01-23 08:00:00,92.46447302179371,27.05139712121212,0.18,0.30000000000000004,0.20000000000000004,-47.5,-47.5,0.0,47.5,17.91307590058159,3.224353662104686,2.0,-5.224353662104686
2020-01-23 09:00:00,100.1663768212436,34.6981067948718,0.18,0.20000000000000004,0.10000000000000003,-47.5,-47.5,0.0,47.5,17.968270026371812,3.234288604746926,2.0,-5.234288604746926
2020-01-23 10:00:00,97.54032425024,50.195402083333335,0.18,0.10000000000000003,0.1,-1.3183898417423734e-14,-1.3183898417423734e-14,0.0,1.3183898417423734e-14,47.344922166906656,8.522085990043198,5.551115123125783e-16,-8.522085990043198
2020-01-23 11:00:00,98.97200680173567,78.5080406060606,0.18,0.1,0.1,-0.0,-0.0,-0.0,0.0,20.46396619567507,3.6835139152215124,0.0,-3.6835139152215124
2020-01-23 12:00:00,87.54790751404803,57.787370512820516,0.18,0.1,0.2,52.631578947368425,52.631578947368425,52.631578947368425,0.0,82.39211594859594,14.83058087074727,2.0,-16.83058087074727
2020-01-23 13:00:00,87.50541424428228,31.672454166666668,0.18,0.2,0.30000000000000004,52.631578947368425,52.631578947368425,52.631578947368425,0.0,108.46453902498403,19.523617024497124,2.000000000000001,-21.523617024497124
2020-01-23 14:00:00,80.05445832931939,27.7424403030303,0.18,0.30000000000000004,0.4,52.631578947368425,52.631578947368425,52.631578947368425,0.0,104.94359697365752,18.88984745525835,1.9999999999999996,-20.88984745525835
2020-01-23 15:00:00,82.59646200444571,25.430186153846154,0.18,0.4,0.5,52.631578947368425,52.631578947368425,52.631578947368425,0.0,109.79785479796799,19.763613863634237,1.9999999999999996,-21.763613863634237
2020-01-23 16:00:00,82.62334128758856,6.958575555555556,0.32,0.5,0.6,52.631578947368425,52.631578947368425,52.631578947368425,0.0,128.29634467940144,41.054830297408465,1.9999999999999996,-43.054830297408465
2020-01-23 17:00:00,75.00779719262248,0.17670914755026904,0.32,0.6,0.5,-47.5,-47.5,0.0,47.5,27.331088045072207,8.745948174423106,1.9999999999999996,-10.745948174423106
2020-01-23 18:00:00,75.20063162203697,0.0,0.32,0.5,0.4,-47.5,-47.5,0.0,47.5,27.700631622036965,8.864202119051829,1.9999999999999996,-10.864202119051829
2020-01-23 19:00:00,76.9933933018569,0.0,0.32,0.4,0.30000000000000004,-47.5,-47.5,0.0,47.5,29.493393301856898,9.437885856594207,1.9999999999999996,-11.437885856594207
2020-01-23 20:00:00,74.6797522417036,0.0,0.32,0.30000000000000004,0.20000000000000004,-47.5,-47.5,0.0,47.5,27.179752241703596,8.697520717345151,2.0,-10.697520717345151
2020-01-23 21:00:00,71.433899635006,0.0,0.32,0.20000000000000004,0.10000000000000003,-47.5,-47.5,0.0,47.5,23.933899635006,7.65884788320192,2.0,-9.65884788320192
2020-01-23 22:00:00,71.63526115332976,0.0,0.1,0.10000000000000003,0.1,-1.3183898417423734e-14,-1.3183898417423734e-14,0.0,1.3183898417423734e-14,71.63526115332975,7.163526115332975,5.551115123125783e-16,-7.163526115332976
2020-01-23 23:00:00,71.84434853680601,0.0,0.1,0.1,0.1,-0.0,-0.0,-0.0,0.0,71.84434853680601,7.184434853680601,0.0,-7.184434853680601
2020-01-24 00:00:00,70.2545888348549,0.0,0.1,0.1,0.2,52.631578947368425,52.631578947368425,52.631578947368425,0.0,122.88616778222332,12.288616778222334,2.0,-14.288616778222334
2020-01-24 01:00:00,69.62399041930387,0.0,0.1,0.2,0.30000000000000004,52.631578947368425,52.631578947368425,52.631578947368425,0.0,122.25556936667229,12.22555693666723,2.000000000000001,-14.225556936667232
2020-01-24 02:00:00,69.71193447145191,0.0,0.1,0.30000000000000004,0.4,52.631578947368425,52.631578947368425,52.631578947368425,0.0,122.34351341882034,12.234351341882034,1.9999999999999996,-14.234351341882034
2020-01-24 03:00:00,70.68771654288709,0.0,0.1,0.4,0.4,0.0,0.0,0.0,-0.0,70.68771654288709,7.068771654288709,0.0,-7.068771654288709
2020-01-24 04:00:00,69.95904218658157,0.0,0.1,0.4,0.30000000000000004,-47.5,-47.5,0.0,47.5,22.45904218658157,2.2459042186581573,1.9999999999999996,-4.245904218658157
2020-01-24 05:00:00,70.70764402313047,0.0,0.1,0.30000000000000004,0.30000000000000004,0.0,0.0,0.0,-0.0,70.70764402313047,7.070764402313047,0.0,-7.070764402313047
2020-01-24 06:00:00,70.38943090907493,0.0,0.1,0.30000000000000004,0.20000000000000004,-47.5,-47.5,0.0,47.5,22.88943090907493,2.2889430909074933,2.0,-4.288943090907493
2020-01-24 07:00:00,83.55444328535997,5.425628194444445,0.18,0.20000000000000004,0.10000000000000003,-47.5,-47.5,0.0,47.5,30.628815090915523,5.513186716364794,2.0,-7.513186716364794
2020-01-24 08:00:00,80.99662176725386,42.24507515151515,0.18,0.10000000000000003,0.20000000000000004,52.631578947368425,52.631578947368425,52.631578947368425,0.0,91.38312556310713,16.448962601359284,2.0,-18.448962601359284
2020-01-24 09:00:00,85.65053534885345,64.79047410256409,0.18,0.20000000000000004,0.10000000000000003,-47.5,-47.5,0.0,47.5,-26.639938753710638,0.0,2.0,-2.0
2020-01-24 10:00:00,88.48729468039888,84.51427083333333,0.18,0.10000000000000003,0.1,-1.3183898417423734e-14,-1.3183898417423734e-14,0.0,1.3183898417423734e-14,3.9730238470655346,0.7151442924717962,5.551115123125783e-16,-0.7151442924717968
2020-01-24 11:00:00,87.79068222223519,86.27353484848484,0.18,0.1,0.1,-0.0,-0.0,-0.0,0.0,1.5171473737503476,0.27308652727506255,0.0,-0.27308652727506255
2020-01-24 12:00:00,77.7390747478142,103.02506794871793,0.18,0.1,0.2,52.631578947368425,52.631578947368425,52.631578947368425,0.0,27.345585746464693,4.9222054343636445,2.0,-6.9222054343636445
2020-01-24 13:00:00,84.89615649275962,82.04215694444444,0.18,0.2,0.30000000000000004,52.631578947368425,52.631578947368425,52.631578947368425,0.0,55.4855784956836,9.987404129223048,2.000000000000001,-11.987404129223048
2020-01-24 14:00:00,91.22163663959263,50.592044848484846,0.18,0.30000000000000004,0.4,52.631578947368425,52.631578947368425,52.631578947368425,0.0,93.26117073847621,16.78701073292572,1.9999999999999996,-18.78701073292572
2020-01-24 15:00:00,84.40554226836736,21.54756871794872,0.18,0.4,0.5,52.631578947368425,52.631578947368425,52.631578947368425,0.0,115.48955249778706,20.78811944960167,1.9999999999999996,-22.78811944960167
2020-01-24 16:00:00,78.8438341635022,4.626839722222223,0.32,0.5,0.6,52.631578947368425,52.631578947368425,52.631578947368425,0.0,126.84857338864839,40.591543484367484,1.9999999999999996,-42.591543484367484
2020-01-24 17:00:00,79.26293485260807,0.3650438969130558,0.32,0.6,0.5,-47.5,-47.5,0.0,47.5,31.39789095569502,10.047325105822406,1.9999999999999996,-12.047325105822406
2020-01-24 18:00:00,75.51967686650725,0.0,0.32,0.5,0.5,0.0,0.0,0.0,-0.0,75.51967686650725,24.166296597282322,0.0,-24.166296597282322
2020-01-24 19:00:00,75.58889769055023,0.0,0.32,0.5,0.4,-47.5,-47.5,0.0,47.5,28.088897690550226,8.988447260976072,1.9999999999999996,-10.988447260976072
2020-01-24 20:00:00,75.37334321979051,0.0,0.32,0.4,0.5,52.631578947368425,52.631578947368425,52.631578947368425,0.0,128.00492216715895,40.961575093490865,1.9999999999999996,-42.961575093490865
2020-01-24 21:00:00,73.8143630622714,0.0,0.32,0.5,0.4,-47.5,-47.5,0.0,47.5,26.314363062271397,8.420596179926847,1.9999999999999996,-10.420596179926847
2020-01-24 22:00:00,73.65177955422104,0.0,0.1,0.4,0.30000000000000004,-47.5,-47.5,0.0,47.5,26.151779554221037,2.6151779554221037,1.9999999999999996,-4.615177955422103
2020-01-24 23:00:00,70.76318476534944,0.0,0.1,0.30000000000000004,0.20000000000000004,-47.5,-47.5,0.0,47.5,23.263184765349436,2.3263184765349436,2.0,-4.326318476534944
2020-01-25 00:00:00,70.20210261043177,0.0,0.12,0.20000000000000004,0.10000000000000003,-47.5,-47.5,0.0,47.5,22.702102610431766,2.724252313251812,2.0,-4.724252313251812
2020-01-25 01:00:00,70.05576944253853,0.0,0.12,0.10000000000000003,0.10000000000000003,0.0,0.0,0.0,-0.0,70.05576944253853,8.406692333104624,0.0,-8.406692333104624
2020-01-25 02:00:00,72.38286597788289,0.0,0.12,0.10000000000000003,0.20000000000000004,52.631578947368425,52.631578947368425,52.631578947368425,0.0,125.01444492525131,15.001733391030157,2.0,-17.001733391030157
2020-01-25 03:00:00,70.57405248195563,0.0,0.12,0.20000000000000004,0.30000000000000004,52.631578947368425,52.631578947368425,52.631578947368425,0.0,123.20563142932406,14.784675771518886,2.0,-16.784675771518884
2020-01-25 04:00:00,69.71987854328368,0.0,0.12,0.30000000000000004,0.20000000000000004,-47.5,-47.5,0.0,47.5,22.219878543283684,2.666385425194042,2.0,-4.666385425194042
2020-01-25 05:00:00,72.60274880063795,0.0,0.12,0.20000000000000004,0.10000000000000003,-47.5,-47.5,0.0,47.5,25.102748800637954,3.0123298560765543,2.0,-5.012329856076555
2020-01-25 06:00:00,70.74751147289008,0.0,0.12,0.10000000000000003,0.10000000000000003,0.0,0.0,0.0,-0.0,70.74751147289008,8.48970137674681,0.0,-8.48970137674681
2020-01-25 07:00:00,71.38767099351274,2.090465446521288,0.12,0.10000000000000003,0.20000000000000004,52.631578947368425,52.631578947368425,52.631578947368425,0.0,121.92878449435987,14.631454139323184,2.0,-16.631454139323182
2020-01-25 08:00:00,76.3147085030021,31.868573939393944,0.12,0.20000000000000004,0.20000000000000004,0.0,0.0,0.0,-0.0,44.446134563608155,5.333536147632978,0.0,-5.333536147632978
2020-01-25 09:00:00,79.70198217527833,49.58616051282051,0.12,0.20000000000000004,0.20000000000000004,0.0,0.0,0.0,-0.0,30.11582166245782,3.613898599494938,0.0,-3.613898599494938
2020-01-25 10:00:00,81.43490381781567,61.320517361111115,0.12,0.20000000000000004,0.20000000000000004,0.0,0.0,0.0,-0.0,20.11438645670455,2.413726374804546,0.0,-2.413726374804546
2020-01-25 11:00:00,81.43385010587413,47.48925121212121,0.12,0.20000000000000004,0.10000000000000003,-47.5,-47.5,0.0,47.5,-13.555401106247082,0.0,2.0,-2.0
2020-01-25 12:00:00,67.10178840818963,36.22418,0.12,0.10000000000000003,0.1,-1.3183898417423734e-14,-1.3183898417423734e-14,0.0,1.3183898417423734e-14,30.877608408189623,3.7053130089827544,5.551115123125783e-16,-3.705313008982755
2020-01-25 13:00:00,74.30396176172817,88.53669166666667,0.12,0.1,0.1,0.0,0.0,0.0,-0.0,-14.232729904938495,0.0,0.0,-0.0
2020-01-25 14:00:00,76.79176885421488,62.44451545454546,0.12,0.1,0.1,-0.0,-0.0,-0.0,0.0,14.34725339966942,1.7216704079603302,0.0,-1.7216704079603302
2020-01-25 15:00:00,78.09831237218815,26.31931269230769,0.12,0.1,0.1,-0.0,-0.0,-0.0,0.0,51.77899967988046,6.213479961585654,0.0,-6.213479961585654
2020-01-25 16:00:00,73.43770729080667,8.93689388888889,0.12,0.1,0.1,0.0,0.0,0.0,-0.0,64.50081340191778,7.740097608230133,0.0,-7.740097608230133
2020-01-25 17:00:00,69.05697254480157,0.08489379779099405,0.12,0.1,0.2,52.631578947368425,52.631578947368425,52.631578947368425,0.0,121.603657694379,14.59243892332548,2.0,-16.59243892332548
2020-01-25 18:00:00,71.21822910599332,0.0,0.12,0.2,0.1,-47.5,-47.5,0.0,47.5,23.718229105993316,2.846187492719198,2.0,-4.8461874927191975
2020-01-25 19:00:00,72.71816806469532,0.0,0.12,0.1,0.2,52.631578947368425,52.631578947368425,52.631578947368425,0.0,125.34974701206374,15.041969641447649,2.0,-17.04196964144765
2020-01-25 20:00:00,70.79524853160605,0.0,0.12,0.2,0.30000000000000004,52.631578947368425,52.631578947368425,52.631578947368425,0.0,123.42682747897447,14.811219297476937,2.000000000000001,-16.81121929747694
2020-01-25 21:00:00,72.3779758780536,0.0,0.12,0.30000000000000004,0.4,52.631578947368425,52.631578947368425,52.631578947368425,0.0,125.00955482542203,15.001146579050642,1.9999999999999996,-17.00114657905064
2020-01-25 22:00:00,72.56807142171198,0.0,0.12,0.4,0.4,0.0,0.0,0.0,-0.0,72.56807142171198,8.708168570605437,0.0,-8.708168570605437
2020-01-25 23:00:00,71.29835778938008,0.0,0.12,0.4,0.4,0.0,0.0,0.0,-0.0,71.29835778938008,8.555802934725609,0.0,-8.555802934725609
2020-01-26 00:00:00,71.57730308426119,0.0,0.12,0.4,0.30000000000000004,-47.5,-47.5,0.0,47.5,24.07730308426119,2.8892763701113426,1.9999999999999996,-4.889276370111342
2020-01-26 01:00:00,69.40348670310621,0.0,0.12,0.30000000000000004,0.20000000000000004,-47.5,-47.5,0.0,47.5,21.90348670310621,2.628418404372745,2.0,-4.628418404372745
2020-01-26 02:00:00,68.35795075151688,0.0,0.12,0.20000000000000004,0.30000000000000004,52.631578947368425,52.631578947368425,52.631578947368425,0.0,120.9895296988853,14.518743563866236,2.0,-16.518743563866238
2020-01-26 03:00:00,72.24783358417132,0.0,0.12,0.30000000000000004,0.4,52.631578947368425,52.631578947368425,52.631578947368425,0.0,124.87941253153974,14.985529503784768,1.9999999999999996,-16.98552950378477
2020-01-26 04:00:00,69.52775997090852,0.0,0.12,0.4,0.4,0.0,0.0,0.0,-0.0,69.52775997090852,8.343331196509022,0.0,-8.343331196509022
2020-01-26 05:00:00,70.23014007166006,0.0,0.12,0.4,0.30000000000000004,-47.5,-47.5,0.0,47.5,22.73014007166006,2.727616808599207,1.9999999999999996,-4.7276168085992065
2020-01-26 06:00:00,69.66839913108473,0.0,0.12,0.30000000000000004,0.20000000000000004,-47.5,-47.5,0.0,47.5,22.168399131084726,2.660207895730167,2.0,-4.660207895730167
2020-01-26 07:00:00,71.14136339144439,4.497057792056075,0.12,0.20000000000000004,0.10000000000000003,-47.5,-47.5,0.0,47.5,19.144305599388318,2.297316671926598,2.0,-4.297316671926598
2020-01-26 08:00:00,72.286270929878,42.98861060606061,0.12,0.10000000000000003,0.1,-1.3183898417423734e-14,-1.3183898417423734e-14,0.0,1.3183898417423734e-14,29.297660323817375,3.5157192388580847,5.551115123125783e-16,-3.515719238858085
2020-01-26 09:00:00,78.14829174354671,82.33190512820512,0.12,0.1,0.1,-0.0,-0.0,-0.0,0.0,-4.183613384658415,0.0,0.0,-0.0
2020-01-26 10:00:00,80.74705770117372,105.37105833333334,0.12,0.1,0.1,-0.0,-0.0,-0.0,0.0,-24.62400063215962,0.0,0.0,-0.0
2020-01-26 11:00:00,84.27918489427836,115.47474545454544,0.12,0.1,0.1,0.0,0.0,0.0,-0.0,-31.195560560267083,0.0,0.0,-0.0
2020-01-26 12:00:00,69.97962623257885,115.0333782051282,0.12,0.1,0.1,-0.0,-0.0,-0.0,0.0,-45.05375197254935,0.0,0.0,-0.0
2020-01-26 13:00:00,71.37582481829695,86.86540666666667,0.12,0.1,0.1,0.0,0.0,0.0,-0.0,-15.489581848369724,0.0,0.0,-0.0
2020-01-26 14:00:00,76.4061235153378,79.48274424242423,0.12,0.1,0.1,-0.0,-0.0,-0.0,0.0,-3.0766207270864356,0.0,0.0,-0.0
2020-01-26 15:00:00,76.98585993706848,54.304217692307695,0.12,0.1,0.1,-0.0,-0.0,-0.0,0.0,22.681642244760788,2.7217970693712945,0.0,-2.7217970693712945
2020-01-26 16:00:00,77.11196871914126,14.491817083333332,0.12,0.1,0.1,0.0,0.0,0.0,-0.0,62.62015163580793,7.514418196296951,0.0,-7.514418196296951
2020-01-26 17:00:00,71.46048983790625,0.8201454545454546,0.12,0.1,0.2,52.631578947368425,52.631578947368425,52.631578947368425,0.0,123.27192333072922,14.792630799687506,2.0,-16.792630799687508
2020-01-26 18:00:00,73.40944371700019,0.0,0.12,0.2,0.1,-47.5,-47.5,0.0,47.5,25.909443717000187,3.1091332460400225,2.0,-5.109133246040022
2020-01-26 19:00:00,74.54270901427834,0.0,0.12,0.1,0.2,52.631578947368425,52.631578947368425,52.631578947368425,0.0,127.17428796164677,15.260914555397612,2.0,-17.260914555397612
2020-01-26 20:00:00,70.84274176636956,0.0,0.12,0.2,0.30000000000000004,52.631578947368425,52.631578947368425,52.631578947368425,0.0,123.47432071373798,14.816918485648557,2.000000000000001,-16.816918485648557
2020-01-26 21:00:00,74.79312704877609,0.0,0.12,0.30000000000000004,0.4,52.631578947368425,52.631578947368425,52.631578947368425,0.0,127.42470599614451,15.29096471953734,1.9999999999999996,-17.29096471953734
2020-01-26 22:00:00,72.59561070935187,0.0,0.12,0.4,0.4,0.0,0.0,0.0,-0.0,72.59561070935187,8.711473285122224,0.0,-8.711473285122224
2020-01-26 23:00:00,70.54190094636611,0.0,0.12,0.4,0.4,0.0,0.0,0.0,-0.0,70.54190094636611,8.465028113563934,0.0,-8.465028113563934
2020-01-27 00:00:00,71.27746725716919,0.0,0.1,0.4,0.30000000000000004,-47.5,-47.5,0.0,47.5,23.777467257169192,2.377746725716919,1.9999999999999996,-4.377746725716919
2020-01-27 01:00:00,70.85354381412814,0.0,0.1,0.30000000000000004,0.20000000000000004,-47.5,-47.5,0.0,47.5,23.353543814128145,2.3353543814128144,2.0,-4.335354381412815
2020-01-27 02:00:00,70.70094566850649,0.0,0.1,0.20000000000000004,0.30000000000000004,52.631578947368425,52.631578947368425,52.631578947368425,0.0,123.33252461587492,12.333252461587492,2.0,-14.333252461587492
2020-01-27 03:00:00,70.66255776868992,0.0,0.1,0.30000000000000004,0.4,52.631578947368425,52.631578947368425,52.631578947368425,0.0,123.29413671605835,12.329413671605835,1.9999999999999996,-14.329413671605835
2020-01-27 04:00:00,70.7399688791822,0.0,0.1,0.4,0.30000000000000004,-47.5,-47.5,0.0,47.5,23.2399688791822,2.32399688791822,1.9999999999999996,-4.32399688791822
2020-01-27 05:00:00,70.40312351534448,0.0,0.1,0.30000000000000004,0.30000000000000004,0.0,0.0,0.0,-0.0,70.40312351534448,7.040312351534448,0.0,-7.040312351534448
2020-01-27 06:00:00,70.75246467642556,0.0,0.1,0.30000000000000004,0.30000000000000004,0.0,0.0,0.0,-0.0,70.75246467642556,7.075246467642557,0.0,-7.075246467642557
2020-01-27 07:00:00,78.22115912111308,5.860196797767394,0.18,0.30000000000000004,0.30000000000000004,0.0,0.0,0.0,-0.0,72.36096232334569,13.024973218202224,0.0,-13.024973218202224
2020-01-27 08:00:00,84.20555652507042,30.889497878787882,0.18,0.30000000000000004,0.20000000000000004,-47.5,-47.5,0.0,47.5,5.816058646282542,1.0468905563308575,2.0,-3.0468905563308573
2020-01-27 09:00:00,86.08219324366722,81.90965384615384,0.18,0.20000000000000004,0.10000000000000003,-47.5,-47.5,0.0,47.5,-43.327460602486624,0.0,2.0,-2.0
2020-01-27 10:00:00,81.08059726393189,104.66554583333334,0.18,0.10000000000000003,0.1,-1.3183898417423734e-14,-1.3183898417423734e-14,0.0,1.3183898417423734e-14,-23.584948569401462,0.0,5.551115123125783e-16,-5.551115123125783e-16
2020-01-27 11:00:00,80.86912246120015,93.66801363636364,0.18,0.1,0.1,-0.0,-0.0,-0.0,0.0,-12.79889117516349,0.0,0.0,-0.0
2020-01-27 12:00:00,95.75204552317246,107.50053461538461,0.18,0.1,0.2,52.631578947368425,52.631578947368425,52.631578947368425,0.0,40.88308985515627,7.358956173928129,2.0,-9.358956173928128
2020-01-27 13:00:00,88.91347987481358,87.45960555555557,0.18,0.2,0.30000000000000004,52.631578947368425,52.631578947368425,52.631578947368425,0.0,54.08545326662643,9.735381587992757,2.000000000000001,-11.735381587992759
2020-01-27 14:00:00,85.729542777286,58.73086060606061,0.18,0.30000000000000004,0.4,52.631578947368425,52.631578947368425,52.631578947368425,0.0,79.63026111859381,14.333447001346885,1.9999999999999996,-16.333447001346883
2020-01-27 15:00:00,83.77739412029936,27.557851794871794,0.18,0.4,0.5,52.631578947368425,52.631578947368425,52.631578947368425,0.0,108.851121272796,19.59320182910328,1.9999999999999996,-21.59320182910328
2020-01-27 16:00:00,82.68756222040265,10.94333201388889,0.32,0.5,0.6,52.631578947368425,52.631578947368425,52.631578947368425,0.0,124.37580915388219,39.800258929242304,1.9999999999999996,-41.800258929242304
2020-01-27 17:00:00,79.65076296430908,0.24894647408666098,0.32,0.6,0.5,-47.5,-47.5,0.0,47.5,31.901816490222416,10.208581276871174,1.9999999999999996,-12.208581276871174
2020-01-27 18:00:00,79.72603698627091,0.0,0.32,0.5,0.5,0.0,0.0,0.0,-0.0,79.72603698627091,25.51233183560669,0.0,-25.51233183560669
2020-01-27 19:00:00,79.12253224388773,0.0,0.32,0.5,0.4,-47.5,-47.5,0.0,47.5,31.622532243887733,10.119210318044075,1.9999999999999996,-12.119210318044075
2020-01-27 20:00:00,78.29213342590437,0.0,0.32,0.4,0.5,52.631578947368425,52.631578947368425,52.631578947368425,0.0,130.9237123732728,41.8955879594473,1.9999999999999996,-43.8955879594473
2020-01-27 21:00:00,71.70491024541228,0.0,0.32,0.5,0.4,-47.5,-47.5,0.0,47.5,24.20491024541228,7.745571278531929,1.9999999999999996,-9.745571278531928
2020-01-27 22:00:00,71.8973069287156,0.0,0.1,0.4,0.30000000000000004,-47.5,-47.5,0.0,47.5,24.397306928715594,2.4397306928715596,1.9999999999999996,-4.439730692871559
2020-01-27 23:00:00,71.70432625858587,0.0,0.1,0.30000000000000004,0.20000000000000004,-47.5,-47.5,0.0,47.5,24.204326258585866,2.4204326258585867,2.0,-4.420432625858586
2020-01-28 00:00:00,70.01705887633301,0.0,0.1,0.20000000000000004,0.30000000000000004,52.631578947368425,52.631578947368425,52.631578947368425,0.0,122.64863782370143,12.264863782370144,2.0,-14.264863782370144
2020-01-28 01:00:00,69.52254685457181,0.0,0.1,0.30000000000000004,0.20000000000000004,-47.5,-47.5,0.0,47.5,22.022546854571814,2.2022546854571816,2.0,-4.202254685457182
2020-01-28 02:00:00,70.91069262396333,0.0,0.1,0.20000000000000004,0.30000000000000004,52.631578947368425,52.631578947368425,52.631578947368425,0.0,123.54227157133175,12.354227157133176,2.0,-14.354227157133176
2020-01-28 03:00:00,70.67512777255948,0.0,0.1,0.30000000000000004,0.4,52.631578947368425,52.631578947368425,52.631578947368425,0.0,123.3067067199279,12.330670671992792,1.9999999999999996,-14.330670671992792
2020-01-28 04:00:00,72.16062136255051,0.0,0.1,0.4,0.30000000000000004,-47.5,-47.5,0.0,47.5,24.660621362550515,2.4660621362550517,1.9999999999999996,-4.466062136255051
2020-01-28 05:00:00,70.17667975029578,0.0,0.1,0.30000000000000004,0.30000000000000004,0.0,0.0,0.0,-0.0,70.17667975029578,7.017667975029578,0.0,-7.017667975029578
2020-01-28 06:00:00,70.7116779270431,0.0,0.1,0.30000000000000004,0.30000000000000004,0.0,0.0,0.0,-0.0,70.7116779270431,7.07116779270431,0.0,-7.07116779270431
2020-01-28 07:00:00,82.92831916937597,1.6300833333333333,0.18,0.30000000000000004,0.30000000000000004,0.0,0.0,0.0,-0.0,81.29823583604264,14.633682450487674,0.0,-14.633682450487674
2020-01-28 08:00:00,85.57761051641931,9.538304090909092,0.18,0.30000000000000004,0.20000000000000004,-47.5,-47.5,0.0,47.5,28.53930642551022,5.137075156591839,2.0,-7.137075156591839
2020-01-28 09:00:00,89.96832924011159,46.81598307692308,0.18,0.20000000000000004,0.10000000000000003,-47.5,-47.5,0.0,47.5,-4.347653836811496,0.0,2.0,-2.0
2020-01-28 10:00:00,111.46776824863402,43.721486034527516,0.18,0.10000000000000003,0.1,-1.3183898417423734e-14,-1.3183898417423734e-14,0.0,1.3183898417423734e-14,67.74628221410649,12.194330798539166,5.551115123125783e-16,-12.194330798539166
2020-01-28 11:00:00,104.68705145664289,68.59802605494194,0.18,0.1,0.1,-0.0,-0.0,-0.0,0.0,36.08902540170095,6.496024572306171,0.0,-6.496024572306171
2020-01-28 12:00:00,83.69750868310729,59.344941289240346,0.18,0.1,0.2,52.631578947368425,52.631578947368425,52.631578947368425,0.0,76.98414634123537,13.857146341422366,2.0,-15.857146341422366
2020-01-28 13:00:00,84.90312314590444,86.76128504672897,0.18,0.2,0.30000000000000004,52.631578947368425,52.631578947368425,52.631578947368425,0.0,50.7734170465439,9.1392150683779,2.000000000000001,-11.1392150683779
2020-01-28 14:00:00,81.94420309306828,76.04306145567828,0.18,0.30000000000000004,0.4,52.631578947368425,52.631578947368425,52.631578947368425,0.0,58.53272058475842,10.535889705256515,1.9999999999999996,-12.535889705256515
2020-01-28 15:00:00,79.97231858859453,56.07707404744788,0.18,0.4,0.5,52.631578947368425,52.631578947368425,52.631578947368425,0.0,76.52682348851508,13.774828227932714,1.9999999999999996,-15.774828227932714
2020-01-28 16:00:00,87.52110717530282,15.379896157840081,0.32,0.5,0.6,52.631578947368425,52.631578947368425,52.631578947368425,0.0,124.77278996483116,39.92729278874597,1.9999999999999996,-41.92729278874597
2020-01-28 17:00:00,80.2543410905455,1.3997224582271313,0.32,0.6,0.5,-47.5,-47.5,0.0,47.5,31.354618632318363,10.033477962341877,1.9999999999999996,-12.033477962341877
2020-01-28 18:00:00,76.74920628635938,0.0,0.32,0.5,0.5,0.0,0.0,0.0,-0.0,76.74920628635938,24.559746011635003,0.0,-24.559746011635003
2020-01-28 19:00:00,78.88618630105418,0.0,0.32,0.5,0.4,-47.5,-47.5,0.0,47.5,31.38618630105418,10.043579616337338,1.9999999999999996,-12.043579616337338
2020-01-28 20:00:00,81.92721584339061,0.0,0.32,0.4,0.5,52.631578947368425,52.631578947368425,52.631578947368425,0.0,134.55879479075904,43.058814333042896,1.9999999999999996,-45.058814333042896
2020-01-28 21:00:00,75.72391790336748,0.0,0.32,0.5,0.6,52.631578947368425,52.631578947368425,52.631578947368425,0.0,128.3554968507359,41.07375899223549,1.9999999999999996,-43.07375899223549
2020-01-28 22:00:00,72.4684965036938,0.0,0.1,0.6,0.5,-47.5,-47.5,0.0,47.5,24.9684965036938,2.4968496503693802,1.9999999999999996,-4.49684965036938
2020-01-28 23:00:00,72.40096754482487,0.0,0.1,0.5,0.4,-47.5,-47.5,0.0,47.5,24.900967544824866,2.4900967544824866,1.9999999999999996,-4.490096754482487
2020-01-29 00:00:00,71.26710415137596,0.0,0.1,0.4,0.30000000000000004,-47.5,-47.5,0.0,47.5,23.76710415137596,2.376710415137596,1.9999999999999996,-4.3767104151375955
2020-01-29 01:00:00,73.16035000226155,0.0,0.1,0.30000000000000004,0.20000000000000004,-47.5,-47.5,0.0,47.5,25.660350002261552,2.5660350002261554,2.0,-4.566035000226155
2020-01-29 02:00:00,72.6853443453812,0.0,0.1,0.20000000000000004,0.30000000000000004,52.631578947368425,52.631578947368425,52.631578947368425,0.0,125.31692329274962,12.531692329274962,2.0,-14.531692329274962
2020-01-29 03:00:00,71.53550647010239,0.0,0.1,0.30000000000000004,0.4,52.631578947368425,52.631578947368425,52.631578947368425,0.0,124.16708541747082,12.416708541747083,1.9999999999999996,-14.416708541747083
2020-01-29 04:00:00,73.24405116954047,0.0,0.1,0.4,0.5,52.631578947368425,52.631578947368425,52.631578947368425,0.0,125.8756301169089,12.58756301169089,1.9999999999999996,-14.58756301169089
2020-01-29 05:00:00,77.17942018381619,0.0,0.1,0.5,0.4,-47.5,-47.5,0.0,47.5,29.67942018381619,2.967942018381619,1.9999999999999996,-4.967942018381619
2020-01-29 06:00:00,74.57426573371914,0.0,0.1,0.4,0.4,0.0,0.0,0.0,-0.0,74.57426573371914,7.457426573371915,0.0,-7.457426573371915
2020-01-29 07:00:00,75.42471576599071,9.254366562824506,0.18,0.4,0.4,0.0,0.0,0.0,-0.0,66.17034920316621,11.910662856569918,0.0,-11.910662856569918
2020-01-29 08:00:00,80.20108715604361,31.916927216086094,0.18,0.4,0.4,0.0,0.0,0.0,-0.0,48.28415993995752,8.691148789192352,0.0,-8.691148789192352
2020-01-29 09:00:00,83.61405779246546,64.47791277258567,0.18,0.4,0.30000000000000004,-47.5,-47.5,0.0,47.5,-28.36385498012021,0.0,1.9999999999999996,-1.9999999999999996
2020-01-29 10:00:00,102.92662069334784,88.1679828660436,0.18,0.30000000000000004,0.30000000000000004,0.0,0.0,0.0,-0.0,14.758637827304241,2.6565548089147635,0.0,-2.6565548089147635
2020-01-29 11:00:00,105.88050916094234,112.43119512885868,0.18,0.30000000000000004,0.20000000000000004,-47.5,-47.5,0.0,47.5,-54.05068596791634,0.0,2.0,-2.0
2020-01-29 12:00:00,88.82570621404557,104.5309038102085,0.18,0.20000000000000004,0.10000000000000003,-47.5,-47.5,0.0,47.5,-63.20519759616293,0.0,2.0,-2.0
2020-01-29 13:00:00,91.15283868992009,107.83531527777778,0.18,0.10000000000000003,0.1,-1.3183898417423734e-14,-1.3183898417423734e-14,0.0,1.3183898417423734e-14,-16.682476587857707,0.0,5.551115123125783e-16,-5.551115123125783e-16
2020-01-29 14:00:00,95.14868552875652,75.49400484848485,0.18,0.1,0.1,0.0,0.0,0.0,-0.0,19.654680680271667,3.5378425224489,0.0,-3.5378425224489
2020-01-29 15:00:00,84.05996315619417,24.094199871794874,0.18,0.1,0.1,-0.0,-0.0,-0.0,0.0,59.9657632843993,10.793837391191873,0.0,-10.793837391191873
2020-01-29 16:00:00,89.0915608929344,15.016164583333333,0.32,0.1,0.1,-0.0,-0.0,-0.0,0.0,74.07539630960106,23.70412681907234,0.0,-23.70412681907234
2020-01-29 17:00:00,84.10823890020407,1.0142363636363636,0.32,0.1,0.2,52.631578947368425,52.631578947368425,52.631578947368425,0.0,135.72558148393614,43.432186074859565,2.0,-45.432186074859565
2020-01-29 18:00:00,81.2356663206326,0.0,0.32,0.2,0.1,-47.5,-47.5,0.0,47.5,33.7356663206326,10.795413222602432,2.0,-12.795413222602432
2020-01-29 19:00:00,80.5890733026165,0.0,0.32,0.1,0.1,-0.0,-0.0,-0.0,0.0,80.5890733026165,25.78850345683728,0.0,-25.78850345683728
2020-01-29 20:00:00,79.8862427735417,0.0,0.32,0.1,0.1,-0.0,-0.0,-0.0,0.0,79.8862427735417,25.563597687533342,0.0,-25.563597687533342
2020-01-29 21:00:00,74.7842552309981,0.0,0.32,0.1,0.1,0.0,0.0,0.0,-0.0,74.7842552309981,23.93096167391939,0.0,-23.93096167391939
2020-01-29 22:00:00,76.10473751628821,0.0,0.1,0.1,0.1,-0.0,-0.0,-0.0,0.0,76.10473751628821,7.610473751628821,0.0,-7.610473751628821
2020-01-29 23:00:00,74.65951803187107,0.0,0.1,0.1,0.1,-0.0,-0.0,-0.0,0.0,74.65951803187107,7.4659518031871075,0.0,-7.4659518031871075
2020-01-30 00:00:00,75.55508517678595,0.0,0.1,0.1,0.2,52.631578947368425,52.631578947368425,52.631578947368425,0.0,128.1866641241544,12.818666412415439,2.0,-14.818666412415439
2020-01-30 01:00:00,71.77962243032091,0.0,0.1,0.2,0.30000000000000004,52.631578947368425,52.631578947368425,52.631578947368425,0.0,124.41120137768934,12.441120137768934,2.000000000000001,-14.441120137768934
2020-01-30 02:00:00,73.70916762455222,0.0,0.1,0.30000000000000004,0.4,52.631578947368425,52.631578947368425,52.631578947368425,0.0,126.34074657192065,12.634074657192066,1.9999999999999996,-14.634074657192066
2020-01-30 03:00:00,73.63574964005387,0.0,0.1,0.4,0.30000000000000004,-47.5,-47.5,0.0,47.5,26.135749640053874,2.6135749640053874,1.9999999999999996,-4.613574964005387
2020-01-30 04:00:00,72.73139730274916,0.0,0.1,0.30000000000000004,0.4,52.631578947368425,52.631578947368425,52.631578947368425,0.0,125.36297625011758,12.536297625011759,1.9999999999999996,-14.536297625011759
2020-01-30 05:00:00,73.17833155758602,0.0,0.1,0.4,0.30000000000000004,-47.5,-47.5,0.0,47.5,25.67833155758602,2.5678331557586023,1.9999999999999996,-4.567833155758602
2020-01-30 06:00:00,72.09366141334877,0.0,0.1,0.30000000000000004,0.30000000000000004,0.0,0.0,0.0,-0.0,72.09366141334877,7.209366141334877,0.0,-7.209366141334877
2020-01-30 07:00:00,84.95981822263073,3.910003472222222,0.18,0.30000000000000004,0.30000000000000004,0.0,0.0,0.0,-0.0,81.0498147504085,14.588966655073529,0.0,-14.588966655073529
2020-01-30 08:00:00,89.6123095620194,8.364703787878788,0.18,0.30000000000000004,0.20000000000000004,-47.5,-47.5,0.0,47.5,33.747605774140624,6.074569039345312,2.0,-8.074569039345313
2020-01-30 09:00:00,95.40078631310234,46.171948717948716,0.18,0.20000000000000004,0.10000000000000003,-47.5,-47.5,0.0,47.5,1.7288375951536281,0.31119076712765303,2.0,-2.311190767127653
2020-01-30 10:00:00,104.98566389343107,92.07909583333334,0.18,0.10000000000000003,0.1,-1.3183898417423734e-14,-1.3183898417423734e-14,0.0,1.3183898417423734e-14,12.906568060097714,2.3231822508175886,5.551115123125783e-16,-2.323182250817589
2020-01-30 11:00:00,96.1986265628657,99.66404696969698,0.18,0.1,0.1,-0.0,-0.0,-0.0,0.0,-3.465420406831285,0.0,0.0,-0.0
2020-01-30 12:00:00,96.93264351119011,115.61766139468008,0.18,0.1,0.2,52.631578947368425,52.631578947368425,52.631578947368425,0.0,33.94656106387845,6.11038099149812,2.0,-8.11038099149812
2020-01-30 13:00:00,101.41834978324117,105.0296329179647,0.18,0.2,0.30000000000000004,52.631578947368425,52.631578947368425,52.631578947368425,0.0,49.02029581264489,8.823653246276079,2.000000000000001,-10.82365324627608
2020-01-30 14:00:00,97.14846698447005,78.02369696969697,0.18,0.30000000000000004,0.4,52.631578947368425,52.631578947368425,52.631578947368425,0.0,71.7563489621415,12.91614281318547,1.9999999999999996,-14.91614281318547
2020-01-30 15:00:00,92.93769725193854,47.617243553798225,0.18,0.4,0.4,0.0,0.0,0.0,-0.0,45.32045369814032,8.157681665665256,0.0,-8.157681665665256
2020-01-30 16:00:00,90.06230207935413,16.82270877985462,0.32,0.4,0.5,52.631578947368425,52.631578947368425,52.631578947368425,0.0,125.87117224686793,40.278775118997736,1.9999999999999996,-42.278775118997736
2020-01-30 17:00:00,79.30719133350311,0.5498909090909091,0.32,0.5,0.6,52.631578947368425,52.631578947368425,52.631578947368425,0.0,131.38887937178063,42.0444413989698,1.9999999999999996,-44.0444413989698
2020-01-30 18:00:00,77.93927364392242,0.0,0.32,0.6,0.5,-47.5,-47.5,0.0,47.5,30.43927364392242,9.740567566055175,1.9999999999999996,-11.740567566055175
2020-01-30 19:00:00,79.9221619931786,0.0,0.32,0.5,0.4,-47.5,-47.5,0.0,47.5,32.422161993178605,10.375091837817154,1.9999999999999996,-12.375091837817154
2020-01-30 20:00:00,78.22963649955244,0.0,0.32,0.4,0.30000000000000004,-47.5,-47.5,0.0,47.5,30.72963649955244,9.833483679856782,1.9999999999999996,-11.833483679856782
2020-01-30 21:00:00,76.4376579902457,0.0,0.32,0.30000000000000004,0.30000000000000004,0.0,0.0,0.0,-0.0,76.4376579902457,24.460050556878624,0.0,-24.460050556878624
2020-01-30 22:00:00,75.90709719592495,0.0,0.1,0.30000000000000004,0.20000000000000004,-47.5,-47.5,0.0,47.5,28.407097195924948,2.840709719592495,2.0,-4.840709719592494
2020-01-30 23:00:00,70.94761347606283,0.0,0.1,0.20000000000000004,0.10000000000000003,-47.5,-47.5,0.0,47.5,23.447613476062827,2.344761347606283,2.0,-4.344761347606283
2020-01-31 00:00:00,72.93232029959329,0.0,0.1,0.10000000000000003,0.20000000000000004,52.631578947368425,52.631578947368425,52.631578947368425,0.0,125.56389924696171,12.556389924696171,2.0,-14.556389924696171
2020-01-31 01:00:00,72.3564337217366,0.0,0.1,0.20000000000000004,0.30000000000000004,52.631578947368425,52.631578947368425,52.631578947368425,0.0,124.98801266910502,12.498801266910503,2.0,-14.498801266910503
2020-01-31 02:00:00,73.9454087312994,0.0,0.1,0.30000000000000004,0.4,52.631578947368425,52.631578947368425,52.631578947368425,0.0,126.57698767866782,12.657698767866783,1.9999999999999996,-14.657698767866783
2020-01-31 03:00:00,72.65505692374126,0.0,0.1,0.4,0.4,0.0,0.0,0.0,-0.0,72.65505692374126,7.265505692374126,0.0,-7.265505692374126
2020-01-31 04:00:00,75.3028633500405,0.0,0.1,0.4,0.30000000000000004,-47.5,-47.5,0.0,47.5,27.802863350040496,2.7802863350040496,1.9999999999999996,-4.78028633500405
2020-01-31 05:00:00,77.910109539118,0.0,0.1,0.30000000000000004,0.20000000000000004,-47.5,-47.5,0.0,47.5,30.410109539117997,3.0410109539117998,2.0,-5.041010953911799
2020-01-31 06:00:00,77.87899111803952,0.0,0.1,0.20000000000000004,0.30000000000000004,52.631578947368425,52.631578947368425,52.631578947368425,0.0,130.51057006540793,13.051057006540795,2.0,-15.051057006540795
2020-01-31 07:00:00,76.31318743948414,5.231620833333333,0.18,0.30000000000000004,0.30000000000000004,0.0,0.0,0.0,-0.0,71.0815666061508,12.794681989107143,0.0,-12.794681989107143
2020-01-31 08:00:00,79.43871169452053,30.593767272727277,0.18,0.30000000000000004,0.20000000000000004,-47.5,-47.5,0.0,47.5,1.344944421793258,0.24208999592278643,2.0,-2.2420899959227865
2020-01-31 09:00:00,82.74879936029802,62.37543717948718,0.18,0.20000000000000004,0.10000000000000003,-47.5,-47.5,0.0,47.5,-27.126637819189156,0.0,2.0,-2.0
2020-01-31 10:00:00,59.63746225525181,92.44588750000001,0.18,0.10000000000000003,0.1,-1.3183898417423734e-14,-1.3183898417423734e-14,0.0,1.3183898417423734e-14,-32.808425244748214,0.0,5.551115123125783e-16,-5.551115123125783e-16
2020-01-31 11:00:00,77.27227561781048,110.48549999999999,0.18,0.1,0.1,-0.0,-0.0,-0.0,0.0,-33.21322438218951,0.0,0.0,-0.0
2020-01-31 12:00:00,90.21705177059387,110.6995064102564,0.18,0.1,0.2,52.631578947368425,52.631578947368425,52.631578947368425,0.0,32.14912430770589,5.78684237538706,2.0,-7.78684237538706
2020-01-31 13:00:00,81.92755062912272,100.95425277777777,0.18,0.2,0.30000000000000004,52.631578947368425,52.631578947368425,52.631578947368425,0.0,33.60487679871338,6.048877823768407,2.000000000000001,-8.048877823768407
2020-01-31 14:00:00,86.56766401090421,82.1455606060606,0.18,0.30000000000000004,0.4,52.631578947368425,52.631578947368425,52.631578947368425,0.0,57.053682352212036,10.269662823398166,1.9999999999999996,-12.269662823398166
2020-01-31 15:00:00,80.84889414866772,51.98129333333333,0.18,0.4,0.5,52.631578947368425,52.631578947368425,52.631578947368425,0.0,81.49917976270282,14.669852357286508,1.9999999999999996,-16.66985235728651
2020-01-31 16:00:00,86.35134015020748,15.010616666666666,0.32,0.5,0.6,52.631578947368425,52.631578947368425,52.631578947368425,0.0,123.97230243090924,39.67113677789096,1.9999999999999996,-41.67113677789096
2020-01-31 17:00:00,84.60209792557413,1.1028,0.32,0.6,0.5,-47.5,-47.5,0.0,47.5,35.999297925574126,11.51977533618372,1.9999999999999996,-13.51977533618372
2020-01-31 18:00:00,81.61273114343186,0.0,0.32,0.5,0.5,0.0,0.0,0.0,-0.0,81.61273114343186,26.116073965898195,0.0,-26.116073965898195
2020-01-31 19:00:00,85.651188319374,0.0,0.32,0.5,0.4,-47.5,-47.5,0.0,47.5,38.151188319374,12.20838026219968,1.9999999999999996,-14.20838026219968
2020-01-31 20:00:00,84.72218629087708,0.0,0.32,0.4,0.30000000000000004,-47.5,-47.5,0.0,47.5,37.222186290877076,11.911099613080664,1.9999999999999996,-13.911099613080664
2020-01-31 21:00:00,80.90850460723833,0.0,0.32,0.30000000000000004,0.20000000000000004,-47.5,-47.5,0.0,47.5,33.40850460723833,10.690721474316264,2.0,-12.690721474316264
2020-01-31 22:00:00,81.36653977066364,0.0,0.1,0.20000000000000004,0.20000000000000004,0.0,0.0,0.0,-0.0,81.36653977066364,8.136653977066365,0.0,-8.136653977066365
2020-01-31 23:00:00,80.32001128577056,0.0,0.1,0.20000000000000004,0.10000000000000003,-47.5,-47.5,0.0,47.5,32.82001128577056,3.2820011285770563,2.0,-5.282001128577056
2020-02-01 00:00:00,79.77324121339012,0.0,0.12,0.10000000000000003,0.1,-1.3183898417423734e-14,-1.3183898417423734e-14,0.0,1.3183898417423734e-14,79.77324121339011,9.572788945606813,5.551115123125783e-16,-9.572788945606813
2020-02-01 01:00:00,78.11849830545232,0.0,0.12,0.1,0.1,-0.0,-0.0,-0.0,0.0,78.11849830545232,9.374219796654279,0.0,-9.374219796654279
2020-02-01 02:00:00,79.16844399632676,0.0,0.12,0.1,0.1,0.0,0.0,0.0,-0.0,79.16844399632676,9.50021327955921,0.0,-9.50021327955921
2020-02-01 03:00:00,79.93114613539291,0.0,0.12,0.1,0.1,-0.0,-0.0,-0.0,0.0,79.93114613539291,9.591737536247148,0.0,-9.591737536247148
2020-02-01 04:00:00,81.04399275240112,0.0,0.12,0.1,0.1,-0.0,-0.0,-0.0,0.0,81.04399275240112,9.725279130288135,0.0,-9.725279130288135
2020-02-01 05:00:00,78.6769204862915,0.0,0.12,0.1,0.2,52.631578947368425,52.631578947368425,52.631578947368425,0.0,131.3084994336599,15.757019932039189,2.0,-17.75701993203919
2020-02-01 06:00:00,78.92271890033633,0.0,0.12,0.2,0.30000000000000004,52.631578947368425,52.631578947368425,52.631578947368425,0.0,131.55429784770476,15.786515741724571,2.000000000000001,-17.78651574172457
2020-02-01 07:00:00,79.68186064190499,7.524800555555555,0.12,0.30000000000000004,0.20000000000000004,-47.5,-47.5,0.0,47.5,24.657060086349432,2.958847210361932,2.0,-4.958847210361932
2020-02-01 08:00:00,84.04245305129523,43.307183939393944,0.12,0.20000000000000004,0.10000000000000003,-47.5,-47.5,0.0,47.5,-6.764730888098718,0.0,2.0,-2.0
2020-02-01 09:00:00,83.15173096806218,37.691674871794866,0.12,0.10000000000000003,0.1,-1.3183898417423734e-14,-1.3183898417423734e-14,0.0,1.3183898417423734e-14,45.4600560962673,5.455206731552076,5.551115123125783e-16,-5.455206731552077
2020-02-01 10:00:00,89.5661011768738,86.5154763888889,0.12,0.1,0.1,-0.0,-0.0,-0.0,0.0,3.0506247879849013,0.36607497455818816,0.0,-0.36607497455818816
2020-02-01 11:00:00,93.08855577850045,107.74953636363638,0.12,0.1,0.1,0.0,0.0,0.0,-0.0,-14.660980585135931,0.0,0.0,-0.0
2020-02-01 12:00:00,88.81732459439591,114.3051076923077,0.12,0.1,0.1,-0.0,-0.0,-0.0,0.0,-25.487783097911787,0.0,0.0,-0.0
2020-02-01 13:00:00,89.73061026061306,103.12150000000001,0.12,0.1,0.1,0.0,0.0,0.0,-0.0,-13.39088973938695,0.0,0.0,-0.0
2020-02-01 14:00:00,87.82290211845027,83.19860757575758,0.12,0.1,0.1,-0.0,-0.0,-0.0,0.0,4.624294542692695,0.5549153451231233,0.0,-0.5549153451231233
2020-02-01 15:00:00,83.73047079522755,52.55591192307691,0.12,0.1,0.2,52.631578947368425,52.631578947368425,52.631578947368425,0.0,83.80613781951905,10.056736538342285,2.0,-12.056736538342285
2020-02-01 16:00:00,82.30521127854668,17.31415611111111,0.12,0.2,0.2,0.0,0.0,0.0,-0.0,64.99105516743558,7.798926620092269,0.0,-7.798926620092269
2020-02-01 17:00:00,81.56139420110337,1.504481818181818,0.12,0.2,0.2,0.0,0.0,0.0,-0.0,80.05691238292155,9.606829485950586,0.0,-9.606829485950586
2020-02-01 18:00:00,79.05197282706408,0.0,0.12,0.2,0.1,-47.5,-47.5,0.0,47.5,31.551972827064077,3.786236739247689,2.0,-5.786236739247689
2020-02-01 19:00:00,81.86089598795293,0.0,0.12,0.1,0.1,-0.0,-0.0,-0.0,0.0,81.86089598795293,9.823307518554351,0.0,-9.823307518554351
2020-02-01 20:00:00,82.27919104553287,0.0,0.12,0.1,0.1,-0.0,-0.0,-0.0,0.0,82.27919104553287,9.873502925463944,0.0,-9.873502925463944
2020-02-01 21:00:00,81.73097400660166,0.0,0.12,0.1,0.1,0.0,0.0,0.0,-0.0,81.73097400660166,9.807716880792198,0.0,-9.807716880792198
2020-02-01 22:00:00,80.80853966867237,0.0,0.12,0.1,0.1,0.0,0.0,0.0,-0.0,80.80853966867237,9.697024760240684,0.0,-9.697024760240684
2020-02-01 23:00:00,80.45398787624157,0.0,0.12,0.1,0.1,0.0,0.0,0.0,-0.0,80.45398787624157,9.654478545148988,0.0,-9.654478545148988
2020-02-02 00:00:00,78.38718884873194,0.0,0.12,0.1,0.1,-0.0,-0.0,-0.0,0.0,78.38718884873194,9.406462661847833,0.0,-9.406462661847833
2020-02-02 01:00:00,77.80564997347614,0.0,0.12,0.1,0.1,-0.0,-0.0,-0.0,0.0,77.80564997347614,9.336677996817135,0.0,-9.336677996817135
2020-02-02 02:00:00,79.22381747949666,0.0,0.12,0.1,0.1,0.0,0.0,0.0,-0.0,79.22381747949666,9.506858097539599,0.0,-9.506858097539599
2020-02-02 03:00:00,79.00845841137698,0.0,0.12,0.1,0.1,0.0,0.0,0.0,-0.0,79.00845841137698,9.481015009365237,0.0,-9.481015009365237
2020-02-02 04:00:00,77.9345000723133,0.0,0.12,0.1,0.1,-0.0,-0.0,-0.0,0.0,77.9345000723133,9.352140008677596,0.0,-9.352140008677596
2020-02-02 05:00:00,80.85602706134621,0.0,0.12,0.1,0.2,52.631578947368425,52.631578947368425,52.631578947368425,0.0,133.48760600871464,16.018512721045756,2.0,-18.018512721045756
2020-02-02 06:00:00,80.2033490265124,0.0,0.12,0.2,0.30000000000000004,52.631578947368425,52.631578947368425,52.631578947368425,0.0,132.83492797388084,15.9401913568657,2.000000000000001,-17.9401913568657
2020-02-02 07:00:00,78.46432594504172,2.9119114583333334,0.12,0.30000000000000004,0.20000000000000004,-47.5,-47.5,0.0,47.5,28.052414486708386,3.366289738405006,2.0,-5.366289738405007
2020-02-02 08:00:00,77.36665776126816,8.475658181818183,0.12,0.20000000000000004,0.10000000000000003,-47.5,-47.5,0.0,47.5,21.390999579449982,2.5669199495339976,2.0,-4.566919949533998
2020-02-02 09:00:00,82.05613386922141,56.247059615384615,0.12,0.10000000000000003,0.1,-1.3183898417423734e-14,-1.3183898417423734e-14,0.0,1.3183898417423734e-14,25.809074253836783,3.097088910460414,5.551115123125783e-16,-3.0970889104604145
2020-02-02 10:00:00,83.00101144200755,43.195998194444435,0.12,0.1,0.1,-0.0,-0.0,-0.0,0.0,39.80501324756312,4.776601589707574,0.0,-4.776601589707574
2020-02-02 11:00:00,78.41194773188401,57.15219727272727,0.12,0.1,0.1,0.0,0.0,0.0,-0.0,21.25975045915674,2.551170055098809,0.0,-2.551170055098809
2020-02-02 12:00:00,89.73320593835791,101.54976538461538,0.12,0.1,0.1,-0.0,-0.0,-0.0,0.0,-11.816559446257472,0.0,0.0,-0.0
2020-02-02 13:00:00,88.511798239769,114.51729166666667,0.12,0.1,0.1,0.0,0.0,0.0,-0.0,-26.005493426897658,0.0,0.0,-0.0
2020-02-02 14:00:00,87.30872484987464,93.23205606060606,0.12,0.1,0.1,-0.0,-0.0,-0.0,0.0,-5.923331210731419,0.0,0.0,-0.0
2020-02-02 15:00:00,82.6408676258193,58.89933948717949,0.12,0.1,0.1,-0.0,-0.0,-0.0,0.0,23.741528138639808,2.848983376636777,0.0,-2.848983376636777
2020-02-02 16:00:00,80.82556164920358,19.8797575,0.12,0.1,0.2,52.631578947368425,52.631578947368425,52.631578947368425,0.0,113.577383096572,13.62928597158864,2.0,-15.62928597158864
2020-02-02 17:00:00,81.02314976732151,1.314066666666667,0.12,0.2,0.2,0.0,0.0,0.0,-0.0,79.70908310065485,9.565089972078582,0.0,-9.565089972078582
2020-02-02 18:00:00,78.95491761942127,0.0,0.12,0.2,0.1,-47.5,-47.5,0.0,47.5,31.454917619421266,3.774590114330552,2.0,-5.774590114330552
2020-02-02 19:00:00,84.32763510634854,0.0,0.12,0.1,0.1,-0.0,-0.0,-0.0,0.0,84.32763510634854,10.119316212761824,0.0,-10.119316212761824
2020-02-02 20:00:00,81.66140356468215,0.0,0.12,0.1,0.1,-0.0,-0.0,-0.0,0.0,81.66140356468215,9.799368427761857,0.0,-9.799368427761857
2020-02-02 21:00:00,82.62569857655234,0.0,0.12,0.1,0.1,0.0,0.0,0.0,-0.0,82.62569857655234,9.91508382918628,0.0,-9.91508382918628
2020-02-02 22:00:00,83.59355644139141,0.0,0.12,0.1,0.1,0.0,0.0,0.0,-0.0,83.59355644139141,10.031226772966969,0.0,-10.031226772966969
2020-02-02 23:00:00,81.3367319565618,0.0,0.12,0.1,0.1,0.0,0.0,0.0,-0.0,81.3367319565618,9.760407834787417,0.0,-9.760407834787417
2020-02-03 00:00:00,80.36826982553917,0.0,0.1,0.1,0.1,-0.0,-0.0,-0.0,0.0,80.36826982553917,8.036826982553917,0.0,-8.036826982553917
2020-02-03 01:00:00,79.50373660115677,0.0,0.1,0.1,0.1,0.0,0.0,0.0,-0.0,79.50373660115677,7.950373660115678,0.0,-7.950373660115678
2020-02-03 02:00:00,82.71113757665286,0.0,0.1,0.1,0.1,-0.0,-0.0,-0.0,0.0,82.71113757665286,8.271113757665287,0.0,-8.271113757665287
2020-02-03 03:00:00,80.5570857239094,0.0,0.1,0.1,0.1,-0.0,-0.0,-0.0,0.0,80.5570857239094,8.05570857239094,0.0,-8.05570857239094
2020-02-03 04:00:00,80.05410009876518,0.0,0.1,0.1,0.1,-0.0,-0.0,-0.0,0.0,80.05410009876518,8.005410009876519,0.0,-8.005410009876519
2020-02-03 05:00:00,79.6823009586711,0.0,0.1,0.1,0.2,52.631578947368425,52.631578947368425,52.631578947368425,0.0,132.31387990603952,13.231387990603952,2.0,-15.231387990603952
2020-02-03 06:00:00,89.55079900594501,0.0,0.1,0.2,0.2,0.0,0.0,0.0,-0.0,89.55079900594501,8.955079900594502,0.0,-8.955079900594502
2020-02-03 07:00:00,87.40919013706603,11.712511527777778,0.18,0.2,0.2,0.0,0.0,0.0,-0.0,75.69667860928826,13.625402149671885,0.0,-13.625402149671885
2020-02-03 08:00:00,92.37109359419661,55.329253030303036,0.18,0.2,0.2,0.0,0.0,0.0,-0.0,37.04184056389357,6.667531301500842,0.0,-6.667531301500842
2020-02-03 09:00:00,100.04996689247088,93.39987179487179,0.18,0.2,0.1,-47.5,-47.5,0.0,47.5,-40.84990490240091,0.0,2.0,-2.0
2020-02-03 10:00:00,104.58815946413232,118.20907083333333,0.18,0.1,0.1,-0.0,-0.0,-0.0,0.0,-13.62091136920101,0.0,0.0,-0.0
2020-02-03 11:00:00,104.10209657602519,129.67276818181818,0.18,0.1,0.1,-0.0,-0.0,-0.0,0.0,-25.570671605792995,0.0,0.0,-0.0
2020-02-03 12:00:00,103.76976733440458,130.02204743589743,0.18,0.1,0.2,52.631578947368425,52.631578947368425,52.631578947368425,0.0,26.379298845875567,4.748273792257602,2.0,-6.748273792257602
2020-02-03 13:00:00,102.0284380179711,117.86482916666667,0.18,0.2,0.30000000000000004,52.631578947368425,52.631578947368425,52.631578947368425,0.0,36.795187798672856,6.623133803761114,2.000000000000001,-8.623133803761114
2020-02-03 14:00:00,102.72249706425755,96.0363393939394,0.18,0.30000000000000004,0.4,52.631578947368425,52.631578947368425,52.631578947368425,0.0,59.31773661768658,10.677192591183584,1.9999999999999996,-12.677192591183584
2020-02-03 15:00:00,96.67400050822295,61.363028846153846,0.18,0.4,0.4,0.0,0.0,0.0,-0.0,35.3109716620691,6.355974899172438,0.0,-6.355974899172438
2020-02-03 16:00:00,89.27909409990612,20.925687500000002,0.32,0.4,0.5,52.631578947368425,52.631578947368425,52.631578947368425,0.0,120.98498554727455,38.715195375127855,1.9999999999999996,-40.715195375127855
2020-02-03 17:00:00,86.51810128807792,1.384134090909091,0.32,0.5,0.6,52.631578947368425,52.631578947368425,52.631578947368425,0.0,137.76554614453727,44.084974766251925,1.9999999999999996,-46.084974766251925
2020-02-03 18:00:00,84.38555946720301,0.0,0.32,0.6,0.5,-47.5,-47.5,0.0,47.5,36.88555946720301,11.803379029504963,1.9999999999999996,-13.803379029504963
2020-02-03 19:00:00,89.15693175404944,0.0,0.32,0.5,0.5,0.0,0.0,0.0,-0.0,89.15693175404944,28.53021816129582,0.0,-28.53021816129582
2020-02-03 20:00:00,88.76493670366156,0.0,0.32,0.5,0.5,0.0,0.0,0.0,-0.0,88.76493670366156,28.4047797451717,0.0,-28.4047797451717
2020-02-03 21:00:00,83.89498503770353,0.0,0.32,0.5,0.4,-47.5,-47.5,0.0,47.5,36.394985037703535,11.646395212065132,1.9999999999999996,-13.646395212065132
2020-02-03 22:00:00,81.834357979406,0.0,0.1,0.4,0.30000000000000004,-47.5,-47.5,0.0,47.5,34.33435797940599,3.4334357979405996,1.9999999999999996,-5.433435797940599
2020-02-03 23:00:00,81.4811971362953,0.0,0.1,0.30000000000000004,0.20000000000000004,-47.5,-47.5,0.0,47.5,33.98119713629529,3.3981197136295296,2.0,-5.39811971362953
2020-02-04 00:00:00,83.77374451029775,0.0,0.1,0.20000000000000004,0.30000000000000004,52.631578947368425,52.631578947368425,52.631578947368425,0.0,136.40532345766616,13.640532345766616,2.0,-15.640532345766616
2020-02-04 01:00:00,83.16621117065372,0.0,0.1,0.30000000000000004,0.4,52.631578947368425,52.631578947368425,52.631578947368425,0.0,135.79779011802214,13.579779011802215,1.9999999999999996,-15.579779011802215
2020-02-04 02:00:00,81.75491870084915,0.0,0.1,0.4,0.30000000000000004,-47.5,-47.5,0.0,47.5,34.254918700849146,3.425491870084915,1.9999999999999996,-5.425491870084914
2020-02-04 03:00:00,82.51149849725923,0.0,0.1,0.30000000000000004,0.4,52.631578947368425,52.631578947368425,52.631578947368425,0.0,135.14307744462764,13.514307744462764,1.9999999999999996,-15.514307744462764
2020-02-04 04:00:00,83.38607279883554,0.0,0.1,0.4,0.4,0.0,0.0,0.0,-0.0,83.38607279883554,8.338607279883554,0.0,-8.338607279883554
2020-02-04 05:00:00,87.5025970208496,0.0,0.1,0.4,0.30000000000000004,-47.5,-47.5,0.0,47.5,40.002597020849606,4.000259702084961,1.9999999999999996,-6.000259702084961
2020-02-04 06:00:00,83.07387981305381,0.0,0.1,0.30000000000000004,0.30000000000000004,0.0,0.0,0.0,-0.0,83.07387981305381,8.30738798130538,0.0,-8.30738798130538
2020-02-04 07:00:00,90.95356657074784,12.08838375,0.18,0.30000000000000004,0.30000000000000004,0.0,0.0,0.0,-0.0,78.86518282074783,14.195732907734609,0.0,-14.195732907734609
2020-02-04 08:00:00,93.48579149457369,56.312377272727275,0.18,0.30000000000000004,0.20000000000000004,-47.5,-47.5,0.0,47.5,-10.326585778153586,0.0,2.0,-2.0
2020-02-04 09:00:00,101.40429075747407,93.31429358974358,0.18,0.20000000000000004,0.10000000000000003,-47.5,-47.5,0.0,47.5,-39.41000283226951,0.0,2.0,-2.0
2020-02-04 10:00:00,114.14206356071611,118.45495972222223,0.18,0.10000000000000003,0.1,-1.3183898417423734e-14,-1.3183898417423734e-14,0.0,1.3183898417423734e-14,-4.3128961615061305,0.0,5.551115123125783e-16,-5.551115123125783e-16
2020-02-04 11:00:00,110.2165086177917,121.7844606060606,0.18,0.1,0.1,-0.0,-0.0,-0.0,0.0,-11.567951988268902,0.0,0.0,-0.0
2020-02-04 12:00:00,107.27486176910728,107.62743205128206,0.18,0.1,0.2,52.631578947368425,52.631578947368425,52.631578947368425,0.0,52.27900866519364,9.410221559734856,2.0,-11.410221559734856
2020-02-04 13:00:00,101.63166160705258,98.15667916666666,0.18,0.2,0.30000000000000004,52.631578947368425,52.631578947368425,52.631578947368425,0.0,56.10656138775434,10.099181049795781,2.000000000000001,-12.099181049795781
2020-02-04 14:00:00,101.56546051568512,89.52363939393939,0.18,0.30000000000000004,0.4,52.631578947368425,52.631578947368425,52.631578947368425,0.0,64.67340006911415,11.641212012440548,1.9999999999999996,-13.641212012440548
2020-02-04 15:00:00,93.32091158134243,58.41226307692307,0.18,0.4,0.4,0.0,0.0,0.0,-0.0,34.90864850441936,6.2835567307954845,0.0,-6.2835567307954845
2020-02-04 16:00:00,91.76192988968164,22.392964583333335,0.32,0.4,0.5,52.631578947368425,52.631578947368425,52.631578947368425,0.0,122.00054425371673,39.040174161189356,1.9999999999999996,-41.040174161189356
2020-02-04 17:00:00,88.18084687322958,1.321309090909091,0.32,0.5,0.6,52.631578947368425,52.631578947368425,52.631578947368425,0.0,139.4911167296889,44.637157353500456,1.9999999999999996,-46.637157353500456
2020-02-04 18:00:00,86.52612631590549,0.0,0.32,0.6,0.5,-47.5,-47.5,0.0,47.5,39.026126315905486,12.488360421089755,1.9999999999999996,-14.488360421089755
2020-02-04 19:00:00,86.84775078902386,0.0,0.32,0.5,0.5,0.0,0.0,0.0,-0.0,86.84775078902386,27.79128025248764,0.0,-27.79128025248764
2020-02-04 20:00:00,86.90140201592884,0.0,0.32,0.5,0.5,0.0,0.0,0.0,-0.0,86.90140201592884,27.80844864509723,0.0,-27.80844864509723
2020-02-04 21:00:00,85.07582537081399,0.0,0.32,0.5,0.4,-47.5,-47.5,0.0,47.5,37.57582537081399,12.024264118660476,1.9999999999999996,-14.024264118660476
2020-02-04 22:00:00,84.16387540275262,0.0,0.1,0.4,0.30000000000000004,-47.5,-47.5,0.0,47.5,36.66387540275262,3.6663875402752626,1.9999999999999996,-5.666387540275262
2020-02-04 23:00:00,82.57663948271728,0.0,0.1,0.30000000000000004,0.20000000000000004,-47.5,-47.5,0.0,47.5,35.07663948271728,3.5076639482717287,2.0,-5.507663948271729
2020-02-05 00:00:00,83.01974477663495,0.0,0.1,0.20000000000000004,0.30000000000000004,52.631578947368425,52.631578947368425,52.631578947368425,0.0,135.65132372400336,13.565132372400337,2.0,-15.565132372400337
2020-02-05 01:00:00,82.32873694627955,0.0,0.1,0.30000000000000004,0.4,52.631578947368425,52.631578947368425,52.631578947368425,0.0,134.960315893648,13.496031589364799,1.9999999999999996,-15.496031589364799
2020-02-05 02:00:00,83.8308715627688,0.0,0.1,0.4,0.30000000000000004,-47.5,-47.5,0.0,47.5,36.330871562768806,3.633087156276881,1.9999999999999996,-5.633087156276881
2020-02-05 03:00:00,83.18194407012615,0.0,0.1,0.30000000000000004,0.4,52.631578947368425,52.631578947368425,52.631578947368425,0.0,135.81352301749456,13.581352301749456,1.9999999999999996,-15.581352301749456
2020-02-05 04:00:00,79.70563135591736,0.0,0.1,0.4,0.4,0.0,0.0,0.0,-0.0,79.70563135591736,7.970563135591736,0.0,-7.970563135591736
2020-02-05 05:00:00,82.87735838376115,0.0,0.1,0.4,0.30000000000000004,-47.5,-47.5,0.0,47.5,35.37735838376115,3.537735838376115,1.9999999999999996,-5.537735838376115
2020-02-05 06:00:00,83.53778700429986,0.0,0.1,0.30000000000000004,0.30000000000000004,0.0,0.0,0.0,-0.0,83.53778700429986,8.353778700429986,0.0,-8.353778700429986
2020-02-05 07:00:00,92.75101768351915,10.176754583333334,0.18,0.30000000000000004,0.30000000000000004,0.0,0.0,0.0,-0.0,82.57426310018582,14.863367358033447,0.0,-14.863367358033447
2020-02-05 08:00:00,90.60374370987242,43.83453848484848,0.18,0.30000000000000004,0.20000000000000004,-47.5,-47.5,0.0,47.5,-0.7307947749760615,0.0,2.0,-2.0
2020-02-05 09:00:00,92.9891374630716,84.22197307692308,0.18,0.20000000000000004,0.10000000000000003,-47.5,-47.5,0.0,47.5,-38.73283561385148,0.0,2.0,-2.0
2020-02-05 10:00:00,93.92240145691528,108.8209236111111,0.18,0.10000000000000003,0.1,-1.3183898417423734e-14,-1.3183898417423734e-14,0.0,1.3183898417423734e-14,-14.89852215419583,0.0,5.551115123125783e-16,-5.551115123125783e-16
2020-02-05 11:00:00,101.00438117801053,118.1641787878788,0.18,0.1,0.1,-0.0,-0.0,-0.0,0.0,-17.159797609868264,0.0,0.0,-0.0
2020-02-05 12:00:00,96.69994274759966,117.11221923076923,0.18,0.1,0.2,52.631578947368425,52.631578947368425,52.631578947368425,0.0,32.21930246419886,5.799474443555795,2.0,-7.799474443555795
2020-02-05 13:00:00,95.79911882354493,105.21344305555556,0.18,0.2,0.30000000000000004,52.631578947368425,52.631578947368425,52.631578947368425,0.0,43.2172547153578,7.779105848764403,2.000000000000001,-9.779105848764404
2020-02-05 14:00:00,93.59817543408589,88.00108333333333,0.18,0.30000000000000004,0.4,52.631578947368425,52.631578947368425,52.631578947368425,0.0,58.22867104812099,10.481160788661777,1.9999999999999996,-12.481160788661777
2020-02-05 15:00:00,90.7095337770155,51.555309487179485,0.18,0.4,0.4,0.0,0.0,0.0,-0.0,39.15422428983601,7.047760372170481,0.0,-7.047760372170481
2020-02-05 16:00:00,84.83694431126409,11.988412152777778,0.32,0.4,0.5,52.631578947368425,52.631578947368425,52.631578947368425,0.0,125.48011110585473,40.153635553873514,1.9999999999999996,-42.153635553873514
2020-02-05 17:00:00,84.00429580034621,2.6668727272727275,0.32,0.5,0.6,52.631578947368425,52.631578947368425,52.631578947368425,0.0,133.9690020204419,42.87008064654141,1.9999999999999996,-44.87008064654141
2020-02-05 18:00:00,82.49339085388509,0.0,0.32,0.6,0.5,-47.5,-47.5,0.0,47.5,34.99339085388509,11.197885073243228,1.9999999999999996,-13.197885073243228
2020-02-05 19:00:00,85.70152926331718,0.0,0.32,0.5,0.5,0.0,0.0,0.0,-0.0,85.70152926331718,27.4244893642615,0.0,-27.4244893642615
2020-02-05 20:00:00,87.95600796756419,0.0,0.32,0.5,0.5,0.0,0.0,0.0,-0.0,87.95600796756419,28.14592254962054,0.0,-28.14592254962054
2020-02-05 21:00:00,80.71924307228824,0.0,0.32,0.5,0.4,-47.5,-47.5,0.0,47.5,33.219243072288236,10.630157783132235,1.9999999999999996,-12.630157783132235
2020-02-05 22:00:00,79.59389774438176,0.0,0.1,0.4,0.30000000000000004,-47.5,-47.5,0.0,47.5,32.09389774438176,3.2093897744381765,1.9999999999999996,-5.209389774438176
2020-02-05 23:00:00,80.36063951295124,0.0,0.1,0.30000000000000004,0.20000000000000004,-47.5,-47.5,0.0,47.5,32.86063951295124,3.286063951295124,2.0,-5.286063951295124
2020-02-06 00:00:00,80.0425146131357,0.0,0.1,0.20000000000000004,0.30000000000000004,52.631578947368425,52.631578947368425,52.631578947368425,0.0,132.6740935605041,13.267409356050411,2.0,-15.267409356050411
2020-02-06 01:00:00,80.45883257763448,0.0,0.1,0.30000000000000004,0.4,52.631578947368425,52.631578947368425,52.631578947368425,0.0,133.0904115250029,13.309041152500292,1.9999999999999996,-15.309041152500292
2020-02-06 02:00:00,77.51399716792429,0.0,0.1,0.4,0.30000000000000004,-47.5,-47.5,0.0,47.5,30.013997167924288,3.001399716792429,1.9999999999999996,-5.001399716792429
2020-02-06 03:00:00,81.84574230685591,0.0,0.1,0.30000000000000004,0.4,52.631578947368425,52.631578947368425,52.631578947368425,0.0,134.47732125422434,13.447732125422434,1.9999999999999996,-15.447732125422434
2020-02-06 04:00:00,81.15438927953166,0.0,0.1,0.4,0.4,0.0,0.0,0.0,-0.0,81.15438927953166,8.115438927953166,0.0,-8.115438927953166
2020-02-06 05:00:00,84.89765351469315,0.0,0.1,0.4,0.30000000000000004,-47.5,-47.5,0.0,47.5,37.39765351469315,3.7397653514693148,1.9999999999999996,-5.739765351469314
2020-02-06 06:00:00,81.68010261212325,0.0,0.1,0.30000000000000004,0.30000000000000004,0.0,0.0,0.0,-0.0,81.68010261212325,8.168010261212325,0.0,-8.168010261212325
2020-02-06 07:00:00,88.80980804354287,11.665475833333334,0.18,0.30000000000000004,0.30000000000000004,0.0,0.0,0.0,-0.0,77.14433221020954,13.885979797837717,0.0,-13.885979797837717
2020-02-06 08:00:00,93.32026866791675,53.15322333333333,0.18,0.30000000000000004,0.20000000000000004,-47.5,-47.5,0.0,47.5,-7.33295466541658,0.0,2.0,-2.0
2020-02-06 09:00:00,102.59623192859281,86.18410128205129,0.18,0.20000000000000004,0.10000000000000003,-47.5,-47.5,0.0,47.5,-31.087869353458473,0.0,2.0,-2.0
2020-02-06 10:00:00,106.95588999154155,109.32643055555555,0.18,0.10000000000000003,0.1,-1.3183898417423734e-14,-1.3183898417423734e-14,0.0,1.3183898417423734e-14,-2.3705405640140063,0.0,5.551115123125783e-16,-5.551115123125783e-16
2020-02-06 11:00:00,108.35368157851539,116.13131,0.18,0.1,0.1,-0.0,-0.0,-0.0,0.0,-7.777628421484607,0.0,0.0,-0.0
2020-02-06 12:00:00,103.60217397202717,118.37874615384615,0.18,0.1,0.2,52.631578947368425,52.631578947368425,52.631578947368425,0.0,37.85500676554945,6.8139012177989,2.0,-8.8139012177989
2020-02-06 13:00:00,100.09210083499401,108.7607625,0.18,0.2,0.30000000000000004,52.631578947368425,52.631578947368425,52.631578947368425,0.0,43.96291728236244,7.913325110825239,2.000000000000001,-9.913325110825241
2020-02-06 14:00:00,94.7310568889956,90.44712121212122,0.18,0.30000000000000004,0.4,52.631578947368425,52.631578947368425,52.631578947368425,0.0,56.9155146242428,10.244792632363705,1.9999999999999996,-12.244792632363705
2020-02-06 15:00:00,93.23048335776856,58.48512051282051,0.18,0.4,0.4,0.0,0.0,0.0,-0.0,34.745362844948055,6.25416531209065,0.0,-6.25416531209065
2020-02-06 16:00:00,87.62114322759804,20.519088194444443,0.32,0.4,0.5,52.631578947368425,52.631578947368425,52.631578947368425,0.0,119.73363398052201,38.314762873767044,1.9999999999999996,-40.314762873767044
2020-02-06 17:00:00,85.10024543990323,1.58244696969697,0.32,0.5,0.6,52.631578947368425,52.631578947368425,52.631578947368425,0.0,136.14937741757467,43.567800773623894,1.9999999999999996,-45.567800773623894
2020-02-06 18:00:00,85.65976468973078,0.0,0.32,0.6,0.5,-47.5,-47.5,0.0,47.5,38.15976468973078,12.21112470071385,1.9999999999999996,-14.21112470071385
2020-02-06 19:00:00,87.03128032782713,0.0,0.32,0.5,0.5,0.0,0.0,0.0,-0.0,87.03128032782713,27.850009704904682,0.0,-27.850009704904682
2020-02-06 20:00:00,87.55428149495597,0.0,0.32,0.5,0.5,0.0,0.0,0.0,-0.0,87.55428149495597,28.017370078385913,0.0,-28.017370078385913
2020-02-06 21:00:00,83.16460391841282,0.0,0.32,0.5,0.4,-47.5,-47.5,0.0,47.5,35.66460391841282,11.412673253892104,1.9999999999999996,-13.412673253892104
2020-02-06 22:00:00,81.52359435448344,0.0,0.1,0.4,0.30000000000000004,-47.5,-47.5,0.0,47.5,34.023594354483436,3.4023594354483437,1.9999999999999996,-5.402359435448343
2020-02-06 23:00:00,80.38042721580615,0.0,0.1,0.30000000000000004,0.20000000000000004,-47.5,-47.5,0.0,47.5,32.88042721580615,3.288042721580615,2.0,-5.288042721580615
2020-02-07 00:00:00,80.28582505367389,0.0,0.1,0.20000000000000004,0.30000000000000004,52.631578947368425,52.631578947368425,52.631578947368425,0.0,132.9174040010423,13.291740400104231,2.0,-15.291740400104231
2020-02-07 01:00:00,83.12632353176782,0.0,0.1,0.30000000000000004,0.4,52.631578947368425,52.631578947368425,52.631578947368425,0.0,135.75790247913625,13.575790247913625,1.9999999999999996,-15.575790247913625
2020-02-07 02:00:00,81.96035427079208,0.0,0.1,0.4,0.30000000000000004,-47.5,-47.5,0.0,47.5,34.46035427079208,3.446035427079208,1.9999999999999996,-5.446035427079208
2020-02-07 03:00:00,81.86694475777202,0.0,0.1,0.30000000000000004,0.4,52.631578947368425,52.631578947368425,52.631578947368425,0.0,134.49852370514043,13.449852370514044,1.9999999999999996,-15.449852370514044
2020-02-07 04:00:00,81.48160955176799,0.0,0.1,0.4,0.4,0.0,0.0,0.0,-0.0,81.48160955176799,8.148160955176799,0.0,-8.148160955176799
2020-02-07 05:00:00,87.09817819009471,0.0,0.1,0.4,0.30000000000000004,-47.5,-47.5,0.0,47.5,39.598178190094714,3.9598178190094715,1.9999999999999996,-5.959817819009471
2020-02-07 06:00:00,85.25659821976384,0.0,0.1,0.30000000000000004,0.30000000000000004,0.0,0.0,0.0,-0.0,85.25659821976384,8.525659821976385,0.0,-8.525659821976385
2020-02-07 07:00:00,87.55421600624958,11.670980833333333,0.18,0.30000000000000004,0.30000000000000004,0.0,0.0,0.0,-0.0,75.88323517291624,13.658982331124923,0.0,-13.658982331124923
2020-02-07 08:00:00,92.23158455198366,52.182865151515145,0.18,0.30000000000000004,0.20000000000000004,-47.5,-47.5,0.0,47.5,-7.451280599531486,0.0,2.0,-2.0
2020-02-07 09:00:00,98.0893851602705,86.25022820512821,0.18,0.20000000000000004,0.10000000000000003,-47.5,-47.5,0.0,47.5,-35.660843044857714,0.0,2.0,-2.0
2020-02-07 10:00:00,105.53671358455877,108.31338472222222,0.18,0.10000000000000003,0.1,-1.3183898417423734e-14,-1.3183898417423734e-14,0.0,1.3183898417423734e-14,-2.7766711376634694,0.0,5.551115123125783e-16,-5.551115123125783e-16
2020-02-07 11:00:00,114.86918093686614,118.07262727272727,0.18,0.1,0.1,-0.0,-0.0,-0.0,0.0,-3.2034463358611305,0.0,0.0,-0.0
2020-02-07 12:00:00,107.11664622557575,117.88994230769231,0.18,0.1,0.2,52.631578947368425,52.631578947368425,52.631578947368425,0.0,41.858282865251866,7.5344909157453355,2.0,-9.534490915745335
2020-02-07 13:00:00,110.02250450106392,106.976225,0.18,0.2,0.30000000000000004,52.631578947368425,52.631578947368425,52.631578947368425,0.0,55.677858448432346,10.022014520717821,2.000000000000001,-12.022014520717821
2020-02-07 14:00:00,113.6527287118761,88.61900606060607,0.18,0.30000000000000004,0.4,52.631578947368425,52.631578947368425,52.631578947368425,0.0,77.66530159863845,13.97975428775492,1.9999999999999996,-15.97975428775492
2020-02-07 15:00:00,100.54462093062335,57.6034482051282,0.18,0.4,0.4,0.0,0.0,0.0,-0.0,42.94117272549515,7.729411090589127,0.0,-7.729411090589127
2020-02-07 16:00:00,88.60467684110347,20.290419444444442,0.32,0.4,0.5,52.631578947368425,52.631578947368425,52.631578947368425,0.0,120.94583634402746,38.70266763008879,1.9999999999999996,-40.70266763008879
2020-02-07 17:00:00,86.65871349531618,2.461850552251487,0.32,0.5,0.6,52.631578947368425,52.631578947368425,52.631578947368425,0.0,136.8284418904331,43.785101404938594,1.9999999999999996,-45.785101404938594
2020-02-07 18:00:00,84.52320697559773,0.0,0.32,0.6,0.5,-47.5,-47.5,0.0,47.5,37.02320697559773,11.847426232191275,1.9999999999999996,-13.847426232191275
2020-02-07 19:00:00,87.1967147165755,0.0,0.32,0.5,0.5,0.0,0.0,0.0,-0.0,87.1967147165755,27.90294870930416,0.0,-27.90294870930416
2020-02-07 20:00:00,84.96821771388953,0.0,0.32,0.5,0.5,0.0,0.0,0.0,-0.0,84.96821771388953,27.18982966844465,0.0,-27.18982966844465
2020-02-07 21:00:00,80.71904523000408,0.0,0.32,0.5,0.4,-47.5,-47.5,0.0,47.5,33.219045230004085,10.630094473601307,1.9999999999999996,-12.630094473601307
2020-02-07 22:00:00,79.6552959450022,0.0,0.1,0.4,0.30000000000000004,-47.5,-47.5,0.0,47.5,32.155295945002194,3.21552959450022,1.9999999999999996,-5.21552959450022
2020-02-07 23:00:00,82.12010011913407,0.0,0.1,0.30000000000000004,0.20000000000000004,-47.5,-47.5,0.0,47.5,34.620100119134065,3.4620100119134065,2.0,-5.4620100119134065
2020-02-08 00:00:00,79.47785400290815,0.0,0.12,0.20000000000000004,0.30000000000000004,52.631578947368425,52.631578947368425,52.631578947368425,0.0,132.10943295027658,15.85313195403319,2.0,-17.853131954033188
2020-02-08 01:00:00,78.2927433670842,0.0,0.12,0.30000000000000004,0.4,52.631578947368425,52.631578947368425,52.631578947368425,0.0,130.92432231445264,15.710918677734316,1.9999999999999996,-17.710918677734316
2020-02-08 02:00:00,79.43425004914393,0.0,0.12,0.4,0.30000000000000004,-47.5,-47.5,0.0,47.5,31.934250049143927,3.8321100058972712,1.9999999999999996,-5.83211000589727
2020-02-08 03:00:00,79.90561479255877,0.0,0.12,0.30000000000000004,0.30000000000000004,0.0,0.0,0.0,-0.0,79.90561479255877,9.588673775107052,0.0,-9.588673775107052
2020-02-08 04:00:00,80.9666351388427,0.0,0.12,0.30000000000000004,0.20000000000000004,-47.5,-47.5,0.0,47.5,33.466635138842705,4.015996216661124,2.0,-6.015996216661124
2020-02-08 05:00:00,78.54387823906163,0.0,0.12,0.20000000000000004,0.10000000000000003,-47.5,-47.5,0.0,47.5,31.043878239061627,3.725265388687395,2.0,-5.725265388687395
2020-02-08 06:00:00,78.93289951628071,0.0,0.12,0.10000000000000003,0.10000000000000003,0.0,0.0,0.0,-0.0,78.93289951628071,9.471947941953685,0.0,-9.471947941953685
2020-02-08 07:00:00,81.64919687777922,10.186866458333334,0.12,0.10000000000000003,0.20000000000000004,52.631578947368425,52.631578947368425,52.631578947368425,0.0,124.09390936681432,14.891269124017718,2.0,-16.891269124017718
2020-02-08 08:00:00,85.35963656669924,50.10493363636363,0.12,0.20000000000000004,0.10000000000000003,-47.5,-47.5,0.0,47.5,-12.245297069664396,0.0,2.0,-2.0
2020-02-08 09:00:00,86.39006026907788,68.34075230769231,0.12,0.10000000000000003,0.1,-1.3183898417423734e-14,-1.3183898417423734e-14,0.0,1.3183898417423734e-14,18.04930796138555,2.1659169553662663,5.551115123125783e-16,-2.1659169553662667
2020-02-08 10:00:00,91.45448690946561,104.67977777777777,0.12,0.1,0.1,-0.0,-0.0,-0.0,0.0,-13.225290868312157,0.0,0.0,-0.0
2020-02-08 11:00:00,94.14318680510397,119.7716181818182,0.12,0.1,0.1,0.0,0.0,0.0,-0.0,-25.628431376714232,0.0,0.0,-0.0
2020-02-08 12:00:00,95.10098845652234,119.54951538461539,0.12,0.1,0.1,-0.0,-0.0,-0.0,0.0,-24.448526928093045,0.0,0.0,-0.0
2020-02-08 13:00:00,92.36450072633244,110.63810000000001,0.12,0.1,0.1,0.0,0.0,0.0,-0.0,-18.27359927366757,0.0,0.0,-0.0
2020-02-08 14:00:00,91.18189233852576,90.0052106060606,0.12,0.1,0.1,-0.0,-0.0,-0.0,0.0,1.1766817324651555,0.14120180789581865,0.0,-0.14120180789581865
2020-02-08 15:00:00,88.73088526813366,58.16789743589744,0.12,0.1,0.1,-0.0,-0.0,-0.0,0.0,30.562987832236225,3.667558539868347,0.0,-3.667558539868347
2020-02-08 16:00:00,83.120081130646,22.580708333333334,0.12,0.1,0.2,52.631578947368425,52.631578947368425,52.631578947368425,0.0,113.17095174468109,13.58051420936173,2.0,-15.58051420936173
2020-02-08 17:00:00,79.58786860659812,2.028290909090909,0.12,0.2,0.2,0.0,0.0,0.0,-0.0,77.55957769750721,9.307149323700864,0.0,-9.307149323700864
2020-02-08 18:00:00,79.3133145584827,0.0,0.12,0.2,0.1,-47.5,-47.5,0.0,47.5,31.813314558482702,3.817597747017924,2.0,-5.817597747017924
2020-02-08 19:00:00,82.27869032602165,0.0,0.12,0.1,0.1,-0.0,-0.0,-0.0,0.0,82.27869032602165,9.873442839122598,0.0,-9.873442839122598
2020-02-08 20:00:00,81.58141240500271,0.0,0.12,0.1,0.1,-0.0,-0.0,-0.0,0.0,81.58141240500271,9.789769488600324,0.0,-9.789769488600324
2020-02-08 21:00:00,83.06139265862947,0.0,0.12,0.1,0.1,0.0,0.0,0.0,-0.0,83.06139265862947,9.967367119035536,0.0,-9.967367119035536
2020-02-08 22:00:00,81.59298274662012,0.0,0.12,0.1,0.1,0.0,0.0,0.0,-0.0,81.59298274662012,9.791157929594414,0.0,-9.791157929594414
2020-02-08 23:00:00,78.90907186301374,0.0,0.12,0.1,0.1,0.0,0.0,0.0,-0.0,78.90907186301374,9.469088623561648,0.0,-9.469088623561648
2020-02-09 00:00:00,80.99294824796502,0.0,0.12,0.1,0.1,-0.0,-0.0,-0.0,0.0,80.99294824796502,9.719153789755802,0.0,-9.719153789755802
2020-02-09 01:00:00,79.74903669729096,0.0,0.12,0.1,0.1,-0.0,-0.0,-0.0,0.0,79.74903669729096,9.569884403674916,0.0,-9.569884403674916
2020-02-09 02:00:00,81.41623794960437,0.0,0.12,0.1,0.1,-0.0,-0.0,-0.0,0.0,81.41623794960437,9.769948553952524,0.0,-9.769948553952524
2020-02-09 03:00:00,79.73486721154414,0.0,0.12,0.1,0.1,0.0,0.0,0.0,-0.0,79.73486721154414,9.568184065385296,0.0,-9.568184065385296
2020-02-09 04:00:00,79.75140021700683,0.0,0.12,0.1,0.1,-0.0,-0.0,-0.0,0.0,79.75140021700683,9.57016802604082,0.0,-9.57016802604082
2020-02-09 05:00:00,82.71698103824463,0.0,0.12,0.1,0.2,52.631578947368425,52.631578947368425,52.631578947368425,0.0,135.34855998561306,16.24182719827357,2.0,-18.24182719827357
2020-02-09 06:00:00,80.05113814719472,0.0,0.12,0.2,0.30000000000000004,52.631578947368425,52.631578947368425,52.631578947368425,0.0,132.68271709456315,15.921926051347576,2.000000000000001,-17.921926051347576
2020-02-09 07:00:00,77.99167141136375,14.756409444444445,0.12,0.30000000000000004,0.20000000000000004,-47.5,-47.5,0.0,47.5,15.73526196691931,1.8882314360303172,2.0,-3.888231436030317
2020-02-09 08:00:00,84.4319271296422,58.56611818181818,0.12,0.20000000000000004,0.10000000000000003,-47.5,-47.5,0.0,47.5,-21.63419105217598,0.0,2.0,-2.0
2020-02-09 09:00:00,87.3110148178247,95.76679102564103,0.12,0.10000000000000003,0.1,-1.3183898417423734e-14,-1.3183898417423734e-14,0.0,1.3183898417423734e-14,-8.45577620781634,0.0,5.551115123125783e-16,-5.551115123125783e-16
2020-02-09 10:00:00,91.94915988551334,120.20988055555556,0.12,0.1,0.1,-0.0,-0.0,-0.0,0.0,-28.260720670042218,0.0,0.0,-0.0
2020-02-09 11:00:00,92.51194551097386,130.7386227272727,0.12,0.1,0.1,0.0,0.0,0.0,-0.0,-38.22667721629885,0.0,0.0,-0.0
2020-02-09 12:00:00,89.81962105855247,129.52532564102563,0.12,0.1,0.1,-0.0,-0.0,-0.0,0.0,-39.70570458247316,0.0,0.0,-0.0
2020-02-09 13:00:00,92.08732912014885,119.15900833333335,0.12,0.1,0.1,0.0,0.0,0.0,-0.0,-27.071679213184495,0.0,0.0,-0.0
2020-02-09 14:00:00,87.68549276937456,97.46742727272728,0.12,0.1,0.1,-0.0,-0.0,-0.0,0.0,-9.781934503352716,0.0,0.0,-0.0
2020-02-09 15:00:00,86.05193409330242,63.81354743589744,0.12,0.1,0.1,-0.0,-0.0,-0.0,0.0,22.23838665740498,2.6686063988885977,0.0,-2.6686063988885977
2020-02-09 16:00:00,79.77676907838644,23.333481388888888,0.12,0.1,0.2,52.631578947368425,52.631578947368425,52.631578947368425,0.0,109.07486663686598,13.088983996423917,2.0,-15.088983996423917
2020-02-09 17:00:00,80.27457179296886,1.9829636363636363,0.12,0.2,0.2,0.0,0.0,0.0,-0.0,78.29160815660522,9.394992978792626,0.0,-9.394992978792626
2020-02-09 18:00:00,81.98771752319668,0.0,0.12,0.2,0.1,-47.5,-47.5,0.0,47.5,34.48771752319668,4.138526102783601,2.0,-6.138526102783601
2020-02-09 19:00:00,81.64772317887541,0.0,0.12,0.1,0.1,-0.0,-0.0,-0.0,0.0,81.64772317887541,9.797726781465048,0.0,-9.797726781465048
2020-02-09 20:00:00,81.11418824885351,0.0,0.12,0.1,0.1,-0.0,-0.0,-0.0,0.0,81.11418824885351,9.733702589862421,0.0,-9.733702589862421
2020-02-09 21:00:00,82.80412076103136,0.0,0.12,0.1,0.1,0.0,0.0,0.0,-0.0,82.80412076103136,9.936494491323762,0.0,-9.936494491323762
2020-02-09 22:00:00,81.24880871679359,0.0,0.12,0.1,0.1,0.0,0.0,0.0,-0.0,81.24880871679359,9.749857046015231,0.0,-9.749857046015231
2020-02-09 23:00:00,82.02890830184619,0.0,0.12,0.1,0.1,0.0,0.0,0.0,-0.0,82.02890830184619,9.843468996221542,0.0,-9.843468996221542
2020-02-10 00:00:00,78.89622856642005,0.0,0.1,0.1,0.1,-0.0,-0.0,-0.0,0.0,78.89622856642005,7.8896228566420055,0.0,-7.8896228566420055
2020-02-10 01:00:00,78.85982719130375,0.0,0.1,0.1,0.1,0.0,0.0,0.0,-0.0,78.85982719130375,7.885982719130375,0.0,-7.885982719130375
2020-02-10 02:00:00,81.00696923336663,0.0,0.1,0.1,0.1,-0.0,-0.0,-0.0,0.0,81.00696923336663,8.100696923336663,0.0,-8.100696923336663
2020-02-10 03:00:00,79.97760423488474,0.0,0.1,0.1,0.1,-0.0,-0.0,-0.0,0.0,79.97760423488474,7.997760423488474,0.0,-7.997760423488474
2020-02-10 04:00:00,80.10358793401548,0.0,0.1,0.1,0.1,-0.0,-0.0,-0.0,0.0,80.10358793401548,8.010358793401549,0.0,-8.010358793401549
2020-02-10 05:00:00,77.93474240898757,0.0,0.1,0.1,0.1,0.0,0.0,0.0,-0.0,77.93474240898757,7.793474240898758,0.0,-7.793474240898758
2020-02-10 06:00:00,81.10400655606794,0.0,0.1,0.1,0.1,0.0,0.0,0.0,-0.0,81.10400655606794,8.110400655606794,0.0,-8.110400655606794
2020-02-10 07:00:00,92.79226441217945,15.656031944444445,0.18,0.1,0.1,-0.0,-0.0,-0.0,0.0,77.136232467735,13.8845218441923,0.0,-13.8845218441923
2020-02-10 08:00:00,89.1890429704466,58.752015151515145,0.18,0.1,0.2,52.631578947368425,52.631578947368425,52.631578947368425,0.0,83.06860676629987,14.952349217933975,2.0,-16.952349217933975
2020-02-10 09:00:00,86.38900878060159,93.35894615384616,0.18,0.2,0.1,-47.5,-47.5,0.0,47.5,-54.469937373244576,0.0,2.0,-2.0
2020-02-10 10:00:00,89.766349314735,118.5460125,0.18,0.1,0.1,-0.0,-0.0,-0.0,0.0,-28.779663185265008,0.0,0.0,-0.0
2020-02-10 11:00:00,102.45736808304228,127.94685303030305,0.18,0.1,0.1,-0.0,-0.0,-0.0,0.0,-25.489484947260763,0.0,0.0,-0.0
2020-02-10 12:00:00,99.96532812904555,127.49325384615385,0.18,0.1,0.2,52.631578947368425,52.631578947368425,52.631578947368425,0.0,25.10365323026012,4.5186575814468215,2.0,-6.5186575814468215
2020-02-10 13:00:00,103.99653027116807,115.64612916666665,0.18,0.2,0.30000000000000004,52.631578947368425,52.631578947368425,52.631578947368425,0.0,40.98198005186984,7.376756409336571,2.000000000000001,-9.376756409336572
2020-02-10 14:00:00,104.68250338675612,95.36354545454546,0.18,0.30000000000000004,0.4,52.631578947368425,52.631578947368425,52.631578947368425,0.0,61.95053687957909,11.151096638324235,1.9999999999999996,-13.151096638324235
2020-02-10 15:00:00,105.3612136234241,63.3426858974359,0.18,0.4,0.4,0.0,0.0,0.0,-0.0,42.01852772598821,7.563334990677877,0.0,-7.563334990677877
2020-02-10 16:00:00,90.67642403905948,22.999560972222223,0.32,0.4,0.5,52.631578947368425,52.631578947368425,52.631578947368425,0.0,120.30844201420568,38.498701444545816,1.9999999999999996,-40.498701444545816
2020-02-10 17:00:00,89.35336486958953,2.397009090909091,0.32,0.5,0.6,52.631578947368425,52.631578947368425,52.631578947368425,0.0,139.58793472604884,44.66813911233563,1.9999999999999996,-46.66813911233563
2020-02-10 18:00:00,85.49887224210084,0.0,0.32,0.6,0.5,-47.5,-47.5,0.0,47.5,37.998872242100845,12.15963911747227,1.9999999999999996,-14.15963911747227
2020-02-10 19:00:00,89.6171783770215,0.0,0.32,0.5,0.5,0.0,0.0,0.0,-0.0,89.6171783770215,28.67749708064688,0.0,-28.67749708064688
2020-02-10 20:00:00,86.76589325521014,0.0,0.32,0.5,0.5,0.0,0.0,0.0,-0.0,86.76589325521014,27.765085841667247,0.0,-27.765085841667247
2020-02-10 21:00:00,82.5915917849017,0.0,0.32,0.5,0.4,-47.5,-47.5,0.0,47.5,35.091591784901695,11.229309371168542,1.9999999999999996,-13.229309371168542
2020-02-10 22:00:00,79.11047817886187,0.0,0.1,0.4,0.30000000000000004,-47.5,-47.5,0.0,47.5,31.610478178861868,3.161047817886187,1.9999999999999996,-5.161047817886187
2020-02-10 23:00:00,80.10403986913174,0.0,0.1,0.30000000000000004,0.20000000000000004,-47.5,-47.5,0.0,47.5,32.60403986913174,3.260403986913174,2.0,-5.260403986913174
2020-02-11 00:00:00,79.2351903778594,0.0,0.1,0.20000000000000004,0.30000000000000004,52.631578947368425,52.631578947368425,52.631578947368425,0.0,131.86676932522784,13.186676932522785,2.0,-15.186676932522785
2020-02-11 01:00:00,79.07549869763616,0.0,0.1,0.30000000000000004,0.4,52.631578947368425,52.631578947368425,52.631578947368425,0.0,131.70707764500457,13.170707764500458,1.9999999999999996,-15.170707764500458
2020-02-11 02:00:00,81.98263998543808,0.0,0.1,0.4,0.4,0.0,0.0,0.0,-0.0,81.98263998543808,8.198263998543808,0.0,-8.198263998543808
2020-02-11 03:00:00,80.24976654690732,0.0,0.1,0.4,0.5,52.631578947368425,52.631578947368425,52.631578947368425,0.0,132.88134549427576,13.288134549427577,1.9999999999999996,-15.288134549427577
2020-02-11 04:00:00,81.08601732875499,0.0,0.1,0.5,0.5,0.0,0.0,0.0,-0.0,81.08601732875499,8.1086017328755,0.0,-8.1086017328755
2020-02-11 05:00:00,86.56695478564541,0.0,0.1,0.5,0.5,0.0,0.0,0.0,-0.0,86.56695478564541,8.656695478564542,0.0,-8.656695478564542
2020-02-11 06:00:00,81.92868593566321,0.0,0.1,0.5,0.4,-47.5,-47.5,0.0,47.5,34.42868593566321,3.4428685935663212,1.9999999999999996,-5.44286859356632
2020-02-11 07:00:00,86.1480240488997,15.394081388888885,0.18,0.4,0.4,0.0,0.0,0.0,-0.0,70.75394266001081,12.735709678801944,0.0,-12.735709678801944
2020-02-11 08:00:00,89.24752577088175,58.39161818181819,0.18,0.4,0.30000000000000004,-47.5,-47.5,0.0,47.5,-16.644092410936437,0.0,1.9999999999999996,-1.9999999999999996
2020-02-11 09:00:00,96.12682060769757,93.17896923076923,0.18,0.30000000000000004,0.30000000000000004,0.0,0.0,0.0,-0.0,2.947851376928341,0.5306132478471014,0.0,-0.5306132478471014
2020-02-11 10:00:00,104.29575344925478,117.31136562500001,0.18,0.30000000000000004,0.4,52.631578947368425,52.631578947368425,52.631578947368425,0.0,39.61596677162319,7.130874018892174,1.9999999999999996,-9.130874018892174
2020-02-11 11:00:00,108.68665697325913,125.9900303030303,0.18,0.4,0.4,0.0,0.0,0.0,-0.0,-17.303373329771162,0.0,0.0,-0.0
2020-02-11 12:00:00,104.94508897200974,125.66694230769232,0.18,0.4,0.4,0.0,0.0,0.0,-0.0,-20.72185333568258,0.0,0.0,-0.0
2020-02-11 13:00:00,106.34730526589324,115.07066250000001,0.18,0.4,0.30000000000000004,-47.5,-47.5,0.0,47.5,-56.22335723410677,0.0,1.9999999999999996,-1.9999999999999996
2020-02-11 14:00:00,101.78000332879539,94.46880303030302,0.18,0.30000000000000004,0.4,52.631578947368425,52.631578947368425,52.631578947368425,0.0,59.94277924586079,10.789700264254941,1.9999999999999996,-12.789700264254941
2020-02-11 15:00:00,97.5133804846656,62.47191410256411,0.18,0.4,0.4,0.0,0.0,0.0,-0.0,35.0414663821015,6.3074639487782695,0.0,-6.3074639487782695
2020-02-11 16:00:00,92.84286369556492,23.31911375,0.32,0.4,0.5,52.631578947368425,52.631578947368425,52.631578947368425,0.0,122.15532889293334,39.08970524573867,1.9999999999999996,-41.08970524573867
2020-02-11 17:00:00,89.2666479811864,2.1286579545454547,0.32,0.5,0.6,52.631578947368425,52.631578947368425,52.631578947368425,0.0,139.76956897400936,44.726262071682996,1.9999999999999996,-46.726262071682996
2020-02-11 18:00:00,87.73717591757271,0.0,0.32,0.6,0.5,-47.5,-47.5,0.0,47.5,40.23717591757271,12.875896293623269,1.9999999999999996,-14.875896293623269
2020-02-11 19:00:00,88.9296544724292,0.0,0.32,0.5,0.5,0.0,0.0,0.0,-0.0,88.9296544724292,28.457489431177347,0.0,-28.457489431177347
2020-02-11 20:00:00,87.4856922228138,0.0,0.32,0.5,0.5,0.0,0.0,0.0,-0.0,87.4856922228138,27.995421511300414,0.0,-27.995421511300414
2020-02-11 21:00:00,84.12563821541579,0.0,0.32,0.5,0.4,-47.5,-47.5,0.0,47.5,36.62563821541579,11.720204228933053,1.9999999999999996,-13.720204228933053
2020-02-11 22:00:00,80.88464520595677,0.0,0.1,0.4,0.30000000000000004,-47.5,-47.5,0.0,47.5,33.38464520595677,3.3384645205956773,1.9999999999999996,-5.338464520595677
2020-02-11 23:00:00,81.58052685813077,0.0,0.1,0.30000000000000004,0.20000000000000004,-47.5,-47.5,0.0,47.5,34.08052685813077,3.408052685813077,2.0,-5.408052685813077
2020-02-12 00:00:00,79.64901879542957,0.0,0.1,0.20000000000000004,0.30000000000000004,52.631578947368425,52.631578947368425,52.631578947368425,0.0,132.280597742798,13.2280597742798,2.0,-15.2280597742798
2020-02-12 01:00:00,78.11237730914293,0.0,0.1,0.30000000000000004,0.4,52.631578947368425,52.631578947368425,52.631578947368425,0.0,130.74395625651135,13.074395625651135,1.9999999999999996,-15.074395625651135
2020-02-12 02:00:00,79.5103209921288,0.0,0.1,0.4,0.30000000000000004,-47.5,-47.5,0.0,47.5,32.0103209921288,3.20103209921288,1.9999999999999996,-5.201032099212879
2020-02-12 03:00:00,79.78664379971555,0.0,0.1,0.30000000000000004,0.4,52.631578947368425,52.631578947368425,52.631578947368425,0.0,132.41822274708397,13.241822274708397,1.9999999999999996,-15.241822274708397
2020-02-12 04:00:00,81.94399463218532,0.0,0.1,0.4,0.4,0.0,0.0,0.0,-0.0,81.94399463218532,8.194399463218533,0.0,-8.194399463218533
2020-02-12 05:00:00,77.30201316620476,0.0,0.1,0.4,0.30000000000000004,-47.5,-47.5,0.0,47.5,29.80201316620476,2.980201316620476,1.9999999999999996,-4.980201316620476
2020-02-12 06:00:00,83.57584351022093,0.0,0.1,0.30000000000000004,0.30000000000000004,0.0,0.0,0.0,-0.0,83.57584351022093,8.357584351022094,0.0,-8.357584351022094
2020-02-12 07:00:00,88.83398309975972,14.868555694444444,0.18,0.30000000000000004,0.30000000000000004,0.0,0.0,0.0,-0.0,73.96542740531528,13.31377693295675,0.0,-13.31377693295675
2020-02-12 08:00:00,87.22246200683043,54.9953296969697,0.18,0.30000000000000004,0.20000000000000004,-47.5,-47.5,0.0,47.5,-15.272867690139272,0.0,2.0,-2.0
2020-02-12 09:00:00,92.80912045631263,88.3184717948718,0.18,0.20000000000000004,0.10000000000000003,-47.5,-47.5,0.0,47.5,-43.00935133855917,0.0,2.0,-2.0
2020-02-12 10:00:00,116.77879580417392,110.55216666666666,0.18,0.10000000000000003,0.1,-1.3183898417423734e-14,-1.3183898417423734e-14,0.0,1.3183898417423734e-14,6.2266291375072464,1.1207932447513043,5.551115123125783e-16,-1.120793244751305
2020-02-12 11:00:00,99.86853540211608,122.52656751628433,0.18,0.1,0.1,-0.0,-0.0,-0.0,0.0,-22.65803211416825,0.0,0.0,-0.0
2020-02-12 12:00:00,102.25739902573409,122.23150333093697,0.18,0.1,0.2,52.631578947368425,52.631578947368425,52.631578947368425,0.0,32.65747464216554,5.878345435589797,2.0,-7.878345435589797
2020-02-12 13:00:00,98.09472661035369,107.74151527777776,0.18,0.2,0.30000000000000004,52.631578947368425,52.631578947368425,52.631578947368425,0.0,42.98479027994435,7.737262250389983,2.000000000000001,-9.737262250389984
2020-02-12 14:00:00,101.76570726923924,89.55409696969699,0.18,0.30000000000000004,0.4,52.631578947368425,52.631578947368425,52.631578947368425,0.0,64.84318924691068,11.671774064443923,1.9999999999999996,-13.671774064443923
2020-02-12 15:00:00,90.86169166985778,58.446779487179484,0.18,0.4,0.4,0.0,0.0,0.0,-0.0,32.41491218267829,5.834684192882093,0.0,-5.834684192882093
2020-02-12 16:00:00,87.6599151515868,25.523686805555556,0.32,0.4,0.5,52.631578947368425,52.631578947368425,52.631578947368425,0.0,114.76780729339967,36.7256983338879,1.9999999999999996,-38.7256983338879
2020-02-12 17:00:00,87.43877015515544,3.1860706060606065,0.32,0.5,0.6,52.631578947368425,52.631578947368425,52.631578947368425,0.0,136.88427849646325,43.80296911886824,1.9999999999999996,-45.80296911886824
2020-02-12 18:00:00,83.95283646726092,0.0,0.32,0.6,0.5,-47.5,-47.5,0.0,47.5,36.45283646726092,11.664907669523496,1.9999999999999996,-13.664907669523496
2020-02-12 19:00:00,86.34449136467998,0.0,0.32,0.5,0.5,0.0,0.0,0.0,-0.0,86.34449136467998,27.630237236697596,0.0,-27.630237236697596
2020-02-12 20:00:00,87.2128343778549,0.0,0.32,0.5,0.5,0.0,0.0,0.0,-0.0,87.2128343778549,27.90810700091357,0.0,-27.90810700091357
2020-02-12 21:00:00,81.0992700595996,0.0,0.32,0.5,0.4,-47.5,-47.5,0.0,47.5,33.599270059599604,10.751766419071874,1.9999999999999996,-12.751766419071874
2020-02-12 22:00:00,80.98056264309052,0.0,0.1,0.4,0.30000000000000004,-47.5,-47.5,0.0,47.5,33.48056264309052,3.3480562643090526,1.9999999999999996,-5.348056264309053
2020-02-12 23:00:00,79.4896731127393,0.0,0.1,0.30000000000000004,0.20000000000000004,-47.5,-47.5,0.0,47.5,31.989673112739297,3.19896731127393,2.0,-5.19896731127393
2020-02-13 00:00:00,78.9590705655435,0.0,0.1,0.20000000000000004,0.30000000000000004,52.631578947368425,52.631578947368425,52.631578947368425,0.0,131.5906495129119,13.159064951291192,2.0,-15.159064951291192
2020-02-13 01:00:00,79.60793788004096,0.0,0.1,0.30000000000000004,0.4,52.631578947368425,52.631578947368425,52.631578947368425,0.0,132.23951682740937,13.223951682740939,1.9999999999999996,-15.223951682740939
2020-02-13 02:00:00,78.98730281104454,0.0,0.1,0.4,0.30000000000000004,-47.5,-47.5,0.0,47.5,31.487302811044543,3.1487302811044544,1.9999999999999996,-5.148730281104454
2020-02-13 03:00:00,79.4217514422543,0.0,0.1,0.30000000000000004,0.4,52.631578947368425,52.631578947368425,52.631578947368425,0.0,132.05333038962272,13.205333038962273,1.9999999999999996,-15.205333038962273
2020-02-13 04:00:00,79.00738127119311,0.0,0.1,0.4,0.5,52.631578947368425,52.631578947368425,52.631578947368425,0.0,131.63896021856152,13.163896021856154,1.9999999999999996,-15.163896021856154
2020-02-13 05:00:00,79.32762087016317,0.0,0.1,0.5,0.5,0.0,0.0,0.0,-0.0,79.32762087016317,7.932762087016318,0.0,-7.932762087016318
2020-02-13 06:00:00,79.67434219148737,0.0,0.1,0.5,0.4,-47.5,-47.5,0.0,47.5,32.17434219148737,3.2174342191487373,1.9999999999999996,-5.217434219148737
2020-02-13 07:00:00,79.26817056590555,15.36074138888889,0.18,0.4,0.4,0.0,0.0,0.0,-0.0,63.90742917701666,11.503337251862998,0.0,-11.503337251862998
2020-02-13 08:00:00,89.33858170906197,53.93072212121212,0.18,0.4,0.30000000000000004,-47.5,-47.5,0.0,47.5,-12.092140412150151,0.0,1.9999999999999996,-1.9999999999999996
2020-02-13 09:00:00,91.66462993567544,89.40219743589743,0.18,0.30000000000000004,0.30000000000000004,0.0,0.0,0.0,-0.0,2.2624324997780008,0.40723784996004014,0.0,-0.40723784996004014
2020-02-13 10:00:00,112.44305978306859,111.03790277777777,0.18,0.30000000000000004,0.4,52.631578947368425,52.631578947368425,52.631578947368425,0.0,54.03673595265924,9.726612471478663,1.9999999999999996,-11.726612471478663
2020-02-13 11:00:00,106.32180130400765,120.4652318181818,0.18,0.4,0.4,0.0,0.0,0.0,-0.0,-14.143430514174156,0.0,0.0,-0.0
2020-02-13 12:00:00,97.6719540317527,119.94075641025641,0.18,0.4,0.4,0.0,0.0,0.0,-0.0,-22.268802378503707,0.0,0.0,-0.0
2020-02-13 13:00:00,95.51788528336049,110.37431944444444,0.18,0.4,0.30000000000000004,-47.5,-47.5,0.0,47.5,-62.35643416108395,0.0,1.9999999999999996,-1.9999999999999996
2020-02-13 14:00:00,93.27164071479588,92.38602727272728,0.18,0.30000000000000004,0.4,52.631578947368425,52.631578947368425,52.631578947368425,0.0,53.51719238943703,9.633094630098665,1.9999999999999996,-11.633094630098665
2020-02-13 15:00:00,91.96430135964364,62.818533333333335,0.18,0.4,0.5,52.631578947368425,52.631578947368425,52.631578947368425,0.0,81.77734697367873,14.719922455262171,1.9999999999999996,-16.71992245526217
2020-02-13 16:00:00,87.89323553428709,23.913325625,0.32,0.5,0.4,-47.5,-47.5,0.0,47.5,16.479909909287088,5.273571170971868,1.9999999999999996,-7.273571170971868
2020-02-13 17:00:00,84.74830028357356,2.6435999999999997,0.32,0.4,0.4,0.0,0.0,0.0,-0.0,82.10470028357355,26.273504090743536,0.0,-26.273504090743536
2020-02-13 18:00:00,83.57232799630948,0.0,0.32,0.4,0.30000000000000004,-47.5,-47.5,0.0,47.5,36.07232799630948,11.543144958819035,1.9999999999999996,-13.543144958819035
2020-02-13 19:00:00,85.01698424291422,0.0,0.32,0.30000000000000004,0.30000000000000004,0.0,0.0,0.0,-0.0,85.01698424291422,27.20543495773255,0.0,-27.20543495773255
2020-02-13 20:00:00,82.13673216261571,0.0,0.32,0.30000000000000004,0.20000000000000004,-47.5,-47.5,0.0,47.5,34.636732162615715,11.083754292037028,2.0,-13.083754292037028
2020-02-13 21:00:00,81.19895464140957,0.0,0.32,0.20000000000000004,0.10000000000000003,-47.5,-47.5,0.0,47.5,33.69895464140957,10.783665485251063,2.0,-12.783665485251063
2020-02-13 22:00:00,81.04410529880994,0.0,0.1,0.10000000000000003,0.10000000000000003,0.0,0.0,0.0,-0.0,81.04410529880994,8.104410529880994,0.0,-8.104410529880994
2020-02-13 23:00:00,79.35713272864065,0.0,0.1,0.10000000000000003,0.20000000000000004,52.631578947368425,52.631578947368425,52.631578947368425,0.0,131.98871167600907,13.198871167600908,2.0,-15.198871167600908
2020-02-14 00:00:00,78.15805388665723,0.0,0.1,0.20000000000000004,0.30000000000000004,52.631578947368425,52.631578947368425,52.631578947368425,0.0,130.78963283402567,13.078963283402567,2.0,-15.078963283402567
2020-02-14 01:00:00,78.37389314657523,0.0,0.1,0.30000000000000004,0.30000000000000004,0.0,0.0,0.0,-0.0,78.37389314657523,7.837389314657523,0.0,-7.837389314657523
2020-02-14 02:00:00,79.99512881035157,0.0,0.1,0.30000000000000004,0.4,52.631578947368425,52.631578947368425,52.631578947368425,0.0,132.62670775772,13.262670775772001,1.9999999999999996,-15.262670775772001
2020-02-14 03:00:00,79.97250761392192,0.0,0.1,0.4,0.5,52.631578947368425,52.631578947368425,52.631578947368425,0.0,132.60408656129033,13.260408656129034,1.9999999999999996,-15.260408656129034
2020-02-14 04:00:00,77.52836864857134,0.0,0.1,0.5,0.4,-47.5,-47.5,0.0,47.5,30.028368648571345,3.0028368648571346,1.9999999999999996,-5.002836864857134
2020-02-14 05:00:00,78.96686556209853,0.0,0.1,0.4,0.30000000000000004,-47.5,-47.5,0.0,47.5,31.466865562098533,3.1466865562098536,1.9999999999999996,-5.146686556209853
2020-02-14 06:00:00,77.5363497716278,0.0,0.1,0.30000000000000004,0.30000000000000004,0.0,0.0,0.0,-0.0,77.5363497716278,7.75363497716278,0.0,-7.75363497716278
2020-02-14 07:00:00,79.87849167887644,8.44275888888889,0.18,0.30000000000000004,0.30000000000000004,0.0,0.0,0.0,-0.0,71.43573278998755,12.85843190219776,0.0,-12.85843190219776
2020-02-14 08:00:00,85.85900093689816,22.78389787878788,0.18,0.30000000000000004,0.20000000000000004,-47.5,-47.5,0.0,47.5,15.575103058110273,2.8035185504598488,2.0,-4.803518550459849
2020-02-14 09:00:00,88.75957067068076,78.64752538461538,0.18,0.20000000000000004,0.10000000000000003,-47.5,-47.5,0.0,47.5,-37.38795471393462,0.0,2.0,-2.0
2020-02-14 10:00:00,95.2283882338631,89.27150555555556,0.18,0.10000000000000003,0.1,-1.3183898417423734e-14,-1.3183898417423734e-14,0.0,1.3183898417423734e-14,5.956882678307523,1.0722388820953541,5.551115123125783e-16,-1.0722388820953546
2020-02-14 11:00:00,98.12576078847883,115.89284545454547,0.18,0.1,0.1,-0.0,-0.0,-0.0,0.0,-17.767084666066637,0.0,0.0,-0.0
2020-02-14 12:00:00,90.3871240771566,119.49468461538461,0.18,0.1,0.2,52.631578947368425,52.631578947368425,52.631578947368425,0.0,23.52401840914041,4.234323313645274,2.0,-6.234323313645274
2020-02-14 13:00:00,122.7453615265499,104.21092499999999,0.18,0.2,0.30000000000000004,52.631578947368425,52.631578947368425,52.631578947368425,0.0,71.16601547391834,12.8098827853053,2.000000000000001,-14.809882785305302
2020-02-14 14:00:00,108.74447903972013,91.93102121212121,0.18,0.30000000000000004,0.4,52.631578947368425,52.631578947368425,52.631578947368425,0.0,69.44503677496735,12.500106619494122,1.9999999999999996,-14.500106619494122
2020-02-14 15:00:00,101.43326850280121,61.765000000000015,0.18,0.4,0.4,0.0,0.0,0.0,-0.0,39.6682685028012,7.140288330504215,0.0,-7.140288330504215
2020-02-14 16:00:00,87.3621686586867,24.37426111111111,0.32,0.4,0.5,52.631578947368425,52.631578947368425,52.631578947368425,0.0,115.61948649494401,36.99823567838209,1.9999999999999996,-38.99823567838209
2020-02-14 17:00:00,82.99518181916045,2.8947402435570653,0.32,0.5,0.6,52.631578947368425,52.631578947368425,52.631578947368425,0.0,132.73202052297182,42.47424656735098,1.9999999999999996,-44.47424656735098
2020-02-14 18:00:00,81.4113562266858,0.0,0.32,0.6,0.5,-47.5,-47.5,0.0,47.5,33.9113562266858,10.851633992539455,1.9999999999999996,-12.851633992539455
2020-02-14 19:00:00,83.2207028443907,0.0,0.32,0.5,0.5,0.0,0.0,0.0,-0.0,83.2207028443907,26.630624910205025,0.0,-26.630624910205025
2020-02-14 20:00:00,84.35285667161044,0.0,0.32,0.5,0.5,0.0,0.0,0.0,-0.0,84.35285667161044,26.992914134915342,0.0,-26.992914134915342
2020-02-14 21:00:00,79.26705326309278,0.0,0.32,0.5,0.4,-47.5,-47.5,0.0,47.5,31.767053263092777,10.165457044189688,1.9999999999999996,-12.165457044189688
2020-02-14 22:00:00,80.15341436949531,0.0,0.1,0.4,0.5,52.631578947368425,52.631578947368425,52.631578947368425,0.0,132.78499331686373,13.278499331686374,1.9999999999999996,-15.278499331686374
2020-02-14 23:00:00,77.63867007995928,0.0,0.1,0.5,0.6,52.631578947368425,52.631578947368425,52.631578947368425,0.0,130.2702490273277,13.027024902732771,1.9999999999999996,-15.027024902732771
2020-02-15 00:00:00,77.49966018801555,0.0,0.12,0.6,0.7,52.631578947368425,52.631578947368425,52.631578947368425,0.0,130.13123913538396,15.615748696246076,1.9999999999999996,-17.615748696246076
2020-02-15 01:00:00,78.22278650039553,0.0,0.12,0.7,0.6,-47.5,-47.5,0.0,47.5,30.72278650039553,3.6867343800474632,1.9999999999999996,-5.686734380047463
2020-02-15 02:00:00,78.49945754735214,0.0,0.12,0.6,0.5,-47.5,-47.5,0.0,47.5,30.999457547352137,3.719934905682256,1.9999999999999996,-5.719934905682256
2020-02-15 03:00:00,77.46104225349063,0.0,0.12,0.5,0.4,-47.5,-47.5,0.0,47.5,29.961042253490632,3.5953250704188755,1.9999999999999996,-5.595325070418875
2020-02-15 04:00:00,78.00189631547373,0.0,0.12,0.4,0.4,0.0,0.0,0.0,-0.0,78.00189631547373,9.360227557856847,0.0,-9.360227557856847
2020-02-15 05:00:00,78.31333839445946,0.0,0.12,0.4,0.30000000000000004,-47.5,-47.5,0.0,47.5,30.813338394459464,3.6976006073351355,1.9999999999999996,-5.697600607335135
2020-02-15 06:00:00,77.39389378307033,0.0,0.12,0.30000000000000004,0.20000000000000004,-47.5,-47.5,0.0,47.5,29.893893783070325,3.587267253968439,2.0,-5.587267253968439
2020-02-15 07:00:00,81.14077535278132,11.6810375,0.12,0.20000000000000004,0.10000000000000003,-47.5,-47.5,0.0,47.5,21.959737852781316,2.635168542333758,2.0,-4.6351685423337585
2020-02-15 08:00:00,78.25166898873121,34.58612696969698,0.12,0.10000000000000003,0.10000000000000003,0.0,0.0,0.0,-0.0,43.665542019034234,5.239865042284108,0.0,-5.239865042284108
2020-02-15 09:00:00,91.61406499974464,82.99462820512821,0.12,0.10000000000000003,0.1,-1.3183898417423734e-14,-1.3183898417423734e-14,0.0,1.3183898417423734e-14,8.619436794616421,1.0343324153539706,5.551115123125783e-16,-1.0343324153539712
2020-02-15 10:00:00,90.92064043771626,81.00580555555555,0.12,0.1,0.1,-0.0,-0.0,-0.0,0.0,9.914834882160704,1.1897801858592845,0.0,-1.1897801858592845
2020-02-15 11:00:00,91.74142679238685,95.14736515151513,0.12,0.1,0.1,0.0,0.0,0.0,-0.0,-3.4059383591282852,0.0,0.0,-0.0
2020-02-15 12:00:00,94.78333277329688,115.25484358974359,0.12,0.1,0.1,-0.0,-0.0,-0.0,0.0,-20.47151081644671,0.0,0.0,-0.0
2020-02-15 13:00:00,93.35567719679595,107.56435833333335,0.12,0.1,0.1,0.0,0.0,0.0,-0.0,-14.208681136537393,0.0,0.0,-0.0
2020-02-15 14:00:00,87.78754795275046,83.32005303030303,0.12,0.1,0.1,-0.0,-0.0,-0.0,0.0,4.467494922447429,0.5360993906936915,0.0,-0.5360993906936915
2020-02-15 15:00:00,89.99448168328969,56.77650423076924,0.12,0.1,0.1,-0.0,-0.0,-0.0,0.0,33.21797745252045,3.986157294302454,0.0,-3.986157294302454
2020-02-15 16:00:00,83.10776713780588,22.69242152777778,0.12,0.1,0.2,52.631578947368425,52.631578947368425,52.631578947368425,0.0,113.04692455739652,13.565630946887582,2.0,-15.565630946887582
2020-02-15 17:00:00,80.15643068723494,3.0848227272727273,0.12,0.2,0.2,0.0,0.0,0.0,-0.0,77.07160795996222,9.248592955195466,0.0,-9.248592955195466
2020-02-15 18:00:00,81.76420263519239,0.0,0.12,0.2,0.1,-47.5,-47.5,0.0,47.5,34.26420263519239,4.111704316223086,2.0,-6.111704316223086
2020-02-15 19:00:00,81.02652985043143,0.0,0.12,0.1,0.1,-0.0,-0.0,-0.0,0.0,81.02652985043143,9.723183582051771,0.0,-9.723183582051771
2020-02-15 20:00:00,80.24302660373091,0.0,0.12,0.1,0.1,-0.0,-0.0,-0.0,0.0,80.24302660373091,9.62916319244771,0.0,-9.62916319244771
2020-02-15 21:00:00,79.1851513450747,0.0,0.12,0.1,0.1,-0.0,-0.0,-0.0,0.0,79.1851513450747,9.502218161408964,0.0,-9.502218161408964
2020-02-15 22:00:00,79.7624559143516,0.0,0.12,0.1,0.1,-0.0,-0.0,-0.0,0.0,79.7624559143516,9.571494709722192,0.0,-9.571494709722192
2020-02-15 23:00:00,79.18219662348776,0.0,0.12,0.1,0.2,52.631578947368425,52.631578947368425,52.631578947368425,0.0,131.8137755708562,15.817653068502743,2.0,-17.817653068502743
2020-02-16 00:00:00,79.22570830097418,0.0,0.12,0.2,0.2,0.0,0.0,0.0,-0.0,79.22570830097418,9.5070849961169,0.0,-9.5070849961169
2020-02-16 01:00:00,76.68151439205137,0.0,0.12,0.2,0.1,-47.5,-47.5,0.0,47.5,29.18151439205137,3.501781727046164,2.0,-5.501781727046164
2020-02-16 02:00:00,78.99256264713327,0.0,0.12,0.1,0.1,0.0,0.0,0.0,-0.0,78.99256264713327,9.479107517655992,0.0,-9.479107517655992
2020-02-16 03:00:00,79.63378686426414,0.0,0.12,0.1,0.1,-0.0,-0.0,-0.0,0.0,79.63378686426414,9.556054423711696,0.0,-9.556054423711696
2020-02-16 04:00:00,77.6505421978447,0.0,0.12,0.1,0.1,-0.0,-0.0,-0.0,0.0,77.6505421978447,9.318065063741363,0.0,-9.318065063741363
2020-02-16 05:00:00,78.7605594208703,0.0,0.12,0.1,0.2,52.631578947368425,52.631578947368425,52.631578947368425,0.0,131.3921383682387,15.767056604188644,2.0,-17.767056604188646
2020-02-16 06:00:00,77.63102611985185,0.013076923076923078,0.12,0.2,0.30000000000000004,52.631578947368425,52.631578947368425,52.631578947368425,0.0,130.24952814414337,15.629943377297204,2.000000000000001,-17.629943377297206
2020-02-16 07:00:00,77.53383587053499,24.684205347222218,0.12,0.30000000000000004,0.20000000000000004,-47.5,-47.5,0.0,47.5,5.349630523312769,0.6419556627975322,2.0,-2.6419556627975322
2020-02-16 08:00:00,84.2550705043535,64.94877272727273,0.12,0.20000000000000004,0.10000000000000003,-47.5,-47.5,0.0,47.5,-28.193702222919228,0.0,2.0,-2.0
2020-02-16 09:00:00,86.07013515048858,88.86218846153847,0.12,0.10000000000000003,0.1,-1.3183898417423734e-14,-1.3183898417423734e-14,0.0,1.3183898417423734e-14,-2.792053311049897,0.0,5.551115123125783e-16,-5.551115123125783e-16
2020-02-16 10:00:00,89.2777344350598,110.81809166666666,0.12,0.1,0.1,-0.0,-0.0,-0.0,0.0,-21.540357231606862,0.0,0.0,-0.0
2020-02-16 11:00:00,92.84126760578434,121.51765606060607,0.12,0.1,0.1,0.0,0.0,0.0,-0.0,-28.676388454821733,0.0,0.0,-0.0
2020-02-16 12:00:00,92.39226804795182,124.09953076923077,0.12,0.1,0.1,-0.0,-0.0,-0.0,0.0,-31.70726272127895,0.0,0.0,-0.0
2020-02-16 13:00:00,90.1251589718052,103.93860694444446,0.12,0.1,0.1,0.0,0.0,0.0,-0.0,-13.813447972639253,0.0,0.0,-0.0
2020-02-16 14:00:00,88.21198500995439,86.3765515151515,0.12,0.1,0.1,-0.0,-0.0,-0.0,0.0,1.835433494802885,0.2202520193763462,0.0,-0.2202520193763462
2020-02-16 15:00:00,82.75563970838085,50.29517538461538,0.12,0.1,0.1,-0.0,-0.0,-0.0,0.0,32.46046432376547,3.8952557188518564,0.0,-3.8952557188518564
2020-02-16 16:00:00,84.42669071964256,23.93783666666667,0.12,0.1,0.2,52.631578947368425,52.631578947368425,52.631578947368425,0.0,113.12043300034432,13.574451960041317,2.0,-15.574451960041317
2020-02-16 17:00:00,81.1826386160767,2.3325757575757575,0.12,0.2,0.2,0.0,0.0,0.0,-0.0,78.85006285850095,9.462007543020114,0.0,-9.462007543020114
2020-02-16 18:00:00,79.64096534547858,0.0,0.12,0.2,0.1,-47.5,-47.5,0.0,47.5,32.14096534547858,3.856915841457429,2.0,-5.856915841457429
2020-02-16 19:00:00,80.54266632986193,0.0,0.12,0.1,0.1,-0.0,-0.0,-0.0,0.0,80.54266632986193,9.665119959583432,0.0,-9.665119959583432
2020-02-16 20:00:00,80.6201324212477,0.0,0.12,0.1,0.1,-0.0,-0.0,-0.0,0.0,80.6201324212477,9.674415890549724,0.0,-9.674415890549724
2020-02-16 21:00:00,79.32642842409783,0.0,0.12,0.1,0.1,0.0,0.0,0.0,-0.0,79.32642842409783,9.519171410891738,0.0,-9.519171410891738
2020-02-16 22:00:00,79.16575863333215,0.0,0.12,0.1,0.1,-0.0,-0.0,-0.0,0.0,79.16575863333215,9.499891035999857,0.0,-9.499891035999857
2020-02-16 23:00:00,76.77189881518838,0.0,0.12,0.1,0.2,52.631578947368425,52.631578947368425,52.631578947368425,0.0,129.4034777625568,15.528417331506816,2.0,-17.528417331506816
2020-02-17 00:00:00,76.28462660538631,0.0,0.1,0.2,0.1,-47.5,-47.5,0.0,47.5,28.784626605386308,2.8784626605386308,2.0,-4.878462660538631
2020-02-17 01:00:00,77.44496535005274,0.0,0.1,0.1,0.1,-0.0,-0.0,-0.0,0.0,77.44496535005274,7.744496535005275,0.0,-7.744496535005275
2020-02-17 02:00:00,77.04413270402931,0.0,0.1,0.1,0.1,-0.0,-0.0,-0.0,0.0,77.04413270402931,7.704413270402931,0.0,-7.704413270402931
2020-02-17 03:00:00,75.92584342919488,0.0,0.1,0.1,0.1,-0.0,-0.0,-0.0,0.0,75.92584342919488,7.592584342919489,0.0,-7.592584342919489
2020-02-17 04:00:00,77.55241556624694,0.0,0.1,0.1,0.1,0.0,0.0,0.0,-0.0,77.55241556624694,7.755241556624694,0.0,-7.755241556624694
2020-02-17 05:00:00,77.74789664565583,0.0,0.1,0.1,0.1,-0.0,-0.0,-0.0,0.0,77.74789664565583,7.774789664565583,0.0,-7.774789664565583
2020-02-17 06:00:00,77.49625707468104,0.0,0.1,0.1,0.1,0.0,0.0,0.0,-0.0,77.49625707468104,7.7496257074681045,0.0,-7.7496257074681045
2020-02-17 07:00:00,77.17301253764595,18.575784583333334,0.18,0.1,0.1,-0.0,-0.0,-0.0,0.0,58.597227954312615,10.547501031776271,0.0,-10.547501031776271
2020-02-17 08:00:00,77.80073768789707,52.59155060606061,0.18,0.1,0.2,52.631578947368425,52.631578947368425,52.631578947368425,0.0,77.84076602920489,14.011337885256879,2.0,-16.01133788525688
2020-02-17 09:00:00,86.28151739291853,98.04870641025641,0.18,0.2,0.1,-47.5,-47.5,0.0,47.5,-59.267189017337884,0.0,2.0,-2.0
2020-02-17 10:00:00,92.49377640644462,122.2792,0.18,0.1,0.1,-0.0,-0.0,-0.0,0.0,-29.78542359355538,0.0,0.0,-0.0
2020-02-17 11:00:00,92.32999274878608,131.94003484848483,0.18,0.1,0.1,-0.0,-0.0,-0.0,0.0,-39.610042099698745,0.0,0.0,-0.0
2020-02-17 12:00:00,90.6821495504744,132.15157564102563,0.18,0.1,0.2,52.631578947368425,52.631578947368425,52.631578947368425,0.0,11.162152856817201,2.0091875142270963,2.0,-4.009187514227096
2020-02-17 13:00:00,90.4017215744055,118.7322138888889,0.18,0.2,0.30000000000000004,52.631578947368425,52.631578947368425,52.631578947368425,0.0,24.30108663288503,4.374195593919305,2.000000000000001,-6.374195593919306
2020-02-17 14:00:00,86.24845150256432,97.70730151515153,0.18,0.30000000000000004,0.4,52.631578947368425,52.631578947368425,52.631578947368425,0.0,41.17272893478122,7.411091208260619,1.9999999999999996,-9.411091208260618
2020-02-17 15:00:00,85.66972019723016,62.56380179487179,0.18,0.4,0.5,52.631578947368425,52.631578947368425,52.631578947368425,0.0,75.7374973497268,13.632749522950823,1.9999999999999996,-15.632749522950823
2020-02-17 16:00:00,80.42924399612053,20.03158388888889,0.32,0.5,0.4,-47.5,-47.5,0.0,47.5,12.897660107231644,4.1272512343141265,1.9999999999999996,-6.1272512343141265
2020-02-17 17:00:00,82.17165555397611,5.654531212121213,0.32,0.4,0.4,0.0,0.0,0.0,-0.0,76.5171243418549,24.485479789393565,0.0,-24.485479789393565
2020-02-17 18:00:00,80.98927711106204,0.0,0.32,0.4,0.30000000000000004,-47.5,-47.5,0.0,47.5,33.48927711106204,10.716568675539852,1.9999999999999996,-12.716568675539852
2020-02-17 19:00:00,81.55153818522383,0.0,0.32,0.30000000000000004,0.30000000000000004,0.0,0.0,0.0,-0.0,81.55153818522383,26.096492219271628,0.0,-26.096492219271628
2020-02-17 20:00:00,79.6543727009421,0.0,0.32,0.30000000000000004,0.20000000000000004,-47.5,-47.5,0.0,47.5,32.154372700942105,10.289399264301474,2.0,-12.289399264301474
2020-02-17 21:00:00,78.84850869000272,0.0,0.32,0.20000000000000004,0.20000000000000004,0.0,0.0,0.0,-0.0,78.84850869000272,25.23152278080087,0.0,-25.23152278080087
2020-02-17 22:00:00,80.45708769886399,0.0,0.1,0.20000000000000004,0.20000000000000004,0.0,0.0,0.0,-0.0,80.45708769886399,8.0457087698864,0.0,-8.0457087698864
2020-02-17 23:00:00,77.59569333140732,0.0,0.1,0.20000000000000004,0.10000000000000003,-47.5,-47.5,0.0,47.5,30.09569333140732,3.009569333140732,2.0,-5.009569333140732
2020-02-18 00:00:00,78.91936968025243,0.0,0.1,0.10000000000000003,0.20000000000000004,52.631578947368425,52.631578947368425,52.631578947368425,0.0,131.55094862762087,13.155094862762088,2.0,-15.155094862762088
2020-02-18 01:00:00,77.04665042193245,0.0,0.1,0.20000000000000004,0.10000000000000003,-47.5,-47.5,0.0,47.5,29.546650421932455,2.9546650421932457,2.0,-4.954665042193246
2020-02-18 02:00:00,77.40900407869647,0.0,0.1,0.10000000000000003,0.1,-1.3183898417423734e-14,-1.3183898417423734e-14,0.0,1.3183898417423734e-14,77.40900407869646,7.7409004078696455,5.551115123125783e-16,-7.740900407869646
2020-02-18 03:00:00,79.24570838857124,0.0,0.1,0.1,0.1,-0.0,-0.0,-0.0,0.0,79.24570838857124,7.924570838857125,0.0,-7.924570838857125
2020-02-18 04:00:00,78.62876573548188,0.0,0.1,0.1,0.2,52.631578947368425,52.631578947368425,52.631578947368425,0.0,131.2603446828503,13.126034468285031,2.0,-15.126034468285031
2020-02-18 05:00:00,75.84632446568816,0.0,0.1,0.2,0.1,-47.5,-47.5,0.0,47.5,28.346324465688156,2.8346324465688157,2.0,-4.834632446568816
2020-02-18 06:00:00,78.23958203548258,0.0,0.1,0.1,0.1,0.0,0.0,0.0,-0.0,78.23958203548258,7.823958203548258,0.0,-7.823958203548258
2020-02-18 07:00:00,82.01497228269652,17.05802861111111,0.18,0.1,0.1,0.0,0.0,0.0,-0.0,64.9569436715854,11.692249860885372,0.0,-11.692249860885372
2020-02-18 08:00:00,82.98715438997833,65.48915303030304,0.18,0.1,0.2,52.631578947368425,52.631578947368425,52.631578947368425,0.0,70.12958030704371,12.623324455267868,2.0,-14.623324455267868
2020-02-18 09:00:00,94.70801542625018,99.31863205128207,0.18,0.2,0.1,-47.5,-47.5,0.0,47.5,-52.11061662503188,0.0,2.0,-2.0
2020-02-18 10:00:00,104.21588107973572,121.8632611111111,0.18,0.1,0.1,-0.0,-0.0,-0.0,0.0,-17.647380031375377,0.0,0.0,-0.0
2020-02-18 11:00:00,103.91758821989743,129.5088015151515,0.18,0.1,0.1,-0.0,-0.0,-0.0,0.0,-25.59121329525408,0.0,0.0,-0.0
2020-02-18 12:00:00,101.99512348243397,128.60464358974357,0.18,0.1,0.2,52.631578947368425,52.631578947368425,52.631578947368425,0.0,26.02205884005882,4.683970591210588,2.0,-6.683970591210588
2020-02-18 13:00:00,101.23101812815808,117.18663333333335,0.18,0.2,0.30000000000000004,52.631578947368425,52.631578947368425,52.631578947368425,0.0,36.67596374219316,6.601673473594769,2.000000000000001,-8.601673473594769
2020-02-18 14:00:00,95.60010029751416,97.76883636363637,0.18,0.30000000000000004,0.4,52.631578947368425,52.631578947368425,52.631578947368425,0.0,50.46284288124622,9.08331171862432,1.9999999999999996,-11.08331171862432
2020-02-18 15:00:00,94.74424045936783,66.63067179487179,0.18,0.4,0.4,0.0,0.0,0.0,-0.0,28.113568664496043,5.060442359609287,0.0,-5.060442359609287
2020-02-18 16:00:00,89.77058830182064,26.974695555555556,0.32,0.4,0.5,52.631578947368425,52.631578947368425,52.631578947368425,0.0,115.4274716936335,36.93679094196272,1.9999999999999996,-38.93679094196272
2020-02-18 17:00:00,86.41827926726216,3.6267145454545453,0.32,0.5,0.6,52.631578947368425,52.631578947368425,52.631578947368425,0.0,135.42314366917606,43.335405974136336,1.9999999999999996,-45.335405974136336
2020-02-18 18:00:00,84.77973221656754,0.0,0.32,0.6,0.5,-47.5,-47.5,0.0,47.5,37.27973221656754,11.929514309301613,1.9999999999999996,-13.929514309301613
2020-02-18 19:00:00,83.3903384901967,0.0,0.32,0.5,0.5,0.0,0.0,0.0,-0.0,83.3903384901967,26.684908316862945,0.0,-26.684908316862945
2020-02-18 20:00:00,83.89915338488113,0.0,0.32,0.5,0.5,0.0,0.0,0.0,-0.0,83.89915338488113,26.847729083161962,0.0,-26.847729083161962
2020-02-18 21:00:00,80.02078280999096,0.0,0.32,0.5,0.4,-47.5,-47.5,0.0,47.5,32.52078280999096,10.406650499197108,1.9999999999999996,-12.406650499197108
2020-02-18 22:00:00,79.75608447621066,0.0,0.1,0.4,0.5,52.631578947368425,52.631578947368425,52.631578947368425,0.0,132.38766342357908,13.23876634235791,1.9999999999999996,-15.23876634235791
2020-02-18 23:00:00,77.2598709317652,0.0,0.1,0.5,0.6,52.631578947368425,52.631578947368425,52.631578947368425,0.0,129.89144987913363,12.989144987913363,1.9999999999999996,-14.989144987913363
2020-02-19 00:00:00,76.42662696709598,0.0,0.1,0.6,0.5,-47.5,-47.5,0.0,47.5,28.926626967095984,2.8926626967095985,1.9999999999999996,-4.892662696709598
2020-02-19 01:00:00,78.37754992365691,0.0,0.1,0.5,0.5,0.0,0.0,0.0,-0.0,78.37754992365691,7.837754992365692,0.0,-7.837754992365692
2020-02-19 02:00:00,78.55321592036427,0.0,0.1,0.5,0.4,-47.5,-47.5,0.0,47.5,31.053215920364266,3.105321592036427,1.9999999999999996,-5.105321592036427
2020-02-19 03:00:00,76.9086008261863,0.0,0.1,0.4,0.30000000000000004,-47.5,-47.5,0.0,47.5,29.4086008261863,2.9408600826186304,1.9999999999999996,-4.94086008261863
2020-02-19 04:00:00,76.42535492045178,0.0,0.1,0.30000000000000004,0.20000000000000004,-47.5,-47.5,0.0,47.5,28.92535492045178,2.8925354920451785,2.0,-4.8925354920451785
2020-02-19 05:00:00,78.70464132756419,0.0,0.1,0.20000000000000004,0.10000000000000003,-47.5,-47.5,0.0,47.5,31.20464132756419,3.1204641327564193,2.0,-5.120464132756419
2020-02-19 06:00:00,78.50063199539775,0.02769230769230769,0.1,0.10000000000000003,0.10000000000000003,0.0,0.0,0.0,-0.0,78.47293968770545,7.847293968770545,0.0,-7.847293968770545
2020-02-19 07:00:00,78.60547078319969,15.068414166666665,0.18,0.10000000000000003,0.10000000000000003,0.0,0.0,0.0,-0.0,63.53705661653303,11.436670190975946,0.0,-11.436670190975946
2020-02-19 08:00:00,85.75530720314555,60.57631212121212,0.18,0.10000000000000003,0.20000000000000004,52.631578947368425,52.631578947368425,52.631578947368425,0.0,77.81057402930185,14.005903325274332,2.0,-16.005903325274332
2020-02-19 09:00:00,89.87176552362452,95.81897692307692,0.18,0.20000000000000004,0.10000000000000003,-47.5,-47.5,0.0,47.5,-53.4472113994524,0.0,2.0,-2.0
2020-02-19 10:00:00,114.7418829894403,119.05287361111111,0.18,0.10000000000000003,0.1,-1.3183898417423734e-14,-1.3183898417423734e-14,0.0,1.3183898417423734e-14,-4.3109906216708245,0.0,5.551115123125783e-16,-5.551115123125783e-16
2020-02-19 11:00:00,100.67979361409279,128.2037893939394,0.18,0.1,0.1,-0.0,-0.0,-0.0,0.0,-27.5239957798466,0.0,0.0,-0.0
2020-02-19 12:00:00,101.03307661226852,126.49565512820513,0.18,0.1,0.2,52.631578947368425,52.631578947368425,52.631578947368425,0.0,27.16900043143181,4.890420077657726,2.0,-6.890420077657726
2020-02-19 13:00:00,111.97166650537345,113.90086805555556,0.18,0.2,0.30000000000000004,52.631578947368425,52.631578947368425,52.631578947368425,0.0,50.70237739718631,9.126427931493536,2.000000000000001,-11.126427931493538
2020-02-19 14:00:00,121.05974186437498,94.04147424242424,0.18,0.30000000000000004,0.4,52.631578947368425,52.631578947368425,52.631578947368425,0.0,79.64984656931917,14.33697238247745,1.9999999999999996,-16.336972382477448
2020-02-19 15:00:00,93.64877457639366,56.62058846153847,0.18,0.4,0.4,0.0,0.0,0.0,-0.0,37.028186114855195,6.665073500673935,0.0,-6.665073500673935
2020-02-19 16:00:00,90.28505711205793,23.441473194444445,0.32,0.4,0.5,52.631578947368425,52.631578947368425,52.631578947368425,0.0,119.47516286498191,38.232052116794215,1.9999999999999996,-40.232052116794215
2020-02-19 17:00:00,84.06987521148415,3.6432460606060606,0.32,0.5,0.6,52.631578947368425,52.631578947368425,52.631578947368425,0.0,133.0582080982465,42.578626591438876,1.9999999999999996,-44.578626591438876
2020-02-19 18:00:00,83.68671148323233,0.0,0.32,0.6,0.5,-47.5,-47.5,0.0,47.5,36.18671148323233,11.579747674634346,1.9999999999999996,-13.579747674634346
2020-02-19 19:00:00,84.8751524732828,0.0,0.32,0.5,0.5,0.0,0.0,0.0,-0.0,84.8751524732828,27.160048791450496,0.0,-27.160048791450496
2020-02-19 20:00:00,97.55863239758983,0.0,0.32,0.5,0.5,0.0,0.0,0.0,-0.0,97.55863239758983,31.21876236722875,0.0,-31.21876236722875
2020-02-19 21:00:00,79.92829476641562,0.0,0.32,0.5,0.4,-47.5,-47.5,0.0,47.5,32.42829476641562,10.377054325252997,1.9999999999999996,-12.377054325252997
2020-02-19 22:00:00,78.93151298789174,0.0,0.1,0.4,0.30000000000000004,-47.5,-47.5,0.0,47.5,31.431512987891736,3.143151298789174,1.9999999999999996,-5.143151298789173
2020-02-19 23:00:00,79.10990214542485,0.0,0.1,0.30000000000000004,0.20000000000000004,-47.5,-47.5,0.0,47.5,31.609902145424854,3.1609902145424855,2.0,-5.160990214542485
2020-02-20 00:00:00,78.62256453722259,0.0,0.1,0.20000000000000004,0.10000000000000003,-47.5,-47.5,0.0,47.5,31.122564537222587,3.112256453722259,2.0,-5.112256453722258
2020-02-20 01:00:00,78.9570836539481,0.0,0.1,0.10000000000000003,0.1,-1.3183898417423734e-14,-1.3183898417423734e-14,0.0,1.3183898417423734e-14,78.95708365394809,7.8957083653948095,5.551115123125783e-16,-7.89570836539481
2020-02-20 02:00:00,75.99342584995134,0.0,0.1,0.1,0.1,-0.0,-0.0,-0.0,0.0,75.99342584995134,7.599342584995134,0.0,-7.599342584995134
2020-02-20 03:00:00,79.10578152720417,0.0,0.1,0.1,0.1,-0.0,-0.0,-0.0,0.0,79.10578152720417,7.910578152720418,0.0,-7.910578152720418
2020-02-20 04:00:00,79.03578427003784,0.0,0.1,0.1,0.2,52.631578947368425,52.631578947368425,52.631578947368425,0.0,131.66736321740626,13.166736321740627,2.0,-15.166736321740627
2020-02-20 05:00:00,77.19601869561905,0.0,0.1,0.2,0.1,-47.5,-47.5,0.0,47.5,29.696018695619046,2.9696018695619046,2.0,-4.969601869561904
2020-02-20 06:00:00,78.26469953576337,0.40716923076923073,0.1,0.1,0.1,0.0,0.0,0.0,-0.0,77.85753030499414,7.785753030499414,0.0,-7.785753030499414
2020-02-20 07:00:00,56.23333462378159,11.390143888888888,0.18,0.1,0.1,0.0,0.0,0.0,-0.0,44.8431907348927,8.071774332280686,0.0,-8.071774332280686
2020-02-20 08:00:00,62.0042820599604,47.611122424242424,0.18,0.1,0.2,52.631578947368425,52.631578947368425,52.631578947368425,0.0,67.0247385830864,12.064452944955551,2.0,-14.064452944955551
2020-02-20 09:00:00,100.67017419803969,84.11038461538462,0.18,0.2,0.1,-47.5,-47.5,0.0,47.5,-30.94021041734493,0.0,2.0,-2.0
2020-02-20 10:00:00,108.77385980893797,120.15082916666667,0.18,0.1,0.1,-0.0,-0.0,-0.0,0.0,-11.376969357728697,0.0,0.0,-0.0
2020-02-20 11:00:00,103.0663347507646,126.41429090909091,0.18,0.1,0.1,-0.0,-0.0,-0.0,0.0,-23.347956158326312,0.0,0.0,-0.0
2020-02-20 12:00:00,100.99648675609374,120.37256282051281,0.18,0.1,0.2,52.631578947368425,52.631578947368425,52.631578947368425,0.0,33.25550288294936,5.985990518930884,2.0,-7.985990518930884
2020-02-20 13:00:00,96.66978595806243,103.8035875,0.18,0.2,0.30000000000000004,52.631578947368425,52.631578947368425,52.631578947368425,0.0,45.49777740543085,8.189599932977552,2.000000000000001,-10.189599932977554
2020-02-20 14:00:00,104.58292344471387,83.82538333333333,0.18,0.30000000000000004,0.4,52.631578947368425,52.631578947368425,52.631578947368425,0.0,73.38911905874896,13.210041430574812,1.9999999999999996,-15.210041430574812
2020-02-20 15:00:00,90.6567715205154,47.30335871794871,0.18,0.4,0.5,52.631578947368425,52.631578947368425,52.631578947368425,0.0,95.98499174993512,17.27729851498832,1.9999999999999996,-19.27729851498832
2020-02-20 16:00:00,85.47080211396569,20.593769583333334,0.32,0.5,0.4,-47.5,-47.5,0.0,47.5,17.377032530632363,5.560650409802356,1.9999999999999996,-7.560650409802356
2020-02-20 17:00:00,81.05580602079029,3.4434882575757566,0.32,0.4,0.4,0.0,0.0,0.0,-0.0,77.61231776321453,24.83594168422865,0.0,-24.83594168422865
2020-02-20 18:00:00,83.55799543882138,0.0,0.32,0.4,0.30000000000000004,-47.5,-47.5,0.0,47.5,36.05799543882138,11.53855854042284,1.9999999999999996,-13.53855854042284
2020-02-20 19:00:00,83.74271508669636,0.0,0.32,0.30000000000000004,0.30000000000000004,0.0,0.0,0.0,-0.0,83.74271508669636,26.797668827742836,0.0,-26.797668827742836
2020-02-20 20:00:00,84.0674694573102,0.0,0.32,0.30000000000000004,0.20000000000000004,-47.5,-47.5,0.0,47.5,36.567469457310196,11.701590226339263,2.0,-13.701590226339263
2020-02-20 21:00:00,79.35751070751786,0.0,0.32,0.20000000000000004,0.10000000000000003,-47.5,-47.5,0.0,47.5,31.85751070751786,10.194403426405716,2.0,-12.194403426405716
2020-02-20 22:00:00,79.72539389330471,0.0,0.1,0.10000000000000003,0.10000000000000003,0.0,0.0,0.0,-0.0,79.72539389330471,7.972539389330471,0.0,-7.972539389330471
2020-02-20 23:00:00,78.66530630766928,0.0,0.1,0.10000000000000003,0.1,-1.3183898417423734e-14,-1.3183898417423734e-14,0.0,1.3183898417423734e-14,78.66530630766927,7.866530630766928,5.551115123125783e-16,-7.8665306307669285
2020-02-21 00:00:00,78.61882080424064,0.0,0.1,0.1,0.2,52.631578947368425,52.631578947368425,52.631578947368425,0.0,131.25039975160905,13.125039975160906,2.0,-15.125039975160906
2020-02-21 01:00:00,77.39787307845064,0.0,0.1,0.2,0.1,-47.5,-47.5,0.0,47.5,29.897873078450644,2.9897873078450647,2.0,-4.989787307845065
2020-02-21 02:00:00,77.93974116107427,0.0,0.1,0.1,0.1,-0.0,-0.0,-0.0,0.0,77.93974116107427,7.793974116107427,0.0,-7.793974116107427
2020-02-21 03:00:00,78.61407900209548,0.0,0.1,0.1,0.1,-0.0,-0.0,-0.0,0.0,78.61407900209548,7.8614079002095485,0.0,-7.8614079002095485
2020-02-21 04:00:00,78.97653770911923,0.0,0.1,0.1,0.1,0.0,0.0,0.0,-0.0,78.97653770911923,7.897653770911923,0.0,-7.897653770911923
2020-02-21 05:00:00,76.86150175616159,0.0,0.1,0.1,0.1,0.0,0.0,0.0,-0.0,76.86150175616159,7.686150175616159,0.0,-7.686150175616159
2020-02-21 06:00:00,77.07298939655031,0.5554153846153846,0.1,0.1,0.1,0.0,0.0,0.0,-0.0,76.51757401193493,7.651757401193493,0.0,-7.651757401193493
2020-02-21 07:00:00,82.31042628442445,23.423721666666665,0.18,0.1,0.1,0.0,0.0,0.0,-0.0,58.886704617757786,10.5996068311964,0.0,-10.5996068311964
2020-02-21 08:00:00,87.84177459408762,64.15659848484849,0.18,0.1,0.2,52.631578947368425,52.631578947368425,52.631578947368425,0.0,76.31675505660756,13.73701591018936,2.0,-15.73701591018936
2020-02-21 09:00:00,94.14717246775152,71.13654948717948,0.18,0.2,0.1,-47.5,-47.5,0.0,47.5,-24.489377019427963,0.0,2.0,-2.0
2020-02-21 10:00:00,95.15618247432714,100.721925,0.18,0.1,0.1,-0.0,-0.0,-0.0,0.0,-5.56574252567286,0.0,0.0,-0.0
2020-02-21 11:00:00,111.26417184747082,130.32634545454545,0.18,0.1,0.1,-0.0,-0.0,-0.0,0.0,-19.062173607074627,0.0,0.0,-0.0
2020-02-21 12:00:00,112.01153216634913,124.4187923076923,0.18,0.1,0.2,52.631578947368425,52.631578947368425,52.631578947368425,0.0,40.22431880602525,7.240377385084545,2.0,-9.240377385084546
2020-02-21 13:00:00,100.56700519490347,116.68681249999999,0.18,0.2,0.30000000000000004,52.631578947368425,52.631578947368425,52.631578947368425,0.0,36.51177164227191,6.572118895608943,2.000000000000001,-8.572118895608945
2020-02-21 14:00:00,112.4185885442586,97.35266363636364,0.18,0.30000000000000004,0.4,52.631578947368425,52.631578947368425,52.631578947368425,0.0,67.69750385526338,12.185550693947407,1.9999999999999996,-14.185550693947407
2020-02-21 15:00:00,92.29907539375645,68.37003846153847,0.18,0.4,0.4,0.0,0.0,0.0,-0.0,23.929036932217983,4.3072266477992365,0.0,-4.3072266477992365
2020-02-21 16:00:00,89.29781809440469,25.899156388888887,0.32,0.4,0.5,52.631578947368425,52.631578947368425,52.631578947368425,0.0,116.03024065288423,37.129677008922954,1.9999999999999996,-39.129677008922954
2020-02-21 17:00:00,87.26569383919177,4.312,0.32,0.5,0.6,52.631578947368425,52.631578947368425,52.631578947368425,0.0,135.5852727865602,43.387287291699266,1.9999999999999996,-45.387287291699266
2020-02-21 18:00:00,84.44761135411642,0.0,0.32,0.6,0.5,-47.5,-47.5,0.0,47.5,36.94761135411642,11.823235633317253,1.9999999999999996,-13.823235633317253
2020-02-21 19:00:00,84.55079948836418,0.0,0.32,0.5,0.5,0.0,0.0,0.0,-0.0,84.55079948836418,27.056255836276538,0.0,-27.056255836276538
2020-02-21 20:00:00,84.48583191861111,0.0,0.32,0.5,0.5,0.0,0.0,0.0,-0.0,84.48583191861111,27.035466213955555,0.0,-27.035466213955555
2020-02-21 21:00:00,82.34834654833718,0.0,0.32,0.5,0.4,-47.5,-47.5,0.0,47.5,34.848346548337176,11.151470895467897,1.9999999999999996,-13.151470895467897
2020-02-21 22:00:00,80.15485473638914,0.0,0.1,0.4,0.30000000000000004,-47.5,-47.5,0.0,47.5,32.65485473638914,3.2654854736389143,1.9999999999999996,-5.265485473638914
2020-02-21 23:00:00,78.53987819194361,0.0,0.1,0.30000000000000004,0.20000000000000004,-47.5,-47.5,0.0,47.5,31.039878191943615,3.1039878191943617,2.0,-5.103987819194362
2020-02-22 00:00:00,79.0614179519894,0.0,0.12,0.20000000000000004,0.20000000000000004,0.0,0.0,0.0,-0.0,79.0614179519894,9.487370154238727,0.0,-9.487370154238727
2020-02-22 01:00:00,77.26474501765813,0.0,0.12,0.20000000000000004,0.10000000000000003,-47.5,-47.5,0.0,47.5,29.76474501765813,3.571769402118975,2.0,-5.571769402118975
2020-02-22 02:00:00,79.69764274321659,0.0,0.12,0.10000000000000003,0.10000000000000003,0.0,0.0,0.0,-0.0,79.69764274321659,9.56371712918599,0.0,-9.56371712918599
2020-02-22 03:00:00,77.79245552977265,0.0,0.12,0.10000000000000003,0.10000000000000003,0.0,0.0,0.0,-0.0,77.79245552977265,9.335094663572718,0.0,-9.335094663572718
2020-02-22 04:00:00,78.131349615412,0.0,0.12,0.10000000000000003,0.1,-1.3183898417423734e-14,-1.3183898417423734e-14,0.0,1.3183898417423734e-14,78.13134961541199,9.37576195384944,5.551115123125783e-16,-9.37576195384944
2020-02-22 05:00:00,77.87692434418085,0.0,0.12,0.1,0.2,52.631578947368425,52.631578947368425,52.631578947368425,0.0,130.5085032915493,15.661020394985915,2.0,-17.661020394985915
2020-02-22 06:00:00,78.98448832605763,0.0,0.12,0.2,0.30000000000000004,52.631578947368425,52.631578947368425,52.631578947368425,0.0,131.61606727342604,15.793928072811124,2.000000000000001,-17.793928072811124
2020-02-22 07:00:00,76.15280220585241,9.148994305555554,0.12,0.30000000000000004,0.20000000000000004,-47.5,-47.5,0.0,47.5,19.503807900296863,2.3404569480356234,2.0,-4.340456948035623
2020-02-22 08:00:00,84.5250437007907,62.48672803030302,0.12,0.20000000000000004,0.10000000000000003,-47.5,-47.5,0.0,47.5,-25.461684329512316,0.0,2.0,-2.0
2020-02-22 09:00:00,87.50459052001177,94.31458076923076,0.12,0.10000000000000003,0.1,-1.3183898417423734e-14,-1.3183898417423734e-14,0.0,1.3183898417423734e-14,-6.809990249218997,0.0,5.551115123125783e-16,-5.551115123125783e-16
2020-02-22 10:00:00,93.37719704314458,116.55617638888889,0.12,0.1,0.1,-0.0,-0.0,-0.0,0.0,-23.17897934574431,0.0,0.0,-0.0
2020-02-22 11:00:00,94.71869502847527,125.76439090909092,0.12,0.1,0.1,0.0,0.0,0.0,-0.0,-31.045695880615654,0.0,0.0,-0.0
2020-02-22 12:00:00,96.29115816915427,122.80746923076923,0.12,0.1,0.1,-0.0,-0.0,-0.0,0.0,-26.516311061614957,0.0,0.0,-0.0
2020-02-22 13:00:00,95.21603791214655,112.7763986111111,0.12,0.1,0.1,0.0,0.0,0.0,-0.0,-17.56036069896456,0.0,0.0,-0.0
2020-02-22 14:00:00,92.5353188926893,93.76121818181818,0.12,0.1,0.1,-0.0,-0.0,-0.0,0.0,-1.2258992891288756,0.0,0.0,-0.0
2020-02-22 15:00:00,92.78086283719836,64.81579615384615,0.12,0.1,0.1,-0.0,-0.0,-0.0,0.0,27.965066683352205,3.3558080020022647,0.0,-3.3558080020022647
2020-02-22 16:00:00,81.29259222214915,26.86755875,0.12,0.1,0.2,52.631578947368425,52.631578947368425,52.631578947368425,0.0,107.05661241951758,12.846793490342108,2.0,-14.846793490342108
2020-02-22 17:00:00,80.88781255996356,4.214063636363637,0.12,0.2,0.2,0.0,0.0,0.0,-0.0,76.67374892359993,9.200849870831991,0.0,-9.200849870831991
2020-02-22 18:00:00,79.1554936552744,0.0,0.12,0.2,0.1,-47.5,-47.5,0.0,47.5,31.655493655274398,3.7986592386329274,2.0,-5.798659238632927
2020-02-22 19:00:00,82.17602803682355,0.0,0.12,0.1,0.1,-0.0,-0.0,-0.0,0.0,82.17602803682355,9.861123364418827,0.0,-9.861123364418827
2020-02-22 20:00:00,80.1750787846494,0.0,0.12,0.1,0.1,-0.0,-0.0,-0.0,0.0,80.1750787846494,9.621009454157928,0.0,-9.621009454157928
2020-02-22 21:00:00,80.55983191007479,0.0,0.12,0.1,0.1,0.0,0.0,0.0,-0.0,80.55983191007479,9.667179829208974,0.0,-9.667179829208974
2020-02-22 22:00:00,79.09180558225232,0.0,0.12,0.1,0.1,0.0,0.0,0.0,-0.0,79.09180558225232,9.491016669870278,0.0,-9.491016669870278
2020-02-22 23:00:00,79.69821299253525,0.0,0.12,0.1,0.2,52.631578947368425,52.631578947368425,52.631578947368425,0.0,132.32979193990366,15.879575032788438,2.0,-17.879575032788438
2020-02-23 00:00:00,76.7936844823889,0.0,0.12,0.2,0.2,0.0,0.0,0.0,-0.0,76.7936844823889,9.215242137886667,0.0,-9.215242137886667
2020-02-23 01:00:00,77.76423723672809,0.0,0.12,0.2,0.1,-47.5,-47.5,0.0,47.5,30.264237236728093,3.631708468407371,2.0,-5.631708468407371
2020-02-23 02:00:00,76.44327319366482,0.0,0.12,0.1,0.1,0.0,0.0,0.0,-0.0,76.44327319366482,9.173192783239779,0.0,-9.173192783239779
2020-02-23 03:00:00,78.24059884320347,0.0,0.12,0.1,0.1,-0.0,-0.0,-0.0,0.0,78.24059884320347,9.388871861184416,0.0,-9.388871861184416
2020-02-23 04:00:00,77.74795307843138,0.0,0.12,0.1,0.1,-0.0,-0.0,-0.0,0.0,77.74795307843138,9.329754369411765,0.0,-9.329754369411765
2020-02-23 05:00:00,78.52249735493525,0.0,0.12,0.1,0.2,52.631578947368425,52.631578947368425,52.631578947368425,0.0,131.15407630230368,15.73848915627644,2.0,-17.73848915627644
2020-02-23 06:00:00,77.0520090347329,0.5701141025641022,0.12,0.2,0.30000000000000004,52.631578947368425,52.631578947368425,52.631578947368425,0.0,129.11347387953722,15.493616865544466,2.000000000000001,-17.493616865544467
2020-02-23 07:00:00,78.75497189046183,22.577303055555557,0.12,0.30000000000000004,0.30000000000000004,0.0,0.0,0.0,-0.0,56.17766883490627,6.741320260188752,0.0,-6.741320260188752
2020-02-23 08:00:00,80.31487863326119,40.22818075757576,0.12,0.30000000000000004,0.20000000000000004,-47.5,-47.5,0.0,47.5,-7.413302124314569,0.0,2.0,-2.0
2020-02-23 09:00:00,78.2322915865053,26.119131794871798,0.12,0.20000000000000004,0.20000000000000004,0.0,0.0,0.0,-0.0,52.1131597916335,6.25357917499602,0.0,-6.25357917499602
2020-02-23 10:00:00,77.588275752453,46.51765416666666,0.12,0.20000000000000004,0.20000000000000004,0.0,0.0,0.0,-0.0,31.07062158578634,3.728474590294361,0.0,-3.728474590294361
2020-02-23 11:00:00,85.29345059540644,103.47400909090908,0.12,0.20000000000000004,0.20000000000000004,0.0,0.0,0.0,-0.0,-18.180558495502638,0.0,0.0,-0.0
2020-02-23 12:00:00,86.63070271378054,116.36480769230769,0.12,0.20000000000000004,0.10000000000000003,-47.5,-47.5,0.0,47.5,-77.23410497852716,0.0,2.0,-2.0
2020-02-23 13:00:00,88.4201646354985,113.66118333333333,0.12,0.10000000000000003,0.10000000000000003,0.0,0.0,0.0,-0.0,-25.241018697834832,0.0,0.0,-0.0
2020-02-23 14:00:00,84.88531497239381,95.07068636363637,0.12,0.10000000000000003,0.1,-1.3183898417423734e-14,-1.3183898417423734e-14,0.0,1.3183898417423734e-14,-10.185371391242567,0.0,5.551115123125783e-16,-5.551115123125783e-16
2020-02-23 15:00:00,82.26614499518715,64.24762564102564,0.12,0.1,0.1,-0.0,-0.0,-0.0,0.0,18.018519354161512,2.1622223224993813,0.0,-2.1622223224993813
2020-02-23 16:00:00,82.7389373074207,26.98109222222222,0.12,0.1,0.1,0.0,0.0,0.0,-0.0,55.75784508519848,6.690941410223818,0.0,-6.690941410223818
2020-02-23 17:00:00,78.75823242882053,4.313648787878789,0.12,0.1,0.1,-0.0,-0.0,-0.0,0.0,74.44458364094174,8.933350036913009,0.0,-8.933350036913009
2020-02-23 18:00:00,78.20155044564332,0.0,0.12,0.1,0.2,52.631578947368425,52.631578947368425,52.631578947368425,0.0,130.83312939301175,15.699975527161408,2.0,-17.699975527161406
2020-02-23 19:00:00,80.03150286522482,0.0,0.12,0.2,0.2,0.0,0.0,0.0,-0.0,80.03150286522482,9.603780343826978,0.0,-9.603780343826978
2020-02-23 20:00:00,80.8045920572336,0.0,0.12,0.2,0.30000000000000004,52.631578947368425,52.631578947368425,52.631578947368425,0.0,133.43617100460204,16.012340520552243,2.000000000000001,-18.012340520552243
2020-02-23 21:00:00,79.83928325962242,0.0,0.12,0.30000000000000004,0.20000000000000004,-47.5,-47.5,0.0,47.5,32.33928325962242,3.8807139911546904,2.0,-5.880713991154691
2020-02-23 22:00:00,79.64083393536326,0.0,0.12,0.20000000000000004,0.30000000000000004,52.631578947368425,52.631578947368425,52.631578947368425,0.0,132.2724128827317,15.872689545927802,2.0,-17.872689545927802
2020-02-23 23:00:00,76.25999829043418,0.0,0.12,0.30000000000000004,0.20000000000000004,-47.5,-47.5,0.0,47.5,28.759998290434183,3.451199794852102,2.0,-5.451199794852101
2020-02-24 00:00:00,78.44819649901147,0.0,0.1,0.20000000000000004,0.10000000000000003,-47.5,-47.5,0.0,47.5,30.948196499011473,3.0948196499011473,2.0,-5.094819649901147
2020-02-24 01:00:00,76.67083068096018,0.0,0.1,0.10000000000000003,0.1,-1.3183898417423734e-14,-1.3183898417423734e-14,0.0,1.3183898417423734e-14,76.67083068096017,7.667083068096017,5.551115123125783e-16,-7.667083068096018
2020-02-24 02:00:00,78.5398629569078,0.0,0.1,0.1,0.1,-0.0,-0.0,-0.0,0.0,78.5398629569078,7.85398629569078,0.0,-7.85398629569078
2020-02-24 03:00:00,75.32319369683756,0.0,0.1,0.1,0.1,-0.0,-0.0,-0.0,0.0,75.32319369683756,7.532319369683757,0.0,-7.532319369683757
2020-02-24 04:00:00,77.73925509392551,0.0,0.1,0.1,0.1,0.0,0.0,0.0,-0.0,77.73925509392551,7.7739255093925514,0.0,-7.7739255093925514
2020-02-24 05:00:00,76.08002801798816,0.0,0.1,0.1,0.1,0.0,0.0,0.0,-0.0,76.08002801798816,7.608002801798816,0.0,-7.608002801798816
2020-02-24 06:00:00,78.28014623857426,0.52634358974359,0.1,0.1,0.1,0.0,0.0,0.0,-0.0,77.75380264883067,7.775380264883068,0.0,-7.775380264883068
2020-02-24 07:00:00,79.3695526219364,25.79364513888889,0.18,0.1,0.1,-0.0,-0.0,-0.0,0.0,53.575907483047516,9.643663346948552,0.0,-9.643663346948552
2020-02-24 08:00:00,88.57041628320013,67.43688636363636,0.18,0.1,0.2,52.631578947368425,52.631578947368425,52.631578947368425,0.0,73.7651088669322,13.277719596047795,2.0,-15.277719596047795
2020-02-24 09:00:00,98.7715411281983,101.37373076923078,0.18,0.2,0.1,-47.5,-47.5,0.0,47.5,-50.10218964103248,0.0,2.0,-2.0
2020-02-24 10:00:00,116.25276609696921,123.71840416666667,0.18,0.1,0.1,-0.0,-0.0,-0.0,0.0,-7.465638069697462,0.0,0.0,-0.0
2020-02-24 11:00:00,110.1061126576551,133.21050151515152,0.18,0.1,0.1,-0.0,-0.0,-0.0,0.0,-23.104388857496417,0.0,0.0,-0.0
2020-02-24 12:00:00,100.89462335147536,130.8419976923077,0.18,0.1,0.2,52.631578947368425,52.631578947368425,52.631578947368425,0.0,22.684204606536085,4.083156829176495,2.0,-6.083156829176495
2020-02-24 13:00:00,105.0968872620848,119.31318055555556,0.18,0.2,0.30000000000000004,52.631578947368425,52.631578947368425,52.631578947368425,0.0,38.41528565389767,6.91475141770158,2.000000000000001,-8.91475141770158
2020-02-24 14:00:00,108.10036133821173,100.18943181818182,0.18,0.30000000000000004,0.4,52.631578947368425,52.631578947368425,52.631578947368425,0.0,60.542508467398335,10.8976515241317,1.9999999999999996,-12.8976515241317
2020-02-24 15:00:00,93.18667180057788,69.5759076923077,0.18,0.4,0.4,0.0,0.0,0.0,-0.0,23.61076410827019,4.249937539488634,0.0,-4.249937539488634
2020-02-24 16:00:00,84.29865677858884,29.504071944444444,0.32,0.4,0.5,52.631578947368425,52.631578947368425,52.631578947368425,0.0,107.42616378151281,34.3763724100841,1.9999999999999996,-36.3763724100841
2020-02-24 17:00:00,84.00203553761209,4.571527575757576,0.32,0.5,0.6,52.631578947368425,52.631578947368425,52.631578947368425,0.0,132.06208690922296,42.25986781095135,1.9999999999999996,-44.25986781095135
2020-02-24 18:00:00,83.14220528322198,0.0,0.32,0.6,0.5,-47.5,-47.5,0.0,47.5,35.64220528322198,11.405505690631035,1.9999999999999996,-13.405505690631035
2020-02-24 19:00:00,84.35169332438598,0.0,0.32,0.5,0.5,0.0,0.0,0.0,-0.0,84.35169332438598,26.992541863803513,0.0,-26.992541863803513
2020-02-24 20:00:00,83.93567783998876,0.0,0.32,0.5,0.6,52.631578947368425,52.631578947368425,52.631578947368425,0.0,136.56725678735717,43.701522171954295,1.9999999999999996,-45.701522171954295
2020-02-24 21:00:00,77.1799209315441,0.0,0.32,0.6,0.6,0.0,0.0,0.0,-0.0,77.1799209315441,24.697574698094115,0.0,-24.697574698094115
2020-02-24 22:00:00,78.34262670672958,0.0,0.1,0.6,0.7,52.631578947368425,52.631578947368425,52.631578947368425,0.0,130.974205654098,13.0974205654098,1.9999999999999996,-15.0974205654098
2020-02-24 23:00:00,77.18482593462127,0.0,0.1,0.7,0.7999999999999999,52.631578947368425,52.631578947368425,52.631578947368425,0.0,129.81640488198968,12.98164048819897,1.9999999999999996,-14.98164048819897
2020-02-25 00:00:00,76.41107780963985,0.0,0.1,0.7999999999999999,0.7,-47.5,-47.5,0.0,47.5,28.91107780963985,2.891107780963985,1.9999999999999996,-4.891107780963985
2020-02-25 01:00:00,75.20895030689486,0.0,0.1,0.7,0.7999999999999999,52.631578947368425,52.631578947368425,52.631578947368425,0.0,127.84052925426329,12.78405292542633,1.9999999999999996,-14.78405292542633
2020-02-25 02:00:00,77.72295013482334,0.0,0.1,0.7999999999999999,0.7,-47.5,-47.5,0.0,47.5,30.222950134823336,3.0222950134823336,1.9999999999999996,-5.022295013482333
2020-02-25 03:00:00,75.69607268359495,0.0,0.1,0.7,0.6,-47.5,-47.5,0.0,47.5,28.19607268359495,2.819607268359495,1.9999999999999996,-4.819607268359494
2020-02-25 04:00:00,77.60491459874667,0.0,0.1,0.6,0.7,52.631578947368425,52.631578947368425,52.631578947368425,0.0,130.2364935461151,13.02364935461151,1.9999999999999996,-15.02364935461151
2020-02-25 05:00:00,72.9353548926994,0.0,0.1,0.7,0.7,0.0,0.0,0.0,-0.0,72.9353548926994,7.2935354892699396,0.0,-7.2935354892699396
2020-02-25 06:00:00,76.59676309129614,0.7260130769230769,0.1,0.7,0.7,0.0,0.0,0.0,-0.0,75.87075001437306,7.587075001437306,0.0,-7.587075001437306
2020-02-25 07:00:00,80.15410161573804,25.790140833333336,0.18,0.7,0.7,0.0,0.0,0.0,-0.0,54.3639607824047,9.785512940832847,0.0,-9.785512940832847
2020-02-25 08:00:00,88.51641619846372,67.14702272727273,0.18,0.7,0.6,-47.5,-47.5,0.0,47.5,-26.13060652880901,0.0,1.9999999999999996,-1.9999999999999996
2020-02-25 09:00:00,92.4989382078787,101.1445076923077,0.18,0.6,0.5,-47.5,-47.5,0.0,47.5,-56.145569484429004,0.0,1.9999999999999996,-1.9999999999999996
2020-02-25 10:00:00,98.38090443792258,122.36540000000001,0.18,0.5,0.4,-47.5,-47.5,0.0,47.5,-71.48449556207743,0.0,1.9999999999999996,-1.9999999999999996
2020-02-25 11:00:00,107.36668965926528,130.7813,0.18,0.4,0.4,0.0,0.0,0.0,-0.0,-23.41461034073471,0.0,0.0,-0.0
2020-02-25 12:00:00,111.6487321166218,129.21288076923076,0.18,0.4,0.5,52.631578947368425,52.631578947368425,52.631578947368425,0.0,35.06743029475946,6.312137453056703,1.9999999999999996,-8.312137453056703
2020-02-25 13:00:00,108.37631406942813,119.58976041666666,0.18,0.5,0.6,52.631578947368425,52.631578947368425,52.631578947368425,0.0,41.418132600129894,7.455263868023381,1.9999999999999996,-9.45526386802338
2020-02-25 14:00:00,98.10557003032973,98.82764545454546,0.18,0.6,0.5,-47.5,-47.5,0.0,47.5,-48.22207542421573,0.0,1.9999999999999996,-1.9999999999999996
2020-02-25 15:00:00,97.29098597002083,68.89208076923077,0.18,0.5,0.5,0.0,0.0,0.0,-0.0,28.398905200790054,5.11180293614221,0.0,-5.11180293614221
2020-02-25 16:00:00,83.91592605852456,29.55502875,0.32,0.5,0.4,-47.5,-47.5,0.0,47.5,6.860897308524557,2.195487138727858,1.9999999999999996,-4.195487138727858
2020-02-25 17:00:00,87.36709997849431,4.376477878787878,0.32,0.4,0.4,0.0,0.0,0.0,-0.0,82.99062209970643,26.55699907190606,0.0,-26.55699907190606
2020-02-25 18:00:00,86.31785352533521,0.0,0.32,0.4,0.30000000000000004,-47.5,-47.5,0.0,47.5,38.81785352533521,12.421713128107267,1.9999999999999996,-14.421713128107267
2020-02-25 19:00:00,86.04420551811266,0.0,0.32,0.30000000000000004,0.30000000000000004,0.0,0.0,0.0,-0.0,86.04420551811266,27.53414576579605,0.0,-27.53414576579605
2020-02-25 20:00:00,86.62783897832443,0.0,0.32,0.30000000000000004,0.20000000000000004,-47.5,-47.5,0.0,47.5,39.127838978324434,12.52090847306382,2.0,-14.52090847306382
2020-02-25 21:00:00,80.54672605268755,0.0,0.32,0.20000000000000004,0.10000000000000003,-47.5,-47.5,0.0,47.5,33.046726052687546,10.574952336860015,2.0,-12.574952336860015
2020-02-25 22:00:00,79.59450818665293,0.0,0.1,0.10000000000000003,0.10000000000000003,0.0,0.0,0.0,-0.0,79.59450818665293,7.959450818665293,0.0,-7.959450818665293
2020-02-25 23:00:00,77.14823181518312,0.0,0.1,0.10000000000000003,0.1,-1.3183898417423734e-14,-1.3183898417423734e-14,0.0,1.3183898417423734e-14,77.14823181518311,7.7148231815183115,5.551115123125783e-16,-7.714823181518312
2020-02-26 00:00:00,79.00556741550501,0.0,0.1,0.1,0.2,52.631578947368425,52.631578947368425,52.631578947368425,0.0,131.63714636287344,13.163714636287345,2.0,-15.163714636287345
2020-02-26 01:00:00,77.19623962269895,0.0,0.1,0.2,0.1,-47.5,-47.5,0.0,47.5,29.696239622698954,2.9696239622698957,2.0,-4.969623962269896
2020-02-26 02:00:00,76.08630738988614,0.0,0.1,0.1,0.1,-0.0,-0.0,-0.0,0.0,76.08630738988614,7.608630738988615,0.0,-7.608630738988615
2020-02-26 03:00:00,75.21856402755871,0.0,0.1,0.1,0.1,-0.0,-0.0,-0.0,0.0,75.21856402755871,7.521856402755872,0.0,-7.521856402755872
2020-02-26 04:00:00,75.88305732411419,0.0,0.1,0.1,0.1,0.0,0.0,0.0,-0.0,75.88305732411419,7.58830573241142,0.0,-7.58830573241142
2020-02-26 05:00:00,75.7065882956377,0.0,0.1,0.1,0.1,-0.0,-0.0,-0.0,0.0,75.7065882956377,7.5706588295637705,0.0,-7.5706588295637705
2020-02-26 06:00:00,77.3161009258014,0.8701025641025638,0.1,0.1,0.1,0.0,0.0,0.0,-0.0,76.44599836169883,7.644599836169883,0.0,-7.644599836169883
2020-02-26 07:00:00,82.16415674857758,25.530616666666663,0.18,0.1,0.1,0.0,0.0,0.0,-0.0,56.63354008191092,10.194037214743966,0.0,-10.194037214743966
2020-02-26 08:00:00,86.81566895457875,64.6690696969697,0.18,0.1,0.2,52.631578947368425,52.631578947368425,52.631578947368425,0.0,74.77817820497748,13.460072076895946,2.0,-15.460072076895946
2020-02-26 09:00:00,88.96520782933425,94.88479615384615,0.18,0.2,0.1,-47.5,-47.5,0.0,47.5,-53.419588324511906,0.0,2.0,-2.0
2020-02-26 10:00:00,95.66069957460273,114.30110833333333,0.18,0.1,0.1,-0.0,-0.0,-0.0,0.0,-18.6404087587306,0.0,0.0,-0.0
2020-02-26 11:00:00,99.76385768658616,122.76508636363637,0.18,0.1,0.1,-0.0,-0.0,-0.0,0.0,-23.001228677050207,0.0,0.0,-0.0
2020-02-26 12:00:00,97.71486034644006,121.95611923076923,0.18,0.1,0.2,52.631578947368425,52.631578947368425,52.631578947368425,0.0,28.390320063039255,5.110257611347065,2.0,-7.110257611347065
2020-02-26 13:00:00,97.195153646409,112.7381875,0.18,0.2,0.30000000000000004,52.631578947368425,52.631578947368425,52.631578947368425,0.0,37.08854509377743,6.675938116879936,2.000000000000001,-8.675938116879937
2020-02-26 14:00:00,95.2575389723817,94.41813787878787,0.18,0.30000000000000004,0.4,52.631578947368425,52.631578947368425,52.631578947368425,0.0,53.470980040962246,9.624776407373204,1.9999999999999996,-11.624776407373204
2020-02-26 15:00:00,94.78186084642319,65.44491153846154,0.18,0.4,0.5,52.631578947368425,52.631578947368425,52.631578947368425,0.0,81.96852825533007,14.754335085959411,1.9999999999999996,-16.75433508595941
2020-02-26 16:00:00,86.32166641260984,28.33077,0.32,0.5,0.4,-47.5,-47.5,0.0,47.5,10.490896412609843,3.35708685203515,1.9999999999999996,-5.357086852035149
2020-02-26 17:00:00,82.79429907825578,4.890407272727273,0.32,0.4,0.4,0.0,0.0,0.0,-0.0,77.9038918055285,24.92924537776912,0.0,-24.92924537776912
2020-02-26 18:00:00,84.54269924098789,0.0,0.32,0.4,0.30000000000000004,-47.5,-47.5,0.0,47.5,37.042699240987886,11.853663757116124,1.9999999999999996,-13.853663757116124
2020-02-26 19:00:00,85.69262345953213,0.0,0.32,0.30000000000000004,0.30000000000000004,0.0,0.0,0.0,-0.0,85.69262345953213,27.421639507050283,0.0,-27.421639507050283
2020-02-26 20:00:00,85.17423258186935,0.0,0.32,0.30000000000000004,0.20000000000000004,-47.5,-47.5,0.0,47.5,37.67423258186935,12.055754426198192,2.0,-14.055754426198192
2020-02-26 21:00:00,78.19723022229189,0.0,0.32,0.20000000000000004,0.10000000000000003,-47.5,-47.5,0.0,47.5,30.697230222291893,9.823113671133406,2.0,-11.823113671133406
2020-02-26 22:00:00,78.18110537440297,0.0,0.1,0.10000000000000003,0.10000000000000003,0.0,0.0,0.0,-0.0,78.18110537440297,7.8181105374402975,0.0,-7.8181105374402975
2020-02-26 23:00:00,78.74686284068517,0.0,0.1,0.10000000000000003,0.1,-1.3183898417423734e-14,-1.3183898417423734e-14,0.0,1.3183898417423734e-14,78.74686284068515,7.874686284068516,5.551115123125783e-16,-7.874686284068517
2020-02-27 00:00:00,77.59834297830022,0.0,0.1,0.1,0.2,52.631578947368425,52.631578947368425,52.631578947368425,0.0,130.22992192566863,13.022992192566864,2.0,-15.022992192566864
2020-02-27 01:00:00,74.93496857299431,0.0,0.1,0.2,0.1,-47.5,-47.5,0.0,47.5,27.434968572994308,2.743496857299431,2.0,-4.743496857299431
2020-02-27 02:00:00,76.31779819444193,0.0,0.1,0.1,0.1,-0.0,-0.0,-0.0,0.0,76.31779819444193,7.631779819444194,0.0,-7.631779819444194
2020-02-27 03:00:00,76.91305456345262,0.0,0.1,0.1,0.1,-0.0,-0.0,-0.0,0.0,76.91305456345262,7.691305456345262,0.0,-7.691305456345262
2020-02-27 04:00:00,76.84612895637211,0.0,0.1,0.1,0.1,0.0,0.0,0.0,-0.0,76.84612895637211,7.684612895637212,0.0,-7.684612895637212
2020-02-27 05:00:00,74.9276740400877,0.0,0.1,0.1,0.1,-0.0,-0.0,-0.0,0.0,74.9276740400877,7.49276740400877,0.0,-7.49276740400877
2020-02-27 06:00:00,75.49182218302826,0.5478974358974353,0.1,0.1,0.1,0.0,0.0,0.0,-0.0,74.94392474713082,7.494392474713083,0.0,-7.494392474713083
2020-02-27 07:00:00,80.58809566861937,26.333759583333332,0.18,0.1,0.1,0.0,0.0,0.0,-0.0,54.25433608528604,9.765780495351487,0.0,-9.765780495351487
2020-02-27 08:00:00,89.54201364921745,66.29491515151516,0.18,0.1,0.2,52.631578947368425,52.631578947368425,52.631578947368425,0.0,75.87867744507072,13.658161940112729,2.0,-15.658161940112729
2020-02-27 09:00:00,93.3676494089619,98.20347692307692,0.18,0.2,0.1,-47.5,-47.5,0.0,47.5,-52.335827514115024,0.0,2.0,-2.0
2020-02-27 10:00:00,100.77802852114576,117.71365416666667,0.18,0.1,0.1,-0.0,-0.0,-0.0,0.0,-16.935625645520915,0.0,0.0,-0.0
2020-02-27 11:00:00,105.21039810173887,123.89252272727272,0.18,0.1,0.1,-0.0,-0.0,-0.0,0.0,-18.682124625533845,0.0,0.0,-0.0
2020-02-27 12:00:00,101.95010209855685,124.83323461538461,0.18,0.1,0.2,52.631578947368425,52.631578947368425,52.631578947368425,0.0,29.748446430540668,5.35472035749732,2.0,-7.35472035749732
2020-02-27 13:00:00,97.87204696870333,114.22871249999999,0.18,0.2,0.30000000000000004,52.631578947368425,52.631578947368425,52.631578947368425,0.0,36.27491341607177,6.529484414892918,2.000000000000001,-8.52948441489292
2020-02-27 14:00:00,102.49281643289288,96.49583181818183,0.18,0.30000000000000004,0.4,52.631578947368425,52.631578947368425,52.631578947368425,0.0,58.62856356207948,10.553141441174306,1.9999999999999996,-12.553141441174306
2020-02-27 15:00:00,94.53684943105398,67.65004615384615,0.18,0.4,0.4,0.0,0.0,0.0,-0.0,26.886803277207832,4.83962458989741,0.0,-4.83962458989741
2020-02-27 16:00:00,92.45580173955578,28.266914027777776,0.32,0.4,0.5,52.631578947368425,52.631578947368425,52.631578947368425,0.0,116.82046665914643,37.38254933092686,1.9999999999999996,-39.38254933092686
2020-02-27 17:00:00,88.20074848837605,5.128490151515151,0.32,0.5,0.6,52.631578947368425,52.631578947368425,52.631578947368425,0.0,135.70383728422934,43.42522793095339,1.9999999999999996,-45.42522793095339
2020-02-27 18:00:00,85.16289195399773,0.01076923076923077,0.32,0.6,0.5,-47.5,-47.5,0.0,47.5,37.6521227232285,12.048679271433121,1.9999999999999996,-14.048679271433121
2020-02-27 19:00:00,87.04471010822225,0.0,0.32,0.5,0.5,0.0,0.0,0.0,-0.0,87.04471010822225,27.85430723463112,0.0,-27.85430723463112
2020-02-27 20:00:00,87.20933723214273,0.0,0.32,0.5,0.5,0.0,0.0,0.0,-0.0,87.20933723214273,27.906987914285676,0.0,-27.906987914285676
2020-02-27 21:00:00,82.1716685459094,0.0,0.32,0.5,0.4,-47.5,-47.5,0.0,47.5,34.6716685459094,11.094933934691008,1.9999999999999996,-13.094933934691008
2020-02-27 22:00:00,82.3703710177217,0.0,0.1,0.4,0.30000000000000004,-47.5,-47.5,0.0,47.5,34.870371017721695,3.4870371017721697,1.9999999999999996,-5.487037101772169
2020-02-27 23:00:00,81.0394539741188,0.0,0.1,0.30000000000000004,0.20000000000000004,-47.5,-47.5,0.0,47.5,33.5394539741188,3.3539453974118802,2.0,-5.353945397411881
2020-02-28 00:00:00,80.78632431242914,0.0,0.1,0.20000000000000004,0.30000000000000004,52.631578947368425,52.631578947368425,52.631578947368425,0.0,133.41790325979758,13.341790325979758,2.0,-15.341790325979758
2020-02-28 01:00:00,81.33475416332278,0.0,0.1,0.30000000000000004,0.4,52.631578947368425,52.631578947368425,52.631578947368425,0.0,133.9663331106912,13.396633311069122,1.9999999999999996,-15.396633311069122
2020-02-28 02:00:00,81.32963032065555,0.0,0.1,0.4,0.30000000000000004,-47.5,-47.5,0.0,47.5,33.82963032065555,3.3829630320655557,1.9999999999999996,-5.382963032065556
2020-02-28 03:00:00,80.38120866133627,0.0,0.1,0.30000000000000004,0.4,52.631578947368425,52.631578947368425,52.631578947368425,0.0,133.01278760870468,13.301278760870469,1.9999999999999996,-15.301278760870469
2020-02-28 04:00:00,80.17796672868083,0.0,0.1,0.4,0.30000000000000004,-47.5,-47.5,0.0,47.5,32.67796672868083,3.267796672868083,1.9999999999999996,-5.267796672868083
2020-02-28 05:00:00,81.32147837710397,0.0,0.1,0.30000000000000004,0.30000000000000004,0.0,0.0,0.0,-0.0,81.32147837710397,8.132147837710397,0.0,-8.132147837710397
2020-02-28 06:00:00,81.36679251233552,0.6299330218068536,0.1,0.30000000000000004,0.30000000000000004,0.0,0.0,0.0,-0.0,80.73685949052867,8.073685949052868,0.0,-8.073685949052868
2020-02-28 07:00:00,84.200927413718,17.255373194444445,0.18,0.30000000000000004,0.30000000000000004,0.0,0.0,0.0,-0.0,66.94555421927356,12.05019975946924,0.0,-12.05019975946924
2020-02-28 08:00:00,95.75349667254532,43.55911181818181,0.18,0.30000000000000004,0.20000000000000004,-47.5,-47.5,0.0,47.5,4.694384854363513,0.8449892737854322,2.0,-2.844989273785432
2020-02-28 09:00:00,102.70632571995495,80.11952307692307,0.18,0.20000000000000004,0.10000000000000003,-47.5,-47.5,0.0,47.5,-24.913197356968126,0.0,2.0,-2.0
2020-02-28 10:00:00,101.2255457107214,97.61460833333332,0.18,0.10000000000000003,0.1,-1.3183898417423734e-14,-1.3183898417423734e-14,0.0,1.3183898417423734e-14,3.61093737738807,0.6499687279298526,5.551115123125783e-16,-0.6499687279298532
2020-02-28 11:00:00,101.61516951214206,96.34935454545456,0.18,0.1,0.1,-0.0,-0.0,-0.0,0.0,5.2658149666875005,0.9478466940037501,0.0,-0.9478466940037501
2020-02-28 12:00:00,98.94514216305112,99.08607692307692,0.18,0.1,0.2,52.631578947368425,52.631578947368425,52.631578947368425,0.0,52.490644187342625,9.448315953721671,2.0,-11.448315953721671
2020-02-28 13:00:00,98.39277431644128,88.887925,0.18,0.2,0.30000000000000004,52.631578947368425,52.631578947368425,52.631578947368425,0.0,62.136428263809705,11.184557087485747,2.000000000000001,-13.184557087485747
2020-02-28 14:00:00,125.14300053481053,74.09613181818182,0.18,0.30000000000000004,0.4,52.631578947368425,52.631578947368425,52.631578947368425,0.0,103.67844766399713,18.662120579519485,1.9999999999999996,-20.662120579519485
2020-02-28 15:00:00,115.39983443952886,58.042096923076926,0.18,0.4,0.4,0.0,0.0,0.0,-0.0,57.357737516451934,10.324392752961348,0.0,-10.324392752961348
2020-02-28 16:00:00,97.02768475711177,25.493858333333332,0.32,0.4,0.5,52.631578947368425,52.631578947368425,52.631578947368425,0.0,124.16540537114686,39.732929718767,1.9999999999999996,-41.732929718767
2020-02-28 17:00:00,89.838561179217,4.754950845369584,0.32,0.5,0.6,52.631578947368425,52.631578947368425,52.631578947368425,0.0,137.71518928121583,44.06886056998906,1.9999999999999996,-46.06886056998906
2020-02-28 18:00:00,86.02982599062686,0.011804457225017974,0.32,0.6,0.5,-47.5,-47.5,0.0,47.5,38.51802153340185,12.325766890688593,1.9999999999999996,-14.325766890688593
2020-02-28 19:00:00,87.87697186086102,0.0,0.32,0.5,0.5,0.0,0.0,0.0,-0.0,87.87697186086102,28.120630995475526,0.0,-28.120630995475526
2020-02-28 20:00:00,87.67523822413997,0.0,0.32,0.5,0.5,0.0,0.0,0.0,-0.0,87.67523822413997,28.05607623172479,0.0,-28.05607623172479
2020-02-28 21:00:00,81.6465275231229,0.0,0.32,0.5,0.4,-47.5,-47.5,0.0,47.5,34.1465275231229,10.926888807399328,1.9999999999999996,-12.926888807399328
2020-02-28 22:00:00,82.18903229020587,0.0,0.1,0.4,0.30000000000000004,-47.5,-47.5,0.0,47.5,34.68903229020587,3.4689032290205875,1.9999999999999996,-5.468903229020587
2020-02-28 23:00:00,82.64613780759542,0.0,0.1,0.30000000000000004,0.20000000000000004,-47.5,-47.5,0.0,47.5,35.14613780759542,3.5146137807595426,2.0,-5.514613780759543
