time,load_kwh,pv_kwh,price,soc_current,soc_next,requested_command_kw,command_kw,charge_kw,discharge_kw,grid_import_kwh,electricity_cost,degradation_cost,reward
2019-11-11 04:00:00,74.559530249183,0.0,0.1,0.5,0.5,0.0,0.0,0.0,-0.0,74.559530249183,7.4559530249183,0.0,-7.4559530249183
2019-11-11 05:00:00,75.1790098541809,0.0,0.1,0.5,0.9,210.5263157894737,210.5263157894737,210.5263157894737,0.0,285.7053256436546,28.57053256436546,8.0,-36.570532564365465
2019-11-11 06:00:00,76.83969087446215,0.8513291636712196,0.1,0.9,0.9,-0.0,-0.0,-0.0,0.0,75.98836171079093,7.598836171079093,0.0,-7.598836171079093
2019-11-11 07:00:00,83.34081900369799,24.375944444444443,0.18,0.9,0.9,0.0,0.0,0.0,-0.0,58.964874559253545,10.613677420665638,0.0,-10.613677420665638
2019-11-11 08:00:00,79.04499479646377,52.36814696969696,0.18,0.9,0.9,0.0,0.0,0.0,-0.0,26.67684782676681,4.801832608818025,0.0,-4.801832608818025
2019-11-11 09:00:00,84.77046467166511,79.22326923076922,0.18,0.9,0.9,0.0,0.0,0.0,-0.0,5.547195440895891,0.9984951793612603,0.0,-0.9984951793612603
2019-11-11 10:00:00,94.50340332532171,90.12807708333334,0.18,0.9,0.9,0.0,0.0,0.0,-0.0,4.375326241988375,0.7875587235579076,0.0,-0.7875587235579076
2019-11-11 11:00:00,95.00357625464129,81.04171590909091,0.18,0.9,0.9,0.0,0.0,0.0,-0.0,13.961860345550377,2.5131348621990677,0.0,-2.5131348621990677
2019-11-11 12:00:00,89.3053698826706,76.2750423076923,0.18,0.9,0.9,0.0,0.0,0.0,-0.0,13.030327574978301,2.3454589634960943,0.0,-2.3454589634960943
2019-11-11 13:00:00,84.75907453428992,57.53093611111111,0.18,0.9,0.9,0.0,0.0,0.0,-0.0,27.228138423178812,4.901064916172186,0.0,-4.901064916172186
2019-11-11 14:00:00,81.7314834843874,44.88780606060606,0.18,0.9,0.9,-0.0,-0.0,-0.0,0.0,36.84367742378134,6.63186193628064,0.0,-6.63186193628064
2019-11-11 15:00:00,79.89865589566918,23.790312564102564,0.18,0.9,0.9,0.0,0.0,0.0,-0.0,56.108343331566616,10.09950179968199,0.0,-10.09950179968199
2019-11-11 16:00:00,79.00864308229974,5.219202762201454,0.32,0.9,0.7446538098524247,-73.7894403200983,-73.7894403200983,0.0,73.7894403200983,0.0,0.0,3.1069238029515067,-3.1069238029515067
2019-11-11 17:00:00,78.6046927723206,0.0,0.32,0.7446538098524247,0.5791702461212234,-78.6046927723206,-78.6046927723206,0.0,78.6046927723206,0.0,0.0,3.3096712746240264,-3.3096712746240264
2019-11-11 18:00:00,80.71624675533228,0.0,0.32,0.5791702461212234,0.4092413055836817,-80.71624675533228,-80.71624675533228,0.0,80.71624675533228,0.0,0.0,3.3985788107508332,-3.3985788107508332
2019-11-11 19:00:00,79.5755961464227,0.0,0.32,0.4092413055836817,0.24171373474910762,-79.5755961464227,-79.5755961464227,0.0,79.5755961464227,0.0,0.0,3.3505514166914816,-3.3505514166914816
2019-11-11 20:00:00,78.87454168707478,0.0,0.32,0.24171373474910762,0.1,-67.31402400582616,-67.31402400582613,0.0,67.31402400582613,11.560517681248655,3.6993656579995697,2.8342746949821525,-6.533640352981722
2019-11-11 21:00:00,77.61231979043929,0.0,0.32,0.1,0.1,0.0,0.0,0.0,-0.0,77.61231979043929,24.835942332940572,0.0,-24.835942332940572
2019-11-11 22:00:00,77.93055816295755,0.0,0.1,0.1,0.1,0.0,0.0,0.0,-0.0,77.93055816295755,7.793055816295755,0.0,-7.793055816295755
2019-11-11 23:00:00,77.3422136705679,0.0,0.1,0.1,0.1,0.0,0.0,0.0,-0.0,77.3422136705679,7.73422136705679,0.0,-7.73422136705679
2019-11-12 00:00:00,77.2113114533674,0.0,0.1,0.1,0.1,0.0,0.0,0.0,-0.0,77.2113114533674,7.721131145336741,0.0,-7.721131145336741
2019-11-12 01:00:00,75.61428029516918,0.0,0.1,0.1,0.1,0.0,0.0,0.0,-0.0,75.61428029516918,7.561428029516918,0.0,-7.561428029516918
2019-11-12 02:00:00,77.09460127203549,0.0,0.1,0.1,0.1,0.0,0.0,0.0,-0.0,77.09460127203549,7.709460127203549,0.0,-7.709460127203549
2019-11-12 03:00:00,76.72317306551489,0.0,0.1,0.1,0.1,0.0,0.0,0.0,-0.0,76.72317306551489,7.672317306551489,0.0,-7.672317306551489
2019-11-12 04:00:00,76.63961570012451,0.0,0.1,0.1,0.575,250.0,250.0,250.0,0.0,326.6396157001245,32.663961570012454,9.5,-42.163961570012454
2019-11-12 05:00:00,76.53417471383986,0.0,0.1,0.575,0.9,171.0526315789474,171.0526315789474,171.0526315789474,0.0,247.58680629278726,24.75868062927873,6.500000000000002,-31.25868062927873
2019-11-12 06:00:00,76.43525957070948,0.6745580397795349,0.1,0.9,0.9,0.0,0.0,0.0,-0.0,75.76070153092994,7.576070153092994,0.0,-7.576070153092994
2019-11-12 07:00:00,81.48677798308238,22.06728111111111,0.18,0.9,0.9,0.0,0.0,0.0,-0.0,59.41949687197126,10.695509436954827,0.0,-10.695509436954827
2019-11-12 08:00:00,86.59237279635643,51.68672272727272,0.18,0.9,0.9,0.0,0.0,0.0,-0.0,34.905650069083705,6.283017012435066,0.0,-6.283017012435066
2019-11-12 09:00:00,89.39109422492994,63.698838461538465,0.18,0.9,0.9,0.0,0.0,0.0,-0.0,25.69225576339148,4.624606037410466,0.0,-4.624606037410466
2019-11-12 10:00:00,90.87536416165487,70.7670625,0.18,0.9,0.9,0.0,0.0,0.0,-0.0,20.108301661654878,3.619494299097878,0.0,-3.619494299097878
2019-11-12 11:00:00,98.52989272722947,83.68757575757576,0.18,0.9,0.9,0.0,0.0,0.0,-0.0,14.842316969653709,2.6716170545376676,0.0,-2.6716170545376676
2019-11-12 12:00:00,95.32242833193033,63.002935897435904,0.18,0.9,0.9,0.0,0.0,0.0,-0.0,32.31949243449442,5.817508638208996,0.0,-5.817508638208996
2019-11-12 13:00:00,98.12791512804024,72.56424722222222,0.18,0.9,0.9,0.0,0.0,0.0,-0.0,25.563667905818022,4.601460223047244,0.0,-4.601460223047244
2019-11-12 14:00:00,94.23969241587245,40.88270166666666,0.18,0.9,0.9,0.0,0.0,0.0,-0.0,53.35699074920579,9.604258334857041,0.0,-9.604258334857041
2019-11-12 15:00:00,99.5822038911572,27.29310923076923,0.18,0.9,0.9,0.0,0.0,0.0,-0.0,72.28909466038797,13.012037038869835,0.0,-13.012037038869835
2019-11-12 16:00:00,93.0428436395298,5.3354891796469355,0.32,0.9,0.715352937979194,-87.70735445988286,-87.70735445988286,0.0,87.70735445988286,0.0,0.0,3.692941240416121,-3.692941240416121
2019-11-12 17:00:00,87.60395960281163,0.0,0.32,0.715352937979194,0.5309235493416958,-87.60395960281163,-87.60395960281163,0.0,87.60395960281163,0.0,0.0,3.6885877727499627,-3.6885877727499627
2019-11-12 18:00:00,86.17016792371616,0.0,0.32,0.5309235493416958,0.34951266950229337,-86.17016792371616,-86.17016792371616,0.0,86.17016792371616,0.0,0.0,3.6282175967880494,-3.6282175967880494
2019-11-12 19:00:00,83.70825610881617,0.0,0.32,0.34951266950229337,0.17328476190478564,-83.70825610881617,-83.70825610881617,0.0,83.70825610881617,0.0,0.0,3.5245581519501545,-3.5245581519501545
2019-11-12 20:00:00,85.4287145386566,0.0,0.32,0.17328476190478564,0.1,-34.810261904773206,-34.81026190477318,0.0,34.81026190477318,50.61845263388343,16.197904842842696,1.4656952380957127,-17.66360008093841
2019-11-12 21:00:00,82.28122746933671,0.0,0.32,0.1,0.1,0.0,0.0,0.0,-0.0,82.28122746933671,26.32999279018775,0.0,-26.32999279018775
2019-11-12 22:00:00,81.9962633002465,0.0,0.1,0.1,0.1,0.0,0.0,0.0,-0.0,81.9962633002465,8.19962633002465,0.0,-8.19962633002465
2019-11-12 23:00:00,77.51591494877404,0.0,0.1,0.1,0.1,0.0,0.0,0.0,-0.0,77.51591494877404,7.751591494877404,0.0,-7.751591494877404
2019-11-13 00:00:00,77.94855103265621,0.0,0.1,0.1,0.1,0.0,0.0,0.0,-0.0,77.94855103265621,7.794855103265622,0.0,-7.794855103265622
2019-11-13 01:00:00,79.31709149308537,0.0,0.1,0.1,0.1,0.0,0.0,0.0,-0.0,79.31709149308537,7.931709149308538,0.0,-7.931709149308538
2019-11-13 02:00:00,79.94213364374279,0.0,0.1,0.1,0.1,0.0,0.0,0.0,-0.0,79.94213364374279,7.994213364374279,0.0,-7.994213364374279
2019-11-13 03:00:00,77.36651271287383,0.0,0.1,0.1,0.1,0.0,0.0,0.0,-0.0,77.36651271287383,7.736651271287383,0.0,-7.736651271287383
2019-11-13 04:00:00,78.06430430019317,0.0,0.1,0.1,0.42500000000000004,171.05263157894737,171.05263157894737,171.05263157894737,0.0,249.11693587914056,24.91169358791406,6.500000000000002,-31.41169358791406
2019-11-13 05:00:00,78.35526963769115,0.0,0.1,0.42500000000000004,0.42500000000000004,0.0,0.0,0.0,-0.0,78.35526963769115,7.835526963769116,0.0,-7.835526963769116
2019-11-13 06:00:00,84.2687184663732,0.47479535106637916,0.1,0.42500000000000004,0.9,250.0,250.0,250.0,0.0,333.7939231153068,33.37939231153069,9.5,-42.87939231153069
2019-11-13 07:00:00,87.70679103070377,12.140319374999999,0.18,0.9,0.9,0.0,0.0,0.0,-0.0,75.56647165570377,13.601964898026678,0.0,-13.601964898026678
2019-11-13 08:00:00,86.84218978351299,42.122730909090905,0.18,0.9,0.9,0.0,0.0,0.0,-0.0,44.71945887442209,8.049502597395975,0.0,-8.049502597395975
2019-11-13 09:00:00,90.35098467883482,68.54232051282051,0.18,0.9,0.9,0.0,0.0,0.0,-0.0,21.80866416601431,3.9255595498825757,0.0,-3.9255595498825757
2019-11-13 10:00:00,92.10416013618853,84.510725,0.18,0.9,0.9,0.0,0.0,0.0,-0.0,7.593435136188532,1.3668183245139356,0.0,-1.3668183245139356
2019-11-13 11:00:00,95.48965344642926,95.23302272727273,0.18,0.9,0.9,0.0,0.0,0.0,-0.0,0.2566307191565329,0.046193529448175924,0.0,-0.046193529448175924
2019-11-13 12:00:00,92.53295975514226,59.53386871794872,0.18,0.9,0.9,0.0,0.0,0.0,-0.0,32.99909103719354,5.939836386694837,0.0,-5.939836386694837
2019-11-13 13:00:00,92.91785375068098,48.21968111111111,0.18,0.9,0.9,0.0,0.0,0.0,-0.0,44.69817263956987,8.045671075122575,0.0,-8.045671075122575
2019-11-13 14:00:00,90.26656696953438,39.98755727272727,0.18,0.9,0.9,0.0,0.0,0.0,-0.0,50.27900969680711,9.05022174542528,0.0,-9.05022174542528
2019-11-13 15:00:00,87.00989514441633,20.318015833333334,0.18,0.9,0.9,-0.0,-0.0,-0.0,0.0,66.691879311083,12.004538275994939,0.0,-12.004538275994939
2019-11-13 16:00:00,87.83403216840627,3.483370678219108,0.32,0.9,0.7224196600206586,-84.35066149018716,-84.35066149018716,0.0,84.35066149018716,0.0,0.0,3.5516067995868283,-3.5516067995868283
2019-11-13 17:00:00,88.44344401459426,0.0,0.32,0.7224196600206586,0.5362229357794075,-88.44344401459426,-88.44344401459426,0.0,88.44344401459426,0.0,0.0,3.723934484825022,-3.723934484825022
2019-11-13 18:00:00,89.89444150428363,0.0,0.32,0.5362229357794075,0.3469714799809156,-89.89444150428363,-89.89444150428363,0.0,89.89444150428363,0.0,0.0,3.785029115969838,-3.785029115969838
2019-11-13 19:00:00,88.19819331085212,0.0,0.32,0.3469714799809156,0.16129107301070061,-88.19819331085212,-88.19819331085212,0.0,88.19819331085212,0.0,0.0,3.7136081394042995,-3.7136081394042995
2019-11-13 20:00:00,85.78291096668913,0.0,0.32,0.16129107301070061,0.1,-29.11325968008279,-29.113259680082788,0.0,29.113259680082788,56.66965128660634,18.134288411714028,1.225821460214012,-19.36010987192804
2019-11-13 21:00:00,81.65723892430756,0.0,0.32,0.1,0.1,0.0,0.0,0.0,-0.0,81.65723892430756,26.13031645577842,0.0,-26.13031645577842
2019-11-13 22:00:00,82.65326466680108,0.0,0.1,0.1,0.1,0.0,0.0,0.0,-0.0,82.65326466680108,8.265326466680108,0.0,-8.265326466680108
2019-11-13 23:00:00,80.88155817559428,0.0,0.1,0.1,0.1,0.0,0.0,0.0,-0.0,80.88155817559428,8.088155817559429,0.0,-8.088155817559429
2019-11-14 00:00:00,81.32587506733464,0.0,0.1,0.1,0.1,0.0,0.0,0.0,-0.0,81.32587506733464,8.132587506733463,0.0,-8.132587506733463
2019-11-14 01:00:00,78.78744771551865,0.0,0.1,0.1,0.1,0.0,0.0,0.0,-0.0,78.78744771551865,7.878744771551865,0.0,-7.878744771551865
2019-11-14 02:00:00,81.62785895352341,0.0,0.1,0.1,0.1,0.0,0.0,0.0,-0.0,81.62785895352341,8.162785895352341,0.0,-8.162785895352341
2019-11-14 03:00:00,82.74818418803419,0.0,0.1,0.1,0.1,0.0,0.0,0.0,-0.0,82.74818418803419,8.274818418803418,0.0,-8.274818418803418
2019-11-14 04:00:00,81.94653785980101,0.0,0.1,0.1,0.1,-0.0,-0.0,-0.0,0.0,81.94653785980101,8.194653785980101,0.0,-8.194653785980101
2019-11-14 05:00:00,79.51143352171448,0.0,0.1,0.1,0.42500000000000004,171.05263157894737,171.05263157894737,171.05263157894737,0.0,250.56406510066185,25.056406510066186,6.500000000000002,-31.55640651006619
2019-11-14 06:00:00,84.99646453832544,0.37716923076923076,0.1,0.42500000000000004,0.9,250.0,250.0,250.0,0.0,334.61929530755623,33.461929530755626,9.5,-42.961929530755626
2019-11-14 07:00:00,87.41534823884298,9.132399444444445,0.18,0.9,0.9,0.0,0.0,0.0,-0.0,78.28294879439854,14.090930782991736,0.0,-14.090930782991736
2019-11-14 08:00:00,90.74477078058288,52.01779666666667,0.18,0.9,0.9,0.0,0.0,0.0,-0.0,38.726974113916214,6.970855340504918,0.0,-6.970855340504918
2019-11-14 09:00:00,97.56666607286087,77.99791282051282,0.18,0.9,0.9,0.0,0.0,0.0,-0.0,19.568753252348046,3.522375585422648,0.0,-3.522375585422648
2019-11-14 10:00:00,103.22399362062212,90.15320833333334,0.18,0.9,0.9,0.0,0.0,0.0,-0.0,13.070785287288786,2.3527413517119813,0.0,-2.3527413517119813
2019-11-14 11:00:00,101.25158261653934,93.56169545454546,0.18,0.9,0.9,0.0,0.0,0.0,-0.0,7.68988716199388,1.3841796891588984,0.0,-1.3841796891588984
2019-11-14 12:00:00,98.81735996948717,80.89243307692308,0.18,0.9,0.9,0.0,0.0,0.0,-0.0,17.924926892564088,3.2264868406615355,0.0,-3.2264868406615355
2019-11-14 13:00:00,91.80125188289958,66.43029090909091,0.18,0.9,0.9,0.0,0.0,0.0,-0.0,25.370960973808664,4.566772975285559,0.0,-4.566772975285559
2019-11-14 14:00:00,94.19263459811727,46.956608787878785,0.18,0.9,0.9,0.0,0.0,0.0,-0.0,47.23602581023848,8.502484645842927,0.0,-8.502484645842927
2019-11-14 15:00:00,87.49240674869523,20.683118846153846,0.18,0.9,0.9,0.0,0.0,0.0,-0.0,66.80928790254139,12.025671822457449,0.0,-12.025671822457449
2019-11-14 16:00:00,82.91928823147775,6.487640617860852,0.32,0.9,0.7390912681818591,-76.4316476136169,-76.4316476136169,0.0,76.4316476136169,0.0,0.0,3.2181746363628183,-3.2181746363628183
2019-11-14 17:00:00,80.40728491259323,0.0,0.32,0.7390912681818591,0.5698127736290313,-80.40728491259323,-80.40728491259323,0.0,80.40728491259323,0.0,0.0,3.385569891056557,-3.385569891056557
2019-11-14 18:00:00,80.26516463149908,0.0,0.32,0.5698127736290313,0.40083347966798055,-80.26516463149908,-80.26516463149908,0.0,80.26516463149908,0.0,0.0,3.3795858792210143,-3.3795858792210143
2019-11-14 19:00:00,83.07649527629128,0.0,0.32,0.40083347966798055,0.22593559487578838,-83.07649527629128,-83.07649527629128,0.0,83.07649527629128,0.0,0.0,3.4979576958438434,-3.4979576958438434
2019-11-14 20:00:00,83.31713309525117,0.0,0.32,0.22593559487578838,0.1,-59.81940756599953,-59.81940756599947,0.0,59.81940756599947,23.497725529251696,7.519272169360542,2.518711897515767,-10.037984066876309
2019-11-14 21:00:00,77.99046565761412,0.0,0.32,0.1,0.1,0.0,0.0,0.0,-0.0,77.99046565761412,24.95694901043652,0.0,-24.95694901043652
2019-11-14 22:00:00,75.85573985645426,0.0,0.1,0.1,0.1,0.0,0.0,0.0,-0.0,75.85573985645426,7.585573985645427,0.0,-7.585573985645427
2019-11-14 23:00:00,73.9878244711592,0.0,0.1,0.1,0.1,0.0,0.0,0.0,-0.0,73.9878244711592,7.39878244711592,0.0,-7.39878244711592
2019-11-15 00:00:00,74.40288416021886,0.0,0.1,0.1,0.1,0.0,0.0,0.0,-0.0,74.40288416021886,7.440288416021886,0.0,-7.440288416021886
2019-11-15 01:00:00,75.27129716202943,0.0,0.1,0.1,0.1,0.0,0.0,0.0,-0.0,75.27129716202943,7.527129716202943,0.0,-7.527129716202943
2019-11-15 02:00:00,75.50706670526453,0.0,0.1,0.1,0.1,0.0,0.0,0.0,-0.0,75.50706670526453,7.550706670526454,0.0,-7.550706670526454
2019-11-15 03:00:00,73.30556568768552,0.0,0.1,0.1,0.1,0.0,0.0,0.0,-0.0,73.30556568768552,7.330556568768552,0.0,-7.330556568768552
2019-11-15 04:00:00,73.07865367426001,0.0,0.1,0.1,0.1,-0.0,-0.0,-0.0,0.0,73.07865367426001,7.307865367426001,0.0,-7.307865367426001
2019-11-15 05:00:00,72.96410121566758,0.0,0.1,0.1,0.42476535384517544,170.92913360272394,170.92913360272394,170.92913360272394,0.0,243.89323481839153,24.389323481839156,6.49530707690351,-30.884630558742664
2019-11-15 06:00:00,75.59898425173263,0.25234251138269825,0.1,0.42476535384517544,0.8997653538451754,250.0,250.0,250.0,0.0,325.3466417403499,32.534664174034994,9.5,-42.034664174034994
2019-11-15 07:00:00,85.29834276502082,24.275444444444446,0.18,0.8997653538451754,0.8997653538451754,0.0,0.0,0.0,-0.0,61.022898320576374,10.984121697703747,0.0,-10.984121697703747
2019-11-15 08:00:00,86.02194335545491,47.37386060606061,0.18,0.8997653538451754,0.8997653538451754,0.0,0.0,0.0,-0.0,38.6480827493943,6.956654894890973,0.0,-6.956654894890973
2019-11-15 09:00:00,93.04584100028296,75.76326666666667,0.18,0.8997653538451754,0.8997653538451754,0.0,0.0,0.0,-0.0,17.282574333616296,3.110863380050933,0.0,-3.110863380050933
2019-11-15 10:00:00,95.0366538007526,91.88602083333332,0.18,0.8997653538451754,0.8997653538451754,0.0,0.0,0.0,-0.0,3.150632967419284,0.5671139341354711,0.0,-0.5671139341354711
2019-11-15 11:00:00,96.08660353892802,96.2101015151515,0.18,0.8997653538451754,0.9,0.12349797622349001,0.12349797622347507,0.12349797622347507,0.0,-1.494637746901617e-14,0.0,0.004692923096492052,-0.004692923096492052
2019-11-15 12:00:00,94.15058260025837,91.71217307692307,0.18,0.9,0.9,0.0,0.0,0.0,-0.0,2.4384095233353094,0.4389137142003557,0.0,-0.4389137142003557
2019-11-15 13:00:00,97.11035494676207,77.45240833333334,0.18,0.9,0.9,0.0,0.0,0.0,-0.0,19.657946613428734,3.538430390417172,0.0,-3.538430390417172
2019-11-15 14:00:00,93.04393960169168,55.541003030303024,0.18,0.9,0.9,0.0,0.0,0.0,-0.0,37.50293657138865,6.750528582849957,0.0,-6.750528582849957
2019-11-15 15:00:00,92.08964183355032,27.162114999999996,0.18,0.9,0.9,0.0,0.0,0.0,-0.0,64.92752683355032,11.686954830039056,0.0,-11.686954830039056
2019-11-15 16:00:00,85.81293476834658,4.387898456645898,0.32,0.9,0.7285788709227354,-81.42503631170068,-81.42503631170068,0.0,81.42503631170068,0.0,0.0,3.428422581545292,-3.428422581545292
2019-11-15 17:00:00,86.08349163891714,0.0,0.32,0.7285788709227354,0.5473504674723836,-86.08349163891714,-86.08349163891714,0.0,86.08349163891714,0.0,0.0,3.624568069007037,-3.624568069007037
2019-11-15 18:00:00,86.73117675401194,0.0,0.32,0.5473504674723836,0.4657828535444558,-38.74461661576569,-38.74461661576569,0.0,38.74461661576569,47.98656013824625,15.3556992442388,1.6313522785585555,-16.987051522797355
2019-11-15 19:00:00,86.12843003601101,0.0,0.32,0.4657828535444558,0.2844598429423274,-86.12843003601101,-86.12843003601101,0.0,86.12843003601101,0.0,0.0,3.626460212042568,-3.626460212042568
2019-11-15 20:00:00,87.61842539760549,0.0,0.32,0.2844598429423274,0.10000000000000006,-87.61842539760549,-87.61842539760549,0.0,87.61842539760549,0.0,0.0,3.6891968588465467,-3.6891968588465467
2019-11-15 21:00:00,81.7825231483892,0.0,0.32,0.10000000000000006,0.10000000000000006,0.0,0.0,0.0,-0.0,81.7825231483892,26.170407407484547,0.0,-26.170407407484547
2019-11-15 22:00:00,78.12858900272944,0.0,0.1,0.10000000000000006,0.10000000000000006,0.0,0.0,0.0,-0.0,78.12858900272944,7.8128589002729445,0.0,-7.8128589002729445
2019-11-15 23:00:00,77.26059422551849,0.0,0.1,0.10000000000000006,0.10000000000000006,0.0,0.0,0.0,-0.0,77.26059422551849,7.726059422551849,0.0,-7.726059422551849
2019-11-16 00:00:00,75.73665496124681,0.0,0.12,0.10000000000000006,0.10000000000000006,0.0,0.0,0.0,-0.0,75.73665496124681,9.088398595349616,0.0,-9.088398595349616
2019-11-16 01:00:00,74.85252141238529,0.0,0.12,0.10000000000000006,0.10000000000000006,0.0,0.0,0.0,-0.0,74.85252141238529,8.982302569486235,0.0,-8.982302569486235
2019-11-16 02:00:00,75.79177326209816,0.0,0.12,0.10000000000000006,0.10000000000000006,0.0,0.0,0.0,-0.0,75.79177326209816,9.09501279145178,0.0,-9.09501279145178
2019-11-16 03:00:00,78.5713255598772,0.0,0.12,0.10000000000000006,0.10000000000000006,0.0,0.0,0.0,-0.0,78.5713255598772,9.428559067185263,0.0,-9.428559067185263
2019-11-16 04:00:00,77.29046551195746,0.0,0.12,0.10000000000000006,0.10000000000000006,0.0,0.0,0.0,-0.0,77.29046551195746,9.274855861434895,0.0,-9.274855861434895
2019-11-16 05:00:00,74.71136921442039,0.0,0.12,0.10000000000000006,0.10000000000000006,0.0,0.0,0.0,-0.0,74.71136921442039,8.965364305730446,0.0,-8.965364305730446
2019-11-16 06:00:00,75.95738488567862,0.3346692547328062,0.12,0.10000000000000006,0.10000000000000006,0.0,0.0,0.0,-0.0,75.62271563094582,9.074725875713497,0.0,-9.074725875713497
2019-11-16 07:00:00,75.81053057563956,14.490448611111113,0.12,0.10000000000000006,0.10000000000000006,0.0,0.0,0.0,-0.0,61.32008196452845,7.358409835743413,0.0,-7.358409835743413
2019-11-16 08:00:00,83.68217735839907,54.550940909090905,0.12,0.10000000000000006,0.10000000000000006,0.0,0.0,0.0,-0.0,29.13123644930817,3.4957483739169803,0.0,-3.4957483739169803
2019-11-16 09:00:00,85.77754759772053,78.27656442307692,0.12,0.10000000000000006,0.10000000000000006,0.0,0.0,0.0,-0.0,7.500983174643608,0.9001179809572329,0.0,-0.9001179809572329
2019-11-16 10:00:00,90.45326217467134,93.3473861111111,0.12,0.10000000000000006,0.10549883547923562,2.894123936439769,2.894123936439769,2.894123936439769,0.0,0.0,0.0,0.10997670958471123,-0.10997670958471123
2019-11-16 11:00:00,91.54132337294696,98.47514848484848,0.12,0.10549883547923562,0.1186731031918485,6.933825111901513,6.933825111901513,6.933825111901513,0.0,0.0,0.0,0.2634853542522575,-0.2634853542522575
2019-11-16 12:00:00,92.61178004665814,93.27504615384616,0.12,0.1186731031918485,0.11993330879550573,0.6632661071880221,0.6632661071880221,0.6632661071880221,0.0,0.0,0.0,0.025204112073144713,-0.025204112073144713
2019-11-16 13:00:00,88.0382487286448,73.4151611111111,0.12,0.11993330879550573,0.11993330879550573,0.0,0.0,0.0,-0.0,14.623087617533699,1.7547705141040437,0.0,-1.7547705141040437
2019-11-16 14:00:00,87.23630305100023,46.82815090909091,0.12,0.11993330879550573,0.11993330879550573,0.0,0.0,0.0,-0.0,40.408152141909326,4.848978257029119,0.0,-4.848978257029119
2019-11-16 15:00:00,81.50902736569562,18.412868461538462,0.12,0.11993330879550573,0.11993330879550573,0.0,0.0,0.0,-0.0,63.09615890415715,7.571539068498858,0.0,-7.571539068498858
2019-11-16 16:00:00,80.16329991275629,4.495949017393563,0.12,0.11993330879550573,0.11993330879550573,0.0,0.0,0.0,-0.0,75.66735089536273,9.080082107443527,0.0,-9.080082107443527
2019-11-16 17:00:00,78.6457407437818,0.01860096290002832,0.12,0.11993330879550573,0.11993330879550573,0.0,0.0,0.0,-0.0,78.62713978088178,9.435256773705813,0.0,-9.435256773705813
2019-11-16 18:00:00,78.76926137991147,0.0,0.12,0.11993330879550573,0.11993330879550573,0.0,0.0,0.0,-0.0,78.76926137991147,9.452311365589376,0.0,-9.452311365589376
2019-11-16 19:00:00,80.62075004550563,0.0,0.12,0.11993330879550573,0.11993330879550573,0.0,0.0,0.0,-0.0,80.62075004550563,9.674490005460676,0.0,-9.674490005460676
2019-11-16 20:00:00,79.2869370665146,0.0,0.12,0.11993330879550573,0.11993330879550573,0.0,0.0,0.0,-0.0,79.2869370665146,9.51443244798175,0.0,-9.51443244798175
2019-11-16 21:00:00,80.59676825236455,0.0,0.12,0.11993330879550573,0.11993330879550573,0.0,0.0,0.0,-0.0,80.59676825236455,9.671612190283746,0.0,-9.671612190283746
2019-11-16 22:00:00,79.99378005533872,0.0,0.12,0.11993330879550573,0.11993330879550573,0.0,0.0,0.0,-0.0,79.99378005533872,9.599253606640646,0.0,-9.599253606640646
2019-11-16 23:00:00,77.73115001692605,0.0,0.12,0.11993330879550573,0.11993330879550573,0.0,0.0,0.0,-0.0,77.73115001692605,9.327738002031126,0.0,-9.327738002031126
2019-11-17 00:00:00,78.02317893120727,0.0,0.12,0.11993330879550573,0.11993330879550573,0.0,0.0,0.0,-0.0,78.02317893120727,9.362781471744873,0.0,-9.362781471744873
2019-11-17 01:00:00,78.60205043957323,0.0,0.12,0.11993330879550573,0.11993330879550573,0.0,0.0,0.0,-0.0,78.60205043957323,9.432246052748788,0.0,-9.432246052748788
2019-11-17 02:00:00,76.69393289942678,0.0,0.12,0.11993330879550573,0.11993330879550573,0.0,0.0,0.0,-0.0,76.69393289942678,9.203271947931214,0.0,-9.203271947931214
2019-11-17 03:00:00,75.93429241090742,0.0,0.12,0.11993330879550573,0.11993330879550573,0.0,0.0,0.0,-0.0,75.93429241090742,9.11211508930889,0.0,-9.11211508930889
2019-11-17 04:00:00,78.27508282617387,0.0,0.12,0.11993330879550573,0.11993330879550573,0.0,0.0,0.0,-0.0,78.27508282617387,9.393009939140864,0.0,-9.393009939140864
2019-11-17 05:00:00,77.39145711220303,0.0,0.12,0.11993330879550573,0.11993330879550573,0.0,0.0,0.0,-0.0,77.39145711220303,9.286974853464363,0.0,-9.286974853464363
2019-11-17 06:00:00,77.54540889516284,0.3032467768991134,0.12,0.11993330879550573,0.11993330879550573,0.0,0.0,0.0,-0.0,77.24216211826372,9.269059454191646,0.0,-9.269059454191646
2019-11-17 07:00:00,76.40973482307949,16.774135277777777,0.12,0.11993330879550573,0.11993330879550573,0.0,0.0,0.0,-0.0,59.635599545301716,7.156271945436206,0.0,-7.156271945436206
2019-11-17 08:00:00,79.24954902802764,49.705600000000004,0.12,0.11993330879550573,0.11993330879550573,0.0,0.0,0.0,-0.0,29.54394902802764,3.5452738833633166,0.0,-3.5452738833633166
2019-11-17 09:00:00,84.68197787627918,74.73883461538462,0.12,0.11993330879550573,0.11993330879550573,0.0,0.0,0.0,-0.0,9.943143260894558,1.193177191307347,0.0,-1.193177191307347
2019-11-17 10:00:00,87.21880450702575,89.925525,0.12,0.11993330879550573,0.1250760777321568,2.7067204929742417,2.7067204929742417,2.7067204929742417,0.0,0.0,0.0,0.10285537873302109,-0.10285537873302109
2019-11-17 11:00:00,85.73952001108016,94.28544545454544,0.12,0.1250760777321568,0.1413133360747408,8.54592544346528,8.54592544346528,8.54592544346528,0.0,0.0,0.0,0.3247451668516804,-0.3247451668516804
2019-11-17 12:00:00,86.00911496081466,90.73013846153846,0.12,0.1413133360747408,0.15028328072611602,4.721023500723803,4.721023500723803,4.721023500723803,0.0,0.0,0.0,0.17939889302750422,-0.17939889302750422
2019-11-17 13:00:00,85.7324939419813,76.53304166666668,0.12,0.15028328072611602,0.15028328072611602,0.0,0.0,0.0,-0.0,9.199452275314627,1.1039342730377553,0.0,-1.1039342730377553
2019-11-17 14:00:00,84.0248403239196,55.443060606060605,0.12,0.15028328072611602,0.15028328072611602,0.0,0.0,0.0,-0.0,28.581779717859,3.4298135661430798,0.0,-3.4298135661430798
2019-11-17 15:00:00,79.72542236999756,26.873382564102563,0.12,0.15028328072611602,0.15028328072611602,0.0,0.0,0.0,-0.0,52.852039805895,6.3422447767074,0.0,-6.3422447767074
2019-11-17 16:00:00,79.25445126272105,4.012455417964694,0.12,0.15028328072611602,0.15028328072611602,0.0,0.0,0.0,-0.0,75.24199584475636,9.029039501370763,0.0,-9.029039501370763
2019-11-17 17:00:00,80.18670068566584,0.0,0.12,0.15028328072611602,0.15028328072611602,0.0,0.0,0.0,-0.0,80.18670068566584,9.6224040822799,0.0,-9.6224040822799
2019-11-17 18:00:00,78.0992434812363,0.0,0.12,0.15028328072611602,0.15028328072611602,0.0,0.0,0.0,-0.0,78.0992434812363,9.371909217748355,0.0,-9.371909217748355
2019-11-17 19:00:00,81.75885504244796,0.0,0.12,0.15028328072611602,0.15028328072611602,0.0,0.0,0.0,-0.0,81.75885504244796,9.811062605093754,0.0,-9.811062605093754
2019-11-17 20:00:00,77.20333820277448,0.0,0.12,0.15028328072611602,0.15028328072611602,0.0,0.0,0.0,-0.0,77.20333820277448,9.264400584332936,0.0,-9.264400584332936
2019-11-17 21:00:00,82.2802972242219,0.0,0.12,0.15028328072611602,0.15028328072611602,0.0,0.0,0.0,-0.0,82.2802972242219,9.873635666906628,0.0,-9.873635666906628
2019-11-17 22:00:00,79.23636362005617,0.0,0.12,0.15028328072611602,0.15028328072611602,0.0,0.0,0.0,-0.0,79.23636362005617,9.50836363440674,0.0,-9.50836363440674
2019-11-17 23:00:00,80.11020492707581,0.0,0.12,0.15028328072611602,0.15028328072611602,0.0,0.0,0.0,-0.0,80.11020492707581,9.613224591249097,0.0,-9.613224591249097
2019-11-18 00:00:00,77.78897075000677,0.0,0.1,0.15028328072611602,0.15028328072611602,0.0,0.0,0.0,-0.0,77.78897075000677,7.778897075000677,0.0,-7.778897075000677
2019-11-18 01:00:00,77.42964118753558,0.0,0.1,0.15028328072611602,0.15028328072611602,0.0,0.0,0.0,-0.0,77.42964118753558,7.742964118753559,0.0,-7.742964118753559
2019-11-18 02:00:00,79.5777151522198,0.0,0.1,0.15028328072611602,0.15028328072611602,0.0,0.0,0.0,-0.0,79.5777151522198,7.95777151522198,0.0,-7.95777151522198
2019-11-18 03:00:00,77.92504086500804,0.0,0.1,0.15028328072611602,0.15028328072611602,0.0,0.0,0.0,-0.0,77.92504086500804,7.792504086500805,0.0,-7.792504086500805
2019-11-18 04:00:00,77.08572409148931,0.0,0.1,0.15028328072611602,0.15028328072611602,0.0,0.0,0.0,-0.0,77.08572409148931,7.708572409148932,0.0,-7.708572409148932
2019-11-18 05:00:00,77.13523773832225,0.0,0.1,0.15028328072611602,0.6252832807261159,250.0,250.0,250.0,0.0,327.13523773832225,32.71352377383223,9.499999999999998,-42.21352377383223
2019-11-18 06:00:00,83.470549244164,0.4718615384615385,0.1,0.6252832807261159,0.8999999999999999,144.58774698625473,144.58774698625473,144.58774698625473,0.0,227.5864346919572,22.75864346919572,5.494334385477679,-28.2529778546734
2019-11-18 07:00:00,85.14885228341626,17.76621611111111,0.18,0.8999999999999999,0.8999999999999999,0.0,0.0,0.0,-0.0,67.38263617230515,12.128874511014928,0.0,-12.128874511014928
2019-11-18 08:00:00,89.0855831989884,49.832159090909094,0.18,0.8999999999999999,0.8999999999999999,0.0,0.0,0.0,-0.0,39.25342410807931,7.065616339454275,0.0,-7.065616339454275
2019-11-18 09:00:00,91.74975845260802,75.26112692307692,0.18,0.8999999999999999,0.8999999999999999,0.0,0.0,0.0,-0.0,16.488631529531105,2.9679536753155986,0.0,-2.9679536753155986
2019-11-18 10:00:00,96.31656360994492,89.64190416666668,0.18,0.8999999999999999,0.8999999999999999,0.0,0.0,0.0,-0.0,6.6746594432782445,1.2014386997900839,0.0,-1.2014386997900839
2019-11-18 11:00:00,94.87614355055189,94.31133636363637,0.18,0.8999999999999999,0.8999999999999999,0.0,0.0,0.0,-0.0,0.564807186915516,0.10166529364479288,0.0,-0.10166529364479288
2019-11-18 12:00:00,98.24531440310653,89.7652858974359,0.18,0.8999999999999999,0.8999999999999999,0.0,0.0,0.0,-0.0,8.480028505670631,1.5264051310207136,0.0,-1.5264051310207136
2019-11-18 13:00:00,92.07480976081139,76.2546,0.18,0.8999999999999999,0.8999999999999999,0.0,0.0,0.0,-0.0,15.820209760811395,2.847637756946051,0.0,-2.847637756946051
2019-11-18 14:00:00,93.32665389483485,54.576159090909094,0.18,0.8999999999999999,0.8999999999999999,0.0,0.0,0.0,-0.0,38.750494803925754,6.975089064706635,0.0,-6.975089064706635
2019-11-18 15:00:00,89.10770957556507,25.90291153846153,0.18,0.8999999999999999,0.8999999999999999,0.0,0.0,0.0,-0.0,63.20479803710354,11.376863646678636,0.0,-11.376863646678636
2019-11-18 16:00:00,83.98694650417343,4.070061107866044,0.32,0.8999999999999999,0.731753925481458,-79.91688539630739,-79.91688539630739,0.0,79.91688539630739,0.0,0.0,3.364921490370838,-3.364921490370838
2019-11-18 17:00:00,82.33577441239937,0.0,0.32,0.731753925481458,0.5584154530343014,-82.33577441239937,-82.33577441239937,0.0,82.33577441239937,0.0,0.0,3.466769448943132,-3.466769448943132
2019-11-18 18:00:00,80.8547988227971,0.0,0.32,0.5584154530343014,0.45873835365149906,-47.34662220683112,-47.34662220683112,0.0,47.34662220683112,33.50817661596597,10.722616517109111,1.9935419876560467,-12.716158504765158
2019-11-18 19:00:00,84.93316037672982,0.0,0.32,0.45873835365149906,0.2799317002268047,-84.93316037672982,-84.93316037672982,0.0,84.93316037672982,0.0,0.0,3.5761330684938875,-3.5761330684938875
2019-11-18 20:00:00,85.46755760773227,0.0,0.32,0.2799317002268047,0.10000000000000003,-85.46755760773227,-85.46755760773222,0.0,85.46755760773222,5.684341886080802e-14,1.8189894035458565e-14,3.598634004536093,-3.598634004536111
2019-11-18 21:00:00,79.37051798942178,0.0,0.32,0.10000000000000003,0.10000000000000003,0.0,0.0,0.0,-0.0,79.37051798942178,25.39856575661497,0.0,-25.39856575661497
2019-11-18 22:00:00,77.02769261748143,0.0,0.1,0.10000000000000003,0.10000000000000003,0.0,0.0,0.0,-0.0,77.02769261748143,7.702769261748144,0.0,-7.702769261748144
2019-11-18 23:00:00,77.8393796227321,0.0,0.1,0.10000000000000003,0.10000000000000003,0.0,0.0,0.0,-0.0,77.8393796227321,7.78393796227321,0.0,-7.78393796227321
2019-11-19 00:00:00,77.80610544899307,0.0,0.1,0.10000000000000003,0.10000000000000003,0.0,0.0,0.0,-0.0,77.80610544899307,7.780610544899307,0.0,-7.780610544899307
2019-11-19 01:00:00,78.71542124613033,0.0,0.1,0.10000000000000003,0.10000000000000003,0.0,0.0,0.0,-0.0,78.71542124613033,7.8715421246130335,0.0,-7.8715421246130335
2019-11-19 02:00:00,76.04970494358383,0.0,0.1,0.10000000000000003,0.10000000000000003,0.0,0.0,0.0,-0.0,76.04970494358383,7.604970494358383,0.0,-7.604970494358383
2019-11-19 03:00:00,77.20957240362124,0.0,0.1,0.10000000000000003,0.10000000000000003,0.0,0.0,0.0,-0.0,77.20957240362124,7.720957240362124,0.0,-7.720957240362124
2019-11-19 04:00:00,77.09442348103317,0.0,0.1,0.10000000000000003,0.10000000000000003,0.0,0.0,0.0,-0.0,77.09442348103317,7.709442348103318,0.0,-7.709442348103318
2019-11-19 05:00:00,81.17848423096933,0.0,0.1,0.10000000000000003,0.4250000000000001,171.0526315789474,171.0526315789474,171.0526315789474,0.0,252.23111580991673,25.223111580991674,6.500000000000002,-31.723111580991677
2019-11-19 06:00:00,78.5014342827464,0.06295710520009587,0.1,0.4250000000000001,0.9,250.0,249.99999999999997,249.99999999999997,0.0,328.43847717754625,32.84384771775463,9.499999999999998,-42.34384771775463
2019-11-19 07:00:00,80.6491579442065,17.27519458333333,0.18,0.9,0.9,0.0,0.0,0.0,-0.0,63.37396336087316,11.407313404957169,0.0,-11.407313404957169
2019-11-19 08:00:00,85.03451427208843,48.87889545454546,0.18,0.9,0.9,0.0,0.0,0.0,-0.0,36.15561881754297,6.508011387157735,0.0,-6.508011387157735
2019-11-19 09:00:00,90.88733697968698,73.48926666666668,0.18,0.9,0.9,0.0,0.0,0.0,-0.0,17.3980703130203,3.1316526563436535,0.0,-3.1316526563436535
2019-11-19 10:00:00,95.41991125784158,87.215125,0.18,0.9,0.9,0.0,0.0,0.0,-0.0,8.204786257841576,1.4768615264114837,0.0,-1.4768615264114837
2019-11-19 11:00:00,98.09287215498435,92.47559545454546,0.18,0.9,0.9,0.0,0.0,0.0,-0.0,5.617276700438893,1.0111098060790007,0.0,-1.0111098060790007
2019-11-19 12:00:00,103.0526706457751,88.17678846153846,0.18,0.9,0.9,0.0,0.0,0.0,-0.0,14.87588218423663,2.6776587931625935,0.0,-2.6776587931625935
2019-11-19 13:00:00,102.66322809707607,72.90387222222223,0.18,0.9,0.9,0.0,0.0,0.0,-0.0,29.75935587485384,5.356684057473691,0.0,-5.356684057473691
2019-11-19 14:00:00,99.29202345009183,51.99290454545455,0.18,0.9,0.9,0.0,0.0,0.0,-0.0,47.29911890463728,8.51384140283471,0.0,-8.51384140283471
2019-11-19 15:00:00,94.84029954931451,24.09385064102564,0.18,0.9,0.9,0.0,0.0,0.0,-0.0,70.74644890828887,12.734360803491995,0.0,-12.734360803491995
2019-11-19 16:00:00,88.98618152337211,3.496168124350986,0.32,0.9,0.7200210244231134,-85.49001339902112,-85.49001339902112,0.0,85.49001339902112,0.0,0.0,3.5995795115377316,-3.5995795115377316
2019-11-19 17:00:00,87.10507368010013,0.0,0.32,0.7200210244231134,0.5366419219386921,-87.10507368010013,-87.10507368010013,0.0,87.10507368010013,0.0,0.0,3.667582049688427,-3.667582049688427
2019-11-19 18:00:00,86.5064141887492,0.0,0.32,0.5366419219386921,0.3545231552255359,-86.5064141887492,-86.5064141887492,0.0,86.5064141887492,0.0,0.0,3.6423753342631238,-3.6423753342631238
2019-11-19 19:00:00,84.88935080657565,0.0,0.32,0.3545231552255359,0.2723175953407926,-39.04764094525308,-39.04764094525308,0.0,39.04764094525308,45.84170986132257,14.669347155623223,1.6441111976948664,-16.31345835331809
2019-11-19 20:00:00,81.85085778687647,0.0,0.32,0.2723175953407926,0.10000000000000003,-81.85085778687647,-81.85085778687646,0.0,81.85085778687646,1.4210854715202004e-14,4.547473508864641e-15,3.446351906815851,-3.4463519068158552
2019-11-19 21:00:00,83.03422340249752,0.0,0.32,0.10000000000000003,0.10000000000000003,0.0,0.0,0.0,-0.0,83.03422340249752,26.570951488799206,0.0,-26.570951488799206
2019-11-19 22:00:00,81.5763961397862,0.0,0.1,0.10000000000000003,0.10000000000000003,0.0,0.0,0.0,-0.0,81.5763961397862,8.15763961397862,0.0,-8.15763961397862
2019-11-19 23:00:00,78.99594800063797,0.0,0.1,0.10000000000000003,0.10000000000000003,0.0,0.0,0.0,-0.0,78.99594800063797,7.899594800063797,0.0,-7.899594800063797
2019-11-20 00:00:00,76.55688095801499,0.0,0.1,0.10000000000000003,0.10000000000000003,0.0,0.0,0.0,-0.0,76.55688095801499,7.655688095801499,0.0,-7.655688095801499
2019-11-20 01:00:00,77.54769204734731,0.0,0.1,0.10000000000000003,0.10000000000000003,0.0,0.0,0.0,-0.0,77.54769204734731,7.754769204734732,0.0,-7.754769204734732
2019-11-20 02:00:00,77.97081424888123,0.0,0.1,0.10000000000000003,0.10000000000000003,0.0,0.0,0.0,-0.0,77.97081424888123,7.797081424888123,0.0,-7.797081424888123
2019-11-20 03:00:00,80.30973231859512,0.0,0.1,0.10000000000000003,0.10000000000000003,0.0,0.0,0.0,-0.0,80.30973231859512,8.030973231859512,0.0,-8.030973231859512
2019-11-20 04:00:00,77.15521509310413,0.0,0.1,0.10000000000000003,0.10000000000000003,0.0,0.0,0.0,-0.0,77.15521509310413,7.715521509310413,0.0,-7.715521509310413
2019-11-20 05:00:00,77.41272011059756,0.0,0.1,0.10000000000000003,0.4250000000000001,171.0526315789474,171.0526315789474,171.0526315789474,0.0,248.46535168954495,24.846535168954496,6.500000000000002,-31.346535168954496
2019-11-20 06:00:00,82.75715969506746,0.027543733525041938,0.1,0.4250000000000001,0.9,250.0,249.99999999999997,249.99999999999997,0.0,332.7296159615424,33.27296159615424,9.499999999999998,-42.77296159615424
2019-11-20 07:00:00,91.40618417096645,3.6030541666666664,0.18,0.9,0.9,0.0,0.0,0.0,-0.0,87.80313000429979,15.804563400773961,0.0,-15.804563400773961
2019-11-20 08:00:00,96.9291396803163,13.110807575757576,0.18,0.9,0.9,0.0,0.0,0.0,-0.0,83.81833210455872,15.087299778820569,0.0,-15.087299778820569
2019-11-20 09:00:00,122.95539605878062,54.964920769230766,0.18,0.9,0.9,0.0,0.0,0.0,-0.0,67.99047528954986,12.238285552118976,0.0,-12.238285552118976
2019-11-20 10:00:00,101.85757191475693,72.22890416666667,0.18,0.9,0.9,0.0,0.0,0.0,-0.0,29.628667748090265,5.333160194656248,0.0,-5.333160194656248
2019-11-20 11:00:00,100.0512305317768,96.12459545454546,0.18,0.9,0.9,0.0,0.0,0.0,-0.0,3.9266350772313388,0.7067943139016409,0.0,-0.7067943139016409
2019-11-20 12:00:00,105.11329372536458,92.71479615384615,0.18,0.9,0.9,0.0,0.0,0.0,-0.0,12.398497571518433,2.231729562873318,0.0,-2.231729562873318
2019-11-20 13:00:00,101.203931461935,77.45743611111111,0.18,0.9,0.9,0.0,0.0,0.0,-0.0,23.746495350823892,4.2743691631483,0.0,-4.2743691631483
2019-11-20 14:00:00,100.15003818475758,53.79532666666666,0.18,0.9,0.9,0.0,0.0,0.0,-0.0,46.354711518090916,8.343848073256364,0.0,-8.343848073256364
2019-11-20 15:00:00,97.87894055389414,24.696273205128207,0.18,0.9,0.9,0.0,0.0,0.0,-0.0,73.18266734876593,13.172880122777867,0.0,-13.172880122777867
2019-11-20 16:00:00,92.49989752607259,4.434473582554517,0.32,0.9,0.7145991074873304,-88.06542394351807,-88.06542394351807,0.0,88.06542394351807,0.0,0.0,3.7080178502533934,-3.7080178502533934
2019-11-20 17:00:00,87.05994861222133,0.0,0.32,0.7145991074873304,0.5313150051458118,-87.05994861222133,-87.05994861222133,0.0,87.05994861222133,0.0,0.0,3.665682046830372,-3.665682046830372
2019-11-20 18:00:00,88.32046440327636,0.0,0.32,0.5313150051458118,0.3453771853494405,-88.32046440327636,-88.32046440327636,0.0,88.32046440327636,0.0,0.0,3.718756395927425,-3.718756395927425
2019-11-20 19:00:00,91.24738535855498,0.0,0.32,0.3453771853494405,0.1532774266998511,-91.24738535855498,-91.24738535855498,0.0,91.24738535855498,0.0,0.0,3.8419951729917883,-3.8419951729917883
2019-11-20 20:00:00,92.81525143561471,0.0,0.32,0.1532774266998511,0.1,-25.306777682429264,-25.306777682429264,0.0,25.306777682429264,67.50847375318546,21.602711601019347,1.0655485339970217,-22.668260135016368
2019-11-20 21:00:00,85.8297450093666,0.0,0.32,0.1,0.1,0.0,0.0,0.0,-0.0,85.8297450093666,27.465518402997315,0.0,-27.465518402997315
2019-11-20 22:00:00,82.95948052111274,0.0,0.1,0.1,0.1,0.0,0.0,0.0,-0.0,82.95948052111274,8.295948052111275,0.0,-8.295948052111275
2019-11-20 23:00:00,83.36054928622966,0.0,0.1,0.1,0.1,0.0,0.0,0.0,-0.0,83.36054928622966,8.336054928622966,0.0,-8.336054928622966
2019-11-21 00:00:00,83.83309269500903,0.0,0.1,0.1,0.1,0.0,0.0,0.0,-0.0,83.83309269500903,8.383309269500904,0.0,-8.383309269500904
2019-11-21 01:00:00,83.46476121227936,0.0,0.1,0.1,0.1,0.0,0.0,0.0,-0.0,83.46476121227936,8.346476121227935,0.0,-8.346476121227935
2019-11-21 02:00:00,82.70610845535127,0.0,0.1,0.1,0.1,0.0,0.0,0.0,-0.0,82.70610845535127,8.270610845535128,0.0,-8.270610845535128
2019-11-21 03:00:00,83.96126522826151,0.0,0.1,0.1,0.1,0.0,0.0,0.0,-0.0,83.96126522826151,8.396126522826151,0.0,-8.396126522826151
2019-11-21 04:00:00,85.65082551312503,0.0,0.1,0.1,0.1,-0.0,-0.0,-0.0,0.0,85.65082551312503,8.565082551312504,0.0,-8.565082551312504
2019-11-21 05:00:00,84.8796767004044,0.0,0.1,0.1,0.42500000000000004,171.0526315789474,171.0526315789474,171.0526315789474,0.0,255.9323082793518,25.59323082793518,6.500000000000002,-32.09323082793518
2019-11-21 06:00:00,79.76062814063314,0.08459861011262881,0.1,0.42500000000000004,0.9,250.0,250.0,250.0,0.0,329.6760295305205,32.96760295305205,9.5,-42.46760295305205
2019-11-21 07:00:00,84.0983071090231,14.937960046728973,0.18,0.9,0.9,0.0,0.0,0.0,-0.0,69.16034706229412,12.44886247121294,0.0,-12.44886247121294
2019-11-21 08:00:00,87.73951635391923,46.76394848484848,0.18,0.9,0.9,0.0,0.0,0.0,-0.0,40.97556786907075,7.375602216432735,0.0,-7.375602216432735
2019-11-21 09:00:00,100.17845660305771,69.77742692307692,0.18,0.9,0.9,0.0,0.0,0.0,-0.0,30.401029679980795,5.472185342396543,0.0,-5.472185342396543
2019-11-21 10:00:00,139.1279936793588,85.59924583333333,0.18,0.9,0.9,0.0,0.0,0.0,-0.0,53.52874784602548,9.635174612284587,0.0,-9.635174612284587
2019-11-21 11:00:00,138.5673317879691,91.23287954545455,0.18,0.9,0.9,0.0,0.0,0.0,-0.0,47.334452242514544,8.520201403652617,0.0,-8.520201403652617
2019-11-21 12:00:00,99.23993372847806,87.01285384615386,0.18,0.9,0.9,0.0,0.0,0.0,-0.0,12.227079882324205,2.200874378818357,0.0,-2.200874378818357
2019-11-21 13:00:00,108.36461176843115,72.92415277777778,0.18,0.9,0.9,0.0,0.0,0.0,-0.0,35.44045899065337,6.379282618317606,0.0,-6.379282618317606
2019-11-21 14:00:00,98.51412955962769,51.537640909090904,0.18,0.9,0.9,0.0,0.0,0.0,-0.0,46.97648865053679,8.455767957096622,0.0,-8.455767957096622
2019-11-21 15:00:00,91.64364505227876,23.74836256410256,0.18,0.9,0.9,0.0,0.0,0.0,-0.0,67.89528248817619,12.221150847871714,0.0,-12.221150847871714
2019-11-21 16:00:00,89.45069443978416,3.9694116874350995,0.32,0.9,0.7200394047318968,-85.48128275234906,-85.48128275234906,0.0,85.48128275234906,0.0,0.0,3.5992119053620653,-3.5992119053620653
2019-11-21 17:00:00,84.87573116971711,0.0,0.32,0.7200394047318968,0.5413536549009134,-84.87573116971711,-84.87573116971711,0.0,84.87573116971711,0.0,0.0,3.573714996619668,-3.573714996619668
2019-11-21 18:00:00,83.68330392097481,0.0,0.32,0.5413536549009134,0.3651782782251769,-83.68330392097481,-83.68330392097481,0.0,83.68330392097481,0.0,0.0,3.5235075335147292,-3.5235075335147292
2019-11-21 19:00:00,83.67259271274152,0.0,0.32,0.3651782782251769,0.18902545146151054,-83.67259271274152,-83.67259271274152,0.0,83.67259271274152,0.0,0.0,3.5230565352733274,-3.5230565352733274
2019-11-21 20:00:00,86.747419566006,0.0,0.32,0.18902545146151054,0.18902545146151054,0.0,0.0,0.0,-0.0,86.747419566006,27.75917426112192,0.0,-27.75917426112192
2019-11-21 21:00:00,82.33291334009365,0.0,0.32,0.18902545146151054,0.1,-42.287089444217514,-42.2870894442175,0.0,42.2870894442175,40.045823895876154,12.81466364668037,1.7805090292302106,-14.595172675910579
2019-11-21 22:00:00,79.8727032339956,0.0,0.1,0.1,0.1,0.0,0.0,0.0,-0.0,79.8727032339956,7.98727032339956,0.0,-7.98727032339956
2019-11-21 23:00:00,78.88955421951052,0.0,0.1,0.1,0.1,0.0,0.0,0.0,-0.0,78.88955421951052,7.888955421951052,0.0,-7.888955421951052
2019-11-22 00:00:00,77.36339667075451,0.0,0.1,0.1,0.1,0.0,0.0,0.0,-0.0,77.36339667075451,7.736339667075452,0.0,-7.736339667075452
2019-11-22 01:00:00,78.92654251119963,0.0,0.1,0.1,0.1,0.0,0.0,0.0,-0.0,78.92654251119963,7.892654251119963,0.0,-7.892654251119963
2019-11-22 02:00:00,80.93092956560918,0.0,0.1,0.1,0.1,0.0,0.0,0.0,-0.0,80.93092956560918,8.093092956560918,0.0,-8.093092956560918
2019-11-22 03:00:00,80.01827283166212,0.0,0.1,0.1,0.1,0.0,0.0,0.0,-0.0,80.01827283166212,8.001827283166213,0.0,-8.001827283166213
2019-11-22 04:00:00,77.91560483045194,0.0,0.1,0.1,0.1,0.0,0.0,0.0,-0.0,77.91560483045194,7.7915604830451946,0.0,-7.7915604830451946
2019-11-22 05:00:00,82.71455373450672,0.0,0.1,0.1,0.575,250.0,250.0,250.0,0.0,332.7145537345067,33.27145537345067,9.5,-42.77145537345067
2019-11-22 06:00:00,82.48386769901904,0.03934819075005991,0.1,0.575,0.9,171.0526315789474,171.0526315789474,171.0526315789474,0.0,253.49715108721637,25.34971510872164,6.500000000000002,-31.84971510872164
2019-11-22 07:00:00,90.31839615249554,14.245710555555556,0.18,0.9,0.9,0.0,0.0,0.0,-0.0,76.07268559693998,13.693083407449196,0.0,-13.693083407449196
2019-11-22 08:00:00,100.2200734920708,45.30384696969696,0.18,0.9,0.9,0.0,0.0,0.0,-0.0,54.91622652237383,9.88492077402729,0.0,-9.88492077402729
2019-11-22 09:00:00,101.04374309007996,71.42038461538462,0.18,0.9,0.9,0.0,0.0,0.0,-0.0,29.623358474695337,5.33220452544516,0.0,-5.33220452544516
2019-11-22 10:00:00,101.5566278801566,87.66062083333333,0.18,0.9,0.9,0.0,0.0,0.0,-0.0,13.896007046823271,2.5012812684281887,0.0,-2.5012812684281887
2019-11-22 11:00:00,105.13758346411906,93.11779090909091,0.18,0.9,0.9,0.0,0.0,0.0,-0.0,12.019792555028147,2.1635626599050664,0.0,-2.1635626599050664
2019-11-22 12:00:00,102.05669269470947,87.80138846153847,0.18,0.9,0.9,0.0,0.0,0.0,-0.0,14.255304233171003,2.5659547619707803,0.0,-2.5659547619707803
2019-11-22 13:00:00,100.19645500095216,73.00133749999999,0.18,0.9,0.9,0.0,0.0,0.0,-0.0,27.195117500952165,4.89512115017139,0.0,-4.89512115017139
2019-11-22 14:00:00,98.85983086736783,50.33993484848485,0.18,0.9,0.9,0.0,0.0,0.0,-0.0,48.51989601888298,8.733581283398935,0.0,-8.733581283398935
2019-11-22 15:00:00,94.88439791234818,22.97088897435897,0.18,0.9,0.9,0.0,0.0,0.0,-0.0,71.9135089379892,12.944431608838057,0.0,-12.944431608838057
2019-11-22 16:00:00,87.37099776551293,3.2532356801661475,0.32,0.9,0.7229099745571647,-84.11776208534678,-84.11776208534678,0.0,84.11776208534678,0.0,0.0,3.5418005088567073,-3.5418005088567073
2019-11-22 17:00:00,84.14974256709576,0.0,0.32,0.7229099745571647,0.5457526217843315,-84.14974256709576,-84.14974256709576,0.0,84.14974256709576,0.0,0.0,3.5431470554566635,-3.5431470554566635
2019-11-22 18:00:00,84.41944429461964,0.0,0.32,0.5457526217843315,0.4782929961238491,-32.04332218872912,-32.04332218872912,0.0,32.04332218872912,52.376122105890516,16.760359073884967,1.3491925132096472,-18.109551587094614
2019-11-22 19:00:00,90.40152899226534,0.0,0.32,0.4782929961238491,0.28797398771908,-90.40152899226534,-90.40152899226534,0.0,90.40152899226534,0.0,0.0,3.8063801680953824,-3.8063801680953824
2019-11-22 20:00:00,89.28764416656301,0.0,0.32,0.28797398771908,0.10000000000000003,-89.28764416656301,-89.28764416656298,0.0,89.28764416656298,2.842170943040401e-14,9.094947017729283e-15,3.7594797543815996,-3.7594797543816085
2019-11-22 21:00:00,83.6153718420719,0.0,0.32,0.10000000000000003,0.10000000000000003,0.0,0.0,0.0,-0.0,83.6153718420719,26.756918989463006,0.0,-26.756918989463006
2019-11-22 22:00:00,80.06912959533348,0.0,0.1,0.10000000000000003,0.10000000000000003,0.0,0.0,0.0,-0.0,80.06912959533348,8.006912959533349,0.0,-8.006912959533349
2019-11-22 23:00:00,80.00271968348073,0.0,0.1,0.10000000000000003,0.10000000000000003,0.0,0.0,0.0,-0.0,80.00271968348073,8.000271968348073,0.0,-8.000271968348073
2019-11-23 00:00:00,79.98200658478835,0.0,0.12,0.10000000000000003,0.10000000000000003,0.0,0.0,0.0,-0.0,79.98200658478835,9.597840790174601,0.0,-9.597840790174601
2019-11-23 01:00:00,81.51345955932356,0.0,0.12,0.10000000000000003,0.10000000000000003,0.0,0.0,0.0,-0.0,81.51345955932356,9.781615147118828,0.0,-9.781615147118828
2019-11-23 02:00:00,79.68554556210424,0.0,0.12,0.10000000000000003,0.10000000000000003,0.0,0.0,0.0,-0.0,79.68554556210424,9.562265467452509,0.0,-9.562265467452509
2019-11-23 03:00:00,79.97340898908041,0.0,0.12,0.10000000000000003,0.10000000000000003,0.0,0.0,0.0,-0.0,79.97340898908041,9.596809078689649,0.0,-9.596809078689649
2019-11-23 04:00:00,82.16657654497907,0.0,0.12,0.10000000000000003,0.10000000000000003,0.0,0.0,0.0,-0.0,82.16657654497907,9.859989185397488,0.0,-9.859989185397488
2019-11-23 05:00:00,86.29377098637825,0.0,0.12,0.10000000000000003,0.10000000000000003,0.0,0.0,0.0,-0.0,86.29377098637825,10.35525251836539,0.0,-10.35525251836539
2019-11-23 06:00:00,84.96089006278602,0.055087467050083876,0.12,0.10000000000000003,0.10000000000000003,0.0,0.0,0.0,-0.0,84.90580259573593,10.188696311488313,0.0,-10.188696311488313
2019-11-23 07:00:00,84.28463682858947,15.761578055555555,0.12,0.10000000000000003,0.10000000000000003,0.0,0.0,0.0,-0.0,68.52305877303391,8.22276705276407,0.0,-8.22276705276407
2019-11-23 08:00:00,87.7345505945379,47.22685454545456,0.12,0.10000000000000003,0.10000000000000003,0.0,0.0,0.0,-0.0,40.507696049083336,4.8609235258900005,0.0,-4.8609235258900005
2019-11-23 09:00:00,87.11860711178177,73.3506923076923,0.12,0.10000000000000003,0.10000000000000003,0.0,0.0,0.0,-0.0,13.767914804089472,1.6521497764907365,0.0,-1.6521497764907365
2019-11-23 10:00:00,92.58971986108439,89.4075888888889,0.12,0.10000000000000003,0.10000000000000003,0.0,0.0,0.0,-0.0,3.1821309721954947,0.38185571666345935,0.0,-0.38185571666345935
2019-11-23 11:00:00,92.31546857743733,93.73829848484849,0.12,0.10000000000000003,0.10270337682408123,1.4228299074111561,1.4228299074111561,1.4228299074111561,0.0,0.0,0.0,0.05406753648162399,-0.05406753648162399
2019-11-23 12:00:00,94.05991427643191,89.32102307692307,0.12,0.10270337682408123,0.10270337682408123,0.0,0.0,0.0,-0.0,4.738891199508842,0.568666943941061,0.0,-0.568666943941061
2019-11-23 13:00:00,93.93245795027502,74.96994166666667,0.12,0.10270337682408123,0.10270337682408123,0.0,0.0,0.0,-0.0,18.962516283608352,2.275501954033002,0.0,-2.275501954033002
2019-11-23 14:00:00,89.19830358688002,53.71004090909091,0.12,0.10270337682408123,0.10270337682408123,0.0,0.0,0.0,-0.0,35.48826267778911,4.258591521334693,0.0,-4.258591521334693
2019-11-23 15:00:00,85.37814668559274,25.315286410256405,0.12,0.10270337682408123,0.10270337682408123,0.0,0.0,0.0,-0.0,60.062860275336334,7.20754323304036,0.0,-7.20754323304036
2019-11-23 16:00:00,82.92404993559965,3.907283472222222,0.12,0.10270337682408123,0.10270337682408123,0.0,0.0,0.0,-0.0,79.01676646337744,9.482011975605293,0.0,-9.482011975605293
2019-11-23 17:00:00,80.99992712927163,0.0,0.12,0.10270337682408123,0.10270337682408123,0.0,0.0,0.0,-0.0,80.99992712927163,9.719991255512594,0.0,-9.719991255512594
2019-11-23 18:00:00,79.9538702528872,0.0,0.12,0.10270337682408123,0.10270337682408123,0.0,0.0,0.0,-0.0,79.9538702528872,9.594464430346463,0.0,-9.594464430346463
2019-11-23 19:00:00,80.49537010872602,0.0,0.12,0.10270337682408123,0.10270337682408123,0.0,0.0,0.0,-0.0,80.49537010872602,9.659444413047122,0.0,-9.659444413047122
2019-11-23 20:00:00,80.66083963341474,0.0,0.12,0.10270337682408123,0.10270337682408123,0.0,0.0,0.0,-0.0,80.66083963341474,9.679300756009768,0.0,-9.679300756009768
2019-11-23 21:00:00,82.6965886979648,0.0,0.12,0.10270337682408123,0.10270337682408123,0.0,0.0,0.0,-0.0,82.6965886979648,9.923590643755775,0.0,-9.923590643755775
2019-11-23 22:00:00,81.68601197858632,0.0,0.12,0.10270337682408123,0.10270337682408123,0.0,0.0,0.0,-0.0,81.68601197858632,9.802321437430358,0.0,-9.802321437430358
2019-11-23 23:00:00,80.15073260254461,0.0,0.12,0.10270337682408123,0.10270337682408123,0.0,0.0,0.0,-0.0,80.15073260254461,9.618087912305352,0.0,-9.618087912305352
2019-11-24 00:00:00,76.62647074050653,0.0,0.12,0.10270337682408123,0.10270337682408123,0.0,0.0,0.0,-0.0,76.62647074050653,9.195176488860783,0.0,-9.195176488860783
2019-11-24 01:00:00,80.03552922647249,0.0,0.12,0.10270337682408123,0.10270337682408123,0.0,0.0,0.0,-0.0,80.03552922647249,9.604263507176698,0.0,-9.604263507176698
2019-11-24 02:00:00,81.19328050784388,0.0,0.12,0.10270337682408123,0.10270337682408123,0.0,0.0,0.0,-0.0,81.19328050784388,9.743193660941266,0.0,-9.743193660941266
2019-11-24 03:00:00,81.030100672225,0.0,0.12,0.10270337682408123,0.10270337682408123,0.0,0.0,0.0,-0.0,81.030100672225,9.723612080667,0.0,-9.723612080667
2019-11-24 04:00:00,79.35998208317442,0.0,0.12,0.10270337682408123,0.10270337682408123,0.0,0.0,0.0,-0.0,79.35998208317442,9.52319784998093,0.0,-9.52319784998093
2019-11-24 05:00:00,84.18732837058212,0.0,0.12,0.10270337682408123,0.10270337682408123,0.0,0.0,0.0,-0.0,84.18732837058212,10.102479404469854,0.0,-10.102479404469854
2019-11-24 06:00:00,83.65066889918685,0.0019674095375029955,0.12,0.10270337682408123,0.10270337682408123,0.0,0.0,0.0,-0.0,83.64870148964935,10.037844178757922,0.0,-10.037844178757922
2019-11-24 07:00:00,82.3872283628309,16.203715972222223,0.12,0.10270337682408123,0.10270337682408123,0.0,0.0,0.0,-0.0,66.18351239060867,7.94202148687304,0.0,-7.94202148687304
2019-11-24 08:00:00,81.91085941516026,49.20670151515151,0.12,0.10270337682408123,0.10270337682408123,0.0,0.0,0.0,-0.0,32.70415790000875,3.92449894800105,0.0,-3.92449894800105
2019-11-24 09:00:00,83.72290936311298,72.87227564102565,0.12,0.10270337682408123,0.10270337682408123,0.0,0.0,0.0,-0.0,10.850633722087323,1.3020760466504788,0.0,-1.3020760466504788
2019-11-24 10:00:00,90.11101005530163,89.3741375,0.12,0.10270337682408123,0.10270337682408123,0.0,0.0,0.0,-0.0,0.7368725553016304,0.08842470663619564,0.0,-0.08842470663619564
2019-11-24 11:00:00,86.68120992374902,82.2008693939394,0.12,0.10270337682408123,0.10270337682408123,0.0,0.0,0.0,-0.0,4.480340529809624,0.5376408635771548,0.0,-0.5376408635771548
2019-11-24 12:00:00,86.30751481770137,85.9861076923077,0.12,0.10270337682408123,0.10270337682408123,0.0,0.0,0.0,-0.0,0.32140712539367655,0.03856885504724118,0.0,-0.03856885504724118
2019-11-24 13:00:00,84.35713565096606,75.95513333333334,0.12,0.10270337682408123,0.10270337682408123,0.0,0.0,0.0,-0.0,8.402002317632721,1.0082402781159265,0.0,-1.0082402781159265
2019-11-24 14:00:00,83.87440722582973,53.94848636363636,0.12,0.10270337682408123,0.10270337682408123,0.0,0.0,0.0,-0.0,29.925920862193365,3.5911105034632036,0.0,-3.5911105034632036
2019-11-24 15:00:00,82.86180900028451,25.172588717948717,0.12,0.10270337682408123,0.10270337682408123,0.0,0.0,0.0,-0.0,57.689220282335796,6.922706433880295,0.0,-6.922706433880295
2019-11-24 16:00:00,81.08573697253813,2.9532293029595014,0.12,0.10270337682408123,0.10270337682408123,0.0,0.0,0.0,-0.0,78.13250766957863,9.375900920349435,0.0,-9.375900920349435
2019-11-24 17:00:00,76.47119743939156,0.0,0.12,0.10270337682408123,0.10270337682408123,0.0,0.0,0.0,-0.0,76.47119743939156,9.176543692726987,0.0,-9.176543692726987
2019-11-24 18:00:00,77.86846677358643,0.0,0.12,0.10270337682408123,0.10270337682408123,0.0,0.0,0.0,-0.0,77.86846677358643,9.34421601283037,0.0,-9.34421601283037
2019-11-24 19:00:00,81.95721438199064,0.0,0.12,0.10270337682408123,0.10270337682408123,0.0,0.0,0.0,-0.0,81.95721438199064,9.834865725838876,0.0,-9.834865725838876
2019-11-24 20:00:00,82.99248376857214,0.0,0.12,0.10270337682408123,0.10270337682408123,0.0,0.0,0.0,-0.0,82.99248376857214,9.959098052228656,0.0,-9.959098052228656
2019-11-24 21:00:00,80.9314473301613,0.0,0.12,0.10270337682408123,0.10270337682408123,0.0,0.0,0.0,-0.0,80.9314473301613,9.711773679619355,0.0,-9.711773679619355
2019-11-24 22:00:00,79.73514881221809,0.0,0.12,0.10270337682408123,0.10270337682408123,0.0,0.0,0.0,-0.0,79.73514881221809,9.56821785746617,0.0,-9.56821785746617
2019-11-24 23:00:00,79.61061232318667,0.0,0.12,0.10270337682408123,0.10270337682408123,0.0,0.0,0.0,-0.0,79.61061232318667,9.5532734787824,0.0,-9.5532734787824
2019-11-25 00:00:00,79.9571127384018,0.0,0.1,0.10270337682408123,0.10270337682408123,0.0,0.0,0.0,-0.0,79.9571127384018,7.995711273840181,0.0,-7.995711273840181
2019-11-25 01:00:00,80.4436939665493,0.0,0.1,0.10270337682408123,0.10270337682408123,0.0,0.0,0.0,-0.0,80.4436939665493,8.04436939665493,0.0,-8.04436939665493
2019-11-25 02:00:00,79.85673305306614,0.0,0.1,0.10270337682408123,0.10270337682408123,0.0,0.0,0.0,-0.0,79.85673305306614,7.985673305306614,0.0,-7.985673305306614
2019-11-25 03:00:00,83.18332837500567,0.0,0.1,0.10270337682408123,0.10270337682408123,0.0,0.0,0.0,-0.0,83.18332837500567,8.318332837500568,0.0,-8.318332837500568
2019-11-25 04:00:00,81.69780132797874,0.0,0.1,0.10270337682408123,0.42500000000000004,169.62980167153623,169.62980167153623,169.62980167153623,0.0,251.32760299951497,25.1327602999515,6.445932463518376,-31.578692763469874
2019-11-25 05:00:00,84.5624844758495,0.0,0.1,0.42500000000000004,0.42500000000000004,0.0,0.0,0.0,-0.0,84.5624844758495,8.45624844758495,0.0,-8.45624844758495
2019-11-25 06:00:00,82.38653244669783,0.0432830098250659,0.1,0.42500000000000004,0.9,250.0,250.0,250.0,0.0,332.3432494368728,33.23432494368728,9.5,-42.73432494368728
2019-11-25 07:00:00,86.04805816403122,14.554890069444445,0.18,0.9,0.9,0.0,0.0,0.0,-0.0,71.49316809458678,12.86877025702562,0.0,-12.86877025702562
2019-11-25 08:00:00,87.33665709638014,36.98834227272727,0.18,0.9,0.9,0.0,0.0,0.0,-0.0,50.34831482365286,9.062696668257516,0.0,-9.062696668257516
2019-11-25 09:00:00,95.8931526292854,74.34648205128205,0.18,0.9,0.9,0.0,0.0,0.0,-0.0,21.546670578003344,3.878400704040602,0.0,-3.878400704040602
2019-11-25 10:00:00,97.87004751194512,93.06340972222222,0.18,0.9,0.9,0.0,0.0,0.0,-0.0,4.806637789722899,0.8651948021501218,0.0,-0.8651948021501218
2019-11-25 11:00:00,107.47469200447412,98.2259,0.18,0.9,0.9,0.0,0.0,0.0,-0.0,9.248792004474126,1.6647825608053426,0.0,-1.6647825608053426
2019-11-25 12:00:00,104.93482438126361,94.14364743589744,0.18,0.9,0.9,0.0,0.0,0.0,-0.0,10.791176945366175,1.9424118501659113,0.0,-1.9424118501659113
2019-11-25 13:00:00,111.88494229921982,79.07484722222223,0.18,0.9,0.9,0.0,0.0,0.0,-0.0,32.810095076997584,5.905817113859565,0.0,-5.905817113859565
2019-11-25 14:00:00,113.88292652995351,55.60884545454546,0.18,0.9,0.9,0.0,0.0,0.0,-0.0,58.27408107540805,10.489334593573448,0.0,-10.489334593573448
2019-11-25 15:00:00,112.9958360102364,25.723061794871793,0.18,0.9,0.9,0.0,0.0,0.0,-0.0,87.2727742153646,15.709099358765629,0.0,-15.709099358765629
2019-11-25 16:00:00,99.89803832047399,3.48376002596054,0.32,0.9,0.6970225720115506,-96.41427829451345,-96.41427829451345,0.0,96.41427829451345,0.0,0.0,4.059548559768988,-4.059548559768988
2019-11-25 17:00:00,87.11944042325064,0.0,0.32,0.6970225720115506,0.5136132237520756,-87.11944042325064,-87.11944042325064,0.0,87.11944042325064,0.0,0.0,3.6681869651894994,-3.6681869651894994
2019-11-25 18:00:00,86.18924437009201,0.0,0.32,0.5136132237520756,0.33216218297293454,-86.18924437009201,-86.18924437009201,0.0,86.18924437009201,0.0,0.0,3.629020815582822,-3.629020815582822
2019-11-25 19:00:00,86.58749299774364,0.0,0.32,0.33216218297293454,0.14987272403031635,-86.58749299774364,-86.58749299774364,0.0,86.58749299774364,0.0,0.0,3.6457891788523638,-3.6457891788523638
2019-11-25 20:00:00,85.22457604371893,0.0,0.32,0.14987272403031635,0.1,-23.68954391440026,-23.68954391440026,0.0,23.68954391440026,61.535032129318665,19.691210281381974,0.9974544806063268,-20.6886647619883
2019-11-25 21:00:00,82.13121743257415,0.0,0.32,0.1,0.1,0.0,0.0,0.0,-0.0,82.13121743257415,26.281989578423726,0.0,-26.281989578423726
2019-11-25 22:00:00,81.46453569330247,0.0,0.1,0.1,0.1,0.0,0.0,0.0,-0.0,81.46453569330247,8.146453569330246,0.0,-8.146453569330246
2019-11-25 23:00:00,80.21416030227894,0.0,0.1,0.1,0.1,0.0,0.0,0.0,-0.0,80.21416030227894,8.021416030227895,0.0,-8.021416030227895
2019-11-26 00:00:00,79.44587765874495,0.0,0.1,0.1,0.1,0.0,0.0,0.0,-0.0,79.44587765874495,7.944587765874495,0.0,-7.944587765874495
2019-11-26 01:00:00,80.38656022798008,0.0,0.1,0.1,0.1,0.0,0.0,0.0,-0.0,80.38656022798008,8.038656022798008,0.0,-8.038656022798008
2019-11-26 02:00:00,80.62260128957207,0.0,0.1,0.1,0.1,0.0,0.0,0.0,-0.0,80.62260128957207,8.062260128957208,0.0,-8.062260128957208
2019-11-26 03:00:00,80.00908296443184,0.0,0.1,0.1,0.1,-0.0,-0.0,-0.0,0.0,80.00908296443184,8.000908296443184,0.0,-8.000908296443184
2019-11-26 04:00:00,79.41651541928574,0.0,0.1,0.1,0.1,0.0,0.0,0.0,-0.0,79.41651541928574,7.941651541928575,0.0,-7.941651541928575
2019-11-26 05:00:00,79.71962298371388,0.0,0.1,0.1,0.575,250.0,250.0,250.0,0.0,329.71962298371386,32.97196229837139,9.5,-42.47196229837139
2019-11-26 06:00:00,85.02781187188839,0.047217828900071895,0.1,0.575,0.9,171.0526315789474,171.0526315789474,171.0526315789474,0.0,256.0332256219357,25.60332256219357,6.500000000000002,-32.10332256219357
2019-11-26 07:00:00,92.54414392174856,13.040612916666667,0.18,0.9,0.9,0.0,0.0,0.0,-0.0,79.5035310050819,14.310635580914742,0.0,-14.310635580914742
2019-11-26 08:00:00,86.35479228628223,24.38079803030303,0.18,0.9,0.9,0.0,0.0,0.0,-0.0,61.97399425597921,11.155318966076257,0.0,-11.155318966076257
2019-11-26 09:00:00,102.10822714249899,24.348045384615382,0.18,0.9,0.9,0.0,0.0,0.0,-0.0,77.7601817578836,13.996832716419048,0.0,-13.996832716419048
2019-11-26 10:00:00,111.72352468682682,29.05760666666667,0.18,0.9,0.9,0.0,0.0,0.0,-0.0,82.66591802016015,14.879865243628826,0.0,-14.879865243628826
2019-11-26 11:00:00,106.8917100379047,11.766917878787881,0.18,0.9,0.9,0.0,0.0,0.0,-0.0,95.12479215911682,17.122462588641028,0.0,-17.122462588641028
2019-11-26 12:00:00,112.1726003528908,10.58685435897436,0.18,0.9,0.9,0.0,0.0,0.0,-0.0,101.58574599391643,18.285434278904958,0.0,-18.285434278904958
2019-11-26 13:00:00,103.87195563752063,5.808801944444444,0.18,0.9,0.9,0.0,0.0,0.0,-0.0,98.06315369307619,17.651367664753714,0.0,-17.651367664753714
2019-11-26 14:00:00,95.97925212238587,5.5079166666666675,0.18,0.9,0.9,0.0,0.0,0.0,-0.0,90.4713354557192,16.284840382029454,0.0,-16.284840382029454
2019-11-26 15:00:00,96.64933364671562,4.735401923076923,0.18,0.9,0.9,0.0,0.0,0.0,-0.0,91.9139317236387,16.544507710254965,0.0,-16.544507710254965
2019-11-26 16:00:00,92.34169785935188,1.1834506749740394,0.32,0.9,0.7080879006644677,-91.15824718437784,-91.15824718437784,0.0,91.15824718437784,0.0,0.0,3.8382419867106465,-3.8382419867106465
2019-11-26 17:00:00,88.63056104358093,0.0,0.32,0.7080879006644677,0.5214972458358763,-88.63056104358093,-88.63056104358093,0.0,88.63056104358093,0.0,0.0,3.7318130965718277,-3.7318130965718277
2019-11-26 18:00:00,84.83041988333305,0.0,0.32,0.5214972458358763,0.45446713409179673,-31.8393030784378,-31.8393030784378,0.0,31.8393030784378,52.99111680489525,16.95715737756648,1.3406022348815916,-18.297759612448072
2019-11-26 19:00:00,84.0412357229415,0.0,0.32,0.45446713409179673,0.27753821678034096,-84.0412357229415,-84.0412357229415,0.0,84.0412357229415,0.0,0.0,3.5385783462291154,-3.5385783462291154
2019-11-26 20:00:00,84.33065297066196,0.0,0.32,0.27753821678034096,0.10000000000000003,-84.33065297066196,-84.33065297066194,0.0,84.33065297066194,1.4210854715202004e-14,4.547473508864641e-15,3.550764335606819,-3.5507643356068233
2019-11-26 21:00:00,79.19585391283194,0.0,0.32,0.10000000000000003,0.10000000000000003,0.0,0.0,0.0,-0.0,79.19585391283194,25.34267325210622,0.0,-25.34267325210622
2019-11-26 22:00:00,77.2593769005848,0.0,0.1,0.10000000000000003,0.10000000000000003,0.0,0.0,0.0,-0.0,77.2593769005848,7.72593769005848,0.0,-7.72593769005848
2019-11-26 23:00:00,76.19789059679259,0.0,0.1,0.10000000000000003,0.10000000000000003,0.0,0.0,0.0,-0.0,76.19789059679259,7.61978905967926,0.0,-7.61978905967926
2019-11-27 00:00:00,77.59093967126692,0.0,0.1,0.10000000000000003,0.10000000000000003,0.0,0.0,0.0,-0.0,77.59093967126692,7.7590939671266925,0.0,-7.7590939671266925
2019-11-27 01:00:00,76.03098770257608,0.0,0.1,0.10000000000000003,0.10000000000000003,0.0,0.0,0.0,-0.0,76.03098770257608,7.603098770257609,0.0,-7.603098770257609
2019-11-27 02:00:00,77.06145167670009,0.0,0.1,0.10000000000000003,0.10000000000000003,0.0,0.0,0.0,-0.0,77.06145167670009,7.706145167670009,0.0,-7.706145167670009
2019-11-27 03:00:00,77.33505313201161,0.0,0.1,0.10000000000000003,0.10000000000000003,0.0,0.0,0.0,-0.0,77.33505313201161,7.733505313201161,0.0,-7.733505313201161
2019-11-27 04:00:00,78.43041090399609,0.0,0.1,0.10000000000000003,0.425,171.05263157894734,171.05263157894734,171.05263157894734,0.0,249.48304248294343,24.948304248294345,6.499999999999999,-31.448304248294345
2019-11-27 05:00:00,80.83495831158476,0.0,0.1,0.425,0.425,0.0,0.0,0.0,-0.0,80.83495831158476,8.083495831158476,0.0,-8.083495831158476
2019-11-27 06:00:00,78.27109176212119,0.0,0.1,0.425,0.8999999999999999,250.0,250.0,250.0,0.0,328.27109176212116,32.82710917621212,9.499999999999998,-42.32710917621212
2019-11-27 07:00:00,82.67764076613607,9.460346050103842,0.18,0.8999999999999999,0.8999999999999999,0.0,0.0,0.0,-0.0,73.21729471603223,13.179113048885801,0.0,-13.179113048885801
2019-11-27 08:00:00,102.11546116822055,33.044107424242426,0.18,0.8999999999999999,0.8999999999999999,0.0,0.0,0.0,-0.0,69.07135374397812,12.43284367391606,0.0,-12.43284367391606
2019-11-27 09:00:00,107.33540911414978,84.61826538461538,0.18,0.8999999999999999,0.8999999999999999,0.0,0.0,0.0,-0.0,22.7171437295344,4.0890858713161915,0.0,-4.0890858713161915
2019-11-27 10:00:00,121.53993148156542,67.63015,0.18,0.8999999999999999,0.8999999999999999,0.0,0.0,0.0,-0.0,53.90978148156542,9.703760666681776,0.0,-9.703760666681776
2019-11-27 11:00:00,105.04855273386967,70.36791363636364,0.18,0.8999999999999999,0.8999999999999999,0.0,0.0,0.0,-0.0,34.68063909750603,6.242515037551085,0.0,-6.242515037551085
2019-11-27 12:00:00,97.55726919748128,78.32284230769231,0.18,0.8999999999999999,0.8999999999999999,0.0,0.0,0.0,-0.0,19.234426889788963,3.4621968401620133,0.0,-3.4621968401620133
2019-11-27 13:00:00,102.21342048144487,81.03532083333333,0.18,0.8999999999999999,0.8999999999999999,0.0,0.0,0.0,-0.0,21.17809964811154,3.8120579366600773,0.0,-3.8120579366600773
2019-11-27 14:00:00,88.44956838600723,61.27288333333332,0.18,0.8999999999999999,0.8999999999999999,0.0,0.0,0.0,-0.0,27.17668505267391,4.891803309481304,0.0,-4.891803309481304
2019-11-27 15:00:00,81.4001156114173,18.150699743589744,0.18,0.8999999999999999,0.8999999999999999,0.0,0.0,0.0,-0.0,63.249415867827565,11.38489485620896,0.0,-11.38489485620896
2019-11-27 16:00:00,83.22971370106978,3.2746185098650042,0.32,0.8999999999999999,0.7316734838079899,-79.95509519120478,-79.95509519120478,0.0,79.95509519120478,0.0,0.0,3.3665303238402,-3.3665303238402
2019-11-27 17:00:00,82.82135441243628,0.0,0.32,0.7316734838079899,0.5573127376765451,-82.82135441243628,-82.82135441243628,0.0,82.82135441243628,0.0,0.0,3.487214922628896,-3.487214922628896
2019-11-27 18:00:00,84.94777188394723,0.0,0.32,0.5573127376765451,0.4568476978208029,-47.72089393147755,-47.72089393147755,0.0,47.72089393147755,37.22687795246968,11.912600944790297,2.0093007971148436,-13.92190174190514
2019-11-27 19:00:00,85.55898051668657,0.0,0.32,0.4568476978208029,0.2767235283119891,-85.55898051668657,-85.55898051668657,0.0,85.55898051668657,0.0,0.0,3.6024833901762765,-3.6024833901762765
2019-11-27 20:00:00,83.94367594819481,0.0,0.32,0.2767235283119891,0.10000000000000003,-83.94367594819481,-83.94367594819481,0.0,83.94367594819481,0.0,0.0,3.534470566239781,-3.534470566239781
2019-11-27 21:00:00,77.81592076841632,0.0,0.32,0.10000000000000003,0.10000000000000003,0.0,0.0,0.0,-0.0,77.81592076841632,24.901094645893224,0.0,-24.901094645893224
2019-11-27 22:00:00,74.44838941389143,0.0,0.1,0.10000000000000003,0.10000000000000003,0.0,0.0,0.0,-0.0,74.44838941389143,7.444838941389143,0.0,-7.444838941389143
2019-11-27 23:00:00,73.15276448585686,0.0,0.1,0.10000000000000003,0.10000000000000003,0.0,0.0,0.0,-0.0,73.15276448585686,7.315276448585687,0.0,-7.315276448585687
2019-11-28 00:00:00,74.76107494547372,0.0,0.1,0.10000000000000003,0.10000000000000003,0.0,0.0,0.0,-0.0,74.76107494547372,7.476107494547373,0.0,-7.476107494547373
2019-11-28 01:00:00,75.57262036554549,0.0,0.1,0.10000000000000003,0.10000000000000003,0.0,0.0,0.0,-0.0,75.57262036554549,7.557262036554549,0.0,-7.557262036554549
2019-11-28 02:00:00,75.44287039153681,0.0,0.1,0.10000000000000003,0.10000000000000003,0.0,0.0,0.0,-0.0,75.44287039153681,7.544287039153682,0.0,-7.544287039153682
2019-11-28 03:00:00,73.74457214180217,0.0,0.1,0.10000000000000003,0.10000000000000003,0.0,0.0,0.0,-0.0,73.74457214180217,7.374457214180217,0.0,-7.374457214180217
2019-11-28 04:00:00,74.28866777323476,0.0,0.1,0.10000000000000003,0.10000000000000003,0.0,0.0,0.0,-0.0,74.28866777323476,7.428866777323477,0.0,-7.428866777323477
2019-11-28 05:00:00,78.96946124868975,0.0,0.1,0.10000000000000003,0.4250000000000001,171.0526315789474,171.0526315789474,171.0526315789474,0.0,250.02209282763715,25.002209282763715,6.500000000000002,-31.502209282763715
2019-11-28 06:00:00,77.12384420275524,0.0,0.1,0.4250000000000001,0.9,250.0,249.99999999999997,249.99999999999997,0.0,327.1238442027552,32.71238442027552,9.499999999999998,-42.21238442027552
2019-11-28 07:00:00,75.38479929586767,2.653389583333333,0.18,0.9,0.9,0.0,0.0,0.0,-0.0,72.73140971253433,13.09165374825618,0.0,-13.09165374825618
2019-11-28 08:00:00,74.01368937526232,8.488796893939393,0.18,0.9,0.9,0.0,0.0,0.0,-0.0,65.52489248132292,11.794480646638126,0.0,-11.794480646638126
2019-11-28 09:00:00,78.42329637283787,27.45686358974359,0.18,0.9,0.9,0.0,0.0,0.0,-0.0,50.96643278309428,9.17395790095697,0.0,-9.17395790095697
2019-11-28 10:00:00,81.58898451675948,37.68486236111111,0.18,0.9,0.9,0.0,0.0,0.0,-0.0,43.90412215564837,7.902741988016707,0.0,-7.902741988016707
2019-11-28 11:00:00,85.0204773320292,56.696601818181826,0.18,0.9,0.9,0.0,0.0,0.0,-0.0,28.323875513847376,5.098297592492528,0.0,-5.098297592492528
2019-11-28 12:00:00,77.07569214439563,49.166149102564106,0.18,0.9,0.9,0.0,0.0,0.0,-0.0,27.909543041831526,5.023717747529674,0.0,-5.023717747529674
2019-11-28 13:00:00,81.11343325271268,80.92504722222222,0.18,0.9,0.9,0.0,0.0,0.0,-0.0,0.18838603049046299,0.033909485488283334,0.0,-0.033909485488283334
2019-11-28 14:00:00,77.48471871328276,29.059747878787878,0.18,0.9,0.9,0.0,0.0,0.0,-0.0,48.424970834494886,8.71649475020908,0.0,-8.71649475020908
2019-11-28 15:00:00,76.57114725469748,22.17801128205128,0.18,0.9,0.9,0.0,0.0,0.0,-0.0,54.3931359726462,9.790764475076315,0.0,-9.790764475076315
2019-11-28 16:00:00,83.47125344376612,4.106504340602284,0.32,0.9,0.7329163176775498,-79.36474910316383,-79.36474910316383,0.0,79.36474910316383,0.0,0.0,3.3416736464490038,-3.3416736464490038
2019-11-28 17:00:00,81.9891522670707,0.0,0.32,0.7329163176775498,0.5963584288308819,-64.86499720216727,-64.86499720216727,0.0,64.86499720216727,17.12415506490342,5.479729620769095,2.7311577769333595,-8.210887397702454
2019-11-28 18:00:00,78.16088237206733,0.0,0.32,0.5963584288308819,0.4318092027844243,-78.16088237206733,-78.16088237206733,0.0,78.16088237206733,0.0,0.0,3.2909845209291513,-3.2909845209291513
2019-11-28 19:00:00,78.31021118462881,0.0,0.32,0.4318092027844243,0.2669456002904689,-78.31021118462881,-78.31021118462881,0.0,78.31021118462881,0.0,0.0,3.2972720498791084,-3.2972720498791084
2019-11-28 20:00:00,79.29916013797272,0.0,0.32,0.2669456002904689,0.10000000000000003,-79.29916013797272,-79.2991601379727,0.0,79.2991601379727,1.4210854715202004e-14,4.547473508864641e-15,3.3389120058093766,-3.338912005809381
2019-11-28 21:00:00,76.29195476614431,0.0,0.32,0.10000000000000003,0.10000000000000003,0.0,0.0,0.0,-0.0,76.29195476614431,24.413425525166183,0.0,-24.413425525166183
2019-11-28 22:00:00,75.19015943261608,0.0,0.1,0.10000000000000003,0.10000000000000003,0.0,0.0,0.0,-0.0,75.19015943261608,7.519015943261609,0.0,-7.519015943261609
2019-11-28 23:00:00,75.36566844103378,0.0,0.1,0.10000000000000003,0.10000000000000003,0.0,0.0,0.0,-0.0,75.36566844103378,7.536566844103378,0.0,-7.536566844103378
2019-11-29 00:00:00,75.35613143886715,0.0,0.1,0.10000000000000003,0.10000000000000003,0.0,0.0,0.0,-0.0,75.35613143886715,7.5356131438867155,0.0,-7.5356131438867155
2019-11-29 01:00:00,74.04255920833468,0.0,0.1,0.10000000000000003,0.10000000000000003,0.0,0.0,0.0,-0.0,74.04255920833468,7.404255920833468,0.0,-7.404255920833468
2019-11-29 02:00:00,75.88862218072167,0.0,0.1,0.10000000000000003,0.10000000000000003,0.0,0.0,0.0,-0.0,75.88862218072167,7.588862218072167,0.0,-7.588862218072167
2019-11-29 03:00:00,75.9947717551403,0.0,0.1,0.10000000000000003,0.10000000000000003,-0.0,-0.0,-0.0,0.0,75.9947717551403,7.599477175514031,0.0,-7.599477175514031
2019-11-29 04:00:00,76.45421765105327,0.0,0.1,0.10000000000000003,0.2684941477664754,88.6811304034081,88.6811304034081,88.6811304034081,0.0,165.13534805446136,16.513534805446138,3.3698829553295075,-19.883417760775647
2019-11-29 05:00:00,77.77544360119545,0.0,0.1,0.2684941477664754,0.2684941477664754,0.0,0.0,0.0,-0.0,77.77544360119545,7.7775443601195455,0.0,-7.7775443601195455
2019-11-29 06:00:00,78.33591972677415,0.0,0.1,0.2684941477664754,0.7434941477664754,250.0,250.0,250.0,0.0,328.33591972677414,32.83359197267742,9.5,-42.33359197267742
2019-11-29 07:00:00,77.82952478572729,14.69300111111111,0.18,0.7434941477664754,0.7434941477664754,0.0,0.0,0.0,-0.0,63.13652367461618,11.364574261430912,0.0,-11.364574261430912
2019-11-29 08:00:00,79.05623338792181,55.001845454545446,0.18,0.7434941477664754,0.7434941477664754,0.0,0.0,0.0,-0.0,24.05438793337636,4.329789828007745,0.0,-4.329789828007745
2019-11-29 09:00:00,79.65079976227064,85.88933846153847,0.18,0.7434941477664754,0.7553473712950842,6.238538699267835,6.238538699267835,6.238538699267835,0.0,0.0,0.0,0.23706447057217694,-0.23706447057217694
2019-11-29 10:00:00,83.57930449748602,104.40329166666668,0.18,0.7553473712950842,0.7949129469165275,20.823987169180654,20.823987169180654,20.823987169180654,0.0,0.0,0.0,0.791311512428865,-0.791311512428865
2019-11-29 11:00:00,85.17758544691883,109.69765000000001,0.18,0.7949129469165275,0.8415010695673817,24.520064553081184,24.520064553081184,24.520064553081184,0.0,0.0,0.0,0.9317624530170843,-0.9317624530170843
2019-11-29 12:00:00,84.40880061385397,105.25623846153846,0.18,0.8415010695673817,0.8811112014779823,20.84743784768449,20.84743784768449,20.84743784768449,0.0,0.0,0.0,0.7922026382120118,-0.7922026382120118
2019-11-29 13:00:00,83.36154376034152,93.30301666666666,0.18,0.8811112014779823,0.9,9.941472906325146,9.941472906325131,9.941472906325131,0.0,-1.4210854715202004e-14,0.0,0.37777597044035494,-0.37777597044035494
2019-11-29 14:00:00,78.19624141591264,55.66378727272727,0.18,0.9,0.9,0.0,0.0,0.0,-0.0,22.53245414318537,4.055841745773367,0.0,-4.055841745773367
2019-11-29 15:00:00,75.42742418083377,20.020630256410257,0.18,0.9,0.9,0.0,0.0,0.0,-0.0,55.40679392442351,9.97322290639623,0.0,-9.97322290639623
2019-11-29 16:00:00,74.70032611230361,2.61548119807892,0.32,0.9,0.748242431759527,-72.08484491422469,-72.08484491422469,0.0,72.08484491422469,0.0,0.0,3.035151364809461,-3.035151364809461
2019-11-29 17:00:00,75.62186675006828,0.0,0.32,0.748242431759527,0.5890385017593832,-75.62186675006828,-75.62186675006828,0.0,75.62186675006828,0.0,0.0,3.1840786000028753,-3.1840786000028753
2019-11-29 18:00:00,78.17487971203478,0.0,0.32,0.5890385017593832,0.42445980762878366,-78.17487971203478,-78.17487971203478,0.0,78.17487971203478,0.0,0.0,3.291573882611991,-3.291573882611991
2019-11-29 19:00:00,81.39153231047426,0.0,0.32,0.42445980762878366,0.2531092132909431,-81.39153231047426,-81.39153231047426,0.0,81.39153231047426,0.0,0.0,3.4270118867568113,-3.4270118867568113
2019-11-29 20:00:00,82.85750109625458,0.0,0.32,0.2531092132909431,0.1,-72.72687631319799,-72.72687631319798,0.0,72.72687631319798,10.130624783056604,3.241799930578113,3.062184265818862,-6.303984196396975
2019-11-29 21:00:00,83.34442178226413,0.0,0.32,0.1,0.1,0.0,0.0,0.0,-0.0,83.34442178226413,26.670214970324523,0.0,-26.670214970324523
2019-11-29 22:00:00,77.08026949765903,0.0,0.1,0.1,0.1,0.0,0.0,0.0,-0.0,77.08026949765903,7.7080269497659035,0.0,-7.7080269497659035
2019-11-29 23:00:00,77.38633607127198,0.0,0.1,0.1,0.1,0.0,0.0,0.0,-0.0,77.38633607127198,7.738633607127198,0.0,-7.738633607127198
2019-11-30 00:00:00,78.98460900043209,0.0,0.12,0.1,0.1,0.0,0.0,0.0,-0.0,78.98460900043209,9.47815308005185,0.0,-9.47815308005185
2019-11-30 01:00:00,79.85237972904449,0.0,0.12,0.1,0.1,0.0,0.0,0.0,-0.0,79.85237972904449,9.582285567485338,0.0,-9.582285567485338
2019-11-30 02:00:00,78.2334579203526,0.0,0.12,0.1,0.1,0.0,0.0,0.0,-0.0,78.2334579203526,9.388014950442312,0.0,-9.388014950442312
2019-11-30 03:00:00,84.82990446595376,0.0,0.12,0.1,0.1,0.0,0.0,0.0,-0.0,84.82990446595376,10.179588535914451,0.0,-10.179588535914451
2019-11-30 04:00:00,86.26390982140754,0.0,0.12,0.1,0.1,0.0,0.0,0.0,-0.0,86.26390982140754,10.351669178568905,0.0,-10.351669178568905
2019-11-30 05:00:00,82.91379962800659,0.0,0.12,0.1,0.1,0.0,0.0,0.0,-0.0,82.91379962800659,9.94965595536079,0.0,-9.94965595536079
2019-11-30 06:00:00,81.45011615896573,0.0,0.12,0.1,0.1,0.0,0.0,0.0,-0.0,81.45011615896573,9.774013939075887,0.0,-9.774013939075887
2019-11-30 07:00:00,77.76911900868927,2.860274911734164,0.12,0.1,0.1,0.0,0.0,0.0,-0.0,74.90884409695511,8.989061291634613,0.0,-8.989061291634613
2019-11-30 08:00:00,79.99237571380769,9.805312954545455,0.12,0.1,0.1,0.0,0.0,0.0,-0.0,70.18706275926223,8.422447531111468,0.0,-8.422447531111468
2019-11-30 09:00:00,80.33658394787108,12.338607307692307,0.12,0.1,0.1,0.0,0.0,0.0,-0.0,67.99797664017876,8.15975719682145,0.0,-8.15975719682145
2019-11-30 10:00:00,81.32899054048644,16.456929444444444,0.12,0.1,0.1,0.0,0.0,0.0,-0.0,64.872061096042,7.78464733152504,0.0,-7.78464733152504
2019-11-30 11:00:00,80.78576224398486,25.16241,0.12,0.1,0.1,0.0,0.0,0.0,-0.0,55.62335224398486,6.674802269278183,0.0,-6.674802269278183
2019-11-30 12:00:00,80.02261751194334,24.156654615384618,0.12,0.1,0.1,0.0,0.0,0.0,-0.0,55.86596289655872,6.703915547587046,0.0,-6.703915547587046
2019-11-30 13:00:00,81.87219292605073,18.067155694444445,0.12,0.1,0.1,0.0,0.0,0.0,-0.0,63.805037231606285,7.656604467792754,0.0,-7.656604467792754
2019-11-30 14:00:00,82.86872444077665,7.042734242424243,0.12,0.1,0.1,0.0,0.0,0.0,-0.0,75.8259901983524,9.099118823802288,0.0,-9.099118823802288
2019-11-30 15:00:00,80.41052611669535,3.0948965552360415,0.12,0.1,0.1,0.0,0.0,0.0,-0.0,77.3156295614593,9.277875547375116,0.0,-9.277875547375116
2019-11-30 16:00:00,80.02757944999799,0.5527200545171339,0.12,0.1,0.1,0.0,0.0,0.0,-0.0,79.47485939548085,9.5369831274577,0.0,-9.5369831274577
2019-11-30 17:00:00,81.85070500486304,0.0,0.12,0.1,0.1,0.0,0.0,0.0,-0.0,81.85070500486304,9.822084600583565,0.0,-9.822084600583565
2019-11-30 18:00:00,81.99169910310937,0.0,0.12,0.1,0.1,0.0,0.0,0.0,-0.0,81.99169910310937,9.839003892373125,0.0,-9.839003892373125
2019-11-30 19:00:00,81.69243974408867,0.0,0.12,0.1,0.1,0.0,0.0,0.0,-0.0,81.69243974408867,9.803092769290641,0.0,-9.803092769290641
2019-11-30 20:00:00,78.34421446893865,0.0,0.12,0.1,0.1,0.0,0.0,0.0,-0.0,78.34421446893865,9.401305736272636,0.0,-9.401305736272636
2019-11-30 21:00:00,80.45466367409247,0.0,0.12,0.1,0.1,0.0,0.0,0.0,-0.0,80.45466367409247,9.654559640891096,0.0,-9.654559640891096
2019-11-30 22:00:00,79.38013110444383,0.0,0.12,0.1,0.1,0.0,0.0,0.0,-0.0,79.38013110444383,9.525615732533259,0.0,-9.525615732533259
2019-11-30 23:00:00,79.22875021324397,0.0,0.12,0.1,0.1,0.0,0.0,0.0,-0.0,79.22875021324397,9.507450025589277,0.0,-9.507450025589277
2019-12-01 00:00:00,78.86690345758421,0.0,0.12,0.1,0.1,0.0,0.0,0.0,-0.0,78.86690345758421,9.464028414910105,0.0,-9.464028414910105
2019-12-01 01:00:00,77.80056023023421,0.0,0.12,0.1,0.1,0.0,0.0,0.0,-0.0,77.80056023023421,9.336067227628105,0.0,-9.336067227628105
2019-12-01 02:00:00,78.86024945795457,0.0,0.12,0.1,0.1,0.0,0.0,0.0,-0.0,78.86024945795457,9.463229934954548,0.0,-9.463229934954548
2019-12-01 03:00:00,78.94852210346049,0.0,0.12,0.1,0.1,0.0,0.0,0.0,-0.0,78.94852210346049,9.473822652415258,0.0,-9.473822652415258
2019-12-01 04:00:00,76.4755852034118,0.0,0.12,0.1,0.1,0.0,0.0,0.0,-0.0,76.4755852034118,9.177070224409416,0.0,-9.177070224409416
2019-12-01 05:00:00,80.7206066991982,0.0,0.12,0.1,0.1,0.0,0.0,0.0,-0.0,80.7206066991982,9.686472803903783,0.0,-9.686472803903783
2019-12-01 06:00:00,79.04841353054326,0.0,0.12,0.1,0.1,0.0,0.0,0.0,-0.0,79.04841353054326,9.48580962366519,0.0,-9.48580962366519
2019-12-01 07:00:00,78.73320060904636,1.1546441458982348,0.12,0.1,0.1,0.0,0.0,0.0,-0.0,77.57855646314813,9.309426775577775,0.0,-9.309426775577775
2019-12-01 08:00:00,78.52512720075288,3.2741522727272727,0.12,0.1,0.1,0.0,0.0,0.0,-0.0,75.2509749280256,9.030116991363071,0.0,-9.030116991363071
2019-12-01 09:00:00,77.81840697838389,7.413798076923076,0.12,0.1,0.1,0.0,0.0,0.0,-0.0,70.40460890146082,8.448553068175299,0.0,-8.448553068175299
2019-12-01 10:00:00,80.75599744753724,10.23684111111111,0.12,0.1,0.1,0.0,0.0,0.0,-0.0,70.51915633642614,8.462298760371135,0.0,-8.462298760371135
2019-12-01 11:00:00,80.41672786062367,9.990434393939394,0.12,0.1,0.1,0.0,0.0,0.0,-0.0,70.42629346668427,8.451155216002112,0.0,-8.451155216002112
2019-12-01 12:00:00,78.40159364861304,11.108512435897437,0.12,0.1,0.1,0.0,0.0,0.0,-0.0,67.2930812127156,8.075169745525873,0.0,-8.075169745525873
2019-12-01 13:00:00,76.61054077868764,6.327790277777779,0.12,0.1,0.1,0.0,0.0,0.0,-0.0,70.28275050090986,8.433930060109182,0.0,-8.433930060109182
2019-12-01 14:00:00,76.52844532455957,3.7090090909090905,0.12,0.1,0.1,0.0,0.0,0.0,-0.0,72.81943623365048,8.738332348038057,0.0,-8.738332348038057
2019-12-01 15:00:00,79.47827832942875,2.7751814102564105,0.12,0.1,0.1,0.0,0.0,0.0,-0.0,76.70309691917234,9.204371630300681,0.0,-9.204371630300681
2019-12-01 16:00:00,81.8985447742833,0.08099169262720664,0.12,0.1,0.1,0.0,0.0,0.0,-0.0,81.81755308165609,9.81810636979873,0.0,-9.81810636979873
2019-12-01 17:00:00,94.84257750141778,0.0,0.12,0.1,0.1,0.0,0.0,0.0,-0.0,94.84257750141778,11.381109300170133,0.0,-11.381109300170133
2019-12-01 18:00:00,78.65447103804833,0.0,0.12,0.1,0.1,0.0,0.0,0.0,-0.0,78.65447103804833,9.4385365245658,0.0,-9.4385365245658
2019-12-01 19:00:00,80.59329548049026,0.0,0.12,0.1,0.1,0.0,0.0,0.0,-0.0,80.59329548049026,9.67119545765883,0.0,-9.67119545765883
2019-12-01 20:00:00,80.46843465232938,0.0,0.12,0.1,0.1,0.0,0.0,0.0,-0.0,80.46843465232938,9.656212158279525,0.0,-9.656212158279525
2019-12-01 21:00:00,78.29306600650189,0.0,0.12,0.1,0.1,0.0,0.0,0.0,-0.0,78.29306600650189,9.395167920780226,0.0,-9.395167920780226
2019-12-01 22:00:00,77.23832075660191,0.0,0.12,0.1,0.1,0.0,0.0,0.0,-0.0,77.23832075660191,9.268598490792229,0.0,-9.268598490792229
2019-12-01 23:00:00,77.26358238170427,0.0,0.12,0.1,0.1,0.0,0.0,0.0,-0.0,77.26358238170427,9.271629885804511,0.0,-9.271629885804511
2019-12-02 00:00:00,77.79458544384661,0.0,0.1,0.1,0.1,0.0,0.0,0.0,-0.0,77.79458544384661,7.779458544384662,0.0,-7.779458544384662
2019-12-02 01:00:00,77.1551197327901,0.0,0.1,0.1,0.1,0.0,0.0,0.0,-0.0,77.1551197327901,7.7155119732790105,0.0,-7.7155119732790105
2019-12-02 02:00:00,74.81617554362305,0.0,0.1,0.1,0.1,0.0,0.0,0.0,-0.0,74.81617554362305,7.481617554362305,0.0,-7.481617554362305
2019-12-02 03:00:00,77.86985076290578,0.0,0.1,0.1,0.1,0.0,0.0,0.0,-0.0,77.86985076290578,7.786985076290579,0.0,-7.786985076290579
2019-12-02 04:00:00,77.81938052628092,0.0,0.1,0.1,0.575,250.0,250.0,250.0,0.0,327.81938052628095,32.7819380526281,9.5,-42.2819380526281
2019-12-02 05:00:00,81.98359149205682,0.0,0.1,0.575,0.575,0.0,0.0,0.0,-0.0,81.98359149205682,8.198359149205682,0.0,-8.198359149205682
2019-12-02 06:00:00,77.71295481113671,0.0,0.1,0.575,0.9,171.0526315789474,171.0526315789474,171.0526315789474,0.0,248.7655863900841,24.87655863900841,6.500000000000002,-31.376558639008415
2019-12-02 07:00:00,81.82539230103932,0.13427570093457944,0.18,0.9,0.9,0.0,0.0,0.0,-0.0,81.69111660010473,14.704400988018852,0.0,-14.704400988018852
2019-12-02 08:00:00,89.30042391414864,6.03055606060606,0.18,0.9,0.9,0.0,0.0,0.0,-0.0,83.26986785354258,14.988576213637664,0.0,-14.988576213637664
2019-12-02 09:00:00,92.22395840957968,9.217391282051283,0.18,0.9,0.9,0.0,0.0,0.0,-0.0,83.0065671275284,14.94118208295511,0.0,-14.94118208295511
2019-12-02 10:00:00,91.73493754248074,24.53431236111111,0.18,0.9,0.9,0.0,0.0,0.0,-0.0,67.20062518136963,12.096112532646533,0.0,-12.096112532646533
2019-12-02 11:00:00,92.63255607707808,21.74624,0.18,0.9,0.9,0.0,0.0,0.0,-0.0,70.88631607707808,12.759536893874053,0.0,-12.759536893874053
2019-12-02 12:00:00,89.9175317383145,19.863055512820512,0.18,0.9,0.9,0.0,0.0,0.0,-0.0,70.05447622549399,12.609805720588916,0.0,-12.609805720588916
2019-12-02 13:00:00,89.27429045456218,20.24452638888889,0.18,0.9,0.9,0.0,0.0,0.0,-0.0,69.02976406567329,12.425357531821192,0.0,-12.425357531821192
2019-12-02 14:00:00,89.1041076235466,13.568884393939395,0.18,0.9,0.9,0.0,0.0,0.0,-0.0,75.5352232296072,13.596340181329294,0.0,-13.596340181329294
2019-12-02 15:00:00,90.66551680890773,7.81240141025641,0.18,0.9,0.9,0.0,0.0,0.0,-0.0,82.85311539865131,14.913560771757236,0.0,-14.913560771757236
2019-12-02 16:00:00,90.17840688093973,2.4514002206645897,0.32,0.9,0.7153115649257366,-87.72700666027514,-87.72700666027514,0.0,87.72700666027514,0.0,0.0,3.6937687014852694,-3.6937687014852694
2019-12-02 17:00:00,85.29315620246686,0.0,0.32,0.7153115649257366,0.5357470255521222,-85.29315620246686,-85.29315620246686,0.0,85.29315620246686,0.0,0.0,3.5912907874722877,-3.5912907874722877
2019-12-02 18:00:00,85.97574309004193,0.0,0.32,0.5357470255521222,0.35474546115203387,-85.97574309004193,-85.97574309004193,0.0,85.97574309004193,0.0,0.0,3.620031288001766,-3.620031288001766
2019-12-02 19:00:00,86.83306448925129,0.0,0.32,0.35474546115203387,0.28076360778475434,-35.141380349457776,-35.141380349457776,0.0,35.141380349457776,51.69168413979351,16.541338924733925,1.4796370673455905,-18.020975992079514
2019-12-02 20:00:00,85.86271369775831,0.0,0.32,0.28076360778475434,0.10000000000000003,-85.86271369775831,-85.8627136977583,0.0,85.8627136977583,1.4210854715202004e-14,4.547473508864641e-15,3.615272155695086,-3.6152721556950906
2019-12-02 21:00:00,80.66547198057059,0.0,0.32,0.10000000000000003,0.10000000000000003,0.0,0.0,0.0,-0.0,80.66547198057059,25.81295103378259,0.0,-25.81295103378259
2019-12-02 22:00:00,80.78198435130494,0.0,0.1,0.10000000000000003,0.10000000000000003,0.0,0.0,0.0,-0.0,80.78198435130494,8.078198435130494,0.0,-8.078198435130494
2019-12-02 23:00:00,77.30268152982454,0.0,0.1,0.10000000000000003,0.10000000000000003,0.0,0.0,0.0,-0.0,77.30268152982454,7.730268152982454,0.0,-7.730268152982454
2019-12-03 00:00:00,78.2336139690955,0.0,0.1,0.10000000000000003,0.10000000000000003,0.0,0.0,0.0,-0.0,78.2336139690955,7.823361396909551,0.0,-7.823361396909551
2019-12-03 01:00:00,79.72348618638718,0.0,0.1,0.10000000000000003,0.10000000000000003,0.0,0.0,0.0,-0.0,79.72348618638718,7.972348618638718,0.0,-7.972348618638718
2019-12-03 02:00:00,78.74429550580808,0.0,0.1,0.10000000000000003,0.10000000000000003,0.0,0.0,0.0,-0.0,78.74429550580808,7.874429550580809,0.0,-7.874429550580809
2019-12-03 03:00:00,78.11128473850853,0.0,0.1,0.10000000000000003,0.10000000000000003,0.0,0.0,0.0,-0.0,78.11128473850853,7.811128473850854,0.0,-7.811128473850854
2019-12-03 04:00:00,77.42033936872816,0.0,0.1,0.10000000000000003,0.575,250.0,250.0,250.0,0.0,327.42033936872815,32.742033936872815,9.499999999999998,-42.242033936872815
2019-12-03 05:00:00,82.9069439329153,0.0,0.1,0.575,0.575,0.0,0.0,0.0,-0.0,82.9069439329153,8.29069439329153,0.0,-8.29069439329153
2019-12-03 06:00:00,80.61815332838644,0.0,0.1,0.575,0.8573792828694309,148.62067519443738,148.62067519443738,148.62067519443738,0.0,229.23882852282384,22.923882852282386,5.6475856573886185,-28.571468509671003
2019-12-03 07:00:00,84.52392181882517,12.483534435358257,0.18,0.8573792828694309,0.8573792828694309,0.0,0.0,0.0,-0.0,72.04038738346692,12.967269729024045,0.0,-12.967269729024045
2019-12-03 08:00:00,90.16238294082851,50.82541515151514,0.18,0.8573792828694309,0.8573792828694309,0.0,0.0,0.0,-0.0,39.33696778931337,7.080654202076406,0.0,-7.080654202076406
2019-12-03 09:00:00,97.9115193564919,81.39063717948717,0.18,0.8573792828694309,0.8573792828694309,0.0,0.0,0.0,-0.0,16.520882177004722,2.97375879186085,0.0,-2.97375879186085
2019-12-03 10:00:00,102.80131069646553,100.10967916666665,0.18,0.8573792828694309,0.8573792828694309,0.0,0.0,0.0,-0.0,2.691631529798883,0.48449367536379895,0.0,-0.48449367536379895
2019-12-03 11:00:00,91.41171697463575,103.83090454545454,0.18,0.8573792828694309,0.8809757392539865,12.419187570818792,12.419187570818792,12.419187570818792,0.0,0.0,0.0,0.47192912769111306,-0.47192912769111306
2019-12-03 12:00:00,88.47658631451388,98.48935512820512,0.18,0.8809757392539865,0.8999999999999999,10.012768813691238,10.012768813691238,10.012768813691238,0.0,0.0,0.0,0.38048521492026754,-0.38048521492026754
2019-12-03 13:00:00,112.8767838992149,45.59621513888888,0.18,0.8999999999999999,0.8999999999999999,-0.0,-0.0,-0.0,0.0,67.28056876032602,12.110502376858683,0.0,-12.110502376858683
2019-12-03 14:00:00,91.63205918088546,22.223065151515154,0.18,0.8999999999999999,0.8999999999999999,0.0,0.0,0.0,-0.0,69.4089940293703,12.493618925286654,0.0,-12.493618925286654
2019-12-03 15:00:00,112.06217714055484,5.980193589743591,0.18,0.8999999999999999,0.8999999999999999,0.0,0.0,0.0,-0.0,106.08198355081124,19.094757039146025,0.0,-19.094757039146025
2019-12-03 16:00:00,80.81988578651406,1.3534214953271029,0.32,0.8999999999999999,0.7327021804396063,-79.46646429118697,-79.46646429118697,0.0,79.46646429118697,0.0,0.0,3.3459563912078716,-3.3459563912078716
2019-12-03 17:00:00,77.46744654055095,0.0,0.32,0.7327021804396063,0.5696128193016043,-77.46744654055095,-77.46744654055095,0.0,77.46744654055095,0.0,0.0,3.2617872227600397,-3.2617872227600397
2019-12-03 18:00:00,78.88795968423496,0.0,0.32,0.5696128193016043,0.40353290417689913,-78.88795968423496,-78.88795968423496,0.0,78.88795968423496,0.0,0.0,3.3215983024941043,-3.3215983024941043
2019-12-03 19:00:00,81.68109695802563,0.0,0.32,0.40353290417689913,0.26386422176838636,-66.34262414404357,-66.34262414404357,0.0,66.34262414404357,15.338472813982065,4.908311300474261,2.793373648170255,-7.701684948644516
2019-12-03 20:00:00,77.83550533998361,0.0,0.32,0.26386422176838636,0.10000000000000003,-77.83550533998361,-77.83550533998351,0.0,77.83550533998351,9.947598300641403e-14,3.183231456205249e-14,3.2772844353677266,-3.2772844353677586
2019-12-03 21:00:00,76.72090227515002,0.0,0.32,0.10000000000000003,0.10000000000000003,0.0,0.0,0.0,-0.0,76.72090227515002,24.55068872804801,0.0,-24.55068872804801
2019-12-03 22:00:00,74.8490281505517,0.0,0.1,0.10000000000000003,0.10000000000000003,0.0,0.0,0.0,-0.0,74.8490281505517,7.484902815055171,0.0,-7.484902815055171
2019-12-03 23:00:00,73.39666975524474,0.0,0.1,0.10000000000000003,0.10000000000000003,0.0,0.0,0.0,-0.0,73.39666975524474,7.339666975524475,0.0,-7.339666975524475
2019-12-04 00:00:00,71.34412189357704,0.0,0.1,0.10000000000000003,0.10000000000000003,0.0,0.0,0.0,-0.0,71.34412189357704,7.134412189357704,0.0,-7.134412189357704
2019-12-04 01:00:00,72.24468322988287,0.0,0.1,0.10000000000000003,0.10000000000000003,0.0,0.0,0.0,-0.0,72.24468322988287,7.224468322988287,0.0,-7.224468322988287
2019-12-04 02:00:00,73.53018141269557,0.0,0.1,0.10000000000000003,0.10000000000000003,0.0,0.0,0.0,-0.0,73.53018141269557,7.353018141269557,0.0,-7.353018141269557
2019-12-04 03:00:00,74.60070013039629,0.0,0.1,0.10000000000000003,0.10000000000000003,0.0,0.0,0.0,-0.0,74.60070013039629,7.46007001303963,0.0,-7.46007001303963
2019-12-04 04:00:00,75.01451991980916,0.0,0.1,0.10000000000000003,0.4250000000000001,171.0526315789474,171.0526315789474,171.0526315789474,0.0,246.06715149875657,24.606715149875658,6.500000000000002,-31.10671514987566
2019-12-04 05:00:00,76.83645911859234,0.0,0.1,0.4250000000000001,0.4250000000000001,0.0,0.0,0.0,-0.0,76.83645911859234,7.683645911859235,0.0,-7.683645911859235
2019-12-04 06:00:00,74.80572438963752,0.0,0.1,0.4250000000000001,0.9,250.0,249.99999999999997,249.99999999999997,0.0,324.8057243896375,32.48057243896375,9.499999999999998,-41.98057243896375
2019-12-04 07:00:00,79.8909938713468,0.14493250259605397,0.18,0.9,0.9,0.0,0.0,0.0,-0.0,79.74606136875074,14.354291046375133,0.0,-14.354291046375133
2019-12-04 08:00:00,92.30029080053868,2.665293642027754,0.18,0.9,0.9,0.0,0.0,0.0,-0.0,89.63499715851093,16.134299488531965,0.0,-16.134299488531965
2019-12-04 09:00:00,92.97352340042691,6.138903340522406,0.18,0.9,0.9,0.0,0.0,0.0,-0.0,86.83462005990451,15.630231610782811,0.0,-15.630231610782811
2019-12-04 10:00:00,91.50564315363584,9.938719305555555,0.18,0.9,0.9,0.0,0.0,0.0,-0.0,81.5669238480803,14.682046292654451,0.0,-14.682046292654451
2019-12-04 11:00:00,120.81880295666794,19.522993181818183,0.18,0.9,0.9,0.0,0.0,0.0,-0.0,101.29580977484976,18.233245759472954,0.0,-18.233245759472954
2019-12-04 12:00:00,93.75168121430131,26.38399064102564,0.18,0.9,0.9,0.0,0.0,0.0,-0.0,67.36769057327567,12.12618430318962,0.0,-12.12618430318962
2019-12-04 13:00:00,90.886169368188,19.45393673611111,0.18,0.9,0.9,0.0,0.0,0.0,-0.0,71.4322326320769,12.857801873773843,0.0,-12.857801873773843
2019-12-04 14:00:00,114.07675102417771,10.633354393939394,0.18,0.9,0.9,0.0,0.0,0.0,-0.0,103.44339663023831,18.619811393442895,0.0,-18.619811393442895
2019-12-04 15:00:00,95.09962176727389,3.433292307692308,0.18,0.9,0.9,-0.0,-0.0,-0.0,0.0,91.66632945958158,16.499939302724684,0.0,-16.499939302724684
2019-12-04 16:00:00,85.3255191505615,0.39217030114226376,0.32,0.9,0.7211929497906964,-84.93334884941925,-84.93334884941925,0.0,84.93334884941925,0.0,0.0,3.576141004186073,-3.576141004186073
2019-12-04 17:00:00,84.17655565692071,0.0,0.32,0.7211929497906964,0.5439791484077054,-84.17655565692071,-84.17655565692071,0.0,84.17655565692071,0.0,0.0,3.5442760276598184,-3.5442760276598184
2019-12-04 18:00:00,81.69758205167668,0.0,0.32,0.5439791484077054,0.37198423882522824,-81.69758205167668,-81.69758205167668,0.0,81.69758205167668,0.0,0.0,3.439898191649544,-3.439898191649544
2019-12-04 19:00:00,84.10223563850211,0.0,0.32,0.37198423882522824,0.27763958890417634,-44.81370871249966,-44.81370871249966,0.0,44.81370871249966,39.28852692600245,12.572328616320783,1.886892998421038,-14.459221614741821
2019-12-04 20:00:00,84.37880472948376,0.0,0.32,0.27763958890417634,0.10000000000000003,-84.37880472948376,-84.37880472948375,0.0,84.37880472948375,1.4210854715202004e-14,4.547473508864641e-15,3.552791778083526,-3.5527917780835305
2019-12-04 21:00:00,79.86824233387674,0.0,0.32,0.10000000000000003,0.10000000000000003,0.0,0.0,0.0,-0.0,79.86824233387674,25.557837546840556,0.0,-25.557837546840556
2019-12-04 22:00:00,76.05768773625033,0.0,0.1,0.10000000000000003,0.10000000000000003,0.0,0.0,0.0,-0.0,76.05768773625033,7.605768773625034,0.0,-7.605768773625034
2019-12-04 23:00:00,76.09154818734402,0.0,0.1,0.10000000000000003,0.10000000000000003,0.0,0.0,0.0,-0.0,76.09154818734402,7.609154818734402,0.0,-7.609154818734402
2019-12-05 00:00:00,75.65916547349073,0.0,0.1,0.10000000000000003,0.10000000000000003,0.0,0.0,0.0,-0.0,75.65916547349073,7.565916547349073,0.0,-7.565916547349073
2019-12-05 01:00:00,75.48092900601699,0.0,0.1,0.10000000000000003,0.10000000000000003,0.0,0.0,0.0,-0.0,75.48092900601699,7.5480929006016995,0.0,-7.5480929006016995
2019-12-05 02:00:00,75.06279245717423,0.0,0.1,0.10000000000000003,0.10000000000000003,0.0,0.0,0.0,-0.0,75.06279245717423,7.5062792457174226,0.0,-7.5062792457174226
2019-12-05 03:00:00,75.35576545493817,0.0,0.1,0.10000000000000003,0.10000000000000003,0.0,0.0,0.0,-0.0,75.35576545493817,7.535576545493817,0.0,-7.535576545493817
2019-12-05 04:00:00,76.92563518390394,0.0,0.1,0.10000000000000003,0.10000000000000003,0.0,0.0,0.0,-0.0,76.92563518390394,7.6925635183903935,0.0,-7.6925635183903935
2019-12-05 05:00:00,81.06297870995671,0.0,0.1,0.10000000000000003,0.4250000000000001,171.0526315789474,171.0526315789474,171.0526315789474,0.0,252.11561028890412,25.211561028890415,6.500000000000002,-31.711561028890415
2019-12-05 06:00:00,76.99971043615587,0.0,0.1,0.4250000000000001,0.9,250.0,249.99999999999997,249.99999999999997,0.0,326.99971043615585,32.699971043615584,9.499999999999998,-42.199971043615584
2019-12-05 07:00:00,78.60152036187873,2.396682255970924,0.18,0.9,0.9,0.0,0.0,0.0,-0.0,76.2048381059078,13.716870859063404,0.0,-13.716870859063404
2019-12-05 08:00:00,85.96018082736973,10.623550227272728,0.18,0.9,0.9,0.0,0.0,0.0,-0.0,75.336630600097,13.560593508017458,0.0,-13.560593508017458
2019-12-05 09:00:00,89.58814693334905,23.957644615384616,0.18,0.9,0.9,0.0,0.0,0.0,-0.0,65.63050231796444,11.813490417233599,0.0,-11.813490417233599
2019-12-05 10:00:00,95.00435556158995,32.21037833333333,0.18,0.9,0.9,0.0,0.0,0.0,-0.0,62.793977228256615,11.302915901086191,0.0,-11.302915901086191
2019-12-05 11:00:00,95.81090984583938,45.126338636363634,0.18,0.9,0.9,0.0,0.0,0.0,-0.0,50.68457120947574,9.123222817705633,0.0,-9.123222817705633
2019-12-05 12:00:00,95.89948190739038,45.2663091025641,0.18,0.9,0.9,0.0,0.0,0.0,-0.0,50.63317280482628,9.11397110486873,0.0,-9.11397110486873
2019-12-05 13:00:00,103.9837440056174,35.276633194444436,0.18,0.9,0.9,0.0,0.0,0.0,-0.0,68.70711081117295,12.36727994601113,0.0,-12.36727994601113
2019-12-05 14:00:00,91.7043318704049,22.131502878787877,0.18,0.9,0.9,0.0,0.0,0.0,-0.0,69.57282899161703,12.523109218491065,0.0,-12.523109218491065
2019-12-05 15:00:00,87.76750894856039,12.257560641025643,0.18,0.9,0.9,-0.0,-0.0,-0.0,0.0,75.50994830753474,13.591790695356254,0.0,-13.591790695356254
2019-12-05 16:00:00,85.19024192700745,2.1887838395638632,0.32,0.9,0.7252600882369609,-83.00145808744358,-83.00145808744358,0.0,83.00145808744358,0.0,0.0,3.494798235260783,-3.494798235260783
2019-12-05 17:00:00,88.70841909180109,0.0,0.32,0.7252600882369609,0.538505521727906,-88.70841909180109,-88.70841909180109,0.0,88.70841909180109,0.0,0.0,3.7350913301810973,-3.7350913301810973
2019-12-05 18:00:00,83.49427417300406,0.0,0.32,0.538505521727906,0.44932939561555396,-42.35865990336722,-42.35865990336722,0.0,42.35865990336722,41.13561426963684,13.163396566283788,1.7835225222470408,-14.94691908853083
2019-12-05 19:00:00,84.1593176033538,0.0,0.32,0.44932939561555396,0.2721518848716512,-84.1593176033538,-84.1593176033538,0.0,84.1593176033538,0.0,0.0,3.543550214878055,-3.543550214878055
2019-12-05 20:00:00,81.77214531403435,0.0,0.32,0.2721518848716512,0.1,-81.77214531403435,-81.77214531403432,0.0,81.77214531403432,2.842170943040401e-14,9.094947017729283e-15,3.443037697433024,-3.443037697433033
2019-12-05 21:00:00,81.91459864873228,0.0,0.32,0.1,0.1,0.0,0.0,0.0,-0.0,81.91459864873228,26.21267156759433,0.0,-26.21267156759433
2019-12-05 22:00:00,78.72970140494262,0.0,0.1,0.1,0.1,0.0,0.0,0.0,-0.0,78.72970140494262,7.872970140494262,0.0,-7.872970140494262
2019-12-05 23:00:00,78.27529047982506,0.0,0.1,0.1,0.1,0.0,0.0,0.0,-0.0,78.27529047982506,7.827529047982506,0.0,-7.827529047982506
2019-12-06 00:00:00,75.31888010394997,0.0,0.1,0.1,0.1,0.0,0.0,0.0,-0.0,75.31888010394997,7.531888010394997,0.0,-7.531888010394997
2019-12-06 01:00:00,77.73150358372463,0.0,0.1,0.1,0.1,0.0,0.0,0.0,-0.0,77.73150358372463,7.7731503583724635,0.0,-7.7731503583724635
2019-12-06 02:00:00,77.6994227817572,0.0,0.1,0.1,0.1,0.0,0.0,0.0,-0.0,77.6994227817572,7.769942278175721,0.0,-7.769942278175721
2019-12-06 03:00:00,77.34102059800718,0.0,0.1,0.1,0.1,0.0,0.0,0.0,-0.0,77.34102059800718,7.734102059800718,0.0,-7.734102059800718
2019-12-06 04:00:00,75.47961568634882,0.0,0.1,0.1,0.1,-0.0,-0.0,-0.0,0.0,75.47961568634882,7.547961568634882,0.0,-7.547961568634882
2019-12-06 05:00:00,76.31235584297868,0.0,0.1,0.1,0.42500000000000004,171.0526315789474,171.0526315789474,171.0526315789474,0.0,247.36498742192606,24.73649874219261,6.500000000000002,-31.23649874219261
2019-12-06 06:00:00,78.1282367965791,0.0,0.1,0.42500000000000004,0.9,250.0,250.0,250.0,0.0,328.12823679657913,32.81282367965792,9.5,-42.31282367965792
2019-12-06 07:00:00,90.4333040686684,4.3262409657320875,0.18,0.9,0.9,0.0,0.0,0.0,-0.0,86.10706310293632,15.499271358528537,0.0,-15.499271358528537
2019-12-06 08:00:00,93.28941322852846,16.969406515151515,0.18,0.9,0.9,0.0,0.0,0.0,-0.0,76.32000671337694,13.737601208407849,0.0,-13.737601208407849
2019-12-06 09:00:00,93.91734061371218,68.04038025641026,0.18,0.9,0.9,0.0,0.0,0.0,-0.0,25.876960357301925,4.657852864314346,0.0,-4.657852864314346
2019-12-06 10:00:00,127.84751468786173,95.52233333333334,0.18,0.9,0.9,0.0,0.0,0.0,-0.0,32.3251813545284,5.818532643815111,0.0,-5.818532643815111
2019-12-06 11:00:00,120.50992339636973,102.29673181818181,0.18,0.9,0.9,0.0,0.0,0.0,-0.0,18.213191578187917,3.278374484073825,0.0,-3.278374484073825
2019-12-06 12:00:00,100.41391195993356,93.18452153846155,0.18,0.9,0.9,0.0,0.0,0.0,-0.0,7.229390421472004,1.3012902758649607,0.0,-1.3012902758649607
2019-12-06 13:00:00,101.08006485271333,34.45562138888889,0.18,0.9,0.9,0.0,0.0,0.0,-0.0,66.62444346382443,11.992399823488398,0.0,-11.992399823488398
2019-12-06 14:00:00,92.54972365252627,12.496295151515149,0.18,0.9,0.9,0.0,0.0,0.0,-0.0,80.05342850101113,14.409617130182003,0.0,-14.409617130182003
2019-12-06 15:00:00,92.46616499598203,10.848978076923078,0.18,0.9,0.9,0.0,0.0,0.0,-0.0,81.61718691905895,14.69109364543061,0.0,-14.69109364543061
2019-12-06 16:00:00,89.58347085824276,1.782829854620976,0.32,0.9,0.80838703743271,-43.516157219462755,-43.516157219462755,0.0,43.516157219462755,44.284483784159036,14.171034810930891,1.8322592513458003,-16.00329406227669
2019-12-06 17:00:00,84.94770251809679,0.0,0.32,0.80838703743271,0.6295497689735589,-84.94770251809679,-84.94770251809679,0.0,84.94770251809679,0.0,0.0,3.576745369183023,-3.576745369183023
2019-12-06 18:00:00,85.34443005535387,0.0,0.32,0.6295497689735589,0.44987728464649807,-85.34443005535387,-85.34443005535387,0.0,85.34443005535387,0.0,0.0,3.5934496865412155,-3.5934496865412155
2019-12-06 19:00:00,83.36421668395204,0.0,0.32,0.44987728464649807,0.2743736705750201,-83.36421668395204,-83.36421668395204,0.0,83.36421668395204,0.0,0.0,3.5100722814295593,-3.5100722814295593
2019-12-06 20:00:00,82.82749352313459,0.0,0.32,0.2743736705750201,0.1,-82.82749352313459,-82.82749352313455,0.0,82.82749352313455,4.263256414560601e-14,1.3642420526593923e-14,3.487473411500402,-3.4874734115004156
2019-12-06 21:00:00,78.48306040097086,0.0,0.32,0.1,0.1,0.0,0.0,0.0,-0.0,78.48306040097086,25.114579328310676,0.0,-25.114579328310676
2019-12-06 22:00:00,76.77735829726414,0.0,0.1,0.1,0.1,0.0,0.0,0.0,-0.0,76.77735829726414,7.677735829726415,0.0,-7.677735829726415
2019-12-06 23:00:00,77.08654987972963,0.0,0.1,0.1,0.1,0.0,0.0,0.0,-0.0,77.08654987972963,7.708654987972963,0.0,-7.708654987972963
2019-12-07 00:00:00,78.18036769784835,0.0,0.12,0.1,0.1,0.0,0.0,0.0,-0.0,78.18036769784835,9.381644123741802,0.0,-9.381644123741802
2019-12-07 01:00:00,76.90141822208804,0.0,0.12,0.1,0.1,0.0,0.0,0.0,-0.0,76.90141822208804,9.228170186650564,0.0,-9.228170186650564
2019-12-07 02:00:00,75.1913468619773,0.0,0.12,0.1,0.1,0.0,0.0,0.0,-0.0,75.1913468619773,9.022961623437276,0.0,-9.022961623437276
2019-12-07 03:00:00,75.78823301036886,0.0,0.12,0.1,0.1,0.0,0.0,0.0,-0.0,75.78823301036886,9.094587961244262,0.0,-9.094587961244262
2019-12-07 04:00:00,76.61968611985729,0.0,0.12,0.1,0.1,0.0,0.0,0.0,-0.0,76.61968611985729,9.194362334382875,0.0,-9.194362334382875
2019-12-07 05:00:00,81.10259929692025,0.0,0.12,0.1,0.1,0.0,0.0,0.0,-0.0,81.10259929692025,9.73231191563043,0.0,-9.73231191563043
2019-12-07 06:00:00,77.59168116163603,0.0,0.12,0.1,0.1,0.0,0.0,0.0,-0.0,77.59168116163603,9.311001739396323,0.0,-9.311001739396323
2019-12-07 07:00:00,75.98383453465694,1.4751145379023882,0.12,0.1,0.1,0.0,0.0,0.0,-0.0,74.50871999675455,8.941046399610546,0.0,-8.941046399610546
2019-12-07 08:00:00,80.49334106454954,37.27998848484849,0.12,0.1,0.1,0.0,0.0,0.0,-0.0,43.21335257970105,5.185602309564126,0.0,-5.185602309564126
2019-12-07 09:00:00,86.74746768282616,78.70325769230769,0.12,0.1,0.1,0.0,0.0,0.0,-0.0,8.044209990518468,0.9653051988622161,0.0,-0.9653051988622161
2019-12-07 10:00:00,91.12431916567694,99.74948472222223,0.12,0.1,0.11638781455743608,8.625165556545298,8.625165556545298,8.625165556545298,0.0,0.0,0.0,0.3277562911487214,-0.3277562911487214
2019-12-07 11:00:00,90.10643779349927,70.80864484848486,0.12,0.11638781455743608,0.11638781455743608,0.0,0.0,0.0,-0.0,19.297792945014407,2.3157351534017288,0.0,-2.3157351534017288
2019-12-07 12:00:00,83.68770691343829,30.735912435897436,0.12,0.11638781455743608,0.11638781455743608,0.0,0.0,0.0,-0.0,52.95179447754086,6.354215337304903,0.0,-6.354215337304903
2019-12-07 13:00:00,81.0903078723534,15.241770833333334,0.12,0.11638781455743608,0.11638781455743608,0.0,0.0,0.0,-0.0,65.84853703902007,7.901824444682409,0.0,-7.901824444682409
2019-12-07 14:00:00,81.01075113105767,7.403948787878789,0.12,0.11638781455743608,0.11638781455743608,0.0,0.0,0.0,-0.0,73.60680234317888,8.832816281181465,0.0,-8.832816281181465
2019-12-07 15:00:00,83.93075425810632,7.672672435897436,0.12,0.11638781455743608,0.11638781455743608,0.0,0.0,0.0,-0.0,76.25808182220888,9.150969818665065,0.0,-9.150969818665065
2019-12-07 16:00:00,79.49417851546907,5.574856944444444,0.12,0.11638781455743608,0.11638781455743608,0.0,0.0,0.0,-0.0,73.91932157102462,8.870318588522954,0.0,-8.870318588522954
2019-12-07 17:00:00,76.39004406560342,0.0,0.12,0.11638781455743608,0.11638781455743608,0.0,0.0,0.0,-0.0,76.39004406560342,9.16680528787241,0.0,-9.16680528787241
2019-12-07 18:00:00,78.20939561653809,0.0,0.12,0.11638781455743608,0.11638781455743608,0.0,0.0,0.0,-0.0,78.20939561653809,9.38512747398457,0.0,-9.38512747398457
2019-12-07 19:00:00,77.48939793577419,0.0,0.12,0.11638781455743608,0.11638781455743608,0.0,0.0,0.0,-0.0,77.48939793577419,9.298727752292903,0.0,-9.298727752292903
2019-12-07 20:00:00,76.71712093044749,0.0,0.12,0.11638781455743608,0.11638781455743608,0.0,0.0,0.0,-0.0,76.71712093044749,9.206054511653699,0.0,-9.206054511653699
2019-12-07 21:00:00,81.08045465648728,0.0,0.12,0.11638781455743608,0.11638781455743608,0.0,0.0,0.0,-0.0,81.08045465648728,9.729654558778472,0.0,-9.729654558778472
2019-12-07 22:00:00,80.18519570558054,0.0,0.12,0.11638781455743608,0.11638781455743608,0.0,0.0,0.0,-0.0,80.18519570558054,9.622223484669664,0.0,-9.622223484669664
2019-12-07 23:00:00,77.4733561592819,0.0,0.12,0.11638781455743608,0.11638781455743608,0.0,0.0,0.0,-0.0,77.4733561592819,9.296802739113827,0.0,-9.296802739113827
2019-12-08 00:00:00,74.9694972534536,0.0,0.12,0.11638781455743608,0.11638781455743608,0.0,0.0,0.0,-0.0,74.9694972534536,8.99633967041443,0.0,-8.99633967041443
2019-12-08 01:00:00,75.30777692206449,0.0,0.12,0.11638781455743608,0.11638781455743608,0.0,0.0,0.0,-0.0,75.30777692206449,9.036933230647739,0.0,-9.036933230647739
2019-12-08 02:00:00,76.3038736727773,0.0,0.12,0.11638781455743608,0.11638781455743608,0.0,0.0,0.0,-0.0,76.3038736727773,9.156464840733276,0.0,-9.156464840733276
2019-12-08 03:00:00,77.12630207296051,0.0,0.12,0.11638781455743608,0.11638781455743608,0.0,0.0,0.0,-0.0,77.12630207296051,9.255156248755261,0.0,-9.255156248755261
2019-12-08 04:00:00,77.18621478622383,0.0,0.12,0.11638781455743608,0.11638781455743608,0.0,0.0,0.0,-0.0,77.18621478622383,9.262345774346858,0.0,-9.262345774346858
2019-12-08 05:00:00,80.97770319938017,0.0,0.12,0.11638781455743608,0.11638781455743608,0.0,0.0,0.0,-0.0,80.97770319938017,9.71732438392562,0.0,-9.71732438392562
2019-12-08 06:00:00,77.85990269439165,0.0,0.12,0.11638781455743608,0.11638781455743608,0.0,0.0,0.0,-0.0,77.85990269439165,9.343188323326997,0.0,-9.343188323326997
2019-12-08 07:00:00,77.39109610913712,2.4251842419522323,0.12,0.11638781455743608,0.11638781455743608,0.0,0.0,0.0,-0.0,74.96591186718489,8.995909424062186,0.0,-8.995909424062186
2019-12-08 08:00:00,77.92689186327651,17.083385606060606,0.12,0.11638781455743608,0.11638781455743608,0.0,0.0,0.0,-0.0,60.84350625721591,7.301220750865909,0.0,-7.301220750865909
2019-12-08 09:00:00,78.40609613697308,66.58082923076924,0.12,0.11638781455743608,0.11638781455743608,0.0,0.0,0.0,-0.0,11.825266906203836,1.4190320287444602,0.0,-1.4190320287444602
2019-12-08 10:00:00,85.76693834506789,85.87589166666667,0.12,0.11638781455743608,0.11659482586847378,0.1089533215987899,0.1089533215987899,0.1089533215987899,0.0,0.0,0.0,0.004140226220754051,-0.004140226220754051
2019-12-08 11:00:00,77.91514069877623,63.24780757575757,0.12,0.11659482586847378,0.11659482586847378,0.0,0.0,0.0,-0.0,14.667333123018658,1.7600799747622389,0.0,-1.7600799747622389
2019-12-08 12:00:00,87.6106442505359,113.11054102564103,0.12,0.11659482586847378,0.1650446297411735,25.499896775105128,25.499896775105128,25.499896775105128,0.0,0.0,0.0,0.9689960774539946,-0.9689960774539946
2019-12-08 13:00:00,83.04308349076472,50.65968180555556,0.12,0.1650446297411735,0.1650446297411735,0.0,0.0,0.0,-0.0,32.38340168520916,3.886008202225099,0.0,-3.886008202225099
2019-12-08 14:00:00,77.3637221552675,22.915541515151514,0.12,0.1650446297411735,0.1650446297411735,0.0,0.0,0.0,-0.0,54.44818064011598,6.533781676813917,0.0,-6.533781676813917
2019-12-08 15:00:00,81.98053892056706,33.33634102564102,0.12,0.1650446297411735,0.1650446297411735,0.0,0.0,0.0,-0.0,48.64419789492604,5.8373037473911245,0.0,-5.8373037473911245
2019-12-08 16:00:00,77.62058716910472,2.2590933800623056,0.12,0.1650446297411735,0.1650446297411735,0.0,0.0,0.0,-0.0,75.36149378904241,9.043379254685089,0.0,-9.043379254685089
2019-12-08 17:00:00,75.35837462786452,0.0,0.12,0.1650446297411735,0.1650446297411735,0.0,0.0,0.0,-0.0,75.35837462786452,9.043004955343742,0.0,-9.043004955343742
2019-12-08 18:00:00,77.56788313406145,0.0,0.12,0.1650446297411735,0.1650446297411735,0.0,0.0,0.0,-0.0,77.56788313406145,9.308145976087372,0.0,-9.308145976087372
2019-12-08 19:00:00,79.88949246137878,0.0,0.12,0.1650446297411735,0.1650446297411735,0.0,0.0,0.0,-0.0,79.88949246137878,9.586739095365454,0.0,-9.586739095365454
2019-12-08 20:00:00,79.04128120772506,0.0,0.12,0.1650446297411735,0.1650446297411735,0.0,0.0,0.0,-0.0,79.04128120772506,9.484953744927008,0.0,-9.484953744927008
2019-12-08 21:00:00,79.98857482028069,0.0,0.12,0.1650446297411735,0.1650446297411735,0.0,0.0,0.0,-0.0,79.98857482028069,9.598628978433682,0.0,-9.598628978433682
2019-12-08 22:00:00,76.71411881591605,0.0,0.12,0.1650446297411735,0.1650446297411735,0.0,0.0,0.0,-0.0,76.71411881591605,9.205694257909926,0.0,-9.205694257909926
2019-12-08 23:00:00,77.26744344944662,0.0,0.12,0.1650446297411735,0.1650446297411735,0.0,0.0,0.0,-0.0,77.26744344944662,9.272093213933594,0.0,-9.272093213933594
2019-12-09 00:00:00,78.68576786394765,0.0,0.1,0.1650446297411735,0.1650446297411735,0.0,0.0,0.0,-0.0,78.68576786394765,7.868576786394765,0.0,-7.868576786394765
2019-12-09 01:00:00,77.61657814122727,0.0,0.1,0.1650446297411735,0.1650446297411735,0.0,0.0,0.0,-0.0,77.61657814122727,7.761657814122727,0.0,-7.761657814122727
2019-12-09 02:00:00,74.93185242130279,0.0,0.1,0.1650446297411735,0.1650446297411735,0.0,0.0,0.0,-0.0,74.93185242130279,7.49318524213028,0.0,-7.49318524213028
2019-12-09 03:00:00,77.3767755124738,0.0,0.1,0.1650446297411735,0.1650446297411735,0.0,0.0,0.0,-0.0,77.3767755124738,7.73767755124738,0.0,-7.73767755124738
2019-12-09 04:00:00,78.29997554290324,0.0,0.1,0.1650446297411735,0.40815755325256053,127.95417026915106,127.95417026915106,127.95417026915106,0.0,206.2541458120543,20.625414581205433,4.86225847022774,-25.487673051433173
2019-12-09 05:00:00,82.54113141711231,0.0,0.1,0.40815755325256053,0.40815755325256053,0.0,0.0,0.0,-0.0,82.54113141711231,8.254113141711231,0.0,-8.254113141711231
2019-12-09 06:00:00,78.53429529024967,0.0,0.1,0.40815755325256053,0.8831575532525605,250.0,250.0,250.0,0.0,328.5342952902497,32.85342952902497,9.5,-42.35342952902497
2019-12-09 07:00:00,80.62530569101669,3.540830942367601,0.18,0.8831575532525605,0.8831575532525605,0.0,0.0,0.0,-0.0,77.08447474864909,13.875205454756834,0.0,-13.875205454756834
2019-12-09 08:00:00,96.06393242112632,49.49249621212121,0.18,0.8831575532525605,0.8831575532525605,0.0,0.0,0.0,-0.0,46.571436209005114,8.382858517620921,0.0,-8.382858517620921
2019-12-09 09:00:00,95.69771317054925,69.73765512820513,0.18,0.8831575532525605,0.8831575532525605,0.0,0.0,0.0,-0.0,25.960058042344116,4.6728104476219405,0.0,-4.6728104476219405
2019-12-09 10:00:00,101.29816278820817,79.66467638888889,0.18,0.8831575532525605,0.8831575532525605,0.0,0.0,0.0,-0.0,21.63348639931928,3.8940275518774703,0.0,-3.8940275518774703
2019-12-09 11:00:00,97.02171191921047,105.88615757575758,0.18,0.8831575532525605,0.9,8.864445656547105,8.864445656547105,8.864445656547105,0.0,0.0,0.0,0.3368489349487902,-0.3368489349487902
2019-12-09 12:00:00,105.86441063729143,101.9818782051282,0.18,0.9,0.9,0.0,0.0,0.0,-0.0,3.882532432163231,0.6988558377893815,0.0,-0.6988558377893815
2019-12-09 13:00:00,117.06179457369713,87.36571805555555,0.18,0.9,0.9,0.0,0.0,0.0,-0.0,29.69607651814158,5.345293773265484,0.0,-5.345293773265484
2019-12-09 14:00:00,91.48752599545142,62.82245606060605,0.18,0.9,0.9,0.0,0.0,0.0,-0.0,28.66506993484537,5.159712588272167,0.0,-5.159712588272167
2019-12-09 15:00:00,83.46928769660721,29.160909230769228,0.18,0.9,0.9,0.0,0.0,0.0,-0.0,54.30837846583798,9.775508123850836,0.0,-9.775508123850836
2019-12-09 16:00:00,79.80016454340914,2.7701943081516096,0.32,0.9,0.7378316416099842,-77.02997023525752,-77.02997023525752,0.0,77.02997023525752,0.0,0.0,3.2433671678003173,-3.2433671678003173
2019-12-09 17:00:00,80.50806456644456,0.0,0.32,0.7378316416099842,0.5683409793648377,-80.50806456644456,-80.50806456644456,0.0,80.50806456644456,0.0,0.0,3.3898132449029283,-3.3898132449029283
2019-12-09 18:00:00,86.03740702067111,0.0,0.32,0.5683409793648377,0.4646532511051379,-49.25167092335743,-49.25167092335743,0.0,49.25167092335743,36.78573609731368,11.771435551140378,2.073754565193997,-13.845190116334376
2019-12-09 19:00:00,87.18929638475049,0.0,0.32,0.4646532511051379,0.2810968376635579,-87.18929638475049,-87.18929638475049,0.0,87.18929638475049,0.0,0.0,3.671128268831599,-3.671128268831599
2019-12-09 20:00:00,86.02099789019002,0.0,0.32,0.2810968376635579,0.1,-86.02099789019002,-86.02099789019,0.0,86.02099789019,1.4210854715202004e-14,4.547473508864641e-15,3.621936753271158,-3.6219367532711626
2019-12-09 21:00:00,82.1241262643205,0.0,0.32,0.1,0.1,0.0,0.0,0.0,-0.0,82.1241262643205,26.27972040458256,0.0,-26.27972040458256
2019-12-09 22:00:00,78.31356116994641,0.0,0.1,0.1,0.1,0.0,0.0,0.0,-0.0,78.31356116994641,7.831356116994641,0.0,-7.831356116994641
2019-12-09 23:00:00,78.88759613823999,0.0,0.1,0.1,0.1,0.0,0.0,0.0,-0.0,78.88759613823999,7.888759613823999,0.0,-7.888759613823999
2019-12-10 00:00:00,78.70832816403944,0.0,0.1,0.1,0.1,0.0,0.0,0.0,-0.0,78.70832816403944,7.8708328164039445,0.0,-7.8708328164039445
2019-12-10 01:00:00,78.19052894281432,0.0,0.1,0.1,0.1,0.0,0.0,0.0,-0.0,78.19052894281432,7.819052894281433,0.0,-7.819052894281433
2019-12-10 02:00:00,76.33678116988675,0.0,0.1,0.1,0.1,0.0,0.0,0.0,-0.0,76.33678116988675,7.633678116988675,0.0,-7.633678116988675
2019-12-10 03:00:00,78.2892925166875,0.0,0.1,0.1,0.1,0.0,0.0,0.0,-0.0,78.2892925166875,7.82892925166875,0.0,-7.82892925166875
2019-12-10 04:00:00,79.19898797512886,0.0,0.1,0.1,0.42500000000000004,171.0526315789474,171.0526315789474,171.0526315789474,0.0,250.25161955407626,25.025161955407626,6.500000000000002,-31.525161955407626
2019-12-10 05:00:00,82.14424720189513,0.0,0.1,0.42500000000000004,0.42500000000000004,0.0,0.0,0.0,-0.0,82.14424720189513,8.214424720189513,0.0,-8.214424720189513
2019-12-10 06:00:00,80.04157733555563,0.0,0.1,0.42500000000000004,0.9,250.0,250.0,250.0,0.0,330.04157733555564,33.004157733555566,9.5,-42.504157733555566
2019-12-10 07:00:00,81.82420502724285,1.1655594755970924,0.18,0.9,0.9,0.0,0.0,0.0,-0.0,80.65864555164576,14.518556199296237,0.0,-14.518556199296237
2019-12-10 08:00:00,89.31099611650986,7.226155227272727,0.18,0.9,0.9,0.0,0.0,0.0,-0.0,82.08484088923713,14.775271360062682,0.0,-14.775271360062682
2019-12-10 09:00:00,91.02867045500655,29.682034615384616,0.18,0.9,0.9,0.0,0.0,0.0,-0.0,61.34663583962193,11.042394451131948,0.0,-11.042394451131948
2019-12-10 10:00:00,94.75924750489581,67.98459444444444,0.18,0.9,0.9,0.0,0.0,0.0,-0.0,26.77465306045137,4.819437550881246,0.0,-4.819437550881246
2019-12-10 11:00:00,91.87182387699427,42.89145833333333,0.18,0.9,0.9,0.0,0.0,0.0,-0.0,48.98036554366094,8.816465797858969,0.0,-8.816465797858969
2019-12-10 12:00:00,89.92926600894783,20.126969615384613,0.18,0.9,0.9,0.0,0.0,0.0,-0.0,69.80229639356322,12.56441335084138,0.0,-12.56441335084138
2019-12-10 13:00:00,90.04712167657705,12.477188055555557,0.18,0.9,0.9,0.0,0.0,0.0,-0.0,77.56993362102149,13.962588051783868,0.0,-13.962588051783868
2019-12-10 14:00:00,88.69058620560882,10.057202121212121,0.18,0.9,0.9,0.0,0.0,0.0,-0.0,78.63338408439671,14.154009135191407,0.0,-14.154009135191407
2019-12-10 15:00:00,89.08758411521241,6.771233717948718,0.18,0.9,0.9,-0.0,-0.0,-0.0,0.0,82.31635039726369,14.816943071507463,0.0,-14.816943071507463
2019-12-10 16:00:00,85.98541214514233,1.6333057113187956,0.32,0.9,0.7224166180340558,-84.35210643382354,-84.35210643382354,0.0,84.35210643382354,0.0,0.0,3.551667639318885,-3.551667639318885
2019-12-10 17:00:00,81.05611841748879,0.0,0.32,0.7224166180340558,0.5517721582077636,-81.05611841748879,-81.05611841748879,0.0,81.05611841748879,0.0,0.0,3.4128891965258434,-3.4128891965258434
2019-12-10 18:00:00,81.52345182200412,0.0,0.32,0.5517721582077636,0.3801438385824918,-81.52345182200412,-81.52345182200412,0.0,81.52345182200412,0.0,0.0,3.432566392505436,-3.432566392505436
2019-12-10 19:00:00,81.82801635375777,0.0,0.32,0.3801438385824918,0.20787433046931753,-81.82801635375777,-81.82801635375777,0.0,81.82801635375777,0.0,0.0,3.445390162263485,-3.445390162263485
2019-12-10 20:00:00,79.88093719544418,0.0,0.32,0.20787433046931753,0.10000000000000002,-51.24030697292582,-51.240306972925815,0.0,51.240306972925815,28.64063022251836,9.165001671205875,2.1574866093863503,-11.322488280592225
2019-12-10 21:00:00,78.00460944993897,0.0,0.32,0.10000000000000002,0.10000000000000002,0.0,0.0,0.0,-0.0,78.00460944993897,24.96147502398047,0.0,-24.96147502398047
2019-12-10 22:00:00,78.47420069091847,0.0,0.1,0.10000000000000002,0.10000000000000002,0.0,0.0,0.0,-0.0,78.47420069091847,7.8474200690918465,0.0,-7.8474200690918465
2019-12-10 23:00:00,77.24630269020976,0.0,0.1,0.10000000000000002,0.10000000000000002,0.0,0.0,0.0,-0.0,77.24630269020976,7.7246302690209765,0.0,-7.7246302690209765
2019-12-11 00:00:00,74.40037650452777,0.0,0.1,0.10000000000000002,0.10000000000000002,0.0,0.0,0.0,-0.0,74.40037650452777,7.440037650452777,0.0,-7.440037650452777
2019-12-11 01:00:00,76.2624571502006,0.0,0.1,0.10000000000000002,0.10000000000000002,0.0,0.0,0.0,-0.0,76.2624571502006,7.626245715020061,0.0,-7.626245715020061
2019-12-11 02:00:00,76.31254036182256,0.0,0.1,0.10000000000000002,0.10000000000000002,0.0,0.0,0.0,-0.0,76.31254036182256,7.631254036182256,0.0,-7.631254036182256
2019-12-11 03:00:00,76.8010302614314,0.0,0.1,0.10000000000000002,0.10000000000000002,0.0,0.0,0.0,-0.0,76.8010302614314,7.680103026143141,0.0,-7.680103026143141
2019-12-11 04:00:00,75.04023342462739,0.0,0.1,0.10000000000000002,0.10000000000000002,0.0,0.0,0.0,-0.0,75.04023342462739,7.504023342462739,0.0,-7.504023342462739
2019-12-11 05:00:00,75.65677691228512,0.0,0.1,0.10000000000000002,0.575,250.0,250.0,250.0,0.0,325.6567769122851,32.565677691228515,9.499999999999998,-42.065677691228515
2019-12-11 06:00:00,79.14746453920505,0.0,0.1,0.575,0.9,171.0526315789474,171.0526315789474,171.0526315789474,0.0,250.20009611815243,25.020009611815244,6.500000000000002,-31.520009611815247
2019-12-11 07:00:00,87.20051820736548,3.927761325934579,0.18,0.9,0.9,0.0,0.0,0.0,-0.0,83.2727568814309,14.98909623865756,0.0,-14.98909623865756
2019-12-11 08:00:00,91.67318117831017,14.658520454545455,0.18,0.9,0.9,0.0,0.0,0.0,-0.0,77.01466072376472,13.86263893027765,0.0,-13.86263893027765
2019-12-11 09:00:00,101.21633517588683,13.916984102564102,0.18,0.9,0.9,0.0,0.0,0.0,-0.0,87.29935107332273,15.71388319319809,0.0,-15.71388319319809
2019-12-11 10:00:00,88.13220115747163,12.735056182502596,0.18,0.9,0.9,0.0,0.0,0.0,-0.0,75.39714497496902,13.571486095494423,0.0,-13.571486095494423
2019-12-11 11:00:00,107.71465945973273,21.598088990371,0.18,0.9,0.9,0.0,0.0,0.0,-0.0,86.11657046936173,15.50098268448511,0.0,-15.50098268448511
2019-12-11 12:00:00,101.1051844504025,19.70508076923077,0.18,0.9,0.9,0.0,0.0,0.0,-0.0,81.40010368117174,14.652018662610914,0.0,-14.652018662610914
2019-12-11 13:00:00,112.27184700950698,15.127811666666668,0.18,0.9,0.9,-0.0,-0.0,-0.0,0.0,97.14403534284031,17.485926361711254,0.0,-17.485926361711254
2019-12-11 14:00:00,86.64830343153535,8.375353181818182,0.18,0.9,0.9,0.0,0.0,0.0,-0.0,78.27295024971717,14.08913104494909,0.0,-14.08913104494909
2019-12-11 15:00:00,83.76896678926528,4.88430172178289,0.18,0.9,0.9,-0.0,-0.0,-0.0,0.0,78.88466506748239,14.199239712146829,0.0,-14.199239712146829
2019-12-11 16:00:00,113.33056247079487,1.0575115199896157,0.32,0.9,0.6636356822088311,-112.27305095080526,-112.27305095080526,0.0,112.27305095080526,0.0,0.0,4.727286355823379,-4.727286355823379
2019-12-11 17:00:00,110.99483931452328,0.0,0.32,0.6636356822088311,0.4299623362835189,-110.99483931452328,-110.99483931452328,0.0,110.99483931452328,0.0,0.0,4.673466918506244,-4.673466918506244
2019-12-11 18:00:00,111.33433484540696,0.0,0.32,0.4299623362835189,0.1955742629247674,-111.33433484540696,-111.33433484540696,0.0,111.33433484540696,0.0,0.0,4.687761467175029,-4.687761467175029
2019-12-11 19:00:00,110.6158393977409,0.0,0.32,0.1955742629247674,0.1,-45.39777488926451,-45.39777488926451,0.0,45.39777488926451,65.21806450847639,20.869780642712445,1.911485258495348,-22.781265901207792
2019-12-11 20:00:00,87.15848306389559,0.0,0.32,0.1,0.1,0.0,0.0,0.0,-0.0,87.15848306389559,27.890714580446588,0.0,-27.890714580446588
2019-12-11 21:00:00,75.56455629352038,0.0,0.32,0.1,0.1,0.0,0.0,0.0,-0.0,75.56455629352038,24.18065801392652,0.0,-24.18065801392652
2019-12-11 22:00:00,74.60665402194138,0.0,0.1,0.1,0.1,0.0,0.0,0.0,-0.0,74.60665402194138,7.460665402194138,0.0,-7.460665402194138
2019-12-11 23:00:00,71.9841001123373,0.0,0.1,0.1,0.1,0.0,0.0,0.0,-0.0,71.9841001123373,7.19841001123373,0.0,-7.19841001123373
2019-12-12 00:00:00,71.30380011754507,0.0,0.1,0.1,0.1,-0.0,-0.0,-0.0,0.0,71.30380011754507,7.130380011754507,0.0,-7.130380011754507
2019-12-12 01:00:00,71.70353820277447,0.0,0.1,0.1,0.1,0.0,0.0,0.0,-0.0,71.70353820277447,7.170353820277447,0.0,-7.170353820277447
2019-12-12 02:00:00,71.62931760018228,0.0,0.1,0.1,0.1,0.0,0.0,0.0,-0.0,71.62931760018228,7.162931760018228,0.0,-7.162931760018228
2019-12-12 03:00:00,71.37110834242807,0.0,0.1,0.1,0.1,0.0,0.0,0.0,-0.0,71.37110834242807,7.137110834242808,0.0,-7.137110834242808
2019-12-12 04:00:00,72.34727148917948,0.0,0.1,0.1,0.1,0.0,0.0,0.0,-0.0,72.34727148917948,7.234727148917948,0.0,-7.234727148917948
2019-12-12 05:00:00,76.64355142318934,0.0,0.1,0.1,0.575,250.0,250.0,250.0,0.0,326.64355142318936,32.66435514231894,9.5,-42.16435514231894
2019-12-12 06:00:00,73.8185965015796,0.0,0.1,0.575,0.8855336002484855,163.43873697288717,163.43873697288717,163.43873697288717,0.0,237.25733347446678,23.725733347446678,6.210672004969711,-29.936405352416386
2019-12-12 07:00:00,77.351921668824,1.2404292834890966,0.18,0.8855336002484855,0.8855336002484855,0.0,0.0,0.0,-0.0,76.11149238533491,13.700068629360283,0.0,-13.700068629360283
2019-12-12 08:00:00,81.07966727981453,4.985756060606061,0.18,0.8855336002484855,0.8855336002484855,0.0,0.0,0.0,-0.0,76.09391121920847,13.696904019457524,0.0,-13.696904019457524
2019-12-12 09:00:00,83.24088436056371,17.96758576923077,0.18,0.8855336002484855,0.8855336002484855,0.0,0.0,0.0,-0.0,65.27329859133295,11.74919374643993,0.0,-11.74919374643993
2019-12-12 10:00:00,79.93584468057301,27.926808194444444,0.18,0.8855336002484855,0.8855336002484855,0.0,0.0,0.0,-0.0,52.009036486128565,9.36162656750314,0.0,-9.36162656750314
2019-12-12 11:00:00,50.6786334794374,34.2772356060606,0.18,0.8855336002484855,0.8855336002484855,0.0,0.0,0.0,-0.0,16.4013978733768,2.952251617207824,0.0,-2.952251617207824
2019-12-12 12:00:00,51.3544233426577,58.968317948717946,0.18,0.8855336002484855,0.8999999999999999,7.613894606060249,7.613894606060249,7.613894606060249,0.0,0.0,0.0,0.2893279950302885,-0.2893279950302885
2019-12-12 13:00:00,61.04360087988376,42.574534444444446,0.18,0.8999999999999999,0.8999999999999999,0.0,0.0,0.0,-0.0,18.469066435439316,3.3244319583790767,0.0,-3.3244319583790767
2019-12-12 14:00:00,68.08784536806344,20.687820757575757,0.18,0.8999999999999999,0.8999999999999999,0.0,0.0,0.0,-0.0,47.400024610487684,8.532004429887783,0.0,-8.532004429887783
2019-12-12 15:00:00,79.5069704273,11.100863846153848,0.18,0.8999999999999999,0.8999999999999999,0.0,0.0,0.0,-0.0,68.40610658114616,12.313099184606308,0.0,-12.313099184606308
2019-12-12 16:00:00,74.09405949843082,2.017394652128764,0.32,0.8999999999999999,0.7482596529551535,-72.07666484630207,-72.07666484630207,0.0,72.07666484630207,0.0,0.0,3.034806940896928,-3.034806940896928
2019-12-12 17:00:00,78.12317013393884,0.0,0.32,0.7482596529551535,0.5837898210942296,-78.12317013393884,-78.12317013393884,0.0,78.12317013393884,0.0,0.0,3.289396637218478,-3.289396637218478
2019-12-12 18:00:00,81.24860049882916,0.0,0.32,0.5837898210942296,0.41274013583353664,-81.24860049882916,-81.24860049882916,0.0,81.24860049882916,0.0,0.0,3.4209937052138595,-3.4209937052138595
2019-12-12 19:00:00,82.09561266352293,0.0,0.32,0.41274013583353664,0.272697476779644,-66.520263050599,-66.520263050599,0.0,66.520263050599,15.57534961292393,4.984111876135658,2.8008531810778523,-7.78496505721351
2019-12-12 20:00:00,82.0313014703309,0.0,0.32,0.272697476779644,0.1,-82.0313014703309,-82.0313014703309,0.0,82.0313014703309,0.0,0.0,3.45394953559288,-3.45394953559288
2019-12-12 21:00:00,76.20192847217919,0.0,0.32,0.1,0.1,0.0,0.0,0.0,-0.0,76.20192847217919,24.38461711109734,0.0,-24.38461711109734
2019-12-12 22:00:00,74.1732257655306,0.0,0.1,0.1,0.1,0.0,0.0,0.0,-0.0,74.1732257655306,7.417322576553061,0.0,-7.417322576553061
2019-12-12 23:00:00,73.97809377792633,0.0,0.1,0.1,0.1,0.0,0.0,0.0,-0.0,73.97809377792633,7.397809377792633,0.0,-7.397809377792633
2019-12-13 00:00:00,73.12852097372806,0.0,0.1,0.1,0.1,0.0,0.0,0.0,-0.0,73.12852097372806,7.312852097372806,0.0,-7.312852097372806
2019-12-13 01:00:00,73.19936301272423,0.0,0.1,0.1,0.1,0.0,0.0,0.0,-0.0,73.19936301272423,7.319936301272424,0.0,-7.319936301272424
2019-12-13 02:00:00,76.1845327625935,0.0,0.1,0.1,0.1,0.0,0.0,0.0,-0.0,76.1845327625935,7.618453276259351,0.0,-7.618453276259351
2019-12-13 03:00:00,73.00931934731176,0.0,0.1,0.1,0.1,0.0,0.0,0.0,-0.0,73.00931934731176,7.300931934731176,0.0,-7.300931934731176
2019-12-13 04:00:00,73.00623789046993,0.0,0.1,0.1,0.1,0.0,0.0,0.0,-0.0,73.00623789046993,7.300623789046994,0.0,-7.300623789046994
2019-12-13 05:00:00,77.18847963641838,0.0,0.1,0.1,0.42500000000000004,171.0526315789474,171.0526315789474,171.0526315789474,0.0,248.24111121536578,24.82411112153658,6.500000000000002,-31.324111121536582
2019-12-13 06:00:00,73.23439267140968,0.0,0.1,0.42500000000000004,0.9,250.0,250.0,250.0,0.0,323.2343926714097,32.32343926714097,9.5,-41.82343926714097
2019-12-13 07:00:00,78.9341378830781,0.5712246105919002,0.18,0.9,0.9,0.0,0.0,0.0,-0.0,78.3629132724862,14.105324389047516,0.0,-14.105324389047516
2019-12-13 08:00:00,87.40869960816076,4.523584848484848,0.18,0.9,0.9,0.0,0.0,0.0,-0.0,82.88511475967591,14.919320656741665,0.0,-14.919320656741665
2019-12-13 09:00:00,94.51386000231788,5.85118782051282,0.18,0.9,0.9,0.0,0.0,0.0,-0.0,88.66267218180506,15.959280992724912,0.0,-15.959280992724912
2019-12-13 10:00:00,93.44705499467642,9.53919013888889,0.18,0.9,0.9,0.0,0.0,0.0,-0.0,83.90786485578754,15.103415674041756,0.0,-15.103415674041756
2019-12-13 11:00:00,92.54603981912791,7.97348303030303,0.18,0.9,0.9,0.0,0.0,0.0,-0.0,84.57255678882488,15.223060221988478,0.0,-15.223060221988478
2019-12-13 12:00:00,90.41131901395927,9.167089230769232,0.18,0.9,0.9,0.0,0.0,0.0,-0.0,81.24422978319004,14.623961360974207,0.0,-14.623961360974207
2019-12-13 13:00:00,115.24602945787761,13.493895555555554,0.18,0.9,0.9,0.0,0.0,0.0,-0.0,101.75213390232206,18.31538410241797,0.0,-18.31538410241797
2019-12-13 14:00:00,106.01617043077317,11.238429393939393,0.18,0.9,0.9,-0.0,-0.0,-0.0,0.0,94.77774103683377,17.05999338663008,0.0,-17.05999338663008
2019-12-13 15:00:00,90.39589185406076,5.740283717948717,0.18,0.9,0.9,0.0,0.0,0.0,-0.0,84.65560813611205,15.238009464500168,0.0,-15.238009464500168
2019-12-13 16:00:00,84.87648508293948,0.9822795625649018,0.32,0.9,0.7233806199571062,-83.89420552037458,-83.89420552037458,0.0,83.89420552037458,0.0,0.0,3.532387600857876,-3.532387600857876
2019-12-13 17:00:00,83.94126748324278,0.0,0.32,0.7233806199571062,0.5466621620976477,-83.94126748324278,-83.94126748324278,0.0,83.94126748324278,0.0,0.0,3.53436915718917,-3.53436915718917
2019-12-13 18:00:00,83.06492750776566,0.0,0.32,0.5466621620976477,0.3717886305023516,-83.06492750776566,-83.06492750776566,0.0,83.06492750776566,0.0,0.0,3.497470631905922,-3.497470631905922
2019-12-13 19:00:00,83.01994187602891,0.0,0.32,0.3717886305023516,0.2676453303891909,-49.46806755375133,-49.46806755375133,0.0,49.46806755375133,33.55187432227758,10.736599783128824,2.0828660022632137,-12.819465785392037
2019-12-13 20:00:00,79.63153193486568,0.0,0.32,0.2676453303891909,0.1,-79.63153193486568,-79.63153193486568,0.0,79.63153193486568,0.0,0.0,3.3529066077838183,-3.3529066077838183
2019-12-13 21:00:00,79.67069567841375,0.0,0.32,0.1,0.1,0.0,0.0,0.0,-0.0,79.67069567841375,25.4946226170924,0.0,-25.4946226170924
2019-12-13 22:00:00,79.19092225460355,0.0,0.1,0.1,0.1,0.0,0.0,0.0,-0.0,79.19092225460355,7.919092225460355,0.0,-7.919092225460355
2019-12-13 23:00:00,73.97809108286626,0.0,0.1,0.1,0.1,0.0,0.0,0.0,-0.0,73.97809108286626,7.397809108286626,0.0,-7.397809108286626
2019-12-14 00:00:00,75.29719670440092,0.0,0.12,0.1,0.1,0.0,0.0,0.0,-0.0,75.29719670440092,9.035663604528109,0.0,-9.035663604528109
2019-12-14 01:00:00,75.41780666546296,0.0,0.12,0.1,0.1,0.0,0.0,0.0,-0.0,75.41780666546296,9.050136799855554,0.0,-9.050136799855554
2019-12-14 02:00:00,76.59012530018607,0.0,0.12,0.1,0.1,0.0,0.0,0.0,-0.0,76.59012530018607,9.190815036022329,0.0,-9.190815036022329
2019-12-14 03:00:00,75.9883196205339,0.0,0.12,0.1,0.1,0.0,0.0,0.0,-0.0,75.9883196205339,9.118598354464067,0.0,-9.118598354464067
2019-12-14 04:00:00,77.06717940798184,0.0,0.12,0.1,0.1,0.0,0.0,0.0,-0.0,77.06717940798184,9.24806152895782,0.0,-9.24806152895782
2019-12-14 05:00:00,81.2812881154434,0.0,0.12,0.1,0.1,0.0,0.0,0.0,-0.0,81.2812881154434,9.753754573853207,0.0,-9.753754573853207
2019-12-14 06:00:00,77.89813261811054,0.0,0.12,0.1,0.1,0.0,0.0,0.0,-0.0,77.89813261811054,9.347775914173264,0.0,-9.347775914173264
2019-12-14 07:00:00,76.99310747572738,1.5599578920041532,0.12,0.1,0.1,0.0,0.0,0.0,-0.0,75.43314958372324,9.051977950046789,0.0,-9.051977950046789
2019-12-14 08:00:00,80.2785792581686,44.225303939393946,0.12,0.1,0.1,0.0,0.0,0.0,-0.0,36.05327531877466,4.3263930382529585,0.0,-4.3263930382529585
2019-12-14 09:00:00,84.15604239088333,78.54069230769231,0.12,0.1,0.1,0.0,0.0,0.0,-0.0,5.615350083191018,0.6738420099829221,0.0,-0.6738420099829221
2019-12-14 10:00:00,88.1636467969379,58.11337666666666,0.12,0.1,0.1,0.0,0.0,0.0,-0.0,30.050270130271237,3.6060324156325483,0.0,-3.6060324156325483
2019-12-14 11:00:00,90.07602632154745,92.95508636363637,0.12,0.1,0.10547021407996895,2.8790600420889234,2.8790600420889234,2.8790600420889234,0.0,0.0,0.0,0.10940428159937898,-0.10940428159937898
2019-12-14 12:00:00,84.20999351093437,82.8572773076923,0.12,0.10547021407996895,0.10547021407996895,0.0,0.0,0.0,-0.0,1.3527162032420676,0.1623259443890481,0.0,-0.1623259443890481
2019-12-14 13:00:00,81.23016052916762,56.370942500000005,0.12,0.10547021407996895,0.10547021407996895,0.0,0.0,0.0,-0.0,24.859218029167614,2.9831061635001137,0.0,-2.9831061635001137
2019-12-14 14:00:00,86.77254450280958,60.51460757575757,0.12,0.10547021407996895,0.10547021407996895,0.0,0.0,0.0,-0.0,26.257936927052008,3.1509524312462407,0.0,-3.1509524312462407
2019-12-14 15:00:00,79.67695832058334,18.00603192307692,0.12,0.10547021407996895,0.10547021407996895,0.0,0.0,0.0,-0.0,61.67092639750642,7.40051116770077,0.0,-7.40051116770077
2019-12-14 16:00:00,77.7025468356565,3.336388618899274,0.12,0.10547021407996895,0.10547021407996895,0.0,0.0,0.0,-0.0,74.36615821675723,8.923938986010867,0.0,-8.923938986010867
2019-12-14 17:00:00,75.85516712740315,0.0,0.12,0.10547021407996895,0.10547021407996895,0.0,0.0,0.0,-0.0,75.85516712740315,9.102620055288378,0.0,-9.102620055288378
2019-12-14 18:00:00,78.38785321351324,0.0,0.12,0.10547021407996895,0.10547021407996895,0.0,0.0,0.0,-0.0,78.38785321351324,9.406542385621588,0.0,-9.406542385621588
2019-12-14 19:00:00,80.05677962265504,0.0,0.12,0.10547021407996895,0.10547021407996895,0.0,0.0,0.0,-0.0,80.05677962265504,9.606813554718604,0.0,-9.606813554718604
2019-12-14 20:00:00,78.86719343501426,0.0,0.12,0.10547021407996895,0.10547021407996895,0.0,0.0,0.0,-0.0,78.86719343501426,9.46406321220171,0.0,-9.46406321220171
2019-12-14 21:00:00,78.48922639281113,0.0,0.12,0.10547021407996895,0.10547021407996895,0.0,0.0,0.0,-0.0,78.48922639281113,9.418707167137336,0.0,-9.418707167137336
2019-12-14 22:00:00,77.53339968457028,0.0,0.12,0.10547021407996895,0.10547021407996895,0.0,0.0,0.0,-0.0,77.53339968457028,9.304007962148434,0.0,-9.304007962148434
2019-12-14 23:00:00,77.42356919115952,0.0,0.12,0.10547021407996895,0.10547021407996895,0.0,0.0,0.0,-0.0,77.42356919115952,9.290828302939142,0.0,-9.290828302939142
2019-12-15 00:00:00,77.53651577351845,0.0,0.12,0.10547021407996895,0.10547021407996895,0.0,0.0,0.0,-0.0,77.53651577351845,9.304381892822214,0.0,-9.304381892822214
2019-12-15 01:00:00,80.38864777795321,0.0,0.12,0.10547021407996895,0.10547021407996895,0.0,0.0,0.0,-0.0,80.38864777795321,9.646637733354385,0.0,-9.646637733354385
2019-12-15 02:00:00,78.36745954654614,0.0,0.12,0.10547021407996895,0.10547021407996895,0.0,0.0,0.0,-0.0,78.36745954654614,9.404095145585536,0.0,-9.404095145585536
2019-12-15 03:00:00,77.26636890393641,0.0,0.12,0.10547021407996895,0.10547021407996895,0.0,0.0,0.0,-0.0,77.26636890393641,9.271964268472368,0.0,-9.271964268472368
2019-12-15 04:00:00,80.3568305074308,0.0,0.12,0.10547021407996895,0.10547021407996895,0.0,0.0,0.0,-0.0,80.3568305074308,9.642819660891696,0.0,-9.642819660891696
2019-12-15 05:00:00,83.3466021097697,0.0,0.12,0.10547021407996895,0.10547021407996895,0.0,0.0,0.0,-0.0,83.3466021097697,10.001592253172364,0.0,-10.001592253172364
2019-12-15 06:00:00,79.0029162267984,0.0,0.12,0.10547021407996895,0.10547021407996895,0.0,0.0,0.0,-0.0,79.0029162267984,9.480349947215808,0.0,-9.480349947215808
2019-12-15 07:00:00,79.08261694608431,7.810610606178607,0.12,0.10547021407996895,0.10547021407996895,0.0,0.0,0.0,-0.0,71.2720063399057,8.552640760788684,0.0,-8.552640760788684
2019-12-15 08:00:00,81.09474835740747,46.429377575757584,0.12,0.10547021407996895,0.10547021407996895,0.0,0.0,0.0,-0.0,34.665370781649884,4.159844493797986,0.0,-4.159844493797986
2019-12-15 09:00:00,81.48858742670221,78.47765384615386,0.12,0.10547021407996895,0.10547021407996895,0.0,0.0,0.0,-0.0,3.010933580548354,0.36131202966580245,0.0,-0.36131202966580245
2019-12-15 10:00:00,83.99211655285188,97.87790694444446,0.12,0.10547021407996895,0.13185321582399484,13.885790391592579,13.885790391592579,13.885790391592579,0.0,0.0,0.0,0.5276600348805177,-0.5276600348805177
2019-12-15 11:00:00,85.70613041493205,105.03016515151516,0.12,0.13185321582399484,0.16856888182350277,19.324034736583116,19.324034736583116,19.324034736583116,0.0,0.0,0.0,0.7343133199901586,-0.7343133199901586
2019-12-15 12:00:00,85.75125198734017,102.12382948717949,0.12,0.16856888182350277,0.19967677907319747,16.372577499839323,16.372577499839323,16.372577499839323,0.0,0.0,0.0,0.6221579449938941,-0.6221579449938941
2019-12-15 13:00:00,84.24299016718841,86.51249166666668,0.12,0.19967677907319747,0.20398883192220618,2.2695014994782667,2.2695014994782667,2.2695014994782667,0.0,0.0,0.0,0.08624105698017415,-0.08624105698017415
2019-12-15 14:00:00,82.16180753085531,61.36715303030304,0.12,0.20398883192220618,0.20398883192220618,0.0,0.0,0.0,-0.0,20.794654500552276,2.495358540066273,0.0,-2.495358540066273
2019-12-15 15:00:00,78.28922420235534,27.880788333333328,0.12,0.20398883192220618,0.20398883192220618,0.0,0.0,0.0,-0.0,50.408435869022014,6.049012304282641,0.0,-6.049012304282641
2019-12-15 16:00:00,78.70600960713433,2.5899634527518174,0.12,0.20398883192220618,0.20398883192220618,0.0,0.0,0.0,-0.0,76.11604615438252,9.1339255385259,0.0,-9.1339255385259
2019-12-15 17:00:00,78.62365823540304,0.0,0.12,0.20398883192220618,0.20398883192220618,0.0,0.0,0.0,-0.0,78.62365823540304,9.434838988248364,0.0,-9.434838988248364
2019-12-15 18:00:00,79.43862245246783,0.0,0.12,0.20398883192220618,0.20398883192220618,0.0,0.0,0.0,-0.0,79.43862245246783,9.532634694296139,0.0,-9.532634694296139
2019-12-15 19:00:00,78.97261853419411,0.0,0.12,0.20398883192220618,0.20398883192220618,0.0,0.0,0.0,-0.0,78.97261853419411,9.476714224103294,0.0,-9.476714224103294
2019-12-15 20:00:00,76.14652691414517,0.0,0.12,0.20398883192220618,0.20398883192220618,0.0,0.0,0.0,-0.0,76.14652691414517,9.13758322969742,0.0,-9.13758322969742
2019-12-15 21:00:00,80.5293488035078,0.0,0.12,0.20398883192220618,0.20398883192220618,0.0,0.0,0.0,-0.0,80.5293488035078,9.663521856420935,0.0,-9.663521856420935
2019-12-15 22:00:00,78.95520403184247,0.0,0.12,0.20398883192220618,0.20398883192220618,0.0,0.0,0.0,-0.0,78.95520403184247,9.474624483821096,0.0,-9.474624483821096
2019-12-15 23:00:00,77.44630588710413,0.0,0.12,0.20398883192220618,0.20398883192220618,0.0,0.0,0.0,-0.0,77.44630588710413,9.293556706452495,0.0,-9.293556706452495
2019-12-16 00:00:00,77.07421482510762,0.0,0.1,0.20398883192220618,0.20398883192220618,0.0,0.0,0.0,-0.0,77.07421482510762,7.707421482510762,0.0,-7.707421482510762
2019-12-16 01:00:00,77.99499045893411,0.0,0.1,0.20398883192220618,0.20398883192220618,0.0,0.0,0.0,-0.0,77.99499045893411,7.799499045893412,0.0,-7.799499045893412
2019-12-16 02:00:00,78.65322088481908,0.0,0.1,0.20398883192220618,0.20398883192220618,0.0,0.0,0.0,-0.0,78.65322088481908,7.865322088481908,0.0,-7.865322088481908
2019-12-16 03:00:00,79.27422201303429,0.0,0.1,0.20398883192220618,0.20398883192220618,0.0,0.0,0.0,-0.0,79.27422201303429,7.927422201303429,0.0,-7.927422201303429
2019-12-16 04:00:00,77.7475855697472,0.0,0.1,0.20398883192220618,0.20398883192220618,0.0,0.0,0.0,-0.0,77.7475855697472,7.774758556974721,0.0,-7.774758556974721
2019-12-16 05:00:00,83.54798258689006,0.0,0.1,0.20398883192220618,0.35823679543816844,81.18313869261172,81.18313869261172,81.18313869261172,0.0,164.7311212795018,16.47311212795018,3.084959270319245,-19.558071398269426
2019-12-16 06:00:00,82.30935705625492,0.0,0.1,0.35823679543816844,0.8332367954381684,250.0,250.0,250.0,0.0,332.30935705625495,33.2309357056255,9.5,-42.7309357056255
2019-12-16 07:00:00,84.19596433432112,7.142575379023884,0.18,0.8332367954381684,0.8332367954381684,0.0,0.0,0.0,-0.0,77.05338895529724,13.869610011953503,0.0,-13.869610011953503
2019-12-16 08:00:00,84.69804460898702,46.016318181818185,0.18,0.8332367954381684,0.8332367954381684,0.0,0.0,0.0,-0.0,38.68172642716883,6.96271075689039,0.0,-6.96271075689039
2019-12-16 09:00:00,91.55132133141844,79.58724487179487,0.18,0.8332367954381684,0.8332367954381684,0.0,0.0,0.0,-0.0,11.96407645962357,2.1535337627322426,0.0,-2.1535337627322426
2019-12-16 10:00:00,96.72570040856023,99.0143625,0.18,0.8332367954381684,0.837585253411904,2.2886620914397753,2.2886620914397753,2.2886620914397753,0.0,0.0,0.0,0.0869691594747124,-0.0869691594747124
2019-12-16 11:00:00,100.09172304455257,108.17475909090909,0.18,0.837585253411904,0.8529430218999814,8.083036046356526,8.083036046356526,8.083036046356526,0.0,0.0,0.0,0.307155369761547,-0.307155369761547
2019-12-16 12:00:00,88.41283892372847,104.64043846153847,0.18,0.8529430218999814,0.8837754610218204,16.227599537809994,16.227599537809994,16.227599537809994,0.0,0.0,0.0,0.6166487824367795,-0.6166487824367795
2019-12-16 13:00:00,82.4466064588528,90.9858375,0.18,0.8837754610218204,0.9,8.539231041147204,8.53923104114719,8.53923104114719,0.0,-1.4210854715202004e-14,0.0,0.3244907795635932,-0.3244907795635932
2019-12-16 14:00:00,80.1744696990207,65.45722121212121,0.18,0.9,0.9,0.0,0.0,0.0,-0.0,14.717248486899493,2.6491047276419084,0.0,-2.6491047276419084
2019-12-16 15:00:00,83.55387575947944,32.165899230769234,0.18,0.9,0.9,0.0,0.0,0.0,-0.0,51.387976528710205,9.249835775167837,0.0,-9.249835775167837
2019-12-16 16:00:00,88.69981106531095,3.2925184644340604,0.32,0.9,0.7201951734718381,-85.4072926008769,-85.4072926008769,0.0,85.4072926008769,0.0,0.0,3.5960965305632375,-3.5960965305632375
2019-12-16 17:00:00,81.9557717175907,0.0,0.32,0.7201951734718381,0.547656706697963,-81.9557717175907,-81.9557717175907,0.0,81.9557717175907,0.0,0.0,3.4507693354775038,-3.4507693354775038
2019-12-16 18:00:00,83.54264162667583,0.0,0.32,0.547656706697963,0.3717774611681191,-83.54264162667583,-83.54264162667583,0.0,83.54264162667583,0.0,0.0,3.5175849105968773,-3.5175849105968773
2019-12-16 19:00:00,86.90958142903075,0.0,0.32,0.3717774611681191,0.18880992131752805,-86.90958142903075,-86.90958142903075,0.0,86.90958142903075,0.0,0.0,3.659350797011821,-3.659350797011821
2019-12-16 20:00:00,80.33769096742553,0.0,0.32,0.18880992131752805,0.1,-42.184712625825824,-42.184712625825824,0.0,42.184712625825824,38.152978341599706,12.208953069311907,1.776198426350561,-13.985151495662468
2019-12-16 21:00:00,81.40980126147936,0.0,0.32,0.1,0.1,0.0,0.0,0.0,-0.0,81.40980126147936,26.051136403673397,0.0,-26.051136403673397
2019-12-16 22:00:00,78.15417702997898,0.0,0.1,0.1,0.1,0.0,0.0,0.0,-0.0,78.15417702997898,7.815417702997898,0.0,-7.815417702997898
2019-12-16 23:00:00,78.60146540292034,0.0,0.1,0.1,0.1,0.0,0.0,0.0,-0.0,78.60146540292034,7.8601465402920345,0.0,-7.8601465402920345
2019-12-17 00:00:00,76.98892797603676,0.0,0.1,0.1,0.1,0.0,0.0,0.0,-0.0,76.98892797603676,7.698892797603676,0.0,-7.698892797603676
2019-12-17 01:00:00,79.54607886371056,0.0,0.1,0.1,0.1,0.0,0.0,0.0,-0.0,79.54607886371056,7.954607886371057,0.0,-7.954607886371057
2019-12-17 02:00:00,78.25334008429724,0.0,0.1,0.1,0.1,0.0,0.0,0.0,-0.0,78.25334008429724,7.825334008429724,0.0,-7.825334008429724
2019-12-17 03:00:00,79.5443678119078,0.0,0.1,0.1,0.42499999999999993,171.05263157894734,171.05263157894734,171.05263157894734,0.0,250.59699939085516,25.05969993908552,6.499999999999999,-31.55969993908552
2019-12-17 04:00:00,77.12894880359059,0.0,0.1,0.42499999999999993,0.42499999999999993,0.0,0.0,0.0,-0.0,77.12894880359059,7.712894880359059,0.0,-7.712894880359059
2019-12-17 05:00:00,82.26980746348842,0.0,0.1,0.42499999999999993,0.42499999999999993,0.0,0.0,0.0,-0.0,82.26980746348842,8.226980746348842,0.0,-8.226980746348842
2019-12-17 06:00:00,81.2438972785148,0.0,0.1,0.42499999999999993,0.8999999999999999,250.0,250.0,250.0,0.0,331.2438972785148,33.12438972785148,9.5,-42.62438972785148
2019-12-17 07:00:00,83.45949331765543,1.7597166666666666,0.18,0.8999999999999999,0.8999999999999999,0.0,0.0,0.0,-0.0,81.69977665098877,14.705959797177977,0.0,-14.705959797177977
2019-12-17 08:00:00,92.18772149823677,8.230630303030303,0.18,0.8999999999999999,0.8999999999999999,0.0,0.0,0.0,-0.0,83.95709119520646,15.112276415137162,0.0,-15.112276415137162
2019-12-17 09:00:00,94.5405071034952,41.58787538461539,0.18,0.8999999999999999,0.8999999999999999,0.0,0.0,0.0,-0.0,52.952631718879815,9.531473709398366,0.0,-9.531473709398366
2019-12-17 10:00:00,101.08957553499124,74.45655416666666,0.18,0.8999999999999999,0.8999999999999999,0.0,0.0,0.0,-0.0,26.633021368324577,4.793943846298424,0.0,-4.793943846298424
2019-12-17 11:00:00,103.21039096149133,86.04201363636365,0.18,0.8999999999999999,0.8999999999999999,0.0,0.0,0.0,-0.0,17.16837732512768,3.0903079185229823,0.0,-3.0903079185229823
2019-12-17 12:00:00,108.38899289990322,56.62671666666666,0.18,0.8999999999999999,0.8999999999999999,0.0,0.0,0.0,-0.0,51.762276233236555,9.31720972198258,0.0,-9.31720972198258
2019-12-17 13:00:00,94.58029079795028,47.41375416666667,0.18,0.8999999999999999,0.8999999999999999,0.0,0.0,0.0,-0.0,47.16653663128361,8.48997659363105,0.0,-8.48997659363105
2019-12-17 14:00:00,94.94873777251114,26.383682272727274,0.18,0.8999999999999999,0.8999999999999999,0.0,0.0,0.0,-0.0,68.56505549978387,12.341709989961096,0.0,-12.341709989961096
2019-12-17 15:00:00,92.09861492557691,26.774823974358977,0.18,0.8999999999999999,0.8999999999999999,0.0,0.0,0.0,-0.0,65.32379095121793,11.758282371219227,0.0,-11.758282371219227
2019-12-17 16:00:00,88.07437322466086,3.549464862409138,0.32,0.8999999999999999,0.7220528245005227,-84.52490836225172,-84.52490836225172,0.0,84.52490836225172,0.0,0.0,3.558943509989545,-3.558943509989545
2019-12-17 17:00:00,81.15714982187191,0.0,0.32,0.7220528245005227,0.5511956669807923,-81.15714982187191,-81.15714982187191,0.0,81.15714982187191,0.0,0.0,3.417143150394608,-3.417143150394608
2019-12-17 18:00:00,81.31669531492881,0.0,0.32,0.5511956669807923,0.38000262421252107,-81.31669531492881,-81.31669531492881,0.0,81.31669531492881,0.0,0.0,3.4238608553654237,-3.4238608553654237
2019-12-17 19:00:00,83.14791661966741,0.0,0.32,0.38000262421252107,0.2701123232518451,-52.197892956321084,-52.197892956321084,0.0,52.197892956321084,30.95002366334633,9.904007572270826,2.1978060192135196,-12.101813591484346
2019-12-17 20:00:00,80.80335354462648,0.0,0.32,0.2701123232518451,0.10000000000000003,-80.80335354462648,-80.8033535446264,0.0,80.8033535446264,7.105427357601002e-14,2.2737367544323207e-14,3.4022464650369013,-3.402246465036924
2019-12-17 21:00:00,79.135617145998,0.0,0.32,0.10000000000000003,0.10000000000000003,0.0,0.0,0.0,-0.0,79.135617145998,25.323397486719358,0.0,-25.323397486719358
2019-12-17 22:00:00,77.87149460187366,0.0,0.1,0.10000000000000003,0.10000000000000003,0.0,0.0,0.0,-0.0,77.87149460187366,7.787149460187367,0.0,-7.787149460187367
2019-12-17 23:00:00,78.67026886273868,0.0,0.1,0.10000000000000003,0.10000000000000003,0.0,0.0,0.0,-0.0,78.67026886273868,7.867026886273869,0.0,-7.867026886273869
2019-12-18 00:00:00,77.83151458461273,0.0,0.1,0.10000000000000003,0.10000000000000003,0.0,0.0,0.0,-0.0,77.83151458461273,7.7831514584612735,0.0,-7.7831514584612735
2019-12-18 01:00:00,77.99062249106532,0.0,0.1,0.10000000000000003,0.10000000000000003,0.0,0.0,0.0,-0.0,77.99062249106532,7.799062249106533,0.0,-7.799062249106533
2019-12-18 02:00:00,75.15539312243277,0.0,0.1,0.10000000000000003,0.10000000000000003,0.0,0.0,0.0,-0.0,75.15539312243277,7.515539312243277,0.0,-7.515539312243277
2019-12-18 03:00:00,78.10629746794774,0.0,0.1,0.10000000000000003,0.10000000000000003,0.0,0.0,0.0,-0.0,78.10629746794774,7.810629746794774,0.0,-7.810629746794774
2019-12-18 04:00:00,76.94634360969506,0.0,0.1,0.10000000000000003,0.10000000000000003,0.0,0.0,0.0,-0.0,76.94634360969506,7.6946343609695065,0.0,-7.6946343609695065
2019-12-18 05:00:00,77.34113962954694,0.0,0.1,0.10000000000000003,0.4250000000000001,171.0526315789474,171.0526315789474,171.0526315789474,0.0,248.39377120849434,24.839377120849434,6.500000000000002,-31.339377120849434
2019-12-18 06:00:00,76.87563123961178,0.0,0.1,0.4250000000000001,0.9,250.0,249.99999999999997,249.99999999999997,0.0,326.8756312396117,32.687563123961176,9.499999999999998,-42.187563123961176
2019-12-18 07:00:00,87.81122295409027,0.8830518821391484,0.18,0.9,0.9,0.0,0.0,0.0,-0.0,86.92817107195113,15.647070792951203,0.0,-15.647070792951203
2019-12-18 08:00:00,91.81890946260752,8.36796606060606,0.18,0.9,0.9,0.0,0.0,0.0,-0.0,83.45094340200146,15.021169812360261,0.0,-15.021169812360261
2019-12-18 09:00:00,116.27406669816462,36.159588974358975,0.18,0.9,0.9,0.0,0.0,0.0,-0.0,80.11447772380563,14.420605990285013,0.0,-14.420605990285013
2019-12-18 10:00:00,108.3634085967309,28.1875225,0.18,0.9,0.9,0.0,0.0,0.0,-0.0,80.1758860967309,14.431659497411562,0.0,-14.431659497411562
2019-12-18 11:00:00,100.2039668819421,82.62627727272728,0.18,0.9,0.9,0.0,0.0,0.0,-0.0,17.577689609214815,3.1639841296586666,0.0,-3.1639841296586666
2019-12-18 12:00:00,95.29195362094518,40.55634025641025,0.18,0.9,0.9,0.0,0.0,0.0,-0.0,54.73561336453493,9.852410405616286,0.0,-9.852410405616286
2019-12-18 13:00:00,93.11920152856084,27.947667499999998,0.18,0.9,0.9,0.0,0.0,0.0,-0.0,65.17153402856084,11.73087612514095,0.0,-11.73087612514095
2019-12-18 14:00:00,92.81135545517877,25.03733909090909,0.18,0.9,0.9,0.0,0.0,0.0,-0.0,67.77401636426968,12.199322945568543,0.0,-12.199322945568543
2019-12-18 15:00:00,88.75663090870724,9.748546987179488,0.18,0.9,0.9,-0.0,-0.0,-0.0,0.0,79.00808392152774,14.221455105874993,0.0,-14.221455105874993
2019-12-18 16:00:00,86.10475234268654,1.5361,0.32,0.9,0.7219607319101337,-84.56865234268653,-84.56865234268653,0.0,84.56865234268653,0.0,0.0,3.5607853617973273,-3.5607853617973273
2019-12-18 17:00:00,82.54397099304714,0.0,0.32,0.7219607319101337,0.5481839508721397,-82.54397099304714,-82.54397099304714,0.0,82.54397099304714,0.0,0.0,3.4755356207598798,-3.4755356207598798
2019-12-18 18:00:00,84.12783149748049,0.0,0.32,0.5481839508721397,0.45107155483553474,-46.128388117387345,-46.128388117387345,0.0,46.128388117387345,37.99944338009314,12.159821881629805,1.9422479207320986,-14.102069802361903
2019-12-18 19:00:00,83.30128173219789,0.0,0.32,0.45107155483553474,0.27570043539932865,-83.30128173219789,-83.30128173219789,0.0,83.30128173219789,0.0,0.0,3.507422388724122,-3.507422388724122
2019-12-18 20:00:00,83.4577068146811,0.0,0.32,0.27570043539932865,0.1,-83.4577068146811,-83.4577068146811,0.0,83.4577068146811,0.0,0.0,3.514008707986573,-3.514008707986573
2019-12-18 21:00:00,80.91213189028358,0.0,0.32,0.1,0.1,0.0,0.0,0.0,-0.0,80.91213189028358,25.891882204890745,0.0,-25.891882204890745
2019-12-18 22:00:00,79.64318357640599,0.0,0.1,0.1,0.1,0.0,0.0,0.0,-0.0,79.64318357640599,7.964318357640599,0.0,-7.964318357640599
2019-12-18 23:00:00,76.69933927114216,0.0,0.1,0.1,0.1,0.0,0.0,0.0,-0.0,76.69933927114216,7.669933927114217,0.0,-7.669933927114217
2019-12-19 00:00:00,77.26261454658855,0.0,0.1,0.1,0.1,-0.0,-0.0,-0.0,0.0,77.26261454658855,7.7262614546588555,0.0,-7.7262614546588555
2019-12-19 01:00:00,79.13874436832863,0.0,0.1,0.1,0.1,-0.0,-0.0,-0.0,0.0,79.13874436832863,7.913874436832863,0.0,-7.913874436832863
2019-12-19 02:00:00,80.48135866527075,0.0,0.1,0.1,0.1,0.0,0.0,0.0,-0.0,80.48135866527075,8.048135866527074,0.0,-8.048135866527074
2019-12-19 03:00:00,79.87138651287403,0.0,0.1,0.1,0.1,0.0,0.0,0.0,-0.0,79.87138651287403,7.9871386512874025,0.0,-7.9871386512874025
2019-12-19 04:00:00,78.09888246062563,0.0,0.1,0.1,0.575,250.0,250.0,250.0,0.0,328.09888246062565,32.80988824606256,9.5,-42.30988824606256
2019-12-19 05:00:00,83.06986681152179,0.0,0.1,0.575,0.575,0.0,0.0,0.0,-0.0,83.06986681152179,8.30698668115218,0.0,-8.30698668115218
2019-12-19 06:00:00,80.20750203733306,0.0,0.1,0.575,0.8999999999999999,171.05263157894734,171.05263157894734,171.05263157894734,0.0,251.2601336162804,25.12601336162804,6.499999999999999,-31.62601336162804
2019-12-19 07:00:00,83.27515126863209,1.3599582424714434,0.18,0.8999999999999999,0.8999999999999999,0.0,0.0,0.0,-0.0,81.91519302616064,14.744734744708914,0.0,-14.744734744708914
2019-12-19 08:00:00,86.51560791061866,14.964083030303032,0.18,0.8999999999999999,0.8999999999999999,0.0,0.0,0.0,-0.0,71.55152488031563,12.879274478456813,0.0,-12.879274478456813
2019-12-19 09:00:00,92.9349861365689,18.014657435897433,0.18,0.8999999999999999,0.8999999999999999,0.0,0.0,0.0,-0.0,74.92032870067146,13.485659166120863,0.0,-13.485659166120863
2019-12-19 10:00:00,92.7595098265794,28.341574305555554,0.18,0.8999999999999999,0.8999999999999999,0.0,0.0,0.0,-0.0,64.41793552102385,11.595228393784293,0.0,-11.595228393784293
2019-12-19 11:00:00,77.25773199956394,29.112541818181818,0.18,0.8999999999999999,0.8999999999999999,0.0,0.0,0.0,-0.0,48.14519018138213,8.666134232648782,0.0,-8.666134232648782
2019-12-19 12:00:00,95.40726142066828,26.126337499999998,0.18,0.8999999999999999,0.8999999999999999,0.0,0.0,0.0,-0.0,69.28092392066827,12.470566305720288,0.0,-12.470566305720288
2019-12-19 13:00:00,91.08911799265546,24.864644027777775,0.18,0.8999999999999999,0.8999999999999999,0.0,0.0,0.0,-0.0,66.22447396487769,11.920405313677984,0.0,-11.920405313677984
2019-12-19 14:00:00,89.98318977272241,32.19640606060606,0.18,0.8999999999999999,0.8999999999999999,0.0,0.0,0.0,-0.0,57.78678371211635,10.401621068180944,0.0,-10.401621068180944
2019-12-19 15:00:00,83.62979933708456,24.199379487179485,0.18,0.8999999999999999,0.8999999999999999,0.0,0.0,0.0,-0.0,59.43041984990508,10.697475572982913,0.0,-10.697475572982913
2019-12-19 16:00:00,81.50521204546176,4.894403653946002,0.32,0.8999999999999999,0.7387140875968088,-76.61080839151576,-76.61080839151576,0.0,76.61080839151576,0.0,0.0,3.2257182480638225,-3.2257182480638225
2019-12-19 17:00:00,80.99510997407168,0.0,0.32,0.7387140875968088,0.5681980665987632,-80.99510997407168,-80.99510997407168,0.0,80.99510997407168,0.0,0.0,3.4103204199609127,-3.4103204199609127
2019-12-19 18:00:00,81.33674765377981,0.0,0.32,0.5681980665987632,0.3969628083802793,-81.33674765377981,-81.33674765377981,0.0,81.33674765377981,0.0,0.0,3.424705164369677,-3.424705164369677
2019-12-19 19:00:00,83.16800163201617,0.0,0.32,0.3969628083802793,0.22187227862866632,-83.16800163201617,-83.16800163201617,0.0,83.16800163201617,0.0,0.0,3.5018105950322598,-3.5018105950322598
2019-12-19 20:00:00,81.1167773826743,0.0,0.32,0.22187227862866632,0.22187227862866632,0.0,0.0,0.0,-0.0,81.1167773826743,25.957368762455776,0.0,-25.957368762455776
2019-12-19 21:00:00,76.65227329198268,0.0,0.32,0.22187227862866632,0.10000000000000002,-57.88933234861662,-57.88933234861649,0.0,57.88933234861649,18.76294094336619,6.004141101877181,2.437445572573326,-8.441586674450507
2019-12-19 22:00:00,76.61043640218678,0.0,0.1,0.10000000000000002,0.10000000000000002,0.0,0.0,0.0,-0.0,76.61043640218678,7.661043640218678,0.0,-7.661043640218678
2019-12-19 23:00:00,76.4676794746117,0.0,0.1,0.10000000000000002,0.10000000000000002,0.0,0.0,0.0,-0.0,76.4676794746117,7.6467679474611705,0.0,-7.6467679474611705
2019-12-20 00:00:00,75.48217114149871,0.0,0.1,0.10000000000000002,0.10000000000000002,0.0,0.0,0.0,-0.0,75.48217114149871,7.548217114149871,0.0,-7.548217114149871
2019-12-20 01:00:00,74.72202090299739,0.0,0.1,0.10000000000000002,0.10000000000000002,0.0,0.0,0.0,-0.0,74.72202090299739,7.472202090299739,0.0,-7.472202090299739
2019-12-20 02:00:00,75.77305544765615,0.0,0.1,0.10000000000000002,0.10000000000000002,0.0,0.0,0.0,-0.0,75.77305544765615,7.577305544765615,0.0,-7.577305544765615
2019-12-20 03:00:00,77.32269862914424,0.0,0.1,0.10000000000000002,0.10000000000000002,-0.0,-0.0,-0.0,0.0,77.32269862914424,7.732269862914425,0.0,-7.732269862914425
2019-12-20 04:00:00,76.667857791636,0.0,0.1,0.10000000000000002,0.10000000000000002,0.0,0.0,0.0,-0.0,76.667857791636,7.6667857791636,0.0,-7.6667857791636
2019-12-20 05:00:00,80.65870732621823,0.0,0.1,0.10000000000000002,0.575,250.0,250.0,250.0,0.0,330.65870732621823,33.065870732621825,9.499999999999998,-42.565870732621825
2019-12-20 06:00:00,77.08662115326372,0.0,0.1,0.575,0.9,171.0526315789474,171.0526315789474,171.0526315789474,0.0,248.1392527322111,24.813925273221113,6.500000000000002,-31.313925273221116
2019-12-20 07:00:00,81.4092626439136,2.432616243509866,0.18,0.9,0.9,0.0,0.0,0.0,-0.0,78.97664640040374,14.215796352072672,0.0,-14.215796352072672
2019-12-20 08:00:00,81.54096915332217,24.11766121212121,0.18,0.9,0.9,0.0,0.0,0.0,-0.0,57.42330794120096,10.336195429416172,0.0,-10.336195429416172
2019-12-20 09:00:00,94.8500737032443,58.15991538461538,0.18,0.9,0.9,0.0,0.0,0.0,-0.0,36.690158318628924,6.604228497353206,0.0,-6.604228497353206
2019-12-20 10:00:00,99.34913151305675,82.24474444444444,0.18,0.9,0.9,0.0,0.0,0.0,-0.0,17.10438706861231,3.078789672350216,0.0,-3.078789672350216
2019-12-20 11:00:00,97.95691620264842,84.31302272727272,0.18,0.9,0.9,0.0,0.0,0.0,-0.0,13.643893475375691,2.4559008255676242,0.0,-2.4559008255676242
2019-12-20 12:00:00,96.19431296325638,76.48937179487179,0.18,0.9,0.9,0.0,0.0,0.0,-0.0,19.704941168384593,3.5468894103092268,0.0,-3.5468894103092268
2019-12-20 13:00:00,96.00961171027343,56.23489722222223,0.18,0.9,0.9,0.0,0.0,0.0,-0.0,39.7747144880512,7.1594486078492166,0.0,-7.1594486078492166
2019-12-20 14:00:00,89.31269176158376,34.724917272727275,0.18,0.9,0.9,0.0,0.0,0.0,-0.0,54.58777448885649,9.825799407994168,0.0,-9.825799407994168
2019-12-20 15:00:00,81.54583233839074,15.063253333333334,0.18,0.9,0.9,0.0,0.0,0.0,-0.0,66.4825790050574,11.966864220910333,0.0,-11.966864220910333
2019-12-20 16:00:00,82.05674371966568,2.6089548156801667,0.32,0.9,0.7327414970442411,-79.44778890398551,-79.44778890398551,0.0,79.44778890398551,0.0,0.0,3.345170059115179,-3.345170059115179
2019-12-20 17:00:00,81.24201163609682,0.0,0.32,0.7327414970442411,0.561705683073511,-81.24201163609682,-81.24201163609682,0.0,81.24201163609682,0.0,0.0,3.4207162794146018,-3.4207162794146018
2019-12-20 18:00:00,81.44412309940442,0.0,0.32,0.561705683073511,0.39024437128529116,-81.44412309940442,-81.44412309940442,0.0,81.44412309940442,0.0,0.0,3.4292262357643963,-3.4292262357643963
2019-12-20 19:00:00,83.67945955019528,0.0,0.32,0.39024437128529116,0.21407708802172215,-83.67945955019528,-83.67945955019528,0.0,83.67945955019528,0.0,0.0,3.52334566527138,-3.52334566527138
2019-12-20 20:00:00,87.27918926711594,0.0,0.32,0.21407708802172215,0.10000000000000002,-54.18661681031802,-54.186616810318014,0.0,54.186616810318014,33.092572456797924,10.589623186175336,2.281541760434443,-12.87116494660978
2019-12-20 21:00:00,79.3341369362776,0.0,0.32,0.10000000000000002,0.10000000000000002,0.0,0.0,0.0,-0.0,79.3341369362776,25.386923819608832,0.0,-25.386923819608832
2019-12-20 22:00:00,77.90780443568316,0.0,0.1,0.10000000000000002,0.10000000000000002,0.0,0.0,0.0,-0.0,77.90780443568316,7.790780443568316,0.0,-7.790780443568316
2019-12-20 23:00:00,74.65215962614826,0.0,0.1,0.10000000000000002,0.10000000000000002,0.0,0.0,0.0,-0.0,74.65215962614826,7.465215962614827,0.0,-7.465215962614827
2019-12-21 00:00:00,76.37464679782501,0.0,0.12,0.10000000000000002,0.10000000000000002,0.0,0.0,0.0,-0.0,76.37464679782501,9.164957615739,0.0,-9.164957615739
2019-12-21 01:00:00,78.78263416007549,0.0,0.12,0.10000000000000002,0.10000000000000002,0.0,0.0,0.0,-0.0,78.78263416007549,9.453916099209058,0.0,-9.453916099209058
2019-12-21 02:00:00,79.97343386815925,0.0,0.12,0.10000000000000002,0.10000000000000002,0.0,0.0,0.0,-0.0,79.97343386815925,9.59681206417911,0.0,-9.59681206417911
2019-12-21 03:00:00,77.17964151070882,0.0,0.12,0.10000000000000002,0.10000000000000002,0.0,0.0,0.0,-0.0,77.17964151070882,9.261556981285057,0.0,-9.261556981285057
2019-12-21 04:00:00,77.1306019845875,0.0,0.12,0.10000000000000002,0.10000000000000002,0.0,0.0,0.0,-0.0,77.1306019845875,9.255672238150499,0.0,-9.255672238150499
2019-12-21 05:00:00,82.73068207799216,0.0,0.12,0.10000000000000002,0.10000000000000002,0.0,0.0,0.0,-0.0,82.73068207799216,9.92768184935906,0.0,-9.92768184935906
2019-12-21 06:00:00,79.21285278493256,0.0,0.12,0.10000000000000002,0.10000000000000002,0.0,0.0,0.0,-0.0,79.21285278493256,9.505542334191908,0.0,-9.505542334191908
2019-12-21 07:00:00,78.1033660665648,1.1509205185617861,0.12,0.10000000000000002,0.10000000000000002,0.0,0.0,0.0,-0.0,76.95244554800301,9.234293465760361,0.0,-9.234293465760361
2019-12-21 08:00:00,80.73317963559575,7.429165303030303,0.12,0.10000000000000002,0.10000000000000002,0.0,0.0,0.0,-0.0,73.30401433256544,8.796481719907852,0.0,-8.796481719907852
2019-12-21 09:00:00,80.60898975760799,16.89989653846154,0.12,0.10000000000000002,0.10000000000000002,0.0,0.0,0.0,-0.0,63.709093219146446,7.645091186297574,0.0,-7.645091186297574
2019-12-21 10:00:00,84.39921514078087,24.135101388888888,0.12,0.10000000000000002,0.10000000000000002,0.0,0.0,0.0,-0.0,60.26411375189198,7.2316936502270375,0.0,-7.2316936502270375
2019-12-21 11:00:00,84.01137242778705,31.877176363636362,0.12,0.10000000000000002,0.10000000000000002,0.0,0.0,0.0,-0.0,52.134196064150686,6.256103527698082,0.0,-6.256103527698082
2019-12-21 12:00:00,79.80922934873742,36.61758538461538,0.12,0.10000000000000002,0.10000000000000002,0.0,0.0,0.0,-0.0,43.191643964122036,5.182997275694644,0.0,-5.182997275694644
2019-12-21 13:00:00,81.68298696491834,32.061609861111116,0.12,0.10000000000000002,0.10000000000000002,0.0,0.0,0.0,-0.0,49.62137710380723,5.954565252456867,0.0,-5.954565252456867
2019-12-21 14:00:00,82.90208458707959,22.686823030303028,0.12,0.10000000000000002,0.10000000000000002,0.0,0.0,0.0,-0.0,60.215261556776554,7.225831386813186,0.0,-7.225831386813186
2019-12-21 15:00:00,81.97050832861002,10.449406987179488,0.12,0.10000000000000002,0.10000000000000002,0.0,0.0,0.0,-0.0,71.52110134143054,8.582532160971665,0.0,-8.582532160971665
2019-12-21 16:00:00,75.67828705037486,1.9244835539979235,0.12,0.10000000000000002,0.10000000000000002,0.0,0.0,0.0,-0.0,73.75380349637695,8.850456419565234,0.0,-8.850456419565234
2019-12-21 17:00:00,77.29617817585587,0.0,0.12,0.10000000000000002,0.10000000000000002,0.0,0.0,0.0,-0.0,77.29617817585587,9.275541381102704,0.0,-9.275541381102704
2019-12-21 18:00:00,77.91239378431462,0.0,0.12,0.10000000000000002,0.10000000000000002,0.0,0.0,0.0,-0.0,77.91239378431462,9.349487254117754,0.0,-9.349487254117754
2019-12-21 19:00:00,80.25446955786741,0.0,0.12,0.10000000000000002,0.10000000000000002,0.0,0.0,0.0,-0.0,80.25446955786741,9.630536346944089,0.0,-9.630536346944089
2019-12-21 20:00:00,84.96425351565227,0.0,0.12,0.10000000000000002,0.10000000000000002,0.0,0.0,0.0,-0.0,84.96425351565227,10.195710421878273,0.0,-10.195710421878273
2019-12-21 21:00:00,77.88571483326311,0.0,0.12,0.10000000000000002,0.10000000000000002,0.0,0.0,0.0,-0.0,77.88571483326311,9.346285779991574,0.0,-9.346285779991574
2019-12-21 22:00:00,78.55868378089954,0.0,0.12,0.10000000000000002,0.10000000000000002,0.0,0.0,0.0,-0.0,78.55868378089954,9.427042053707945,0.0,-9.427042053707945
2019-12-21 23:00:00,79.34092722627841,0.0,0.12,0.10000000000000002,0.10000000000000002,0.0,0.0,0.0,-0.0,79.34092722627841,9.520911267153409,0.0,-9.520911267153409
2019-12-22 00:00:00,76.98170443014206,0.0,0.12,0.10000000000000002,0.10000000000000002,0.0,0.0,0.0,-0.0,76.98170443014206,9.237804531617046,0.0,-9.237804531617046
2019-12-22 01:00:00,76.23144205627001,0.0,0.12,0.10000000000000002,0.10000000000000002,0.0,0.0,0.0,-0.0,76.23144205627001,9.147773046752402,0.0,-9.147773046752402
2019-12-22 02:00:00,77.9554880081509,0.0,0.12,0.10000000000000002,0.10000000000000002,0.0,0.0,0.0,-0.0,77.9554880081509,9.354658560978107,0.0,-9.354658560978107
2019-12-22 03:00:00,78.89982713698616,0.0,0.12,0.10000000000000002,0.10000000000000002,0.0,0.0,0.0,-0.0,78.89982713698616,9.467979256438339,0.0,-9.467979256438339
2019-12-22 04:00:00,79.11432205304651,0.0,0.12,0.10000000000000002,0.10000000000000002,0.0,0.0,0.0,-0.0,79.11432205304651,9.493718646365581,0.0,-9.493718646365581
2019-12-22 05:00:00,80.11051923595458,0.0,0.12,0.10000000000000002,0.10000000000000002,0.0,0.0,0.0,-0.0,80.11051923595458,9.61326230831455,0.0,-9.61326230831455
2019-12-22 06:00:00,79.27488120789732,0.0,0.12,0.10000000000000002,0.10000000000000002,0.0,0.0,0.0,-0.0,79.27488120789732,9.51298574494768,0.0,-9.51298574494768
2019-12-22 07:00:00,78.68674564207898,0.15132658359293874,0.12,0.10000000000000002,0.10000000000000002,0.0,0.0,0.0,-0.0,78.53541905848604,9.424250287018324,0.0,-9.424250287018324
2019-12-22 08:00:00,79.12957119232068,2.373027024922118,0.12,0.10000000000000002,0.10000000000000002,0.0,0.0,0.0,-0.0,76.75654416739856,9.210785300087826,0.0,-9.210785300087826
2019-12-22 09:00:00,74.81340185657439,11.603614102564102,0.12,0.10000000000000002,0.10000000000000002,0.0,0.0,0.0,-0.0,63.209787754010286,7.585174530481234,0.0,-7.585174530481234
2019-12-22 10:00:00,78.58960567651147,18.528876805555555,0.12,0.10000000000000002,0.10000000000000002,0.0,0.0,0.0,-0.0,60.06072887095591,7.207287464514709,0.0,-7.207287464514709
2019-12-22 11:00:00,82.28236314300877,18.833820454545453,0.12,0.10000000000000002,0.10000000000000002,0.0,0.0,0.0,-0.0,63.44854268846331,7.613825122615597,0.0,-7.613825122615597
2019-12-22 12:00:00,77.74654699150383,8.826686923076922,0.12,0.10000000000000002,0.10000000000000002,0.0,0.0,0.0,-0.0,68.91986006842691,8.270383208211229,0.0,-8.270383208211229
2019-12-22 13:00:00,76.28586280433638,17.299109444444444,0.12,0.10000000000000002,0.10000000000000002,0.0,0.0,0.0,-0.0,58.986753359891935,7.078410403187032,0.0,-7.078410403187032
2019-12-22 14:00:00,71.88964961754043,14.359311969696972,0.12,0.10000000000000002,0.10000000000000002,0.0,0.0,0.0,-0.0,57.53033764784345,6.903640517741214,0.0,-6.903640517741214
2019-12-22 15:00:00,76.60192815545987,6.883893205128205,0.12,0.10000000000000002,0.10000000000000002,0.0,0.0,0.0,-0.0,69.71803495033167,8.3661641940398,0.0,-8.3661641940398
2019-12-22 16:00:00,77.16428360517538,1.6373863966770512,0.12,0.10000000000000002,0.10000000000000002,0.0,0.0,0.0,-0.0,75.52689720849834,9.0632276650198,0.0,-9.0632276650198
2019-12-22 17:00:00,78.39145741105804,0.0,0.12,0.10000000000000002,0.10000000000000002,0.0,0.0,0.0,-0.0,78.39145741105804,9.406974889326964,0.0,-9.406974889326964
2019-12-22 18:00:00,77.64386428875825,0.0,0.12,0.10000000000000002,0.10000000000000002,0.0,0.0,0.0,-0.0,77.64386428875825,9.31726371465099,0.0,-9.31726371465099
2019-12-22 19:00:00,81.973629116787,0.0,0.12,0.10000000000000002,0.10000000000000002,0.0,0.0,0.0,-0.0,81.973629116787,9.836835494014439,0.0,-9.836835494014439
2019-12-22 20:00:00,80.8042291753553,0.0,0.12,0.10000000000000002,0.10000000000000002,0.0,0.0,0.0,-0.0,80.8042291753553,9.696507501042635,0.0,-9.696507501042635
2019-12-22 21:00:00,79.95721712252342,0.0,0.12,0.10000000000000002,0.10000000000000002,0.0,0.0,0.0,-0.0,79.95721712252342,9.594866054702809,0.0,-9.594866054702809
2019-12-22 22:00:00,76.99365940462563,0.0,0.12,0.10000000000000002,0.10000000000000002,0.0,0.0,0.0,-0.0,76.99365940462563,9.239239128555075,0.0,-9.239239128555075
2019-12-22 23:00:00,76.2416417893673,0.0,0.12,0.10000000000000002,0.10000000000000002,0.0,0.0,0.0,-0.0,76.2416417893673,9.148997014724076,0.0,-9.148997014724076
2019-12-23 00:00:00,79.13341458697462,0.0,0.1,0.10000000000000002,0.10000000000000002,0.0,0.0,0.0,-0.0,79.13341458697462,7.913341458697463,0.0,-7.913341458697463
2019-12-23 01:00:00,79.24724701888913,0.0,0.1,0.10000000000000002,0.10000000000000002,0.0,0.0,0.0,-0.0,79.24724701888913,7.924724701888913,0.0,-7.924724701888913
2019-12-23 02:00:00,78.68057707355247,0.0,0.1,0.10000000000000002,0.10000000000000002,0.0,0.0,0.0,-0.0,78.68057707355247,7.868057707355248,0.0,-7.868057707355248
2019-12-23 03:00:00,77.53941861027064,0.0,0.1,0.10000000000000002,0.10000000000000002,0.0,0.0,0.0,-0.0,77.53941861027064,7.753941861027065,0.0,-7.753941861027065
2019-12-23 04:00:00,78.761603316168,0.0,0.1,0.10000000000000002,0.10000000000000002,0.0,0.0,0.0,-0.0,78.761603316168,7.876160331616801,0.0,-7.876160331616801
2019-12-23 05:00:00,82.17119477916988,0.0,0.1,0.10000000000000002,0.3590480003373761,136.3410528091453,136.3410528091453,136.3410528091453,0.0,218.51224758831518,21.85122475883152,5.180960006747521,-27.032184765579043
2019-12-23 06:00:00,79.70187919230558,0.0,0.1,0.3590480003373761,0.834048000337376,250.0,250.0,250.0,0.0,329.70187919230557,32.97018791923056,9.499999999999998,-42.47018791923056
2019-12-23 07:00:00,78.35719942463508,1.204852341640706,0.18,0.834048000337376,0.834048000337376,0.0,0.0,0.0,-0.0,77.15234708299438,13.887422474938989,0.0,-13.887422474938989
2019-12-23 08:00:00,84.44139096892444,16.07055515151515,0.18,0.834048000337376,0.834048000337376,0.0,0.0,0.0,-0.0,68.37083581740929,12.306750447133671,0.0,-12.306750447133671
2019-12-23 09:00:00,88.27681879867447,52.91352307692308,0.18,0.834048000337376,0.834048000337376,0.0,0.0,0.0,-0.0,35.36329572175139,6.3653932299152505,0.0,-6.3653932299152505
2019-12-23 10:00:00,85.76149827507048,100.23188333333333,0.18,0.834048000337376,0.8615417319480755,14.470385058262849,14.470385058262849,14.470385058262849,0.0,0.0,0.0,0.5498746322139891,-0.5498746322139891
2019-12-23 11:00:00,96.23754763895884,108.64282272727273,0.18,0.8615417319480755,0.8851117546158719,12.405275088313886,12.405275088313886,12.405275088313886,0.0,0.0,0.0,0.47140045335592795,-0.47140045335592795
2019-12-23 12:00:00,98.18709676139005,106.02301538461538,0.18,0.8851117546158719,0.9,7.835918623225325,7.835918623225325,7.835918623225325,0.0,0.0,0.0,0.2977649076825628,-0.2977649076825628
2019-12-23 13:00:00,93.86364051179557,90.9043013888889,0.18,0.9,0.9,0.0,0.0,0.0,-0.0,2.9593391229066697,0.5326810421232006,0.0,-0.5326810421232006
2019-12-23 14:00:00,90.62537821601383,66.30962272727272,0.18,0.9,0.9,0.0,0.0,0.0,-0.0,24.315755488741104,4.376835987973399,0.0,-4.376835987973399
2019-12-23 15:00:00,87.82305157193046,33.44812974358974,0.18,0.9,0.9,0.0,0.0,0.0,-0.0,54.374921828340725,9.78748592910133,0.0,-9.78748592910133
2019-12-23 16:00:00,83.28316360677807,4.863340455607476,0.32,0.9,0.7349056354712198,-78.4198231511706,-78.4198231511706,0.0,78.4198231511706,0.0,0.0,3.3018872905756047,-3.3018872905756047
2019-12-23 17:00:00,79.64296462678381,0.0,0.32,0.7349056354712198,0.5672362362569381,-79.64296462678381,-79.64296462678381,0.0,79.64296462678381,0.0,0.0,3.353387984285634,-3.353387984285634
2019-12-23 18:00:00,80.35228326989736,0.0,0.32,0.5672362362569381,0.44545039367006334,-57.84827522876551,-57.84827522876551,0.0,57.84827522876551,22.504008041131847,7.2012825731621914,2.435716851737495,-9.636999424899686
2019-12-23 19:00:00,82.63248956011272,0.0,0.32,0.44545039367006334,0.2714872577540366,-82.63248956011272,-82.63248956011272,0.0,82.63248956011272,0.0,0.0,3.479262718320535,-3.479262718320535
2019-12-23 20:00:00,81.45644743316736,0.0,0.32,0.2714872577540366,0.10000000000000006,-81.45644743316736,-81.45644743316736,0.0,81.45644743316736,0.0,0.0,3.4297451550807305,-3.4297451550807305
2019-12-23 21:00:00,77.34698949252486,0.0,0.32,0.10000000000000006,0.10000000000000006,0.0,0.0,0.0,-0.0,77.34698949252486,24.751036637607953,0.0,-24.751036637607953
2019-12-23 22:00:00,77.73836683099204,0.0,0.1,0.10000000000000006,0.10000000000000006,0.0,0.0,0.0,-0.0,77.73836683099204,7.773836683099204,0.0,-7.773836683099204
2019-12-23 23:00:00,77.78102171666866,0.0,0.1,0.10000000000000006,0.10000000000000006,0.0,0.0,0.0,-0.0,77.78102171666866,7.778102171666866,0.0,-7.778102171666866
2019-12-24 00:00:00,77.70376622973396,0.0,0.1,0.10000000000000006,0.10000000000000006,0.0,0.0,0.0,-0.0,77.70376622973396,7.770376622973396,0.0,-7.770376622973396
2019-12-24 01:00:00,76.87564795468263,0.0,0.1,0.10000000000000006,0.10000000000000006,0.0,0.0,0.0,-0.0,76.87564795468263,7.687564795468264,0.0,-7.687564795468264
2019-12-24 02:00:00,75.11545472846332,0.0,0.1,0.10000000000000006,0.10000000000000006,0.0,0.0,0.0,-0.0,75.11545472846332,7.511545472846333,0.0,-7.511545472846333
2019-12-24 03:00:00,77.76017796003529,0.0,0.1,0.10000000000000006,0.10000000000000006,0.0,0.0,0.0,-0.0,77.76017796003529,7.776017796003529,0.0,-7.776017796003529
2019-12-24 04:00:00,77.52013707225888,0.0,0.1,0.10000000000000006,0.4242906971230279,170.67931427527782,170.67931427527782,170.67931427527782,0.0,248.1994513475367,24.81994513475367,6.485813942460556,-31.305759077214226
2019-12-24 05:00:00,76.88070129387346,0.0,0.1,0.4242906971230279,0.4242906971230279,0.0,0.0,0.0,-0.0,76.88070129387346,7.688070129387346,0.0,-7.688070129387346
2019-12-24 06:00:00,74.60007946626612,0.0,0.1,0.4242906971230279,0.8992906971230279,250.0,250.0,250.0,0.0,324.60007946626615,32.46000794662662,9.5,-41.96000794662662
2019-12-24 07:00:00,76.4379329310812,4.316480031152648,0.18,0.8992906971230279,0.8992906971230279,0.0,0.0,0.0,-0.0,72.12145289992856,12.98186152198714,0.0,-12.98186152198714
2019-12-24 08:00:00,78.00209870681385,39.9879253030303,0.18,0.8992906971230279,0.8992906971230279,0.0,0.0,0.0,-0.0,38.01417340378355,6.842551212681039,0.0,-6.842551212681039
2019-12-24 09:00:00,80.52843513524454,65.74053461538462,0.18,0.8992906971230279,0.8992906971230279,0.0,0.0,0.0,-0.0,14.787900519859917,2.661822093574785,0.0,-2.661822093574785
2019-12-24 10:00:00,83.48952743920431,78.73553861111111,0.18,0.8992906971230279,0.8992906971230279,0.0,0.0,0.0,-0.0,4.753988828093199,0.8557179890567758,0.0,-0.8557179890567758
2019-12-24 11:00:00,89.49320693875462,89.86652424242425,0.18,0.8992906971230279,0.9,0.3733173036696229,0.37331730366954147,0.37331730366954147,0.0,-8.143485885625523e-14,0.0,0.014186057539442576,-0.014186057539442576
2019-12-24 12:00:00,85.68504261185707,75.08582692307692,0.18,0.9,0.9,0.0,0.0,0.0,-0.0,10.599215688780149,1.9078588239804266,0.0,-1.9078588239804266
2019-12-24 13:00:00,85.17057743607246,60.54922638888888,0.18,0.9,0.9,0.0,0.0,0.0,-0.0,24.62135104718358,4.431843188493044,0.0,-4.431843188493044
2019-12-24 14:00:00,79.48511950570195,33.21231333333333,0.18,0.9,0.9,0.0,0.0,0.0,-0.0,46.27280617236862,8.329105111026351,0.0,-8.329105111026351
2019-12-24 15:00:00,78.1679271312774,16.87261987179487,0.18,0.9,0.9,0.0,0.0,0.0,-0.0,61.29530725948253,11.033155306706854,0.0,-11.033155306706854
2019-12-24 16:00:00,78.73500528525095,2.7250890706126696,0.32,0.9,0.7399791237586563,-76.00991621463828,-76.00991621463828,0.0,76.00991621463828,0.0,0.0,3.200417524826875,-3.200417524826875
2019-12-24 17:00:00,78.45976962410275,0.0,0.32,0.7399791237586563,0.5748006613921242,-78.45976962410275,-78.45976962410275,0.0,78.45976962410275,0.0,0.0,3.303569247330642,-3.303569247330642
2019-12-24 18:00:00,79.39926099307056,0.0,0.32,0.5748006613921242,0.407644322459344,-79.39926099307056,-79.39926099307056,0.0,79.39926099307056,0.0,0.0,3.343126778655603,-3.343126778655603
2019-12-24 19:00:00,76.19580520872137,0.0,0.32,0.407644322459344,0.24723210096729903,-76.19580520872137,-76.19580520872137,0.0,76.19580520872137,0.0,0.0,3.2082444298408994,-3.2082444298408994
2019-12-24 20:00:00,77.3090238863452,0.0,0.32,0.24723210096729903,0.1,-69.93524795946703,-69.93524795946703,0.0,69.93524795946703,7.373775926878167,2.3596082966010137,2.9446420193459804,-5.3042503159469945
2019-12-24 21:00:00,79.8678863607816,0.0,0.32,0.1,0.1,0.0,0.0,0.0,-0.0,79.8678863607816,25.557723635450113,0.0,-25.557723635450113
2019-12-24 22:00:00,80.08394662122203,0.0,0.1,0.1,0.1,0.0,0.0,0.0,-0.0,80.08394662122203,8.008394662122203,0.0,-8.008394662122203
2019-12-24 23:00:00,75.19997045882577,0.0,0.1,0.1,0.1,0.0,0.0,0.0,-0.0,75.19997045882577,7.519997045882578,0.0,-7.519997045882578
2019-12-25 00:00:00,76.71823629439832,0.0,0.1,0.1,0.1,0.0,0.0,0.0,-0.0,76.71823629439832,7.6718236294398325,0.0,-7.6718236294398325
2019-12-25 01:00:00,76.8620077319277,0.0,0.1,0.1,0.1,0.0,0.0,0.0,-0.0,76.8620077319277,7.686200773192771,0.0,-7.686200773192771
2019-12-25 02:00:00,77.67000993853952,0.0,0.1,0.1,0.1,0.0,0.0,0.0,-0.0,77.67000993853952,7.767000993853952,0.0,-7.767000993853952
2019-12-25 03:00:00,75.41284859757941,0.0,0.1,0.1,0.1,0.0,0.0,0.0,-0.0,75.41284859757941,7.541284859757941,0.0,-7.541284859757941
2019-12-25 04:00:00,76.88018702755603,0.0,0.1,0.1,0.42500000000000004,171.0526315789474,171.0526315789474,171.0526315789474,0.0,247.93281860650342,24.793281860650342,6.500000000000002,-31.293281860650346
2019-12-25 05:00:00,76.82902027223209,0.0,0.1,0.42500000000000004,0.42500000000000004,0.0,0.0,0.0,-0.0,76.82902027223209,7.682902027223209,0.0,-7.682902027223209
2019-12-25 06:00:00,77.08824363842922,0.0,0.1,0.42500000000000004,0.9,250.0,250.0,250.0,0.0,327.0882436384292,32.70882436384292,9.5,-42.20882436384292
2019-12-25 07:00:00,75.86898008037379,0.7499506749740394,0.18,0.9,0.9,0.0,0.0,0.0,-0.0,75.11902940539974,13.521425292971953,0.0,-13.521425292971953
2019-12-25 08:00:00,76.42037219121568,19.368430303030305,0.18,0.9,0.9,0.0,0.0,0.0,-0.0,57.05194188818537,10.269349539873366,0.0,-10.269349539873366
2019-12-25 09:00:00,77.33559889627084,21.47542388329739,0.18,0.9,0.9,0.0,0.0,0.0,-0.0,55.86017501297345,10.05483150233522,0.0,-10.05483150233522
2019-12-25 10:00:00,79.85696668639359,25.569616111111113,0.18,0.9,0.9,0.0,0.0,0.0,-0.0,54.287350575282474,9.771723103550846,0.0,-9.771723103550846
2019-12-25 11:00:00,80.14717049105899,27.386602424242426,0.18,0.9,0.9,0.0,0.0,0.0,-0.0,52.76056806681656,9.496902252026981,0.0,-9.496902252026981
2019-12-25 12:00:00,77.19419732314134,20.356076794871797,0.18,0.9,0.9,0.0,0.0,0.0,-0.0,56.83812052826954,10.230861695088517,0.0,-10.230861695088517
2019-12-25 13:00:00,78.07271683754935,29.171640555555555,0.18,0.9,0.9,0.0,0.0,0.0,-0.0,48.901076281993795,8.802193730758884,0.0,-8.802193730758884
2019-12-25 14:00:00,77.34280186431967,17.668278333333333,0.18,0.9,0.9,0.0,0.0,0.0,-0.0,59.674523530986335,10.74141423557754,0.0,-10.74141423557754
2019-12-25 15:00:00,78.03232734319258,10.385148076923077,0.18,0.9,0.9,0.0,0.0,0.0,-0.0,67.6471792662695,12.176492267928511,0.0,-12.176492267928511
2019-12-25 16:00:00,77.82814194646757,2.1509118769470406,0.32,0.9,0.7406795156431147,-75.67723006952053,-75.67723006952053,0.0,75.67723006952053,0.0,0.0,3.1864096871377057,-3.1864096871377057
2019-12-25 17:00:00,79.66491938640756,0.0,0.32,0.7406795156431147,0.5729638958822567,-79.66491938640756,-79.66491938640756,0.0,79.66491938640756,0.0,0.0,3.3543123952171605,-3.3543123952171605
2019-12-25 18:00:00,78.66986652796231,0.0,0.32,0.5729638958822567,0.4073431242444413,-78.66986652796231,-78.66986652796231,0.0,78.66986652796231,0.0,0.0,3.3124154327563082,-3.3124154327563082
2019-12-25 19:00:00,78.18237871477352,0.0,0.32,0.4073431242444413,0.24274864273965494,-78.18237871477352,-78.18237871477352,0.0,78.18237871477352,0.0,0.0,3.2918896300957274,-3.2918896300957274
2019-12-25 20:00:00,78.17866412490716,0.0,0.32,0.24274864273965494,0.10000000000000003,-67.80560530133607,-67.80560530133607,0.0,67.80560530133607,10.373058823571085,3.3193788235427473,2.854972854793098,-6.174351678335846
2019-12-25 21:00:00,76.74885350769065,0.0,0.32,0.10000000000000003,0.10000000000000003,0.0,0.0,0.0,-0.0,76.74885350769065,24.55963312246101,0.0,-24.55963312246101
2019-12-25 22:00:00,78.85998164442609,0.0,0.1,0.10000000000000003,0.10000000000000003,0.0,0.0,0.0,-0.0,78.85998164442609,7.885998164442609,0.0,-7.885998164442609
2019-12-25 23:00:00,78.85808290535273,0.0,0.1,0.10000000000000003,0.10000000000000003,0.0,0.0,0.0,-0.0,78.85808290535273,7.885808290535273,0.0,-7.885808290535273
2019-12-26 00:00:00,78.97773582016383,0.0,0.1,0.10000000000000003,0.10000000000000003,0.0,0.0,0.0,-0.0,78.97773582016383,7.8977735820163835,0.0,-7.8977735820163835
2019-12-26 01:00:00,74.62065376198947,0.0,0.1,0.10000000000000003,0.10000000000000003,0.0,0.0,0.0,-0.0,74.62065376198947,7.4620653761989475,0.0,-7.4620653761989475
2019-12-26 02:00:00,76.66010415654306,0.0,0.1,0.10000000000000003,0.10000000000000003,0.0,0.0,0.0,-0.0,76.66010415654306,7.666010415654306,0.0,-7.666010415654306
2019-12-26 03:00:00,77.26177455434366,0.0,0.1,0.10000000000000003,0.10000000000000003,0.0,0.0,0.0,-0.0,77.26177455434366,7.7261774554343665,0.0,-7.7261774554343665
2019-12-26 04:00:00,77.17146750244538,0.0,0.1,0.10000000000000003,0.3510648686349329,132.13940454470153,132.13940454470153,132.13940454470153,0.0,209.31087204714692,20.931087204714693,5.021297372698657,-25.95238457741335
2019-12-26 05:00:00,74.40992044340706,0.0,0.1,0.3510648686349329,0.8260648686349329,250.0,250.0,250.0,0.0,324.40992044340703,32.4409920443407,9.5,-41.9409920443407
2019-12-26 06:00:00,79.45249485148884,0.0,0.1,0.8260648686349329,0.8260648686349329,0.0,0.0,0.0,-0.0,79.45249485148884,7.945249485148884,0.0,-7.945249485148884
2019-12-26 07:00:00,88.5770216419736,1.6885998701973002,0.18,0.8260648686349329,0.8260648686349329,0.0,0.0,0.0,-0.0,86.88842177177631,15.639915918919735,0.0,-15.639915918919735
2019-12-26 08:00:00,85.34573376144446,12.874823484848486,0.18,0.8260648686349329,0.8260648686349329,0.0,0.0,0.0,-0.0,72.47091027659597,13.044763849787275,0.0,-13.044763849787275
2019-12-26 09:00:00,87.40903989560992,60.89687230769231,0.18,0.8260648686349329,0.8260648686349329,0.0,0.0,0.0,-0.0,26.51216758791761,4.77219016582517,0.0,-4.77219016582517
2019-12-26 10:00:00,95.50204969026358,100.28320555555554,0.18,0.8260648686349329,0.8351490647789876,4.781155865291964,4.781155865291964,4.781155865291964,0.0,0.0,0.0,0.18168392288109514,-0.18168392288109514
2019-12-26 11:00:00,95.74002858863005,109.03993939393939,0.18,0.8351490647789876,0.8604188953090753,13.299910805309338,13.299910805309338,13.299910805309338,0.0,0.0,0.0,0.5053966106017538,-0.5053966106017538
2019-12-26 12:00:00,90.88992679579336,105.75394615384616,0.18,0.8604188953090753,0.8886605320893757,14.8640193580528,14.8640193580528,14.8640193580528,0.0,0.0,0.0,0.5648327356060068,-0.5648327356060068
2019-12-26 13:00:00,87.3024381610749,93.27057916666666,0.18,0.8886605320893757,0.9,5.968141005591761,5.968141005591761,5.968141005591761,0.0,0.0,0.0,0.2267893582124869,-0.2267893582124869
2019-12-26 14:00:00,83.78744643771152,69.29212727272727,0.18,0.9,0.9,0.0,0.0,0.0,-0.0,14.495319164984252,2.6091574496971655,0.0,-2.6091574496971655
2019-12-26 15:00:00,81.28827992726704,35.17629974358974,0.18,0.9,0.9,0.0,0.0,0.0,-0.0,46.111980183677304,8.300156433061915,0.0,-8.300156433061915
2019-12-26 16:00:00,79.79239244039026,5.556352808930426,0.32,0.9,0.743713600775874,-74.23603963145983,-74.23603963145983,0.0,74.23603963145983,0.0,0.0,3.1257279844825203,-3.1257279844825203
2019-12-26 17:00:00,81.0529352252638,0.0,0.32,0.743713600775874,0.6182274552953404,-59.605919103253456,-59.605919103253456,0.0,59.605919103253456,21.44701612201034,6.863045159043309,2.509722909610672,-9.372768068653981
2019-12-26 18:00:00,81.29357531343014,0.0,0.32,0.6182274552953404,0.4470830862144348,-81.29357531343014,-81.29357531343014,0.0,81.29357531343014,0.0,0.0,3.4228873816181116,-3.4228873816181116
2019-12-26 19:00:00,85.74601056944859,0.0,0.32,0.4470830862144348,0.266565169226122,-85.74601056944859,-85.74601056944859,0.0,85.74601056944859,0.0,0.0,3.6103583397662566,-3.6103583397662566
2019-12-26 20:00:00,79.11845538240794,0.0,0.32,0.266565169226122,0.1,-79.11845538240794,-79.11845538240794,0.0,79.11845538240794,0.0,0.0,3.33130338452244,-3.33130338452244
2019-12-26 21:00:00,80.13065004894318,0.0,0.32,0.1,0.1,0.0,0.0,0.0,-0.0,80.13065004894318,25.64180801566182,0.0,-25.64180801566182
2019-12-26 22:00:00,76.88413690304453,0.0,0.1,0.1,0.1,0.0,0.0,0.0,-0.0,76.88413690304453,7.688413690304454,0.0,-7.688413690304454
2019-12-26 23:00:00,76.3933593780682,0.0,0.1,0.1,0.1,0.0,0.0,0.0,-0.0,76.3933593780682,7.63933593780682,0.0,-7.63933593780682
2019-12-27 00:00:00,77.42346027661277,0.0,0.1,0.1,0.1,0.0,0.0,0.0,-0.0,77.42346027661277,7.742346027661277,0.0,-7.742346027661277
2019-12-27 01:00:00,77.65017946871937,0.0,0.1,0.1,0.1,0.0,0.0,0.0,-0.0,77.65017946871937,7.765017946871938,0.0,-7.765017946871938
2019-12-27 02:00:00,77.3823605444105,0.0,0.1,0.1,0.1,0.0,0.0,0.0,-0.0,77.3823605444105,7.7382360544410504,0.0,-7.7382360544410504
2019-12-27 03:00:00,77.33892486271054,0.0,0.1,0.1,0.1,0.0,0.0,0.0,-0.0,77.33892486271054,7.7338924862710545,0.0,-7.7338924862710545
2019-12-27 04:00:00,79.5782386039814,0.0,0.1,0.1,0.1,0.0,0.0,0.0,-0.0,79.5782386039814,7.957823860398141,0.0,-7.957823860398141
2019-12-27 05:00:00,84.11699732878624,0.0,0.1,0.1,0.3940408952821115,154.75836593795344,154.75836593795344,154.75836593795344,0.0,238.87536326673967,23.887536326673967,5.88081790564223,-29.7683542323162
2019-12-27 06:00:00,80.00207039287938,0.0,0.1,0.3940408952821115,0.8690408952821115,250.0,250.0,250.0,0.0,330.0020703928794,33.000207039287936,9.5,-42.500207039287936
2019-12-27 07:00:00,79.16084827959385,5.443997777777779,0.18,0.8690408952821115,0.8690408952821115,0.0,0.0,0.0,-0.0,73.71685050181607,13.269033090326891,0.0,-13.269033090326891
2019-12-27 08:00:00,82.78594322530536,42.44267060606061,0.18,0.8690408952821115,0.8690408952821115,0.0,0.0,0.0,-0.0,40.34327261924475,7.2617890714640545,0.0,-7.2617890714640545
2019-12-27 09:00:00,85.41252375897312,78.68897692307692,0.18,0.8690408952821115,0.8690408952821115,0.0,0.0,0.0,-0.0,6.723546835896201,1.210238430461316,0.0,-1.210238430461316
2019-12-27 10:00:00,94.51930717088605,81.49905694444443,0.18,0.8690408952821115,0.8690408952821115,0.0,0.0,0.0,-0.0,13.020250226441618,2.3436450407594913,0.0,-2.3436450407594913
2019-12-27 11:00:00,91.62206268805821,99.5184909090909,0.18,0.8690408952821115,0.8840441089020736,7.896428221032693,7.896428221032693,7.896428221032693,0.0,0.0,0.0,0.30006427239924305,-0.30006427239924305
2019-12-27 12:00:00,95.33901258003874,103.73685,0.18,0.8840441089020736,0.9,8.397837419961263,8.397837419961258,8.397837419961258,0.0,-5.329070518200751e-15,0.0,0.3191178219585278,-0.3191178219585278
2019-12-27 13:00:00,94.07679773848515,90.9471375,0.18,0.9,0.9,0.0,0.0,0.0,-0.0,3.129660238485158,0.5633388429273285,0.0,-0.5633388429273285
2019-12-27 14:00:00,90.46008438748386,67.35491666666667,0.18,0.9,0.9,-0.0,-0.0,-0.0,0.0,23.105167720817192,4.158930189747094,0.0,-4.158930189747094
2019-12-27 15:00:00,83.02326178233096,32.06230923076923,0.18,0.9,0.9,0.0,0.0,0.0,-0.0,50.96095255156173,9.172971459281111,0.0,-9.172971459281111
2019-12-27 16:00:00,81.2549803072941,6.933274583333335,0.32,0.9,0.743533251107451,-74.32170572396078,-74.32170572396078,0.0,74.32170572396078,0.0,0.0,3.1293349778509794,-3.1293349778509794
2019-12-27 17:00:00,80.47833755992046,0.055802888700084964,0.32,0.743533251107451,0.5742226517996187,-80.42253467122038,-80.42253467122038,0.0,80.42253467122038,0.0,0.0,3.3862119861566464,-3.3862119861566464
2019-12-27 18:00:00,81.44907226422514,0.0,0.32,0.5742226517996187,0.4027509207170395,-81.44907226422514,-81.44907226422514,0.0,81.44907226422514,0.0,0.0,3.429434621651585,-3.429434621651585
2019-12-27 19:00:00,82.80573865477429,0.0,0.32,0.4027509207170395,0.2284230498648831,-82.80573865477429,-82.80573865477429,0.0,82.80573865477429,0.0,0.0,3.486557417043128,-3.486557417043128
2019-12-27 20:00:00,78.93581724637816,0.0,0.32,0.2284230498648831,0.1,-61.00094868581947,-61.000948685819466,0.0,61.000948685819466,17.934868560558698,5.739157939378783,2.5684609972976618,-8.307618936676445
2019-12-27 21:00:00,77.79119319325324,0.0,0.32,0.1,0.1,0.0,0.0,0.0,-0.0,77.79119319325324,24.893181821841036,0.0,-24.893181821841036
2019-12-27 22:00:00,78.29928157001594,0.0,0.1,0.1,0.1,0.0,0.0,0.0,-0.0,78.29928157001594,7.829928157001594,0.0,-7.829928157001594
2019-12-27 23:00:00,77.77579685820113,0.0,0.1,0.1,0.1,0.0,0.0,0.0,-0.0,77.77579685820113,7.777579685820114,0.0,-7.777579685820114
2019-12-28 00:00:00,75.68576678321689,0.0,0.12,0.1,0.1,0.0,0.0,0.0,-0.0,75.68576678321689,9.082292013986027,0.0,-9.082292013986027
2019-12-28 01:00:00,76.21783322171662,0.0,0.12,0.1,0.1,0.0,0.0,0.0,-0.0,76.21783322171662,9.146139986605993,0.0,-9.146139986605993
2019-12-28 02:00:00,77.78525435623173,0.0,0.12,0.1,0.1,0.0,0.0,0.0,-0.0,77.78525435623173,9.334230522747808,0.0,-9.334230522747808
2019-12-28 03:00:00,78.01005672930403,0.0,0.12,0.1,0.1,0.0,0.0,0.0,-0.0,78.01005672930403,9.361206807516483,0.0,-9.361206807516483
2019-12-28 04:00:00,75.38312632618599,0.0,0.12,0.1,0.1,0.0,0.0,0.0,-0.0,75.38312632618599,9.045975159142317,0.0,-9.045975159142317
2019-12-28 05:00:00,76.18404702404754,0.0,0.12,0.1,0.1,0.0,0.0,0.0,-0.0,76.18404702404754,9.142085642885705,0.0,-9.142085642885705
2019-12-28 06:00:00,76.6362225599021,0.0,0.12,0.1,0.1,0.0,0.0,0.0,-0.0,76.6362225599021,9.196346707188251,0.0,-9.196346707188251
2019-12-28 07:00:00,76.6151353117995,4.7593531373312565,0.12,0.1,0.1,0.0,0.0,0.0,-0.0,71.85578217446825,8.62269386093619,0.0,-8.62269386093619
2019-12-28 08:00:00,81.26531244039957,44.57563287878789,0.12,0.1,0.1,0.0,0.0,0.0,-0.0,36.689679561611676,4.402761547393401,0.0,-4.402761547393401
2019-12-28 09:00:00,82.18160306988706,74.74327564102565,0.12,0.1,0.1,0.0,0.0,0.0,-0.0,7.438327428861413,0.8925992914633696,0.0,-0.8925992914633696
2019-12-28 10:00:00,88.63553242736477,95.634325,0.12,0.1,0.11329770588800696,6.998792572635239,6.998792572635239,6.998792572635239,0.0,0.0,0.0,0.26595411776013905,-0.26595411776013905
2019-12-28 11:00:00,88.94591932300987,103.68620909090909,0.12,0.11329770588800696,0.14130425644701547,14.740289767899213,14.740289767899213,14.740289767899213,0.0,0.0,0.0,0.5601310111801703,-0.5601310111801703
2019-12-28 12:00:00,87.2852393465176,102.43276923076922,0.12,0.14130425644701547,0.17008456322709356,15.147529884251625,15.147529884251625,15.147529884251625,0.0,0.0,0.0,0.5756061356015618,-0.5756061356015618
2019-12-28 13:00:00,87.09731944518985,90.54965416666666,0.12,0.17008456322709356,0.17664399919789947,3.4523347214768023,3.4523347214768023,3.4523347214768023,0.0,0.0,0.0,0.1311887194161182,-0.1311887194161182
2019-12-28 14:00:00,85.24285463647671,65.32473333333334,0.12,0.17664399919789947,0.17664399919789947,0.0,0.0,0.0,-0.0,19.918121303143366,2.390174556377204,0.0,-2.390174556377204
2019-12-28 15:00:00,81.83833391875396,23.460775641025638,0.12,0.17664399919789947,0.17664399919789947,0.0,0.0,0.0,-0.0,58.377558277728326,7.005306993327399,0.0,-7.005306993327399
2019-12-28 16:00:00,76.07973946097808,3.5006756619937693,0.12,0.17664399919789947,0.17664399919789947,0.0,0.0,0.0,-0.0,72.57906379898431,8.709487655878117,0.0,-8.709487655878117
2019-12-28 17:00:00,74.30861176129946,0.0,0.12,0.17664399919789947,0.17664399919789947,0.0,0.0,0.0,-0.0,74.30861176129946,8.917033411355934,0.0,-8.917033411355934
2019-12-28 18:00:00,75.08505707180089,0.0,0.12,0.17664399919789947,0.17664399919789947,0.0,0.0,0.0,-0.0,75.08505707180089,9.010206848616106,0.0,-9.010206848616106
2019-12-28 19:00:00,78.36383061561479,0.0,0.12,0.17664399919789947,0.17664399919789947,0.0,0.0,0.0,-0.0,78.36383061561479,9.403659673873774,0.0,-9.403659673873774
2019-12-28 20:00:00,76.7657860812571,0.0,0.12,0.17664399919789947,0.17664399919789947,0.0,0.0,0.0,-0.0,76.7657860812571,9.211894329750852,0.0,-9.211894329750852
2019-12-28 21:00:00,77.8889123132262,0.0,0.12,0.17664399919789947,0.17664399919789947,0.0,0.0,0.0,-0.0,77.8889123132262,9.346669477587144,0.0,-9.346669477587144
2019-12-28 22:00:00,76.90680106454984,0.0,0.12,0.17664399919789947,0.17664399919789947,0.0,0.0,0.0,-0.0,76.90680106454984,9.228816127745981,0.0,-9.228816127745981
2019-12-28 23:00:00,76.88950879560635,0.0,0.12,0.17664399919789947,0.17664399919789947,0.0,0.0,0.0,-0.0,76.88950879560635,9.226741055472761,0.0,-9.226741055472761
2019-12-29 00:00:00,76.4772878621935,0.0,0.12,0.17664399919789947,0.17664399919789947,0.0,0.0,0.0,-0.0,76.4772878621935,9.17727454346322,0.0,-9.17727454346322
2019-12-29 01:00:00,76.823151969754,0.0,0.12,0.17664399919789947,0.17664399919789947,0.0,0.0,0.0,-0.0,76.823151969754,9.218778236370479,0.0,-9.218778236370479
2019-12-29 02:00:00,73.94851384559207,0.0,0.12,0.17664399919789947,0.17664399919789947,0.0,0.0,0.0,-0.0,73.94851384559207,8.873821661471048,0.0,-8.873821661471048
2019-12-29 03:00:00,76.21209468666707,0.0,0.12,0.17664399919789947,0.17664399919789947,0.0,0.0,0.0,-0.0,76.21209468666707,9.145451362400049,0.0,-9.145451362400049
2019-12-29 04:00:00,76.72744291308251,0.0,0.12,0.17664399919789947,0.17664399919789947,0.0,0.0,0.0,-0.0,76.72744291308251,9.207293149569901,0.0,-9.207293149569901
2019-12-29 05:00:00,76.56390940684895,0.0,0.12,0.17664399919789947,0.17664399919789947,0.0,0.0,0.0,-0.0,76.56390940684895,9.187669128821874,0.0,-9.187669128821874
2019-12-29 06:00:00,74.7748898452857,0.0,0.12,0.17664399919789947,0.17664399919789947,0.0,0.0,0.0,-0.0,74.7748898452857,8.972986781434283,0.0,-8.972986781434283
2019-12-29 07:00:00,75.60164028836,0.9044710929387331,0.12,0.17664399919789947,0.17664399919789947,0.0,0.0,0.0,-0.0,74.69716919542127,8.96366030345055,0.0,-8.96366030345055
2019-12-29 08:00:00,76.32813308772751,6.803238333333334,0.12,0.17664399919789947,0.17664399919789947,0.0,0.0,0.0,-0.0,69.52489475439417,8.3429873705273,0.0,-8.3429873705273
2019-12-29 09:00:00,74.91824247339615,13.740172307692308,0.12,0.17664399919789947,0.17664399919789947,0.0,0.0,0.0,-0.0,61.17807016570384,7.341368419884461,0.0,-7.341368419884461
2019-12-29 10:00:00,76.20261230626708,16.44645277777778,0.12,0.17664399919789947,0.17664399919789947,0.0,0.0,0.0,-0.0,59.756159528489306,7.170739143418716,0.0,-7.170739143418716
2019-12-29 11:00:00,75.40384465932038,19.33971212121212,0.12,0.17664399919789947,0.17664399919789947,0.0,0.0,0.0,-0.0,56.06413253810827,6.727695904572992,0.0,-6.727695904572992
2019-12-29 12:00:00,74.35949702642225,13.559261282051283,0.12,0.17664399919789947,0.17664399919789947,0.0,0.0,0.0,-0.0,60.800235744370966,7.296028289324515,0.0,-7.296028289324515
2019-12-29 13:00:00,76.3771690926923,12.324160555555556,0.12,0.17664399919789947,0.17664399919789947,0.0,0.0,0.0,-0.0,64.05300853713675,7.686361024456409,0.0,-7.686361024456409
2019-12-29 14:00:00,74.34850191083008,5.2967961363636356,0.12,0.17664399919789947,0.17664399919789947,0.0,0.0,0.0,-0.0,69.05170577446644,8.286204692935973,0.0,-8.286204692935973
2019-12-29 15:00:00,73.57422632836945,2.5420906482147134,0.12,0.17664399919789947,0.17664399919789947,0.0,0.0,0.0,-0.0,71.03213568015474,8.523856281618569,0.0,-8.523856281618569
2019-12-29 16:00:00,75.57709482393568,0.21313603322949118,0.12,0.17664399919789947,0.17664399919789947,0.0,0.0,0.0,-0.0,75.36395879070619,9.043675054884742,0.0,-9.043675054884742
2019-12-29 17:00:00,75.88833624879767,0.0,0.12,0.17664399919789947,0.17664399919789947,0.0,0.0,0.0,-0.0,75.88833624879767,9.10660034985572,0.0,-9.10660034985572
2019-12-29 18:00:00,76.42175166254626,0.0,0.12,0.17664399919789947,0.17664399919789947,0.0,0.0,0.0,-0.0,76.42175166254626,9.17061019950555,0.0,-9.17061019950555
2019-12-29 19:00:00,76.91256029766394,0.0,0.12,0.17664399919789947,0.17664399919789947,0.0,0.0,0.0,-0.0,76.91256029766394,9.229507235719673,0.0,-9.229507235719673
2019-12-29 20:00:00,78.16843944937237,0.0,0.12,0.17664399919789947,0.17664399919789947,0.0,0.0,0.0,-0.0,78.16843944937237,9.380212733924685,0.0,-9.380212733924685
2019-12-29 21:00:00,78.74917521030054,0.0,0.12,0.17664399919789947,0.17664399919789947,0.0,0.0,0.0,-0.0,78.74917521030054,9.449901025236064,0.0,-9.449901025236064
2019-12-29 22:00:00,78.320501930704,0.0,0.12,0.17664399919789947,0.17664399919789947,0.0,0.0,0.0,-0.0,78.320501930704,9.39846023168448,0.0,-9.39846023168448
2019-12-29 23:00:00,77.16679353506325,0.0,0.12,0.17664399919789947,0.17664399919789947,0.0,0.0,0.0,-0.0,77.16679353506325,9.26001522420759,0.0,-9.26001522420759
2019-12-30 00:00:00,75.44170016500868,0.0,0.1,0.17664399919789947,0.17664399919789947,0.0,0.0,0.0,-0.0,75.44170016500868,7.5441700165008685,0.0,-7.5441700165008685
2019-12-30 01:00:00,76.69772382770078,0.0,0.1,0.17664399919789947,0.17664399919789947,0.0,0.0,0.0,-0.0,76.69772382770078,7.669772382770079,0.0,-7.669772382770079
2019-12-30 02:00:00,77.16788249624261,0.0,0.1,0.17664399919789947,0.17664399919789947,0.0,0.0,0.0,-0.0,77.16788249624261,7.716788249624262,0.0,-7.716788249624262
2019-12-30 03:00:00,77.21766686068925,0.0,0.1,0.17664399919789947,0.17664399919789947,0.0,0.0,0.0,-0.0,77.21766686068925,7.721766686068925,0.0,-7.721766686068925
2019-12-30 04:00:00,74.02816879394426,0.0,0.1,0.17664399919789947,0.17664399919789947,0.0,0.0,0.0,-0.0,74.02816879394426,7.402816879394426,0.0,-7.402816879394426
2019-12-30 05:00:00,76.86164858790987,0.0,0.1,0.17664399919789947,0.6516439991978995,250.0,250.0,250.0,0.0,326.8616485879099,32.68616485879099,9.5,-42.18616485879099
2019-12-30 06:00:00,79.48792462808123,0.0,0.1,0.6516439991978995,0.82707937285788,92.33440718946343,92.33440718946343,92.33440718946343,0.0,171.82233181754467,17.182233181754466,3.5087074731996104,-20.690940654954076
2019-12-30 07:00:00,88.2758610656734,5.0031799999999995,0.18,0.82707937285788,0.82707937285788,0.0,0.0,0.0,-0.0,83.2726810656734,14.98908259182121,0.0,-14.98908259182121
2019-12-30 08:00:00,84.80565659390687,38.0887303030303,0.18,0.82707937285788,0.82707937285788,0.0,0.0,0.0,-0.0,46.71692629087657,8.409046732357783,0.0,-8.409046732357783
2019-12-30 09:00:00,84.7089509435014,73.94022692307692,0.18,0.82707937285788,0.82707937285788,0.0,0.0,0.0,-0.0,10.768724020424486,1.9383703236764074,0.0,-1.9383703236764074
2019-12-30 10:00:00,89.69141159649469,96.38091666666666,0.18,0.82707937285788,0.8397894324912067,6.689505070171975,6.689505070171975,6.689505070171975,0.0,0.0,0.0,0.2542011926665344,-0.2542011926665344
2019-12-30 11:00:00,91.93946924277112,105.7283590909091,0.18,0.8397894324912067,0.8659883232026688,13.78888984813797,13.78888984813797,13.78888984813797,0.0,0.0,0.0,0.5239778142292417,-0.5239778142292417
2019-12-30 12:00:00,88.98118955247989,104.74255384615384,0.18,0.8659883232026688,0.8959349153606493,15.76136429367395,15.76136429367395,15.76136429367395,0.0,0.0,0.0,0.5989318431596091,-0.5989318431596091
2019-12-30 13:00:00,88.88000954654062,91.01952777777778,0.18,0.8959349153606493,0.8999999999999999,2.1395182312371617,2.1395182312371617,2.1395182312371617,0.0,0.0,0.0,0.08130169278701249,-0.08130169278701249
2019-12-30 14:00:00,85.5299792978858,67.90538181818182,0.18,0.8999999999999999,0.8999999999999999,0.0,0.0,0.0,-0.0,17.62459747970398,3.172427546346716,0.0,-3.172427546346716
2019-12-30 15:00:00,83.46705848378973,35.06339269230769,0.18,0.8999999999999999,0.8999999999999999,0.0,0.0,0.0,-0.0,48.40366579148204,8.712659842466767,0.0,-8.712659842466767
2019-12-30 16:00:00,82.01679411622035,6.088521793873313,0.32,0.8999999999999999,0.7401510056371641,-75.92827232234704,-75.92827232234704,0.0,75.92827232234704,0.0,0.0,3.196979887256717,-3.196979887256717
2019-12-30 17:00:00,79.83743393035682,0.0,0.32,0.7401510056371641,0.5720721973627286,-79.83743393035682,-79.83743393035682,0.0,79.83743393035682,0.0,0.0,3.361576165488709,-3.361576165488709
2019-12-30 18:00:00,81.92884081733905,0.0,0.32,0.5720721973627286,0.3995904272209622,-81.92884081733905,-81.92884081733905,0.0,81.92884081733905,0.0,0.0,3.4496354028353284,-3.4496354028353284
2019-12-30 19:00:00,83.80196469171271,0.0,0.32,0.3995904272209622,0.22316523839630387,-83.80196469171271,-83.80196469171271,0.0,83.80196469171271,0.0,0.0,3.5285037764931673,-3.5285037764931673
2019-12-30 20:00:00,82.54890989607085,0.0,0.32,0.22316523839630387,0.10000000000000002,-58.5034882382444,-58.50348823824433,0.0,58.50348823824433,24.045421657826523,7.694534930504488,2.463304767926077,-10.157839698430564
2019-12-30 21:00:00,77.73486404945808,0.0,0.32,0.10000000000000002,0.10000000000000002,0.0,0.0,0.0,-0.0,77.73486404945808,24.875156495826587,0.0,-24.875156495826587
2019-12-30 22:00:00,76.90876329141975,0.0,0.1,0.10000000000000002,0.10000000000000002,0.0,0.0,0.0,-0.0,76.90876329141975,7.690876329141975,0.0,-7.690876329141975
2019-12-30 23:00:00,77.3911905935866,0.0,0.1,0.10000000000000002,0.10000000000000002,0.0,0.0,0.0,-0.0,77.3911905935866,7.739119059358661,0.0,-7.739119059358661
2019-12-31 00:00:00,76.53640052119125,0.0,0.1,0.10000000000000002,0.10000000000000002,0.0,0.0,0.0,-0.0,76.53640052119125,7.653640052119126,0.0,-7.653640052119126
2019-12-31 01:00:00,77.11255870925578,0.0,0.1,0.10000000000000002,0.10000000000000002,0.0,0.0,0.0,-0.0,77.11255870925578,7.711255870925578,0.0,-7.711255870925578
2019-12-31 02:00:00,77.31731470241643,0.0,0.1,0.10000000000000002,0.10000000000000002,0.0,0.0,0.0,-0.0,77.31731470241643,7.731731470241643,0.0,-7.731731470241643
2019-12-31 03:00:00,78.8119853984943,0.0,0.1,0.10000000000000002,0.10000000000000002,0.0,0.0,0.0,-0.0,78.8119853984943,7.88119853984943,0.0,-7.88119853984943
2019-12-31 04:00:00,79.1027940639687,0.0,0.1,0.10000000000000002,0.10000000000000002,0.0,0.0,0.0,-0.0,79.1027940639687,7.910279406396871,0.0,-7.910279406396871
2019-12-31 05:00:00,82.96951940327713,0.0,0.1,0.10000000000000002,0.575,250.0,250.0,250.0,0.0,332.9695194032771,33.29695194032771,9.499999999999998,-42.79695194032771
2019-12-31 06:00:00,79.2869353810688,0.0,0.1,0.575,0.8950021787121113,168.42219932216386,168.42219932216386,168.42219932216386,0.0,247.70913470323268,24.77091347032327,6.400043574242227,-31.170957044565498
2019-12-31 07:00:00,79.8031825197461,5.826215140186917,0.18,0.8950021787121113,0.8950021787121113,0.0,0.0,0.0,-0.0,73.97696737955918,13.315854128320654,0.0,-13.315854128320654
2019-12-31 08:00:00,79.06134778140012,41.91756954545455,0.18,0.8950021787121113,0.8950021787121113,0.0,0.0,0.0,-0.0,37.14377823594557,6.685880082470202,0.0,-6.685880082470202
2019-12-31 09:00:00,82.97898612694371,49.449517435897434,0.18,0.8950021787121113,0.8950021787121113,0.0,0.0,0.0,-0.0,33.529468691046276,6.035304364388329,0.0,-6.035304364388329
2019-12-31 10:00:00,83.67734750674275,68.91839777777778,0.18,0.8950021787121113,0.8950021787121113,0.0,0.0,0.0,-0.0,14.758949728964964,2.6566109512136933,0.0,-2.6566109512136933
2019-12-31 11:00:00,89.10464461785486,90.29262272727273,0.18,0.8950021787121113,0.8972593371200053,1.1879781094178696,1.1879781094178696,1.1879781094178696,0.0,0.0,0.0,0.045143168157879554,-0.045143168157879554
2019-12-31 12:00:00,87.64420867314715,89.08666282051283,0.18,0.8972593371200053,0.9,1.4424541473656802,1.4424541473656571,1.4424541473656571,0.0,-2.3092638912203256e-14,0.0,0.05481325759989497,-0.05481325759989497
2019-12-31 13:00:00,82.86092300928654,56.11697777777778,0.18,0.9,0.9,0.0,0.0,0.0,-0.0,26.74394523150876,4.813910141671577,0.0,-4.813910141671577
2019-12-31 14:00:00,83.37387023087352,66.5240696969697,0.18,0.9,0.9,0.0,0.0,0.0,-0.0,16.849800533903817,3.032964096102687,0.0,-3.032964096102687
2019-12-31 15:00:00,80.15243978780767,30.08182794871795,0.18,0.9,0.9,-0.0,-0.0,-0.0,0.0,50.070611839089715,9.012710131036147,0.0,-9.012710131036147
2019-12-31 16:00:00,79.68664756258288,6.0214155555555555,0.32,0.9,0.7449153010378372,-73.66523200702733,-73.66523200702733,0.0,73.66523200702733,0.0,0.0,3.1016939792432563,-3.1016939792432563
2019-12-31 17:00:00,79.66167689204688,0.0,0.32,0.7449153010378372,0.5772065075808964,-79.66167689204688,-79.66167689204688,0.0,79.66167689204688,0.0,0.0,3.3541758691388157,-3.3541758691388157
2019-12-31 18:00:00,81.10984361554505,0.0,0.32,0.5772065075808964,0.4064489420744858,-81.10984361554505,-81.10984361554505,0.0,81.10984361554505,0.0,0.0,3.4151513101282127,-3.4151513101282127
2019-12-31 19:00:00,78.27207181397164,0.0,0.32,0.4064489420744858,0.24166563299244023,-78.27207181397164,-78.27207181397164,0.0,78.27207181397164,0.0,0.0,3.295666181640911,-3.295666181640911
2019-12-31 20:00:00,77.74378923730487,0.0,0.32,0.24166563299244023,0.1,-67.29117567140912,-67.2911756714091,0.0,67.2911756714091,10.45261356589576,3.3448363410866433,2.8333126598488043,-6.178149000935448
2019-12-31 21:00:00,79.86471890872394,0.0,0.32,0.1,0.1,0.0,0.0,0.0,-0.0,79.86471890872394,25.55671005079166,0.0,-25.55671005079166
2019-12-31 22:00:00,78.53971886444396,0.0,0.1,0.1,0.1,0.0,0.0,0.0,-0.0,78.53971886444396,7.853971886444396,0.0,-7.853971886444396
2019-12-31 23:00:00,75.33620003389018,0.0,0.1,0.1,0.1,0.0,0.0,0.0,-0.0,75.33620003389018,7.533620003389018,0.0,-7.533620003389018
2020-01-01 00:00:00,77.02573782439612,0.0,0.1,0.1,0.1,0.0,0.0,0.0,-0.0,77.02573782439612,7.702573782439612,0.0,-7.702573782439612
2020-01-01 01:00:00,78.16515033058435,0.0,0.1,0.1,0.1,0.0,0.0,0.0,-0.0,78.16515033058435,7.816515033058436,0.0,-7.816515033058436
2020-01-01 02:00:00,78.9804498390609,0.0,0.1,0.1,0.1,0.0,0.0,0.0,-0.0,78.9804498390609,7.8980449839060896,0.0,-7.8980449839060896
2020-01-01 03:00:00,78.50744528420795,0.0,0.1,0.1,0.1,0.0,0.0,0.0,-0.0,78.50744528420795,7.850744528420795,0.0,-7.850744528420795
2020-01-01 04:00:00,78.21286417099856,0.0,0.1,0.1,0.1,0.0,0.0,0.0,-0.0,78.21286417099856,7.821286417099856,0.0,-7.821286417099856
2020-01-01 05:00:00,82.68304900641697,0.0,0.1,0.1,0.4147623802018158,165.66441063253464,165.66441063253464,165.66441063253464,0.0,248.3474596389516,24.83474596389516,6.295247604036316,-31.129993567931475
2020-01-01 06:00:00,80.29097056215625,0.0,0.1,0.4147623802018158,0.8897623802018158,250.0,250.0,250.0,0.0,330.29097056215625,33.029097056215626,9.5,-42.529097056215626
2020-01-01 07:00:00,78.7721150018832,0.5028855919003116,0.18,0.8897623802018158,0.8897623802018158,0.0,0.0,0.0,-0.0,78.26922940998288,14.088461293796918,0.0,-14.088461293796918
2020-01-01 08:00:00,76.89344049963836,21.485331287878786,0.18,0.8897623802018158,0.8897623802018158,0.0,0.0,0.0,-0.0,55.40810921175957,9.973459658116722,0.0,-9.973459658116722
2020-01-01 09:00:00,81.04586365564644,44.77684615384616,0.18,0.8897623802018158,0.8897623802018158,0.0,0.0,0.0,-0.0,36.269017501800285,6.528423150324051,0.0,-6.528423150324051
2020-01-01 10:00:00,81.38460811413407,52.13327375,0.18,0.8897623802018158,0.8897623802018158,0.0,0.0,0.0,-0.0,29.251334364134067,5.2652401855441315,0.0,-5.2652401855441315
2020-01-01 11:00:00,86.70169268995083,92.08991363636363,0.18,0.8897623802018158,0.9,5.388220946412801,5.388220946412775,5.388220946412775,0.0,-2.5757174171303632e-14,0.0,0.20475239596368544,-0.20475239596368544
2020-01-01 12:00:00,84.89116694622415,78.87887282051283,0.18,0.9,0.9,0.0,0.0,0.0,-0.0,6.012294125711321,1.0822129426280378,0.0,-1.0822129426280378
2020-01-01 13:00:00,82.19833243004454,40.991248750000004,0.18,0.9,0.9,0.0,0.0,0.0,-0.0,41.20708368004454,7.417275062408017,0.0,-7.417275062408017
2020-01-01 14:00:00,78.38951723602173,24.78034121212121,0.18,0.9,0.9,0.0,0.0,0.0,-0.0,53.60917602390052,9.649651684302093,0.0,-9.649651684302093
2020-01-01 15:00:00,77.65126440204145,14.24281769230769,0.18,0.9,0.9,-0.0,-0.0,-0.0,0.0,63.40844670973376,11.413520407752076,0.0,-11.413520407752076
2020-01-01 16:00:00,77.61947216311948,4.19903992731049,0.32,0.9,0.7454306689772443,-73.42043223580899,-73.42043223580899,0.0,73.42043223580899,0.0,0.0,3.0913866204551144,-3.0913866204551144
2020-01-01 17:00:00,77.74262262013704,0.00232512036250354,0.32,0.7454306689772443,0.5817668847671926,-77.74029749977454,-77.74029749977454,0.0,77.74029749977454,0.0,0.0,3.2732756842010335,-3.2732756842010335
2020-01-01 18:00:00,78.22734002333479,0.0,0.32,0.5817668847671926,0.4289490766372388,-72.58845886172809,-72.58845886172809,0.0,72.58845886172809,5.6388811616067045,1.8044419717141456,3.0563561625990765,-4.860798134313222
2020-01-01 19:00:00,78.06310200791638,0.0,0.32,0.4289490766372388,0.26460570398899375,-78.06310200791638,-78.06310200791638,0.0,78.06310200791638,0.0,0.0,3.286867452964901,-3.286867452964901
2020-01-01 20:00:00,78.18770939477204,0.0,0.32,0.26460570398899375,0.1,-78.18770939477204,-78.18770939477203,0.0,78.18770939477203,1.4210854715202004e-14,4.547473508864641e-15,3.292114079779875,-3.2921140797798794
2020-01-01 21:00:00,76.50633201620397,0.0,0.32,0.1,0.1,0.0,0.0,0.0,-0.0,76.50633201620397,24.48202624518527,0.0,-24.48202624518527
2020-01-01 22:00:00,76.59569250940667,0.0,0.1,0.1,0.1,0.0,0.0,0.0,-0.0,76.59569250940667,7.659569250940668,0.0,-7.659569250940668
2020-01-01 23:00:00,76.4620787512502,0.0,0.1,0.1,0.1,0.0,0.0,0.0,-0.0,76.4620787512502,7.646207875125021,0.0,-7.646207875125021
2020-01-02 00:00:00,75.75438566552221,0.0,0.1,0.1,0.1,0.0,0.0,0.0,-0.0,75.75438566552221,7.575438566552221,0.0,-7.575438566552221
2020-01-02 01:00:00,74.42879037935703,0.0,0.1,0.1,0.1,0.0,0.0,0.0,-0.0,74.42879037935703,7.442879037935703,0.0,-7.442879037935703
2020-01-02 02:00:00,76.94474639555307,0.0,0.1,0.1,0.1,0.0,0.0,0.0,-0.0,76.94474639555307,7.694474639555307,0.0,-7.694474639555307
2020-01-02 03:00:00,76.5454774436313,0.0,0.1,0.1,0.1,0.0,0.0,0.0,-0.0,76.5454774436313,7.65454774436313,0.0,-7.65454774436313
2020-01-02 04:00:00,76.85454064981799,0.0,0.1,0.1,0.1,-0.0,-0.0,-0.0,0.0,76.85454064981799,7.6854540649817995,0.0,-7.6854540649817995
2020-01-02 05:00:00,80.00125452907648,0.0,0.1,0.1,0.3917135491694441,153.5334469312864,153.5334469312864,153.5334469312864,0.0,233.53470146036287,23.353470146036287,5.834270983388883,-29.18774112942517
2020-01-02 06:00:00,76.82846610495605,0.0,0.1,0.3917135491694441,0.8667135491694441,250.0,250.0,250.0,0.0,326.8284661049561,32.68284661049561,9.5,-42.18284661049561
2020-01-02 07:00:00,81.38081120065306,3.84741135384216,0.18,0.8667135491694441,0.8667135491694441,0.0,0.0,0.0,-0.0,77.5333998468109,13.95601197242596,0.0,-13.95601197242596
2020-01-02 08:00:00,83.28261492508925,31.308518484848488,0.18,0.8667135491694441,0.8667135491694441,0.0,0.0,0.0,-0.0,51.97409644024076,9.355337359243336,0.0,-9.355337359243336
2020-01-02 09:00:00,82.30514074700362,52.17622435897436,0.18,0.8667135491694441,0.8667135491694441,0.0,0.0,0.0,-0.0,30.12891638802926,5.423204949845267,0.0,-5.423204949845267
2020-01-02 10:00:00,85.96265619183553,83.2945625,0.18,0.8667135491694441,0.8667135491694441,0.0,0.0,0.0,-0.0,2.668093691835537,0.4802568645303967,0.0,-0.4802568645303967
2020-01-02 11:00:00,91.32121059718058,93.64317272727273,0.18,0.8667135491694441,0.8711252772166191,2.321962130092146,2.321962130092146,2.321962130092146,0.0,0.0,0.0,0.0882345609435009,-0.0882345609435009
2020-01-02 12:00:00,91.06287098353718,103.61923974358976,0.18,0.8711252772166191,0.894982377860719,12.556368760052578,12.556368760052578,12.556368760052578,0.0,0.0,0.0,0.477142012881997,-0.477142012881997
2020-01-02 13:00:00,90.1383198535948,92.7791736111111,0.18,0.894982377860719,0.9,2.640853757516311,2.640853757516311,2.640853757516311,0.0,0.0,0.0,0.10035244278562061,-0.10035244278562061
2020-01-02 14:00:00,84.17387580897912,68.80002727272728,0.18,0.9,0.9,0.0,0.0,0.0,-0.0,15.373848536251842,2.7672927365253313,0.0,-2.7672927365253313
2020-01-02 15:00:00,82.85070612795177,37.57411999999999,0.18,0.9,0.9,-0.0,-0.0,-0.0,0.0,45.276586127951774,8.14978550303132,0.0,-8.14978550303132
2020-01-02 16:00:00,79.63468579143516,7.513484755321911,0.32,0.9,0.7481658925555511,-72.12120103611325,-72.12120103611325,0.0,72.12120103611325,0.0,0.0,3.0366821488889784,-3.0366821488889784
2020-01-02 17:00:00,77.02839780992142,0.0,0.32,0.7481658925555511,0.586000844534664,-77.02839780992142,-77.02839780992142,0.0,77.02839780992142,0.0,0.0,3.243300960417743,-3.243300960417743
2020-01-02 18:00:00,76.78724378285395,0.0,0.32,0.586000844534664,0.42434348920233983,-76.78724378285395,-76.78724378285395,0.0,76.78724378285395,0.0,0.0,3.2331471066464825,-3.2331471066464825
2020-01-02 19:00:00,77.90289889348031,0.0,0.32,0.42434348920233983,0.26033738626869707,-77.90289889348031,-77.90289889348031,0.0,77.90289889348031,0.0,0.0,3.2801220586728554,-3.2801220586728554
2020-01-02 20:00:00,77.7054834011048,0.0,0.32,0.26033738626869707,0.1,-76.16025847763112,-76.1602584776311,0.0,76.1602584776311,1.5452249234736968,0.494471975511583,3.2067477253739414,-3.7012197008855243
2020-01-02 21:00:00,75.24740199030998,0.0,0.32,0.1,0.1,0.0,0.0,0.0,-0.0,75.24740199030998,24.079168636899194,0.0,-24.079168636899194
2020-01-02 22:00:00,75.39024222881976,0.0,0.1,0.1,0.1,0.0,0.0,0.0,-0.0,75.39024222881976,7.539024222881976,0.0,-7.539024222881976
2020-01-02 23:00:00,72.55446132940928,0.0,0.1,0.1,0.1,0.0,0.0,0.0,-0.0,72.55446132940928,7.2554461329409285,0.0,-7.2554461329409285
2020-01-03 00:00:00,73.82684845913862,0.0,0.1,0.1,0.1,0.0,0.0,0.0,-0.0,73.82684845913862,7.382684845913862,0.0,-7.382684845913862
2020-01-03 01:00:00,73.25243257327921,0.0,0.1,0.1,0.1,0.0,0.0,0.0,-0.0,73.25243257327921,7.325243257327921,0.0,-7.325243257327921
2020-01-03 02:00:00,74.25772277184942,0.0,0.1,0.1,0.1,0.0,0.0,0.0,-0.0,74.25772277184942,7.425772277184942,0.0,-7.425772277184942
2020-01-03 03:00:00,72.13773864051565,0.0,0.1,0.1,0.1,0.0,0.0,0.0,-0.0,72.13773864051565,7.213773864051565,0.0,-7.213773864051565
2020-01-03 04:00:00,74.22206251528127,0.0,0.1,0.1,0.1,0.0,0.0,0.0,-0.0,74.22206251528127,7.422206251528127,0.0,-7.422206251528127
2020-01-03 05:00:00,74.17265315960161,0.0,0.1,0.1,0.42478734610641633,170.94070847706124,170.94070847706124,170.94070847706124,0.0,245.11336163666283,24.511336163666286,6.495746922128327,-31.007083085794612
2020-01-03 06:00:00,76.37634977645308,0.0,0.1,0.42478734610641633,0.8997873461064163,250.0,250.0,250.0,0.0,326.3763497764531,32.63763497764531,9.5,-42.13763497764531
2020-01-03 07:00:00,84.83618586487732,2.117730338785047,0.18,0.8997873461064163,0.8997873461064163,0.0,0.0,0.0,-0.0,82.71845552609227,14.889321994696608,0.0,-14.889321994696608
2020-01-03 08:00:00,82.33664651151895,23.155109242424246,0.18,0.8997873461064163,0.8997873461064163,0.0,0.0,0.0,-0.0,59.181537269094704,10.652676708437046,0.0,-10.652676708437046
2020-01-03 09:00:00,84.71749508476097,48.11051487179487,0.18,0.8997873461064163,0.8997873461064163,0.0,0.0,0.0,-0.0,36.6069802129661,6.589256438333898,0.0,-6.589256438333898
2020-01-03 10:00:00,92.6013901823081,78.51202916666666,0.18,0.8997873461064163,0.8997873461064163,0.0,0.0,0.0,-0.0,14.08936101564143,2.5360849828154572,0.0,-2.5360849828154572
2020-01-03 11:00:00,94.40687622467631,91.61484545454545,0.18,0.8997873461064163,0.8997873461064163,0.0,0.0,0.0,-0.0,2.7920307701308644,0.5025655386235556,0.0,-0.5025655386235556
2020-01-03 12:00:00,89.74632689811384,89.85825,0.18,0.8997873461064163,0.9,0.11192310188616261,0.11192310188616261,0.11192310188616261,0.0,0.0,0.0,0.004253077871674282,-0.004253077871674282
2020-01-03 13:00:00,110.0482092764472,78.767475,0.18,0.9,0.9,0.0,0.0,0.0,-0.0,31.28073427644719,5.630532169760494,0.0,-5.630532169760494
2020-01-03 14:00:00,92.19555435280019,44.575718787878785,0.18,0.9,0.9,0.0,0.0,0.0,-0.0,47.6198355649214,8.571570401685852,0.0,-8.571570401685852
2020-01-03 15:00:00,85.7945422812836,24.705620384615386,0.18,0.9,0.9,0.0,0.0,0.0,-0.0,61.08892189666821,10.996005941400277,0.0,-10.996005941400277
2020-01-03 16:00:00,81.3276887849946,5.784982500000001,0.32,0.9,0.7409627236105377,-75.54270628499461,-75.54270628499461,0.0,75.54270628499461,0.0,0.0,3.180745527789246,-3.180745527789246
2020-01-03 17:00:00,79.65574901386492,0.0,0.32,0.7409627236105377,0.5732664098971378,-79.65574901386492,-79.65574901386492,0.0,79.65574901386492,0.0,0.0,3.3539262742679976,-3.3539262742679976
2020-01-03 18:00:00,81.33870271129719,0.0,0.32,0.5732664098971378,0.4020270357680911,-81.33870271129719,-81.33870271129719,0.0,81.33870271129719,0.0,0.0,3.4247874825809346,-3.4247874825809346
2020-01-03 19:00:00,83.01245631575131,0.0,0.32,0.4020270357680911,0.22726396984019362,-83.01245631575131,-83.01245631575131,0.0,83.01245631575131,0.0,0.0,3.49526131855795,-3.49526131855795
2020-01-03 20:00:00,82.12104694016905,0.0,0.32,0.22726396984019362,0.1,-60.45038567409196,-60.45038567409196,0.0,60.45038567409196,21.67066126607709,6.934611605144669,2.5452793968038723,-9.479891001948541
2020-01-03 21:00:00,76.35144824958105,0.0,0.32,0.1,0.1,0.0,0.0,0.0,-0.0,76.35144824958105,24.432463439865938,0.0,-24.432463439865938
2020-01-03 22:00:00,78.36748978683502,0.0,0.1,0.1,0.1,0.0,0.0,0.0,-0.0,78.36748978683502,7.836748978683502,0.0,-7.836748978683502
2020-01-03 23:00:00,77.86785320349226,0.0,0.1,0.1,0.1,0.0,0.0,0.0,-0.0,77.86785320349226,7.786785320349226,0.0,-7.786785320349226
2020-01-04 00:00:00,77.30316393675783,0.0,0.12,0.1,0.1,0.0,0.0,0.0,-0.0,77.30316393675783,9.276379672410938,0.0,-9.276379672410938
2020-01-04 01:00:00,74.06570144720602,0.0,0.12,0.1,0.1,0.0,0.0,0.0,-0.0,74.06570144720602,8.887884173664723,0.0,-8.887884173664723
2020-01-04 02:00:00,77.28134791180936,0.0,0.12,0.1,0.1,0.0,0.0,0.0,-0.0,77.28134791180936,9.273761749417123,0.0,-9.273761749417123
2020-01-04 03:00:00,76.7280833402298,0.0,0.12,0.1,0.1,0.0,0.0,0.0,-0.0,76.7280833402298,9.207370000827575,0.0,-9.207370000827575
2020-01-04 04:00:00,77.24411635485409,0.0,0.12,0.1,0.1,0.0,0.0,0.0,-0.0,77.24411635485409,9.26929396258249,0.0,-9.26929396258249
2020-01-04 05:00:00,74.85448339961685,0.0,0.12,0.1,0.1,0.0,0.0,0.0,-0.0,74.85448339961685,8.982538007954021,0.0,-8.982538007954021
2020-01-04 06:00:00,75.81827472768246,0.0,0.12,0.1,0.1,0.0,0.0,0.0,-0.0,75.81827472768246,9.098192967321895,0.0,-9.098192967321895
2020-01-04 07:00:00,76.41512344616147,0.800813746105919,0.12,0.1,0.1,0.0,0.0,0.0,-0.0,75.61430970005556,9.073717164006666,0.0,-9.073717164006666
2020-01-04 08:00:00,79.32145799864452,20.797375606060605,0.12,0.1,0.1,0.0,0.0,0.0,-0.0,58.524082392583914,7.022889887110069,0.0,-7.022889887110069
2020-01-04 09:00:00,82.84831666756386,41.801014358974356,0.12,0.1,0.1,0.0,0.0,0.0,-0.0,41.04730230858951,4.925676277030741,0.0,-4.925676277030741
2020-01-04 10:00:00,82.50336016342429,43.14045055555555,0.12,0.1,0.1,0.0,0.0,0.0,-0.0,39.36290960786874,4.723549152944249,0.0,-4.723549152944249
2020-01-04 11:00:00,80.92518906743449,44.887119545454546,0.12,0.1,0.1,0.0,0.0,0.0,-0.0,36.03806952197994,4.324568342637593,0.0,-4.324568342637593
2020-01-04 12:00:00,88.92737730658298,104.29738461538462,0.12,0.1,0.12920301388672312,15.370007308801632,15.370007308801632,15.370007308801632,0.0,0.0,0.0,0.5840602777344622,-0.5840602777344622
2020-01-04 13:00:00,88.71101785965561,91.60889166666668,0.12,0.12920301388672312,0.13470897412004415,2.8978738070110666,2.8978738070110666,2.8978738070110666,0.0,0.0,0.0,0.11011920466642067,-0.11011920466642067
2020-01-04 14:00:00,85.38982360763478,69.9271287878788,0.12,0.13470897412004415,0.13470897412004415,0.0,0.0,0.0,-0.0,15.462694819755981,1.8555233783707177,0.0,-1.8555233783707177
2020-01-04 15:00:00,84.11543049733427,35.500675384615384,0.12,0.13470897412004415,0.13470897412004415,0.0,0.0,0.0,-0.0,48.61475511271889,5.833770613526267,0.0,-5.833770613526267
2020-01-04 16:00:00,75.00287099188468,5.383154184839044,0.12,0.13470897412004415,0.13470897412004415,0.0,0.0,0.0,-0.0,69.61971680704563,8.354366016845475,0.0,-8.354366016845475
2020-01-04 17:00:00,75.4684592377019,0.0,0.12,0.13470897412004415,0.13470897412004415,0.0,0.0,0.0,-0.0,75.4684592377019,9.056215108524226,0.0,-9.056215108524226
2020-01-04 18:00:00,73.80211323414385,0.0,0.12,0.13470897412004415,0.13470897412004415,0.0,0.0,0.0,-0.0,73.80211323414385,8.85625358809726,0.0,-8.85625358809726
2020-01-04 19:00:00,77.98993941924061,0.0,0.12,0.13470897412004415,0.13470897412004415,0.0,0.0,0.0,-0.0,77.98993941924061,9.358792730308874,0.0,-9.358792730308874
2020-01-04 20:00:00,76.18201046377536,0.0,0.12,0.13470897412004415,0.13470897412004415,0.0,0.0,0.0,-0.0,76.18201046377536,9.141841255653043,0.0,-9.141841255653043
2020-01-04 21:00:00,78.65981739008404,0.0,0.12,0.13470897412004415,0.13470897412004415,0.0,0.0,0.0,-0.0,78.65981739008404,9.439178086810085,0.0,-9.439178086810085
2020-01-04 22:00:00,76.54294238004704,0.0,0.12,0.13470897412004415,0.13470897412004415,0.0,0.0,0.0,-0.0,76.54294238004704,9.185153085605645,0.0,-9.185153085605645
2020-01-04 23:00:00,76.41088714219687,0.0,0.12,0.13470897412004415,0.13470897412004415,0.0,0.0,0.0,-0.0,76.41088714219687,9.169306457063625,0.0,-9.169306457063625
2020-01-05 00:00:00,76.24643515995132,0.0,0.12,0.13470897412004415,0.13470897412004415,0.0,0.0,0.0,-0.0,76.24643515995132,9.149572219194157,0.0,-9.149572219194157
2020-01-05 01:00:00,76.37137155508347,0.0,0.12,0.13470897412004415,0.13470897412004415,0.0,0.0,0.0,-0.0,76.37137155508347,9.164564586610016,0.0,-9.164564586610016
2020-01-05 02:00:00,76.80430223750906,0.0,0.12,0.13470897412004415,0.13470897412004415,0.0,0.0,0.0,-0.0,76.80430223750906,9.216516268501087,0.0,-9.216516268501087
2020-01-05 03:00:00,75.03261058590196,0.0,0.12,0.13470897412004415,0.13470897412004415,0.0,0.0,0.0,-0.0,75.03261058590196,9.003913270308235,0.0,-9.003913270308235
2020-01-05 04:00:00,76.4387751158841,0.0,0.12,0.13470897412004415,0.13470897412004415,0.0,0.0,0.0,-0.0,76.4387751158841,9.172653013906091,0.0,-9.172653013906091
2020-01-05 05:00:00,76.86016625742879,0.0,0.12,0.13470897412004415,0.13470897412004415,0.0,0.0,0.0,-0.0,76.86016625742879,9.223219950891455,0.0,-9.223219950891455
2020-01-05 06:00:00,76.84618012748875,0.0,0.12,0.13470897412004415,0.13470897412004415,0.0,0.0,0.0,-0.0,76.84618012748875,9.22154161529865,0.0,-9.22154161529865
2020-01-05 07:00:00,74.27629442045685,4.806881536863966,0.12,0.13470897412004415,0.13470897412004415,0.0,0.0,0.0,-0.0,69.46941288359288,8.336329546031145,0.0,-8.336329546031145
2020-01-05 08:00:00,77.50615214449887,39.63293621212121,0.12,0.13470897412004415,0.13470897412004415,0.0,0.0,0.0,-0.0,37.87321593237766,4.544785911885319,0.0,-4.544785911885319
2020-01-05 09:00:00,80.8171258383588,77.01001153846154,0.12,0.13470897412004415,0.13470897412004415,0.0,0.0,0.0,-0.0,3.8071142998972647,0.45685371598767177,0.0,-0.45685371598767177
2020-01-05 10:00:00,84.87006099152141,98.33387499999999,0.12,0.13470897412004415,0.16029022073615345,13.463814008478579,13.463814008478579,13.463814008478579,0.0,0.0,0.0,0.5116249323221861,-0.5116249323221861
2020-01-05 11:00:00,85.7451896435703,106.70456363636363,0.12,0.16029022073615345,0.20011303132246078,20.95937399279333,20.95937399279333,20.95937399279333,0.0,0.0,0.0,0.7964562117261464,-0.7964562117261464
2020-01-05 12:00:00,84.77764673663472,103.77904230769231,0.12,0.20011303132246078,0.2362156829074702,19.001395571057586,19.001395571057586,19.001395571057586,0.0,0.0,0.0,0.7220530317001883,-0.7220530317001883
2020-01-05 13:00:00,84.6475414486249,91.53915972222222,0.12,0.2362156829074702,0.2493097576273051,6.891618273597317,6.891618273597317,6.891618273597317,0.0,0.0,0.0,0.26188149439669794,-0.26188149439669794
2020-01-05 14:00:00,82.57056243065328,70.12670151515152,0.12,0.2493097576273051,0.2493097576273051,0.0,0.0,0.0,-0.0,12.443860915501759,1.493263309860211,0.0,-1.493263309860211
2020-01-05 15:00:00,78.85923216985982,38.2297241025641,0.12,0.2493097576273051,0.2493097576273051,0.0,0.0,0.0,-0.0,40.629508067295724,4.875540968075486,0.0,-4.875540968075486
2020-01-05 16:00:00,74.37325818549067,7.6909334722222225,0.12,0.2493097576273051,0.2493097576273051,0.0,0.0,0.0,-0.0,66.68232471326844,8.001878965592212,0.0,-8.001878965592212
2020-01-05 17:00:00,75.21920798988944,0.014545454545454545,0.12,0.2493097576273051,0.2493097576273051,0.0,0.0,0.0,-0.0,75.20466253534399,9.024559504241278,0.0,-9.024559504241278
2020-01-05 18:00:00,74.5486161354432,0.0,0.12,0.2493097576273051,0.2493097576273051,0.0,0.0,0.0,-0.0,74.5486161354432,8.945833936253184,0.0,-8.945833936253184
2020-01-05 19:00:00,77.56686441644442,0.0,0.12,0.2493097576273051,0.2493097576273051,0.0,0.0,0.0,-0.0,77.56686441644442,9.30802372997333,0.0,-9.30802372997333
2020-01-05 20:00:00,74.14441874945982,0.0,0.12,0.2493097576273051,0.2493097576273051,0.0,0.0,0.0,-0.0,74.14441874945982,8.897330249935179,0.0,-8.897330249935179
2020-01-05 21:00:00,76.3127618994153,0.0,0.12,0.2493097576273051,0.2493097576273051,0.0,0.0,0.0,-0.0,76.3127618994153,9.157531427929836,0.0,-9.157531427929836
2020-01-05 22:00:00,77.0880810902358,0.0,0.12,0.2493097576273051,0.2493097576273051,0.0,0.0,0.0,-0.0,77.0880810902358,9.250569730828296,0.0,-9.250569730828296
2020-01-05 23:00:00,76.8473187117082,0.0,0.12,0.2493097576273051,0.2493097576273051,0.0,0.0,0.0,-0.0,76.8473187117082,9.221678245404984,0.0,-9.221678245404984
2020-01-06 00:00:00,74.12663994171514,0.0,0.1,0.2493097576273051,0.2493097576273051,0.0,0.0,0.0,-0.0,74.12663994171514,7.412663994171514,0.0,-7.412663994171514
2020-01-06 01:00:00,74.91529011750139,0.0,0.1,0.2493097576273051,0.2493097576273051,0.0,0.0,0.0,-0.0,74.91529011750139,7.4915290117501385,0.0,-7.4915290117501385
2020-01-06 02:00:00,76.50064052854022,0.0,0.1,0.2493097576273051,0.2493097576273051,0.0,0.0,0.0,-0.0,76.50064052854022,7.650064052854022,0.0,-7.650064052854022
2020-01-06 03:00:00,76.7492459606615,0.0,0.1,0.2493097576273051,0.39380404387831935,76.04962434263909,76.04962434263909,76.04962434263909,0.0,152.7988703033006,15.279887030330059,2.889885725020285,-18.169772755350344
2020-01-06 04:00:00,75.92405471542186,0.0,0.1,0.39380404387831935,0.39380404387831935,0.0,0.0,0.0,-0.0,75.92405471542186,7.592405471542186,0.0,-7.592405471542186
2020-01-06 05:00:00,74.25301526961806,0.0,0.1,0.39380404387831935,0.39380404387831935,0.0,0.0,0.0,-0.0,74.25301526961806,7.425301526961807,0.0,-7.425301526961807
2020-01-06 06:00:00,76.89237906902258,0.0,0.1,0.39380404387831935,0.8688040438783193,250.0,250.0,250.0,0.0,326.8923790690226,32.68923790690226,9.5,-42.18923790690226
2020-01-06 07:00:00,88.88648546208078,4.730940761941849,0.18,0.8688040438783193,0.8688040438783193,0.0,0.0,0.0,-0.0,84.15554470013893,15.147998046025007,0.0,-15.147998046025007
2020-01-06 08:00:00,111.02080065688497,40.68954212121212,0.18,0.8688040438783193,0.8688040438783193,0.0,0.0,0.0,-0.0,70.33125853567284,12.659626536421111,0.0,-12.659626536421111
2020-01-06 09:00:00,103.03880003831722,75.4719576923077,0.18,0.8688040438783193,0.8688040438783193,0.0,0.0,0.0,-0.0,27.566842346009523,4.962031622281714,0.0,-4.962031622281714
2020-01-06 10:00:00,96.58358166822215,97.78744999999999,0.18,0.8688040438783193,0.8710913937086973,1.2038683317778407,1.2038683317778407,1.2038683317778407,0.0,0.0,0.0,0.04574699660755854,-0.04574699660755854
2020-01-06 11:00:00,99.01786631823842,106.45627272727273,0.18,0.8710913937086973,0.8852243658858625,7.4384064090343145,7.4384064090343145,7.4384064090343145,0.0,0.0,0.0,0.28265944354330497,-0.28265944354330497
2020-01-06 12:00:00,96.98281456880753,104.75946410256412,0.18,0.8852243658858625,0.9,7.776649533756597,7.776649533756586,7.776649533756586,0.0,-1.0658141036401503e-14,0.0,0.2955126822827503,-0.2955126822827503
2020-01-06 13:00:00,93.64889860071078,92.50400833333333,0.18,0.9,0.9,0.0,0.0,0.0,-0.0,1.1448902673774484,0.2060802481279407,0.0,-0.2060802481279407
2020-01-06 14:00:00,92.17221986746914,70.79043787878788,0.18,0.9,0.9,0.0,0.0,0.0,-0.0,21.381781988681254,3.8487207579626257,0.0,-3.8487207579626257
2020-01-06 15:00:00,93.89293748576256,38.72781429487179,0.18,0.9,0.9,0.0,0.0,0.0,-0.0,55.16512319089077,9.929722174360338,0.0,-9.929722174360338
2020-01-06 16:00:00,84.68407686628898,7.50352168224299,0.32,0.9,0.7375146206651664,-77.18055518404599,-77.18055518404599,0.0,77.18055518404599,0.0,0.0,3.249707586696673,-3.249707586696673
2020-01-06 17:00:00,84.05066399522872,0.05347776833758142,0.32,0.7375146206651664,0.5606784391348693,-83.99718622689113,-83.99718622689113,0.0,83.99718622689113,0.0,0.0,3.5367236306059424,-3.5367236306059424
2020-01-06 18:00:00,79.94953507718756,0.0,0.32,0.5606784391348693,0.3923636284460533,-79.94953507718756,-79.94953507718756,0.0,79.94953507718756,0.0,0.0,3.3662962137763186,-3.3662962137763186
2020-01-06 19:00:00,84.39245602525234,0.0,0.32,0.3923636284460533,0.21469529997183787,-84.39245602525234,-84.39245602525234,0.0,84.39245602525234,0.0,0.0,3.553366569484309,-3.553366569484309
2020-01-06 20:00:00,83.55922673237315,0.0,0.32,0.21469529997183787,0.10000000000000002,-54.480267486622985,-54.48026748662298,0.0,54.48026748662298,29.07895924575017,9.305266958640054,2.293905999436757,-11.59917295807681
2020-01-06 21:00:00,80.45447288169292,0.0,0.32,0.10000000000000002,0.10000000000000002,0.0,0.0,0.0,-0.0,80.45447288169292,25.745431322141737,0.0,-25.745431322141737
2020-01-06 22:00:00,78.29605598278154,0.0,0.1,0.10000000000000002,0.10000000000000002,0.0,0.0,0.0,-0.0,78.29605598278154,7.829605598278154,0.0,-7.829605598278154
2020-01-06 23:00:00,79.23503860207201,0.0,0.1,0.10000000000000002,0.10000000000000002,0.0,0.0,0.0,-0.0,79.23503860207201,7.923503860207202,0.0,-7.923503860207202
2020-01-07 00:00:00,78.22441717251992,0.0,0.1,0.10000000000000002,0.10000000000000002,0.0,0.0,0.0,-0.0,78.22441717251992,7.822441717251992,0.0,-7.822441717251992
2020-01-07 01:00:00,78.42975158703585,0.0,0.1,0.10000000000000002,0.10000000000000002,0.0,0.0,0.0,-0.0,78.42975158703585,7.842975158703585,0.0,-7.842975158703585
2020-01-07 02:00:00,77.12830369408579,0.0,0.1,0.10000000000000002,0.10000000000000002,-0.0,-0.0,-0.0,0.0,77.12830369408579,7.712830369408579,0.0,-7.712830369408579
2020-01-07 03:00:00,78.17402602668966,0.0,0.1,0.10000000000000002,0.10000000000000002,0.0,0.0,0.0,-0.0,78.17402602668966,7.817402602668967,0.0,-7.817402602668967
2020-01-07 04:00:00,78.15805294141383,0.0,0.1,0.10000000000000002,0.10000000000000002,0.0,0.0,0.0,-0.0,78.15805294141383,7.815805294141383,0.0,-7.815805294141383
2020-01-07 05:00:00,78.12542261337138,0.0,0.1,0.10000000000000002,0.575,250.0,250.0,250.0,0.0,328.12542261337137,32.812542261337136,9.499999999999998,-42.312542261337136
2020-01-07 06:00:00,77.59824210439773,0.0,0.1,0.575,0.9,171.0526315789474,171.0526315789474,171.0526315789474,0.0,248.65087368334514,24.865087368334514,6.500000000000002,-31.365087368334514
2020-01-07 07:00:00,84.99477420470949,2.031787843977155,0.18,0.9,0.9,0.0,0.0,0.0,-0.0,82.96298636073233,14.933337544931819,0.0,-14.933337544931819
2020-01-07 08:00:00,94.3332869586036,10.73814,0.18,0.9,0.9,0.0,0.0,0.0,-0.0,83.59514695860359,15.047126452548646,0.0,-15.047126452548646
2020-01-07 09:00:00,92.1161330873306,24.214893205128206,0.18,0.9,0.9,0.0,0.0,0.0,-0.0,67.90123988220239,12.22222317879643,0.0,-12.22222317879643
2020-01-07 10:00:00,92.85559992799112,36.32541125,0.18,0.9,0.9,0.0,0.0,0.0,-0.0,56.53018867799112,10.175433962038401,0.0,-10.175433962038401
2020-01-07 11:00:00,96.5523855680884,42.581790000000005,0.18,0.9,0.9,0.0,0.0,0.0,-0.0,53.97059556808839,9.71470720225591,0.0,-9.71470720225591
2020-01-07 12:00:00,89.4111696412855,40.04583076923076,0.18,0.9,0.9,0.0,0.0,0.0,-0.0,49.365338872054735,8.885760996969852,0.0,-8.885760996969852
2020-01-07 13:00:00,91.33931140939403,36.778370833333334,0.18,0.9,0.9,0.0,0.0,0.0,-0.0,54.560940576060695,9.820969303690925,0.0,-9.820969303690925
2020-01-07 14:00:00,90.93886485858239,20.781688484848484,0.18,0.9,0.9,0.0,0.0,0.0,-0.0,70.1571763737339,12.628291747272103,0.0,-12.628291747272103
2020-01-07 15:00:00,87.11198002216639,14.584169358974359,0.18,0.9,0.9,0.0,0.0,0.0,-0.0,72.52781066319203,13.055005919374565,0.0,-13.055005919374565
2020-01-07 16:00:00,85.17179772617699,3.877922611630322,0.32,0.9,0.7288549997588492,-81.29387511454667,-81.29387511454667,0.0,81.29387511454667,0.0,0.0,3.4229000048230174,-3.4229000048230174
2020-01-07 17:00:00,86.53615686800384,0.058128009062588505,0.32,0.7288549997588492,0.5467959916347623,-86.47802885894126,-86.47802885894126,0.0,86.47802885894126,0.0,0.0,3.6411801624817364,-3.6411801624817364
2020-01-07 18:00:00,86.58411078087718,0.0,0.32,0.5467959916347623,0.3645136531487051,-86.58411078087718,-86.58411078087718,0.0,86.58411078087718,0.0,0.0,3.6456467697211448,-3.6456467697211448
2020-01-07 19:00:00,88.74028558604995,0.0,0.32,0.3645136531487051,0.1776919992833368,-88.74028558604995,-88.74028558604995,0.0,88.74028558604995,0.0,0.0,3.736433077307366,-3.736433077307366
2020-01-07 20:00:00,86.13474209361799,0.0,0.32,0.1776919992833368,0.1,-36.90369965958497,-36.90369965958497,0.0,36.90369965958497,49.231042434033014,15.753933578890566,1.5538399856667358,-17.3077735645573
2020-01-07 21:00:00,84.91169180584386,0.0,0.32,0.1,0.1,0.0,0.0,0.0,-0.0,84.91169180584386,27.171741377870035,0.0,-27.171741377870035
2020-01-07 22:00:00,82.14660616710209,0.0,0.1,0.1,0.1,0.0,0.0,0.0,-0.0,82.14660616710209,8.21466061671021,0.0,-8.21466061671021
2020-01-07 23:00:00,81.25567578887075,0.0,0.1,0.1,0.1,0.0,0.0,0.0,-0.0,81.25567578887075,8.125567578887075,0.0,-8.125567578887075
2020-01-08 00:00:00,80.32395036301173,0.0,0.1,0.1,0.1,0.0,0.0,0.0,-0.0,80.32395036301173,8.032395036301173,0.0,-8.032395036301173
2020-01-08 01:00:00,81.93656827255171,0.0,0.1,0.1,0.1,0.0,0.0,0.0,-0.0,81.93656827255171,8.193656827255172,0.0,-8.193656827255172
2020-01-08 02:00:00,83.27760517073564,0.0,0.1,0.1,0.1,0.0,0.0,0.0,-0.0,83.27760517073564,8.327760517073564,0.0,-8.327760517073564
2020-01-08 03:00:00,82.4026130984157,0.0,0.1,0.1,0.1,0.0,0.0,0.0,-0.0,82.4026130984157,8.24026130984157,0.0,-8.24026130984157
2020-01-08 04:00:00,80.13962232953801,0.0,0.1,0.1,0.1,0.0,0.0,0.0,-0.0,80.13962232953801,8.013962232953801,0.0,-8.013962232953801
2020-01-08 05:00:00,85.79365884026457,0.0,0.1,0.1,0.42500000000000004,171.0526315789474,171.0526315789474,171.0526315789474,0.0,256.846290419212,25.684629041921198,6.500000000000002,-32.1846290419212
2020-01-08 06:00:00,83.17734663241582,0.0,0.1,0.42500000000000004,0.9,250.0,250.0,250.0,0.0,333.17734663241583,33.31773466324159,9.5,-42.81773466324159
2020-01-08 07:00:00,86.1120322637942,1.1040758047767394,0.18,0.9,0.9,0.0,0.0,0.0,-0.0,85.00795645901746,15.301432162623144,0.0,-15.301432162623144
2020-01-08 08:00:00,89.34372155679074,4.4286590909090915,0.18,0.9,0.9,0.0,0.0,0.0,-0.0,84.91506246588165,15.284711243858697,0.0,-15.284711243858697
2020-01-08 09:00:00,86.55055403636476,10.68070826923077,0.18,0.9,0.9,0.0,0.0,0.0,-0.0,75.869845767134,13.656572238084118,0.0,-13.656572238084118
2020-01-08 10:00:00,88.24706889836175,12.295931111111111,0.18,0.9,0.9,0.0,0.0,0.0,-0.0,75.95113778725063,13.671204801705112,0.0,-13.671204801705112
2020-01-08 11:00:00,87.0976280039662,16.582087727272725,0.18,0.9,0.9,0.0,0.0,0.0,-0.0,70.51554027669347,12.692797249804824,0.0,-12.692797249804824
2020-01-08 12:00:00,86.17303896834161,27.113738205128207,0.18,0.9,0.9,0.0,0.0,0.0,-0.0,59.05930076321341,10.630674137378413,0.0,-10.630674137378413
2020-01-08 13:00:00,85.37338194487165,23.447616111111113,0.18,0.9,0.9,0.0,0.0,0.0,-0.0,61.925765833760536,11.146637850076896,0.0,-11.146637850076896
2020-01-08 14:00:00,88.00423533575673,18.435519696969696,0.18,0.9,0.9,0.0,0.0,0.0,-0.0,69.56871563878704,12.522368814981666,0.0,-12.522368814981666
2020-01-08 15:00:00,88.76413947917098,11.891910641025643,0.18,0.9,0.9,0.0,0.0,0.0,-0.0,76.87222883814533,13.83700119086616,0.0,-13.83700119086616
2020-01-08 16:00:00,80.75528004508925,2.660063564382139,0.32,0.9,0.7355890179353535,-78.09521648070711,-78.09521648070711,0.0,78.09521648070711,0.0,0.0,3.288219641292931,-3.288219641292931
2020-01-08 17:00:00,82.74149762525097,0.0,0.32,0.7355890179353535,0.5613963913558777,-82.74149762525097,-82.74149762525097,0.0,82.74149762525097,0.0,0.0,3.4838525315895152,-3.4838525315895152
2020-01-08 18:00:00,84.55632936809569,0.0,0.32,0.5613963913558777,0.3833830663704131,-84.55632936809569,-84.55632936809569,0.0,84.55632936809569,0.0,0.0,3.5602664997092925,-3.5602664997092925
2020-01-08 19:00:00,88.707168593518,0.0,0.32,0.3833830663704131,0.19663113248932254,-88.707168593518,-88.707168593518,0.0,88.707168593518,0.0,0.0,3.735038677621811,-3.735038677621811
2020-01-08 20:00:00,87.91786698579043,0.0,0.32,0.19663113248932254,0.1,-45.899787932428204,-45.899787932428204,0.0,45.899787932428204,42.01807905336222,13.445785297075911,1.9326226497864507,-15.378407946862362
2020-01-08 21:00:00,80.72132435159854,0.0,0.32,0.1,0.1,0.0,0.0,0.0,-0.0,80.72132435159854,25.830823792511534,0.0,-25.830823792511534
2020-01-08 22:00:00,78.50885651197865,0.0,0.1,0.1,0.1,-0.0,-0.0,-0.0,0.0,78.50885651197865,7.850885651197865,0.0,-7.850885651197865
2020-01-08 23:00:00,78.84327740884964,0.0,0.1,0.1,0.1,0.0,0.0,0.0,-0.0,78.84327740884964,7.884327740884965,0.0,-7.884327740884965
2020-01-09 00:00:00,78.44810595478879,0.0,0.1,0.1,0.1,0.0,0.0,0.0,-0.0,78.44810595478879,7.844810595478879,0.0,-7.844810595478879
2020-01-09 01:00:00,79.23393095129242,0.0,0.1,0.1,0.1,0.0,0.0,0.0,-0.0,79.23393095129242,7.923393095129242,0.0,-7.923393095129242
2020-01-09 02:00:00,76.74015443628583,0.0,0.1,0.1,0.1,-0.0,-0.0,-0.0,0.0,76.74015443628583,7.6740154436285835,0.0,-7.6740154436285835
2020-01-09 03:00:00,79.38780899881728,0.0,0.1,0.1,0.42500000000000004,171.0526315789474,171.0526315789474,171.0526315789474,0.0,250.44044057776466,25.044044057776468,6.500000000000002,-31.544044057776468
2020-01-09 04:00:00,78.61555970121047,0.0,0.1,0.42500000000000004,0.42500000000000004,0.0,0.0,0.0,-0.0,78.61555970121047,7.861555970121048,0.0,-7.861555970121048
2020-01-09 05:00:00,83.0895985549613,0.0,0.1,0.42500000000000004,0.42500000000000004,0.0,0.0,0.0,-0.0,83.0895985549613,8.30895985549613,0.0,-8.30895985549613
2020-01-09 06:00:00,77.77691597780142,0.0,0.1,0.42500000000000004,0.9,250.0,250.0,250.0,0.0,327.7769159778014,32.77769159778014,9.5,-42.27769159778014
2020-01-09 07:00:00,84.64394360687946,1.0428270119418483,0.18,0.9,0.9,0.0,0.0,0.0,-0.0,83.60111659493761,15.04820098708877,0.0,-15.04820098708877
2020-01-09 08:00:00,88.16581473394238,5.126157575757575,0.18,0.9,0.9,0.0,0.0,0.0,-0.0,83.03965715818481,14.947138288473266,0.0,-14.947138288473266
2020-01-09 09:00:00,87.84295590722348,9.71460858974359,0.18,0.9,0.9,0.0,0.0,0.0,-0.0,78.12834731747989,14.06310251714638,0.0,-14.06310251714638
2020-01-09 10:00:00,103.23758642551213,19.45230777777778,0.18,0.9,0.9,0.0,0.0,0.0,-0.0,83.78527864773436,15.081350156592183,0.0,-15.081350156592183
2020-01-09 11:00:00,98.11677174519878,13.804153636363635,0.18,0.9,0.9,0.0,0.0,0.0,-0.0,84.31261810883514,15.176271259590324,0.0,-15.176271259590324
2020-01-09 12:00:00,96.33675074491485,31.69421525641026,0.18,0.9,0.9,0.0,0.0,0.0,-0.0,64.64253548850459,11.635656387930826,0.0,-11.635656387930826
2020-01-09 13:00:00,96.27058455379706,47.518844722222234,0.18,0.9,0.9,0.0,0.0,0.0,-0.0,48.75173983157483,8.77531316968347,0.0,-8.77531316968347
2020-01-09 14:00:00,89.71133921100474,39.85020863636364,0.18,0.9,0.9,0.0,0.0,0.0,-0.0,49.8611305746411,8.975003503435397,0.0,-8.975003503435397
2020-01-09 15:00:00,85.87857970133146,47.51886153846154,0.18,0.9,0.9,0.0,0.0,0.0,-0.0,38.35971816286992,6.904749269316585,0.0,-6.904749269316585
2020-01-09 16:00:00,82.9620763719273,8.924914027777778,0.32,0.9,0.7441322898017905,-74.03716234414952,-74.03716234414952,0.0,74.03716234414952,0.0,0.0,3.117354203964191,-3.117354203964191
2020-01-09 17:00:00,78.9875048489771,0.10230529595015576,0.32,0.7441322898017905,0.5780581854796285,-78.88519955302694,-78.88519955302694,0.0,78.88519955302694,0.0,0.0,3.3214820864432393,-3.3214820864432393
2020-01-09 18:00:00,80.45988862928439,0.0,0.32,0.5780581854796285,0.40866894626008243,-80.45988862928439,-80.45988862928439,0.0,80.45988862928439,0.0,0.0,3.3877847843909215,-3.3877847843909215
2020-01-09 19:00:00,80.52086259279538,0.0,0.32,0.40866894626008243,0.2675164765003444,-67.04742313587558,-67.04742313587558,0.0,67.04742313587558,13.473439456919806,4.311500626214338,2.823049395194761,-7.134550021409099
2020-01-09 20:00:00,79.57032633766357,0.0,0.32,0.2675164765003444,0.1,-79.57032633766357,-79.57032633766357,0.0,79.57032633766357,0.0,0.0,3.3503295300068876,-3.3503295300068876
2020-01-09 21:00:00,78.40987293305685,0.0,0.32,0.1,0.1,0.0,0.0,0.0,-0.0,78.40987293305685,25.09115933857819,0.0,-25.09115933857819
2020-01-09 22:00:00,77.87674434594253,0.0,0.1,0.1,0.1,0.0,0.0,0.0,-0.0,77.87674434594253,7.787674434594253,0.0,-7.787674434594253
2020-01-09 23:00:00,75.83854150814072,0.0,0.1,0.1,0.1,0.0,0.0,0.0,-0.0,75.83854150814072,7.583854150814073,0.0,-7.583854150814073
2020-01-10 00:00:00,76.68842933923646,0.0,0.1,0.1,0.1,0.0,0.0,0.0,-0.0,76.68842933923646,7.668842933923647,0.0,-7.668842933923647
2020-01-10 01:00:00,77.96088531001426,0.0,0.1,0.1,0.1,0.0,0.0,0.0,-0.0,77.96088531001426,7.796088531001427,0.0,-7.796088531001427
2020-01-10 02:00:00,77.90875798573036,0.0,0.1,0.1,0.1,0.0,0.0,0.0,-0.0,77.90875798573036,7.790875798573037,0.0,-7.790875798573037
2020-01-10 03:00:00,78.79184070618723,0.0,0.1,0.1,0.1,0.0,0.0,0.0,-0.0,78.79184070618723,7.879184070618724,0.0,-7.879184070618724
2020-01-10 04:00:00,77.12903261171947,0.0,0.1,0.1,0.36085490001543585,137.29205263970306,137.29205263970306,137.29205263970306,0.0,214.42108525142254,21.442108525142256,5.2170980003087175,-26.659206525450973
2020-01-10 05:00:00,81.93127685697924,0.0,0.1,0.36085490001543585,0.36085490001543585,0.0,0.0,0.0,-0.0,81.93127685697924,8.193127685697924,0.0,-8.193127685697924
2020-01-10 06:00:00,80.14695624339826,0.0,0.1,0.36085490001543585,0.8358549000154358,250.0,250.0,250.0,0.0,330.1469562433983,33.01469562433983,9.5,-42.51469562433983
2020-01-10 07:00:00,80.36065837379842,4.096412958203531,0.18,0.8358549000154358,0.8358549000154358,0.0,0.0,0.0,-0.0,76.26424541559489,13.727564174807078,0.0,-13.727564174807078
2020-01-10 08:00:00,80.6631168536591,40.818447575757574,0.18,0.8358549000154358,0.8358549000154358,0.0,0.0,0.0,-0.0,39.84466927790153,7.172040470022275,0.0,-7.172040470022275
2020-01-10 09:00:00,88.24018891726104,79.73822307692308,0.18,0.8358549000154358,0.8358549000154358,0.0,0.0,0.0,-0.0,8.50196584033796,1.5303538512608326,0.0,-1.5303538512608326
2020-01-10 10:00:00,94.09183290616994,99.88702083333334,0.18,0.8358549000154358,0.8468657570770463,5.795187927163397,5.795187927163397,5.795187927163397,0.0,0.0,0.0,0.22021714123220848,-0.22021714123220848
2020-01-10 11:00:00,94.61911058520022,109.65119393939393,0.18,0.8468657570770463,0.8754267154500143,15.032083354193716,15.032083354193716,15.032083354193716,0.0,0.0,0.0,0.5712191674593603,-0.5712191674593603
2020-01-10 12:00:00,95.9384577267282,108.87176538461539,0.18,0.8754267154500143,0.8999999999999999,12.933307657887184,12.933307657887184,12.933307657887184,0.0,0.0,0.0,0.4914656909997128,-0.4914656909997128
2020-01-10 13:00:00,95.54678225947255,95.35397083333334,0.18,0.8999999999999999,0.8999999999999999,0.0,0.0,0.0,-0.0,0.19281142613921531,0.03470605670505875,0.0,-0.03470605670505875
2020-01-10 14:00:00,94.87693868869388,73.08190757575757,0.18,0.8999999999999999,0.8999999999999999,0.0,0.0,0.0,-0.0,21.795031112936314,3.9231056003285363,0.0,-3.9231056003285363
2020-01-10 15:00:00,94.66765313036295,39.92379923076923,0.18,0.8999999999999999,0.8999999999999999,0.0,0.0,0.0,-0.0,54.743853899593724,9.85389370192687,0.0,-9.85389370192687
2020-01-10 16:00:00,86.41656525267304,6.3600844444444435,0.32,0.8999999999999999,0.7314600404037291,-80.0564808082286,-80.0564808082286,0.0,80.0564808082286,0.0,0.0,3.3707991919254154,-3.3707991919254154
2020-01-10 17:00:00,81.55060348111543,0.06255168507504956,0.32,0.7314600404037291,0.5599062471489072,-81.48805179604038,-81.48805179604038,0.0,81.48805179604038,0.0,0.0,3.431075865096438,-3.431075865096438
2020-01-10 18:00:00,79.94543750999414,0.0,0.32,0.5599062471489072,0.3916000629173406,-79.94543750999414,-79.94543750999414,0.0,79.94543750999414,0.0,0.0,3.3661236846313325,-3.3661236846313325
2020-01-10 19:00:00,83.52820283687394,0.0,0.32,0.3916000629173406,0.21575121483971127,-83.52820283687394,-83.52820283687394,0.0,83.52820283687394,0.0,0.0,3.516976961552587,-3.516976961552587
2020-01-10 20:00:00,80.53408474527082,0.0,0.32,0.21575121483971127,0.1,-54.98182704886291,-54.98182704886285,0.0,54.98182704886285,25.55225769640797,8.17672246285055,2.3150242967942254,-10.491746759644776
2020-01-10 21:00:00,78.0320657934203,0.0,0.32,0.1,0.1,0.0,0.0,0.0,-0.0,78.0320657934203,24.970261053894497,0.0,-24.970261053894497
2020-01-10 22:00:00,79.30854630958395,0.0,0.1,0.1,0.1,0.0,0.0,0.0,-0.0,79.30854630958395,7.930854630958395,0.0,-7.930854630958395
2020-01-10 23:00:00,78.97991402135925,0.0,0.1,0.1,0.1,0.0,0.0,0.0,-0.0,78.97991402135925,7.897991402135926,0.0,-7.897991402135926
2020-01-11 00:00:00,77.92793849469214,0.0,0.12,0.1,0.1,0.0,0.0,0.0,-0.0,77.92793849469214,9.351352619363057,0.0,-9.351352619363057
2020-01-11 01:00:00,76.84104874489407,0.0,0.12,0.1,0.1,0.0,0.0,0.0,-0.0,76.84104874489407,9.220925849387287,0.0,-9.220925849387287
2020-01-11 02:00:00,76.6682257332449,0.0,0.12,0.1,0.1,0.0,0.0,0.0,-0.0,76.6682257332449,9.200187087989388,0.0,-9.200187087989388
2020-01-11 03:00:00,77.92340737813119,0.0,0.12,0.1,0.1,0.0,0.0,0.0,-0.0,77.92340737813119,9.350808885375741,0.0,-9.350808885375741
2020-01-11 04:00:00,77.36442980021575,0.0,0.12,0.1,0.1,0.0,0.0,0.0,-0.0,77.36442980021575,9.28373157602589,0.0,-9.28373157602589
2020-01-11 05:00:00,77.85435632968213,0.0,0.12,0.1,0.1,0.0,0.0,0.0,-0.0,77.85435632968213,9.342522759561856,0.0,-9.342522759561856
2020-01-11 06:00:00,76.01179048933653,0.0,0.12,0.1,0.1,0.0,0.0,0.0,-0.0,76.01179048933653,9.121414858720383,0.0,-9.121414858720383
2020-01-11 07:00:00,76.90428481333893,4.514143625389408,0.12,0.1,0.1,0.0,0.0,0.0,-0.0,72.39014118794952,8.686816942553943,0.0,-8.686816942553943
2020-01-11 08:00:00,82.20176851323833,39.677034772727275,0.12,0.1,0.1,0.0,0.0,0.0,-0.0,42.52473374051106,5.102968048861327,0.0,-5.102968048861327
2020-01-11 09:00:00,85.22057498669086,75.50367307692308,0.12,0.1,0.1,0.0,0.0,0.0,-0.0,9.716901909767785,1.1660282291721342,0.0,-1.1660282291721342
2020-01-11 10:00:00,88.38870571819889,97.61260555555556,0.12,0.1,0.11752540969097768,9.223899837356669,9.223899837356669,9.223899837356669,0.0,0.0,0.0,0.3505081938195534,-0.3505081938195534
2020-01-11 11:00:00,90.95298781999308,106.94772424242424,0.12,0.11752540969097768,0.1479154088935969,15.99473642243116,15.99473642243116,15.99473642243116,0.0,0.0,0.0,0.6077999840523842,-0.6077999840523842
2020-01-11 12:00:00,94.03383892946928,99.25064948717949,0.12,0.1479154088935969,0.15782734895324627,5.216810557710204,5.216810557710204,5.216810557710204,0.0,0.0,0.0,0.19823880119298753,-0.19823880119298753
2020-01-11 13:00:00,85.86058728199775,50.07235083333333,0.12,0.15782734895324627,0.15782734895324627,0.0,0.0,0.0,-0.0,35.78823644866442,4.29458837383973,0.0,-4.29458837383973
2020-01-11 14:00:00,84.80226365178633,52.7347196969697,0.12,0.15782734895324627,0.15782734895324627,0.0,0.0,0.0,-0.0,32.067543954816635,3.8481052745779962,0.0,-3.8481052745779962
2020-01-11 15:00:00,85.39634706423664,38.61632294871795,0.12,0.15782734895324627,0.15782734895324627,0.0,0.0,0.0,-0.0,46.780024115518685,5.613602893862242,0.0,-5.613602893862242
2020-01-11 16:00:00,79.26127910080551,9.092273204828661,0.12,0.15782734895324627,0.15782734895324627,0.0,0.0,0.0,-0.0,70.16900589597685,8.420280707517222,0.0,-8.420280707517222
2020-01-11 17:00:00,78.042383929314,0.8698177286887567,0.12,0.15782734895324627,0.15782734895324627,0.0,0.0,0.0,-0.0,77.17256620062524,9.260707944075028,0.0,-9.260707944075028
2020-01-11 18:00:00,76.4670290677322,0.0,0.12,0.15782734895324627,0.15782734895324627,0.0,0.0,0.0,-0.0,76.4670290677322,9.176043488127863,0.0,-9.176043488127863
2020-01-11 19:00:00,78.04072269729524,0.0,0.12,0.15782734895324627,0.15782734895324627,0.0,0.0,0.0,-0.0,78.04072269729524,9.364886723675427,0.0,-9.364886723675427
2020-01-11 20:00:00,78.88159870802009,0.0,0.12,0.15782734895324627,0.15782734895324627,0.0,0.0,0.0,-0.0,78.88159870802009,9.46579184496241,0.0,-9.46579184496241
2020-01-11 21:00:00,79.41294339271745,0.0,0.12,0.15782734895324627,0.15782734895324627,0.0,0.0,0.0,-0.0,79.41294339271745,9.529553207126094,0.0,-9.529553207126094
2020-01-11 22:00:00,78.6802209188575,0.0,0.12,0.15782734895324627,0.15782734895324627,0.0,0.0,0.0,-0.0,78.6802209188575,9.4416265102629,0.0,-9.4416265102629
2020-01-11 23:00:00,77.40478213115033,0.0,0.12,0.15782734895324627,0.15782734895324627,0.0,0.0,0.0,-0.0,77.40478213115033,9.288573855738038,0.0,-9.288573855738038
2020-01-12 00:00:00,77.9239778455713,0.0,0.12,0.15782734895324627,0.15782734895324627,0.0,0.0,0.0,-0.0,77.9239778455713,9.350877341468555,0.0,-9.350877341468555
2020-01-12 01:00:00,77.82401463138997,0.0,0.12,0.15782734895324627,0.15782734895324627,0.0,0.0,0.0,-0.0,77.82401463138997,9.338881755766796,0.0,-9.338881755766796
2020-01-12 02:00:00,78.61696462885848,0.0,0.12,0.15782734895324627,0.15782734895324627,0.0,0.0,0.0,-0.0,78.61696462885848,9.434035755463018,0.0,-9.434035755463018
2020-01-12 03:00:00,77.58858060515095,0.0,0.12,0.15782734895324627,0.15782734895324627,0.0,0.0,0.0,-0.0,77.58858060515095,9.310629672618115,0.0,-9.310629672618115
2020-01-12 04:00:00,76.68984038790637,0.0,0.12,0.15782734895324627,0.15782734895324627,0.0,0.0,0.0,-0.0,76.68984038790637,9.202780846548764,0.0,-9.202780846548764
2020-01-12 05:00:00,78.03568049715396,0.0,0.12,0.15782734895324627,0.15782734895324627,0.0,0.0,0.0,-0.0,78.03568049715396,9.364281659658475,0.0,-9.364281659658475
2020-01-12 06:00:00,78.6003634204616,0.0,0.12,0.15782734895324627,0.15782734895324627,0.0,0.0,0.0,-0.0,78.6003634204616,9.432043610455393,0.0,-9.432043610455393
2020-01-12 07:00:00,77.6561863183213,2.5959143159397713,0.12,0.15782734895324627,0.15782734895324627,0.0,0.0,0.0,-0.0,75.06027200238154,9.007232640285784,0.0,-9.007232640285784
2020-01-12 08:00:00,74.23376994586452,16.03276181818182,0.12,0.15782734895324627,0.15782734895324627,0.0,0.0,0.0,-0.0,58.2010081276827,6.9841209753219236,0.0,-6.9841209753219236
2020-01-12 09:00:00,76.90097630856896,29.51465205128205,0.12,0.15782734895324627,0.15782734895324627,0.0,0.0,0.0,-0.0,47.38632425728691,5.686358910874429,0.0,-5.686358910874429
2020-01-12 10:00:00,82.55263795697975,63.60442722222223,0.12,0.15782734895324627,0.15782734895324627,0.0,0.0,0.0,-0.0,18.948210734757524,2.273785288170903,0.0,-2.273785288170903
2020-01-12 11:00:00,82.26412736032326,85.47390151515152,0.12,0.15782734895324627,0.16392591984741997,3.209774154828267,3.209774154828267,3.209774154828267,0.0,0.0,0.0,0.1219714178834741,-0.1219714178834741
2020-01-12 12:00:00,77.33429758002373,40.91817999999999,0.12,0.16392591984741997,0.16392591984741997,0.0,0.0,0.0,-0.0,36.41611758002374,4.369934109602848,0.0,-4.369934109602848
2020-01-12 13:00:00,71.93093746264289,52.27325138888889,0.12,0.16392591984741997,0.16392591984741997,0.0,0.0,0.0,-0.0,19.657686073754,2.35892232885048,0.0,-2.35892232885048
2020-01-12 14:00:00,79.4156824578617,77.11201363636364,0.12,0.16392591984741997,0.16392591984741997,0.0,0.0,0.0,-0.0,2.3036688214980643,0.27644025857976773,0.0,-0.27644025857976773
2020-01-12 15:00:00,75.8420441052123,43.166658461538454,0.12,0.16392591984741997,0.16392591984741997,0.0,0.0,0.0,-0.0,32.67538564367384,3.921046277240861,0.0,-3.921046277240861
2020-01-12 16:00:00,72.800972233873,9.370235944963655,0.12,0.16392591984741997,0.16392591984741997,0.0,0.0,0.0,-0.0,63.430736288909344,7.611688354669121,0.0,-7.611688354669121
2020-01-12 17:00:00,72.09736012539787,0.05347776833758142,0.12,0.16392591984741997,0.16392591984741997,0.0,0.0,0.0,-0.0,72.04388235706028,8.645265882847234,0.0,-8.645265882847234
2020-01-12 18:00:00,77.46675642457429,0.0,0.12,0.16392591984741997,0.16392591984741997,0.0,0.0,0.0,-0.0,77.46675642457429,9.296010770948914,0.0,-9.296010770948914
2020-01-12 19:00:00,77.74532064002103,0.0,0.12,0.16392591984741997,0.16392591984741997,0.0,0.0,0.0,-0.0,77.74532064002103,9.329438476802524,0.0,-9.329438476802524
2020-01-12 20:00:00,74.95954631146786,0.0,0.12,0.16392591984741997,0.16392591984741997,0.0,0.0,0.0,-0.0,74.95954631146786,8.995145557376143,0.0,-8.995145557376143
2020-01-12 21:00:00,74.35366836940683,0.0,0.12,0.16392591984741997,0.16392591984741997,0.0,0.0,0.0,-0.0,74.35366836940683,8.92244020432882,0.0,-8.92244020432882
2020-01-12 22:00:00,75.69302229656363,0.0,0.12,0.16392591984741997,0.16392591984741997,0.0,0.0,0.0,-0.0,75.69302229656363,9.083162675587635,0.0,-9.083162675587635
2020-01-12 23:00:00,74.9665707832599,0.0,0.12,0.16392591984741997,0.16392591984741997,0.0,0.0,0.0,-0.0,74.9665707832599,8.995988493991188,0.0,-8.995988493991188
2020-01-13 00:00:00,74.4830382931105,0.0,0.1,0.16392591984741997,0.16392591984741997,0.0,0.0,0.0,-0.0,74.4830382931105,7.44830382931105,0.0,-7.44830382931105
2020-01-13 01:00:00,72.65139433412477,0.0,0.1,0.16392591984741997,0.16392591984741997,0.0,0.0,0.0,-0.0,72.65139433412477,7.265139433412478,0.0,-7.265139433412478
2020-01-13 02:00:00,73.66267044309828,0.0,0.1,0.16392591984741997,0.16392591984741997,0.0,0.0,0.0,-0.0,73.66267044309828,7.366267044309828,0.0,-7.366267044309828
2020-01-13 03:00:00,73.8088959773119,0.0,0.1,0.16392591984741997,0.16392591984741997,0.0,0.0,0.0,-0.0,73.8088959773119,7.380889597731191,0.0,-7.380889597731191
2020-01-13 04:00:00,73.36616366662889,0.0,0.1,0.16392591984741997,0.16392591984741997,0.0,0.0,0.0,-0.0,73.36616366662889,7.33661636666289,0.0,-7.33661636666289
2020-01-13 05:00:00,73.05673626971146,0.0,0.1,0.16392591984741997,0.3053836002238778,74.45141072445148,74.45141072445148,74.45141072445148,0.0,147.50814699416293,14.750814699416294,2.829153607529156,-17.57996830694545
2020-01-13 06:00:00,73.2174947995925,0.0,0.1,0.3053836002238778,0.7803836002238778,250.0,250.0,250.0,0.0,323.2174947995925,32.32174947995925,9.5,-41.82174947995925
2020-01-13 07:00:00,85.28854886808054,5.043326205867082,0.18,0.7803836002238778,0.7803836002238778,0.0,0.0,0.0,-0.0,80.24522266221345,14.444140079198421,0.0,-14.444140079198421
2020-01-13 08:00:00,87.68802089426148,41.588844242424244,0.18,0.7803836002238778,0.7803836002238778,0.0,0.0,0.0,-0.0,46.09917665183724,8.297851797330702,0.0,-8.297851797330702
2020-01-13 09:00:00,85.98233796029272,77.30732692307691,0.18,0.7803836002238778,0.7803836002238778,0.0,0.0,0.0,-0.0,8.67501103721581,1.5615019866988458,0.0,-1.5615019866988458
2020-01-13 10:00:00,78.59838397426091,99.09807083333334,0.18,0.7803836002238778,0.8193330052561154,20.499686859072426,20.499686859072426,20.499686859072426,0.0,0.0,0.0,0.778988100644753,-0.778988100644753
2020-01-13 11:00:00,87.59859975710154,109.18726666666666,0.18,0.8193330052561154,0.8603514723842891,21.58866690956512,21.58866690956512,21.58866690956512,0.0,0.0,0.0,0.8203693425634739,-0.8203693425634739
2020-01-13 12:00:00,87.57913080954485,108.44677692307692,0.18,0.8603514723842891,0.9,20.867646113532075,20.867646113532064,20.867646113532064,0.0,-1.0658141036401503e-14,0.0,0.7929705523142183,-0.7929705523142183
2020-01-13 13:00:00,118.46549417869215,83.99699833333334,0.18,0.9,0.9,0.0,0.0,0.0,-0.0,34.46849584535882,6.2043292521645865,0.0,-6.2043292521645865
2020-01-13 14:00:00,81.23007288575496,51.59760545454546,0.18,0.9,0.9,0.0,0.0,0.0,-0.0,29.632467431209506,5.333844137617711,0.0,-5.333844137617711
2020-01-13 15:00:00,112.19712223167888,33.30260551282051,0.18,0.9,0.9,0.0,0.0,0.0,-0.0,78.89451671885837,14.201013009394506,0.0,-14.201013009394506
2020-01-13 16:00:00,72.57045147024498,3.290633005581516,0.32,0.9,0.7541477506007085,-69.27981846466346,-69.27981846466346,0.0,69.27981846466346,0.0,0.0,2.9170449879858307,-2.9170449879858307
2020-01-13 17:00:00,72.91355337790807,0.027901444350042482,0.32,0.7541477506007085,0.6007042728458495,-72.88565193355804,-72.88565193355804,0.0,72.88565193355804,0.0,0.0,3.06886955509718,-3.06886955509718
2020-01-13 18:00:00,72.35444362215677,0.0,0.32,0.6007042728458495,0.448379128378151,-72.35444362215677,-72.35444362215677,0.0,72.35444362215677,0.0,0.0,3.0465028893539694,-3.0465028893539694
2020-01-13 19:00:00,73.72054582037627,0.0,0.32,0.448379128378151,0.293177979282622,-73.72054582037627,-73.72054582037627,0.0,73.72054582037627,0.0,0.0,3.10402298191058,-3.10402298191058
2020-01-13 20:00:00,73.75113562863875,0.0,0.32,0.293177979282622,0.13791243059075095,-73.75113562863875,-73.75113562863875,0.0,73.75113562863875,0.0,0.0,3.105310973837421,-3.105310973837421
2020-01-13 21:00:00,70.37662954398189,0.0,0.32,0.13791243059075095,0.1,-18.00840453060671,-18.008404530606697,0.0,18.008404530606697,52.368225013375195,16.75783200428006,0.7582486118150189,-17.51608061609508
2020-01-13 22:00:00,67.8815698461518,0.0,0.1,0.1,0.1,0.0,0.0,0.0,-0.0,67.8815698461518,6.788156984615181,0.0,-6.788156984615181
2020-01-13 23:00:00,64.91146354545117,0.0,0.1,0.1,0.1,0.0,0.0,0.0,-0.0,64.91146354545117,6.491146354545117,0.0,-6.491146354545117
2020-01-14 00:00:00,66.37136035172465,0.0,0.1,0.1,0.1,0.0,0.0,0.0,-0.0,66.37136035172465,6.637136035172465,0.0,-6.637136035172465
2020-01-14 01:00:00,66.8498871617725,0.0,0.1,0.1,0.1,0.0,0.0,0.0,-0.0,66.8498871617725,6.6849887161772505,0.0,-6.6849887161772505
2020-01-14 02:00:00,67.68372999108436,0.0,0.1,0.1,0.1,0.0,0.0,0.0,-0.0,67.68372999108436,6.768372999108436,0.0,-6.768372999108436
2020-01-14 03:00:00,66.29623990027939,0.0,0.1,0.1,0.1,0.0,0.0,0.0,-0.0,66.29623990027939,6.629623990027939,0.0,-6.629623990027939
2020-01-14 04:00:00,68.0977744772096,0.0,0.1,0.1,0.3881663854574874,151.66651866183548,151.66651866183548,151.66651866183548,0.0,219.7642931390451,21.97642931390451,5.763327709149748,-27.73975702305426
2020-01-14 05:00:00,71.98383305485979,0.0,0.1,0.3881663854574874,0.3881663854574874,0.0,0.0,0.0,-0.0,71.98383305485979,7.198383305485979,0.0,-7.198383305485979
2020-01-14 06:00:00,69.81029199259557,0.0,0.1,0.3881663854574874,0.8631663854574874,250.0,250.0,250.0,0.0,319.8102919925956,31.98102919925956,9.5,-41.48102919925956
2020-01-14 07:00:00,71.49913078666071,7.166702023624091,0.18,0.8631663854574874,0.8631663854574874,0.0,0.0,0.0,-0.0,64.33242876303662,11.57983717734659,0.0,-11.57983717734659
2020-01-14 08:00:00,75.2367073339699,31.924343181818184,0.18,0.8631663854574874,0.8631663854574874,0.0,0.0,0.0,-0.0,43.312364152151716,7.7962255473873086,0.0,-7.7962255473873086
2020-01-14 09:00:00,87.74243305647641,52.14220782051281,0.18,0.8631663854574874,0.8631663854574874,0.0,0.0,0.0,-0.0,35.600225235963606,6.408040542473449,0.0,-6.408040542473449
2020-01-14 10:00:00,86.7202757210353,75.64388333333333,0.18,0.8631663854574874,0.8631663854574874,0.0,0.0,0.0,-0.0,11.076392387701972,1.993750629786355,0.0,-1.993750629786355
2020-01-14 11:00:00,87.86657631666543,84.86833636363636,0.18,0.8631663854574874,0.8631663854574874,0.0,0.0,0.0,-0.0,2.9982399530290706,0.5396831915452327,0.0,-0.5396831915452327
2020-01-14 12:00:00,86.91747859839622,99.86393461538462,0.18,0.8631663854574874,0.8877646518897653,12.946456016988407,12.946456016988407,12.946456016988407,0.0,0.0,0.0,0.4919653286455583,-0.4919653286455583
2020-01-14 13:00:00,88.05150976654312,94.49116666666667,0.18,0.8877646518897653,0.9,6.439656900123552,6.439656900123551,6.439656900123551,0.0,-8.881784197001252e-16,0.0,0.2447069622046949,-0.2447069622046949
2020-01-14 14:00:00,106.55618136941074,72.39950454545455,0.18,0.9,0.9,0.0,0.0,0.0,-0.0,34.15667682395619,6.148201828312114,0.0,-6.148201828312114
2020-01-14 15:00:00,88.92902219688237,50.92667243589744,0.18,0.9,0.9,0.0,0.0,0.0,-0.0,38.002349760984934,6.840422956977288,0.0,-6.840422956977288
2020-01-14 16:00:00,84.48113024136892,13.797841944444444,0.32,0.9,0.7511930772696327,-70.68328829692447,-70.68328829692447,0.0,70.68328829692447,0.0,0.0,2.9761384546073466,-2.9761384546073466
2020-01-14 17:00:00,78.7926835020405,0.2877570093457944,0.32,0.7511930772696327,0.585919547811328,-78.50492649269471,-78.50492649269471,0.0,78.50492649269471,0.0,0.0,3.305470589166093,-3.305470589166093
2020-01-14 18:00:00,78.32130676578323,0.0,0.32,0.585919547811328,0.43512394115271413,-71.62791316284162,-71.62791316284162,0.0,71.62791316284162,6.693393602941612,2.141885952941316,3.0159121331722782,-5.157798086113594
2020-01-14 19:00:00,80.34481585353572,0.0,0.32,0.43512394115271413,0.26597696040842844,-80.34481585353572,-80.34481585353572,0.0,80.34481585353572,0.0,0.0,3.382939614885714,-3.382939614885714
2020-01-14 20:00:00,78.83905619400349,0.0,0.32,0.26597696040842844,0.10000000000000003,-78.83905619400349,-78.83905619400349,0.0,78.83905619400349,0.0,0.0,3.3195392081685684,-3.3195392081685684
2020-01-14 21:00:00,76.12203538758284,0.0,0.32,0.10000000000000003,0.10000000000000003,0.0,0.0,0.0,-0.0,76.12203538758284,24.35905132402651,0.0,-24.35905132402651
2020-01-14 22:00:00,75.65785524407333,0.0,0.1,0.10000000000000003,0.10000000000000003,0.0,0.0,0.0,-0.0,75.65785524407333,7.5657855244073335,0.0,-7.5657855244073335
2020-01-14 23:00:00,75.69206176059377,0.0,0.1,0.10000000000000003,0.10000000000000003,0.0,0.0,0.0,-0.0,75.69206176059377,7.569206176059378,0.0,-7.569206176059378
2020-01-15 00:00:00,74.94881185059228,0.0,0.1,0.10000000000000003,0.10000000000000003,0.0,0.0,0.0,-0.0,74.94881185059228,7.494881185059228,0.0,-7.494881185059228
2020-01-15 01:00:00,74.6641056344619,0.0,0.1,0.10000000000000003,0.10000000000000003,0.0,0.0,0.0,-0.0,74.6641056344619,7.466410563446191,0.0,-7.466410563446191
2020-01-15 02:00:00,76.8288085541409,0.0,0.1,0.10000000000000003,0.10000000000000003,0.0,0.0,0.0,-0.0,76.8288085541409,7.682880855414091,0.0,-7.682880855414091
2020-01-15 03:00:00,75.73264583455423,0.0,0.1,0.10000000000000003,0.10000000000000003,-0.0,-0.0,-0.0,0.0,75.73264583455423,7.5732645834554235,0.0,-7.5732645834554235
2020-01-15 04:00:00,76.39226895078606,0.0,0.1,0.10000000000000003,0.10000000000000003,0.0,0.0,0.0,-0.0,76.39226895078606,7.639226895078607,0.0,-7.639226895078607
2020-01-15 05:00:00,77.51826563374692,0.0,0.1,0.10000000000000003,0.4174368287232811,167.07201511751634,167.07201511751634,167.07201511751634,0.0,244.59028075126326,24.459028075126326,6.348736574465621,-30.807764649591945
2020-01-15 06:00:00,77.11980875792143,0.0,0.1,0.4174368287232811,0.8924368287232811,250.0,250.0,250.0,0.0,327.1198087579214,32.71198087579214,9.5,-42.21198087579214
2020-01-15 07:00:00,79.39128500354566,3.220303968068535,0.18,0.8924368287232811,0.8924368287232811,0.0,0.0,0.0,-0.0,76.17098103547713,13.710776586385883,0.0,-13.710776586385883
2020-01-15 08:00:00,79.66863928344837,15.392858636363634,0.18,0.8924368287232811,0.8924368287232811,0.0,0.0,0.0,-0.0,64.27578064708473,11.569640516475252,0.0,-11.569640516475252
2020-01-15 09:00:00,85.01649509863047,53.8582958974359,0.18,0.8924368287232811,0.8924368287232811,0.0,0.0,0.0,-0.0,31.15819920119457,5.608475856215023,0.0,-5.608475856215023
2020-01-15 10:00:00,84.87661270523559,88.85722916666667,0.18,0.8924368287232811,0.9,3.980616461431083,3.980616461431003,3.980616461431003,0.0,-7.993605777301127e-14,0.0,0.1512634255343781,-0.1512634255343781
2020-01-15 11:00:00,89.44125236892987,75.10176818181819,0.18,0.9,0.9,0.0,0.0,0.0,-0.0,14.33948418711168,2.5811071536801022,0.0,-2.5811071536801022
2020-01-15 12:00:00,87.62220223159756,70.86497948717948,0.18,0.9,0.9,0.0,0.0,0.0,-0.0,16.757222744418073,3.016300093995253,0.0,-3.016300093995253
2020-01-15 13:00:00,89.65963590267528,58.59730416666667,0.18,0.9,0.9,0.0,0.0,0.0,-0.0,31.06233173600861,5.591219712481549,0.0,-5.591219712481549
2020-01-15 14:00:00,91.8683181720636,35.406991363636365,0.18,0.9,0.9,0.0,0.0,0.0,-0.0,56.46132680842723,10.163038825516901,0.0,-10.163038825516901
2020-01-15 15:00:00,97.46803067641594,21.560185705128205,0.18,0.9,0.9,0.0,0.0,0.0,-0.0,75.90784497128773,13.663412094831791,0.0,-13.663412094831791
2020-01-15 16:00:00,89.92982690417604,10.88269013888889,0.32,0.9,0.7335849752309744,-79.04713676528715,-79.04713676528715,0.0,79.04713676528715,0.0,0.0,3.3283004953805118,-3.3283004953805118
2020-01-15 17:00:00,82.44051088991232,0.2207306711979609,0.32,0.7335849752309744,0.5604907010863126,-82.21978021871436,-82.21978021871436,0.0,82.21978021871436,0.0,0.0,3.4618854828932366,-3.4618854828932366
2020-01-15 18:00:00,77.1173490770224,0.0,0.32,0.5604907010863126,0.39813838723994965,-77.1173490770224,-77.1173490770224,0.0,77.1173490770224,0.0,0.0,3.247046276927259,-3.247046276927259
2020-01-15 19:00:00,79.83808846082745,0.0,0.32,0.39813838723994965,0.23005820100662872,-79.83808846082745,-79.83808846082745,0.0,79.83808846082745,0.0,0.0,3.361603724666419,-3.361603724666419
2020-01-15 20:00:00,79.29002400003827,0.0,0.32,0.23005820100662872,0.10000000000000003,-61.77764547814863,-61.77764547814863,0.0,61.77764547814863,17.512378521889644,5.603961127004687,2.6011640201325736,-8.20512514713726
2020-01-15 21:00:00,76.79302928169945,0.0,0.32,0.10000000000000003,0.10000000000000003,0.0,0.0,0.0,-0.0,76.79302928169945,24.573769370143822,0.0,-24.573769370143822
2020-01-15 22:00:00,75.49264302180353,0.0,0.1,0.10000000000000003,0.10000000000000003,0.0,0.0,0.0,-0.0,75.49264302180353,7.549264302180354,0.0,-7.549264302180354
2020-01-15 23:00:00,74.6884730835012,0.0,0.1,0.10000000000000003,0.10000000000000003,0.0,0.0,0.0,-0.0,74.6884730835012,7.46884730835012,0.0,-7.46884730835012
2020-01-16 00:00:00,75.59046245162938,0.0,0.1,0.10000000000000003,0.10000000000000003,0.0,0.0,0.0,-0.0,75.59046245162938,7.559046245162938,0.0,-7.559046245162938
2020-01-16 01:00:00,74.0937363459056,0.0,0.1,0.10000000000000003,0.10000000000000003,0.0,0.0,0.0,-0.0,74.0937363459056,7.40937363459056,0.0,-7.40937363459056
2020-01-16 02:00:00,74.33253264758038,0.0,0.1,0.10000000000000003,0.10000000000000003,0.0,0.0,0.0,-0.0,74.33253264758038,7.433253264758038,0.0,-7.433253264758038
2020-01-16 03:00:00,73.4965582512767,0.0,0.1,0.10000000000000003,0.10000000000000003,0.0,0.0,0.0,-0.0,73.4965582512767,7.34965582512767,0.0,-7.34965582512767
2020-01-16 04:00:00,74.01683789027221,0.0,0.1,0.10000000000000003,0.10000000000000003,0.0,0.0,0.0,-0.0,74.01683789027221,7.401683789027222,0.0,-7.401683789027222
2020-01-16 05:00:00,73.52017786324686,0.0,0.1,0.10000000000000003,0.4250000000000001,171.0526315789474,171.0526315789474,171.0526315789474,0.0,244.57280944219426,24.457280944219427,6.500000000000002,-30.957280944219427
2020-01-16 06:00:00,78.79527517551203,0.0,0.1,0.4250000000000001,0.9,250.0,249.99999999999997,249.99999999999997,0.0,328.795275175512,32.8795275175512,9.499999999999998,-42.3795275175512
2020-01-16 07:00:00,83.7759271581131,0.820032554517134,0.18,0.9,0.9,0.0,0.0,0.0,-0.0,82.95589460359597,14.932061028647274,0.0,-14.932061028647274
2020-01-16 08:00:00,83.8758240326791,4.390346212121213,0.18,0.9,0.9,0.0,0.0,0.0,-0.0,79.48547782055789,14.30738600770042,0.0,-14.30738600770042
2020-01-16 09:00:00,88.45906098856689,4.2198717948717945,0.18,0.9,0.9,0.0,0.0,0.0,-0.0,84.2391891936951,15.163054054865118,0.0,-15.163054054865118
2020-01-16 10:00:00,90.57866549925852,2.9657354166666665,0.18,0.9,0.9,0.0,0.0,0.0,-0.0,87.61293008259186,15.770327414866534,0.0,-15.770327414866534
2020-01-16 11:00:00,85.95487796594777,4.368503030303031,0.18,0.9,0.9,0.0,0.0,0.0,-0.0,81.58637493564474,14.685547488416052,0.0,-14.685547488416052
2020-01-16 12:00:00,82.70427269924849,12.908374487179488,0.18,0.9,0.9,0.0,0.0,0.0,-0.0,69.795898212069,12.56326167817242,0.0,-12.56326167817242
2020-01-16 13:00:00,87.65867115122474,20.41005986111111,0.18,0.9,0.9,0.0,0.0,0.0,-0.0,67.24861129011363,12.104750032220453,0.0,-12.104750032220453
2020-01-16 14:00:00,84.1851148867042,26.511333636363634,0.18,0.9,0.9,-0.0,-0.0,-0.0,0.0,57.67378125034057,10.381280625061303,0.0,-10.381280625061303
2020-01-16 15:00:00,88.539406996483,42.349829487179484,0.18,0.9,0.9,0.0,0.0,0.0,-0.0,46.18957750930351,8.314123951674631,0.0,-8.314123951674631
2020-01-16 16:00:00,83.45932511807548,11.184755554257528,0.32,0.9,0.7478430114445938,-72.27456956381795,-72.27456956381795,0.0,72.27456956381795,0.0,0.0,3.0431397711081254,-3.0431397711081254
2020-01-16 17:00:00,80.21539481522642,0.23716227697536107,0.32,0.7478430114445938,0.5794677850482757,-79.97823253825106,-79.97823253825106,0.0,79.97823253825106,0.0,0.0,3.3675045279263616,-3.3675045279263616
2020-01-16 18:00:00,81.3322322679991,0.0,0.32,0.5794677850482757,0.4082420329051197,-81.3322322679991,-81.3322322679991,0.0,81.3322322679991,0.0,0.0,3.4245150428631197,-3.4245150428631197
2020-01-16 19:00:00,82.77992333821867,0.0,0.32,0.4082420329051197,0.26253482448800003,-69.21092399813183,-69.21092399813183,0.0,69.21092399813183,13.568999340086833,4.342079788827787,2.9141441683423928,-7.25622395717018
2020-01-16 20:00:00,77.20404163180002,0.0,0.32,0.26253482448800003,0.1,-77.20404163180002,-77.20404163180001,0.0,77.20404163180001,1.4210854715202004e-14,4.547473508864641e-15,3.2506964897600006,-3.250696489760005
2020-01-16 21:00:00,77.38843302257231,0.0,0.32,0.1,0.1,0.0,0.0,0.0,-0.0,77.38843302257231,24.76429856722314,0.0,-24.76429856722314
2020-01-16 22:00:00,75.52359649314135,0.0,0.1,0.1,0.1,0.0,0.0,0.0,-0.0,75.52359649314135,7.552359649314136,0.0,-7.552359649314136
2020-01-16 23:00:00,74.08447617864459,0.0,0.1,0.1,0.1,0.0,0.0,0.0,-0.0,74.08447617864459,7.40844761786446,0.0,-7.40844761786446
2020-01-17 00:00:00,74.38672946355926,0.0,0.1,0.1,0.1,0.0,0.0,0.0,-0.0,74.38672946355926,7.4386729463559265,0.0,-7.4386729463559265
2020-01-17 01:00:00,74.98291069506882,0.0,0.1,0.1,0.1,0.0,0.0,0.0,-0.0,74.98291069506882,7.498291069506883,0.0,-7.498291069506883
2020-01-17 02:00:00,76.15077199163842,0.0,0.1,0.1,0.1,0.0,0.0,0.0,-0.0,76.15077199163842,7.615077199163842,0.0,-7.615077199163842
2020-01-17 03:00:00,76.26836019253824,0.0,0.1,0.1,0.1,0.0,0.0,0.0,-0.0,76.26836019253824,7.626836019253824,0.0,-7.626836019253824
2020-01-17 04:00:00,74.79539484625472,0.0,0.1,0.1,0.42499999999999993,171.05263157894734,171.05263157894734,171.05263157894734,0.0,245.84802642520208,24.58480264252021,6.499999999999999,-31.08480264252021
2020-01-17 05:00:00,77.82230615987649,0.0,0.1,0.42499999999999993,0.42499999999999993,0.0,0.0,0.0,-0.0,77.82230615987649,7.7822306159876495,0.0,-7.7822306159876495
2020-01-17 06:00:00,78.54229997218934,0.0,0.1,0.42499999999999993,0.8999999999999999,250.0,250.0,250.0,0.0,328.5422999721893,32.85422999721893,9.5,-42.35422999721893
2020-01-17 07:00:00,84.93625894804133,1.5996158099688473,0.18,0.8999999999999999,0.8999999999999999,0.0,0.0,0.0,-0.0,83.33664313807247,15.000595764853045,0.0,-15.000595764853045
2020-01-17 08:00:00,86.18058556555405,7.431559696969697,0.18,0.8999999999999999,0.8999999999999999,0.0,0.0,0.0,-0.0,78.74902586858435,14.174824656345184,0.0,-14.174824656345184
2020-01-17 09:00:00,83.31392997270642,17.410264615384616,0.18,0.8999999999999999,0.8999999999999999,0.0,0.0,0.0,-0.0,65.9036653573218,11.862659764317923,0.0,-11.862659764317923
2020-01-17 10:00:00,85.77757254949289,30.077567222222218,0.18,0.8999999999999999,0.8999999999999999,0.0,0.0,0.0,-0.0,55.700005327270674,10.026000958908721,0.0,-10.026000958908721
2020-01-17 11:00:00,86.48163008620958,36.098550151515155,0.18,0.8999999999999999,0.8999999999999999,0.0,0.0,0.0,-0.0,50.38307993469442,9.068954388244995,0.0,-9.068954388244995
2020-01-17 12:00:00,83.81942650604543,45.293438461538464,0.18,0.8999999999999999,0.8999999999999999,0.0,0.0,0.0,-0.0,38.52598804450697,6.934677848011254,0.0,-6.934677848011254
2020-01-17 13:00:00,81.80991427266355,61.9236298611111,0.18,0.8999999999999999,0.8999999999999999,0.0,0.0,0.0,-0.0,19.886284411552445,3.57953119407944,0.0,-3.57953119407944
2020-01-17 14:00:00,84.94222654808908,69.17532272727273,0.18,0.8999999999999999,0.8999999999999999,0.0,0.0,0.0,-0.0,15.766903820816353,2.8380426877469436,0.0,-2.8380426877469436
2020-01-17 15:00:00,82.85167360822895,33.32629602564103,0.18,0.8999999999999999,0.8999999999999999,0.0,0.0,0.0,-0.0,49.52537758258792,8.914567964865826,0.0,-8.914567964865826
2020-01-17 16:00:00,80.48697196935417,9.719193888888888,0.32,0.8999999999999999,0.7510152040411257,-70.76777808046529,-70.76777808046529,0.0,70.76777808046529,0.0,0.0,2.979695919177485,-2.979695919177485
2020-01-17 17:00:00,77.65397536678027,0.13020674030019827,0.32,0.7510152040411257,0.5878072700906413,-77.52376862648008,-77.52376862648008,0.0,77.52376862648008,0.0,0.0,3.2641586790096877,-3.2641586790096877
2020-01-17 18:00:00,76.13637528283684,0.0,0.32,0.5878072700906413,0.4275201642320374,-76.13637528283684,-76.13637528283684,0.0,76.13637528283684,0.0,0.0,3.205742117172077,-3.205742117172077
2020-01-17 19:00:00,78.97112349664226,0.0,0.32,0.4275201642320374,0.2612651673970011,-78.97112349664226,-78.97112349664226,0.0,78.97112349664226,0.0,0.0,3.325099936700726,-3.325099936700726
2020-01-17 20:00:00,78.88734544961858,0.0,0.32,0.2612651673970011,0.10000000000000003,-76.60095451357557,-76.60095451357552,0.0,76.60095451357552,2.2863909360430625,0.73164509953378,3.225303347940022,-3.9569484474738017
2020-01-17 21:00:00,77.33209469706448,0.0,0.32,0.10000000000000003,0.10000000000000003,0.0,0.0,0.0,-0.0,77.33209469706448,24.746270303060633,0.0,-24.746270303060633
2020-01-17 22:00:00,73.19287986784882,0.0,0.1,0.10000000000000003,0.10000000000000003,0.0,0.0,0.0,-0.0,73.19287986784882,7.319287986784882,0.0,-7.319287986784882
2020-01-17 23:00:00,75.64017998238329,0.0,0.1,0.10000000000000003,0.10000000000000003,0.0,0.0,0.0,-0.0,75.64017998238329,7.564017998238329,0.0,-7.564017998238329
2020-01-18 00:00:00,73.96099843828011,0.0,0.12,0.10000000000000003,0.10000000000000003,0.0,0.0,0.0,-0.0,73.96099843828011,8.875319812593613,0.0,-8.875319812593613
2020-01-18 01:00:00,74.80571125423606,0.0,0.12,0.10000000000000003,0.10000000000000003,0.0,0.0,0.0,-0.0,74.80571125423606,8.976685350508326,0.0,-8.976685350508326
2020-01-18 02:00:00,72.15812320634922,0.0,0.12,0.10000000000000003,0.10000000000000003,0.0,0.0,0.0,-0.0,72.15812320634922,8.658974784761906,0.0,-8.658974784761906
2020-01-18 03:00:00,73.83284790111826,0.0,0.12,0.10000000000000003,0.10000000000000003,0.0,0.0,0.0,-0.0,73.83284790111826,8.85994174813419,0.0,-8.85994174813419
2020-01-18 04:00:00,74.54407209783069,0.0,0.12,0.10000000000000003,0.10000000000000003,0.0,0.0,0.0,-0.0,74.54407209783069,8.945288651739682,0.0,-8.945288651739682
2020-01-18 05:00:00,74.8918154655234,0.0,0.12,0.10000000000000003,0.10000000000000003,0.0,0.0,0.0,-0.0,74.8918154655234,8.987017855862806,0.0,-8.987017855862806
2020-01-18 06:00:00,74.02014633612416,0.0,0.12,0.10000000000000003,0.10000000000000003,0.0,0.0,0.0,-0.0,74.02014633612416,8.882417560334899,0.0,-8.882417560334899
2020-01-18 07:00:00,71.29522143487458,4.603710555555556,0.12,0.10000000000000003,0.10000000000000003,0.0,0.0,0.0,-0.0,66.69151087931903,8.002981305518283,0.0,-8.002981305518283
2020-01-18 08:00:00,76.38168751409758,41.569327575757576,0.12,0.10000000000000003,0.10000000000000003,0.0,0.0,0.0,-0.0,34.81235993834,4.1774831926008,0.0,-4.1774831926008
2020-01-18 09:00:00,60.366116338554214,78.9743435897436,0.12,0.10000000000000003,0.13535563177725984,18.608227251189383,18.608227251189383,18.608227251189383,0.0,0.0,0.0,0.7071126355451962,-0.7071126355451962
2020-01-18 10:00:00,45.17690172352071,78.11010416666666,0.12,0.13535563177725984,0.19792871641923715,32.93320244314595,32.93320244314595,32.93320244314595,0.0,0.0,0.0,1.2514616928395461,-1.2514616928395461
2020-01-18 11:00:00,44.223414195285564,92.40082272727273,0.12,0.19792871641923715,0.28946579263001276,48.17740853198716,48.17740853198716,48.17740853198716,0.0,0.0,0.0,1.8307415242155123,-1.8307415242155123
2020-01-18 12:00:00,61.72908297851672,101.11050769230769,0.12,0.28946579263001276,0.3642904995862156,39.38142471379097,39.38142471379097,39.38142471379097,0.0,0.0,0.0,1.4964941391240572,-1.4964941391240572
2020-01-18 13:00:00,65.57076338143953,101.50616163194445,0.12,0.3642904995862156,0.432567756262175,35.93539825050492,35.93539825050492,35.93539825050492,0.0,0.0,0.0,1.365545133519187,-1.365545133519187
2020-01-18 14:00:00,68.66217035483504,63.73257305871211,0.12,0.432567756262175,0.432567756262175,0.0,0.0,0.0,-0.0,4.929597296122928,0.5915516755347514,0.0,-0.5915516755347514
2020-01-18 15:00:00,67.5255939550108,30.388260384615386,0.12,0.432567756262175,0.432567756262175,0.0,0.0,0.0,-0.0,37.13733357039542,4.456480028447451,0.0,-4.456480028447451
2020-01-18 16:00:00,78.05329711069963,8.162753888888888,0.12,0.432567756262175,0.432567756262175,0.0,0.0,0.0,-0.0,69.89054322181074,8.386865186617289,0.0,-8.386865186617289
2020-01-18 17:00:00,77.15272316703658,0.13956103086944208,0.12,0.432567756262175,0.432567756262175,0.0,0.0,0.0,-0.0,77.01316213616714,9.241579456340057,0.0,-9.241579456340057
2020-01-18 18:00:00,77.21995567474879,0.0,0.12,0.432567756262175,0.432567756262175,0.0,0.0,0.0,-0.0,77.21995567474879,9.266394680969855,0.0,-9.266394680969855
2020-01-18 19:00:00,76.31514782871035,0.0,0.12,0.432567756262175,0.432567756262175,0.0,0.0,0.0,-0.0,76.31514782871035,9.157817739445242,0.0,-9.157817739445242
2020-01-18 20:00:00,74.8994701404656,0.0,0.12,0.432567756262175,0.432567756262175,0.0,0.0,0.0,-0.0,74.8994701404656,8.987936416855872,0.0,-8.987936416855872
2020-01-18 21:00:00,77.95300521017444,0.0,0.12,0.432567756262175,0.432567756262175,0.0,0.0,0.0,-0.0,77.95300521017444,9.354360625220933,0.0,-9.354360625220933
2020-01-18 22:00:00,77.59662109649611,0.0,0.12,0.432567756262175,0.432567756262175,0.0,0.0,0.0,-0.0,77.59662109649611,9.311594531579532,0.0,-9.311594531579532
2020-01-18 23:00:00,77.1006401931402,0.0,0.12,0.432567756262175,0.432567756262175,0.0,0.0,0.0,-0.0,77.1006401931402,9.252076823176823,0.0,-9.252076823176823
2020-01-19 00:00:00,74.6535362970363,0.0,0.12,0.432567756262175,0.432567756262175,0.0,0.0,0.0,-0.0,74.6535362970363,8.958424355644356,0.0,-8.958424355644356
2020-01-19 01:00:00,76.02283638583638,0.0,0.12,0.432567756262175,0.432567756262175,0.0,0.0,0.0,-0.0,76.02283638583638,9.122740366300366,0.0,-9.122740366300366
2020-01-19 02:00:00,76.33077951139771,0.0,0.12,0.432567756262175,0.432567756262175,0.0,0.0,0.0,-0.0,76.33077951139771,9.159693541367725,0.0,-9.159693541367725
2020-01-19 03:00:00,76.81753939895574,0.0,0.12,0.432567756262175,0.432567756262175,0.0,0.0,0.0,-0.0,76.81753939895574,9.218104727874689,0.0,-9.218104727874689
2020-01-19 04:00:00,73.20217314907316,0.0,0.12,0.432567756262175,0.432567756262175,0.0,0.0,0.0,-0.0,73.20217314907316,8.784260777888779,0.0,-8.784260777888779
2020-01-19 05:00:00,75.94116365301365,0.0,0.12,0.432567756262175,0.432567756262175,0.0,0.0,0.0,-0.0,75.94116365301365,9.112939638361636,0.0,-9.112939638361636
2020-01-19 06:00:00,75.44682810650889,0.0,0.12,0.432567756262175,0.432567756262175,0.0,0.0,0.0,-0.0,75.44682810650889,9.053619372781066,0.0,-9.053619372781066
2020-01-19 07:00:00,74.88320763684438,1.1754321586188994,0.12,0.432567756262175,0.432567756262175,0.0,0.0,0.0,-0.0,73.70777547822547,8.844933057387056,0.0,-8.844933057387056
2020-01-19 08:00:00,74.5991656802511,6.384064848484849,0.12,0.432567756262175,0.432567756262175,0.0,0.0,0.0,-0.0,68.21510083176625,8.18581209981195,0.0,-8.18581209981195
2020-01-19 09:00:00,73.05348267836565,13.97529064102564,0.12,0.432567756262175,0.432567756262175,0.0,0.0,0.0,-0.0,59.07819203734002,7.089383044480802,0.0,-7.089383044480802
2020-01-19 10:00:00,78.31674142140308,26.253005277777778,0.12,0.432567756262175,0.432567756262175,0.0,0.0,0.0,-0.0,52.063736143625306,6.247648337235036,0.0,-6.247648337235036
2020-01-19 11:00:00,79.55692544577671,36.85613045454546,0.12,0.432567756262175,0.432567756262175,0.0,0.0,0.0,-0.0,42.700794991231255,5.124095398947751,0.0,-5.124095398947751
2020-01-19 12:00:00,66.63363307842222,42.8342658974359,0.12,0.432567756262175,0.432567756262175,0.0,0.0,0.0,-0.0,23.799367180986323,2.8559240617183588,0.0,-2.8559240617183588
2020-01-19 13:00:00,70.98351304258777,48.16852652777777,0.12,0.432567756262175,0.432567756262175,0.0,0.0,0.0,-0.0,22.814986514810002,2.7377983817772003,0.0,-2.7377983817772003
2020-01-19 14:00:00,72.1085441159522,27.233767424242423,0.12,0.432567756262175,0.432567756262175,0.0,0.0,0.0,-0.0,44.874776691709776,5.384973203005173,0.0,-5.384973203005173
2020-01-19 15:00:00,74.06620925140737,12.448106666666668,0.12,0.432567756262175,0.432567756262175,0.0,0.0,0.0,-0.0,61.618102584740704,7.3941723101688845,0.0,-7.3941723101688845
2020-01-19 16:00:00,78.10070729970498,5.843890160955348,0.12,0.432567756262175,0.432567756262175,0.0,0.0,0.0,-0.0,72.25681713874962,8.670818056649955,0.0,-8.670818056649955
2020-01-19 17:00:00,76.47226147790498,0.09765505522514868,0.12,0.432567756262175,0.432567756262175,0.0,0.0,0.0,-0.0,76.37460642267983,9.16495277072158,0.0,-9.16495277072158
2020-01-19 18:00:00,77.67049836195571,0.0,0.12,0.432567756262175,0.432567756262175,0.0,0.0,0.0,-0.0,77.67049836195571,9.320459803434685,0.0,-9.320459803434685
2020-01-19 19:00:00,77.54765160177534,0.0,0.12,0.432567756262175,0.432567756262175,0.0,0.0,0.0,-0.0,77.54765160177534,9.30571819221304,0.0,-9.30571819221304
2020-01-19 20:00:00,76.51741738722686,0.0,0.12,0.432567756262175,0.432567756262175,0.0,0.0,0.0,-0.0,76.51741738722686,9.182090086467223,0.0,-9.182090086467223
2020-01-19 21:00:00,77.90662343154538,0.0,0.12,0.432567756262175,0.432567756262175,0.0,0.0,0.0,-0.0,77.90662343154538,9.348794811785446,0.0,-9.348794811785446
2020-01-19 22:00:00,76.05445326873699,0.0,0.12,0.432567756262175,0.432567756262175,0.0,0.0,0.0,-0.0,76.05445326873699,9.12653439224844,0.0,-9.12653439224844
2020-01-19 23:00:00,77.29284664787032,0.0,0.12,0.432567756262175,0.432567756262175,0.0,0.0,0.0,-0.0,77.29284664787032,9.275141597744438,0.0,-9.275141597744438
2020-01-20 00:00:00,76.87417886827379,0.0,0.1,0.432567756262175,0.432567756262175,0.0,0.0,0.0,-0.0,76.87417886827379,7.6874178868273795,0.0,-7.6874178868273795
2020-01-20 01:00:00,75.4434381309362,0.0,0.1,0.432567756262175,0.432567756262175,0.0,0.0,0.0,-0.0,75.4434381309362,7.5443438130936205,0.0,-7.5443438130936205
2020-01-20 02:00:00,74.65956473959798,0.0,0.1,0.432567756262175,0.432567756262175,0.0,0.0,0.0,-0.0,74.65956473959798,7.465956473959799,0.0,-7.465956473959799
2020-01-20 03:00:00,76.15755827802967,0.0,0.1,0.432567756262175,0.432567756262175,0.0,0.0,0.0,-0.0,76.15755827802967,7.615755827802968,0.0,-7.615755827802968
2020-01-20 04:00:00,75.66476328847376,0.0,0.1,0.432567756262175,0.9,246.01697038832899,246.01697038832899,246.01697038832899,0.0,321.68173367680276,32.168173367680275,9.3486448747565,-41.51681824243678
2020-01-20 05:00:00,75.42958590762083,0.0,0.1,0.9,0.9,0.0,0.0,0.0,-0.0,75.42958590762083,7.542958590762083,0.0,-7.542958590762083
2020-01-20 06:00:00,75.52562772070654,0.0,0.1,0.9,0.9,0.0,0.0,0.0,-0.0,75.52562772070654,7.5525627720706545,0.0,-7.5525627720706545
2020-01-20 07:00:00,83.10078950457692,1.2408506749740393,0.18,0.9,0.9,0.0,0.0,0.0,-0.0,81.85993882960288,14.734788989328518,0.0,-14.734788989328518
2020-01-20 08:00:00,83.39361055008658,6.868961818181817,0.18,0.9,0.9,0.0,0.0,0.0,-0.0,76.52464873190476,13.774436771742856,0.0,-13.774436771742856
2020-01-20 09:00:00,78.31606475063298,13.48956923076923,0.18,0.9,0.9,0.0,0.0,0.0,-0.0,64.82649551986374,11.668769193575473,0.0,-11.668769193575473
2020-01-20 10:00:00,80.36870594409531,15.438900694444447,0.18,0.9,0.9,0.0,0.0,0.0,-0.0,64.92980524965087,11.687364944937157,0.0,-11.687364944937157
2020-01-20 11:00:00,78.8474364705405,20.419824848484847,0.18,0.9,0.9,0.0,0.0,0.0,-0.0,58.42761162205565,10.516970091970016,0.0,-10.516970091970016
2020-01-20 12:00:00,78.90615668556471,28.984051666666666,0.18,0.9,0.9,0.0,0.0,0.0,-0.0,49.922105018898044,8.985978903401648,0.0,-8.985978903401648
2020-01-20 13:00:00,81.39676735059423,36.9004425,0.18,0.9,0.9,0.0,0.0,0.0,-0.0,44.496324850594235,8.009338473106961,0.0,-8.009338473106961
2020-01-20 14:00:00,79.46634182276058,17.11638,0.18,0.9,0.9,0.0,0.0,0.0,-0.0,62.349961822760584,11.222993128096904,0.0,-11.222993128096904
2020-01-20 15:00:00,75.52651083178725,12.9878791025641,0.18,0.9,0.9,0.0,0.0,0.0,-0.0,62.53863172922315,11.256953711260167,0.0,-11.256953711260167
2020-01-20 16:00:00,79.88055200604462,5.046785555555555,0.32,0.9,0.7424552285252862,-74.83376645048907,-74.83376645048907,0.0,74.83376645048907,0.0,0.0,3.150895429494276,-3.150895429494276
2020-01-20 17:00:00,79.73417815002351,1.0523454545454545,0.32,0.7424552285252862,0.5768092649558587,-78.68183269547805,-78.68183269547805,0.0,78.68183269547805,0.0,0.0,3.3129192713885502,-3.3129192713885502
2020-01-20 18:00:00,80.35483325295803,0.0,0.32,0.5768092649558587,0.40764119494963125,-80.35483325295803,-80.35483325295803,0.0,80.35483325295803,0.0,0.0,3.3833614001245493,-3.3833614001245493
2020-01-20 19:00:00,78.23496304240493,0.0,0.32,0.40764119494963125,0.24293600959719983,-78.23496304240493,-78.23496304240493,0.0,78.23496304240493,0.0,0.0,3.2941037070486283,-3.2941037070486283
2020-01-20 20:00:00,82.53429266097808,0.0,0.32,0.24293600959719983,0.1,-67.89460455866991,-67.89460455866991,0.0,67.89460455866991,14.63968810230817,4.684700192738615,2.8587201919439966,-7.543420384682611
2020-01-20 21:00:00,78.82376627174837,0.0,0.32,0.1,0.1,0.0,0.0,0.0,-0.0,78.82376627174837,25.22360520695948,0.0,-25.22360520695948
2020-01-20 22:00:00,77.7386221025902,0.0,0.1,0.1,0.1,0.0,0.0,0.0,-0.0,77.7386221025902,7.77386221025902,0.0,-7.77386221025902
2020-01-20 23:00:00,76.74901416060045,0.0,0.1,0.1,0.1,0.0,0.0,0.0,-0.0,76.74901416060045,7.674901416060045,0.0,-7.674901416060045
2020-01-21 00:00:00,75.39143609812905,0.0,0.1,0.1,0.1,0.0,0.0,0.0,-0.0,75.39143609812905,7.539143609812905,0.0,-7.539143609812905
2020-01-21 01:00:00,77.19264868958994,0.0,0.1,0.1,0.1,0.0,0.0,0.0,-0.0,77.19264868958994,7.719264868958994,0.0,-7.719264868958994
2020-01-21 02:00:00,77.60201016555446,0.0,0.1,0.1,0.1,0.0,0.0,0.0,-0.0,77.60201016555446,7.760201016555446,0.0,-7.760201016555446
2020-01-21 03:00:00,78.56643043890394,0.0,0.1,0.1,0.1,0.0,0.0,0.0,-0.0,78.56643043890394,7.856643043890394,0.0,-7.856643043890394
2020-01-21 04:00:00,76.06110174236927,0.0,0.1,0.1,0.1,0.0,0.0,0.0,-0.0,76.06110174236927,7.606110174236928,0.0,-7.606110174236928
2020-01-21 05:00:00,81.42143568149426,0.0,0.1,0.1,0.575,250.0,250.0,250.0,0.0,331.42143568149424,33.14214356814943,9.5,-42.64214356814943
2020-01-21 06:00:00,78.93291793182578,0.0,0.1,0.575,0.9,171.0526315789474,171.0526315789474,171.0526315789474,0.0,249.98554951077318,24.99855495107732,6.500000000000002,-31.498554951077324
2020-01-21 07:00:00,88.21296624099041,0.47955607476635514,0.18,0.9,0.9,0.0,0.0,0.0,-0.0,87.73341016622406,15.79201382992033,0.0,-15.79201382992033
2020-01-21 08:00:00,89.01665696727923,8.525688323421129,0.18,0.9,0.9,0.0,0.0,0.0,-0.0,80.49096864385811,14.488374355894459,0.0,-14.488374355894459
2020-01-21 09:00:00,94.02172832189237,29.025932179487178,0.18,0.9,0.9,0.0,0.0,0.0,-0.0,64.9957961424052,11.699243305632935,0.0,-11.699243305632935
2020-01-21 10:00:00,98.74703415555398,35.332446527777776,0.18,0.9,0.9,0.0,0.0,0.0,-0.0,63.4145876277762,11.414625772999715,0.0,-11.414625772999715
2020-01-21 11:00:00,99.70214049948036,35.06463909090909,0.18,0.9,0.9,0.0,0.0,0.0,-0.0,64.63750140857127,11.634750253542828,0.0,-11.634750253542828
2020-01-21 12:00:00,93.04008759215942,25.921006666666663,0.18,0.9,0.9,0.0,0.0,0.0,-0.0,67.11908092549277,12.081434566588698,0.0,-12.081434566588698
2020-01-21 13:00:00,88.71565532934657,15.844512083333333,0.18,0.9,0.9,0.0,0.0,0.0,-0.0,72.87114324601325,13.116805784282384,0.0,-13.116805784282384
2020-01-21 14:00:00,83.11808761004073,16.885682954545455,0.18,0.9,0.9,0.0,0.0,0.0,-0.0,66.23240465549527,11.921832837989149,0.0,-11.921832837989149
2020-01-21 15:00:00,84.95441432057873,8.346961666666667,0.18,0.9,0.9,0.0,0.0,0.0,-0.0,76.60745265391206,13.789341477704172,0.0,-13.789341477704172
2020-01-21 16:00:00,81.06603319106735,5.942972013888888,0.32,0.9,0.7418461869954138,-75.12306117717846,-75.12306117717846,0.0,75.12306117717846,0.0,0.0,3.163076260091724,-3.163076260091724
2020-01-21 17:00:00,75.34138294666435,0.1092806570376664,0.32,0.7418461869954138,0.5834628137540945,-75.23210228962668,-75.23210228962668,0.0,75.23210228962668,0.0,0.0,3.167667464826387,-3.167667464826387
2020-01-21 18:00:00,76.2881383167711,0.0,0.32,0.5834628137540945,0.42582899942599484,-74.87606180584733,-74.87606180584733,0.0,74.87606180584733,1.412076510923768,0.4518644834956058,3.152676286561993,-3.6045407700575987
2020-01-21 19:00:00,79.21772391321186,0.0,0.32,0.42582899942599484,0.25905484381923305,-79.21772391321186,-79.21772391321186,0.0,79.21772391321186,0.0,0.0,3.3354831121352357,-3.3354831121352357
2020-01-21 20:00:00,75.55105081413568,0.0,0.32,0.25905484381923305,0.10000000000000003,-75.55105081413568,-75.55105081413568,0.0,75.55105081413568,0.0,0.0,3.18109687638466,-3.18109687638466
2020-01-21 21:00:00,71.17523865569544,0.0,0.32,0.10000000000000003,0.10000000000000003,0.0,0.0,0.0,-0.0,71.17523865569544,22.77607636982254,0.0,-22.77607636982254
2020-01-21 22:00:00,68.8612025636574,0.0,0.1,0.10000000000000003,0.10000000000000003,0.0,0.0,0.0,-0.0,68.8612025636574,6.88612025636574,0.0,-6.88612025636574
2020-01-21 23:00:00,68.63330388095768,0.0,0.1,0.10000000000000003,0.10000000000000003,0.0,0.0,0.0,-0.0,68.63330388095768,6.863330388095768,0.0,-6.863330388095768
2020-01-22 00:00:00,69.0985870108028,0.0,0.1,0.10000000000000003,0.10000000000000003,0.0,0.0,0.0,-0.0,69.0985870108028,6.909858701080281,0.0,-6.909858701080281
2020-01-22 01:00:00,67.88940952783882,0.0,0.1,0.10000000000000003,0.10000000000000003,0.0,0.0,0.0,-0.0,67.88940952783882,6.788940952783882,0.0,-6.788940952783882
2020-01-22 02:00:00,67.00318792992742,0.0,0.1,0.10000000000000003,0.10000000000000003,0.0,0.0,0.0,-0.0,67.00318792992742,6.700318792992743,0.0,-6.700318792992743
2020-01-22 03:00:00,68.57161553485653,0.0,0.1,0.10000000000000003,0.10000000000000003,0.0,0.0,0.0,-0.0,68.57161553485653,6.857161553485653,0.0,-6.857161553485653
2020-01-22 04:00:00,69.21118101550653,0.0,0.1,0.10000000000000003,0.4250000000000001,171.0526315789474,171.0526315789474,171.0526315789474,0.0,240.26381259445392,24.026381259445394,6.500000000000002,-30.526381259445394
2020-01-22 05:00:00,73.56051591318874,0.0,0.1,0.4250000000000001,0.4250000000000001,0.0,0.0,0.0,-0.0,73.56051591318874,7.356051591318874,0.0,-7.356051591318874
2020-01-22 06:00:00,68.35651328008258,0.0,0.1,0.4250000000000001,0.9,250.0,249.99999999999997,249.99999999999997,0.0,318.35651328008254,31.835651328008254,9.499999999999998,-41.335651328008254
2020-01-22 07:00:00,73.106145874589,1.546696884735203,0.18,0.9,0.9,0.0,0.0,0.0,-0.0,71.5594489898538,12.880700818173684,0.0,-12.880700818173684
2020-01-22 08:00:00,98.57380390767854,11.756539393939393,0.18,0.9,0.9,0.0,0.0,0.0,-0.0,86.81726451373915,15.627107612473045,0.0,-15.627107612473045
2020-01-22 09:00:00,77.66780366585441,28.167093974358977,0.18,0.9,0.9,0.0,0.0,0.0,-0.0,49.50070969149543,8.910127744469177,0.0,-8.910127744469177
2020-01-22 10:00:00,88.34968986317575,35.479418333333335,0.18,0.9,0.9,0.0,0.0,0.0,-0.0,52.87027152984242,9.516648875371635,0.0,-9.516648875371635
2020-01-22 11:00:00,97.81782866490374,95.57728636363636,0.18,0.9,0.9,0.0,0.0,0.0,-0.0,2.240542301267382,0.40329761422812876,0.0,-0.40329761422812876
2020-01-22 12:00:00,112.6789685244547,104.59799615384615,0.18,0.9,0.9,0.0,0.0,0.0,-0.0,8.08097237060855,1.4545750267095388,0.0,-1.4545750267095388
2020-01-22 13:00:00,120.2113919668737,89.70730833333334,0.18,0.9,0.9,0.0,0.0,0.0,-0.0,30.50408363354036,5.490735054037264,0.0,-5.490735054037264
2020-01-22 14:00:00,118.69109666849094,78.11104545454545,0.18,0.9,0.9,0.0,0.0,0.0,-0.0,40.580051213945495,7.304409218510189,0.0,-7.304409218510189
2020-01-22 15:00:00,133.06117704283216,47.555184615384626,0.18,0.9,0.9,0.0,0.0,0.0,-0.0,85.50599242744752,15.391078636940554,0.0,-15.391078636940554
2020-01-22 16:00:00,91.36479703836494,13.088116666666666,0.32,0.9,0.7352069886911615,-78.27668037169828,-78.27668037169828,0.0,78.27668037169828,0.0,0.0,3.29586022617677,-3.29586022617677
2020-01-22 17:00:00,78.39902076758759,0.23797530444633247,0.32,0.7352069886911615,0.5706574192950746,-78.16104546314125,-78.16104546314125,0.0,78.16104546314125,0.0,0.0,3.290991387921738,-3.290991387921738
2020-01-22 18:00:00,77.04400936402223,0.0,0.32,0.5706574192950746,0.40845950484450155,-77.04400936402223,-77.04400936402223,0.0,77.04400936402223,0.0,0.0,3.2439582890114615,-3.2439582890114615
2020-01-22 19:00:00,75.59054377330936,0.0,0.32,0.40845950484450155,0.24932151795332394,-75.59054377330936,-75.59054377330936,0.0,75.59054377330936,0.0,0.0,3.1827597378235524,-3.1827597378235524
2020-01-22 20:00:00,74.6837810919688,0.0,0.32,0.24932151795332394,0.24932151795332394,0.0,0.0,0.0,-0.0,74.6837810919688,23.898809949430017,0.0,-23.898809949430017
2020-01-22 21:00:00,71.96992117405648,0.0,0.32,0.24932151795332394,0.1,-70.92772102782887,-70.92772102782887,0.0,70.92772102782887,1.0422001462276143,0.3335040467928366,2.9864303590664787,-3.3199344058593154
2020-01-22 22:00:00,71.79547213108295,0.0,0.1,0.1,0.1,0.0,0.0,0.0,-0.0,71.79547213108295,7.179547213108295,0.0,-7.179547213108295
2020-01-22 23:00:00,70.41618395357371,0.0,0.1,0.1,0.1,0.0,0.0,0.0,-0.0,70.41618395357371,7.041618395357371,0.0,-7.041618395357371
2020-01-23 00:00:00,68.79621468968254,0.0,0.1,0.1,0.1,0.0,0.0,0.0,-0.0,68.79621468968254,6.879621468968255,0.0,-6.879621468968255
2020-01-23 01:00:00,69.8228666636438,0.0,0.1,0.1,0.1,0.0,0.0,0.0,-0.0,69.8228666636438,6.98228666636438,0.0,-6.98228666636438
2020-01-23 02:00:00,69.84033777712237,0.0,0.1,0.1,0.1,0.0,0.0,0.0,-0.0,69.84033777712237,6.984033777712238,0.0,-6.984033777712238
2020-01-23 03:00:00,70.42929962474747,0.0,0.1,0.1,0.1,0.0,0.0,0.0,-0.0,70.42929962474747,7.042929962474748,0.0,-7.042929962474748
2020-01-23 04:00:00,68.27423153998457,0.0,0.1,0.1,0.1,0.0,0.0,0.0,-0.0,68.27423153998457,6.827423153998457,0.0,-6.827423153998457
2020-01-23 05:00:00,69.9892608552531,0.0,0.1,0.1,0.42500000000000004,171.0526315789474,171.0526315789474,171.0526315789474,0.0,241.0418924342005,24.104189243420052,6.500000000000002,-30.604189243420052
2020-01-23 06:00:00,71.28239615637435,0.0,0.1,0.42500000000000004,0.9,250.0,250.0,250.0,0.0,321.2823961563744,32.12823961563744,9.5,-41.62823961563744
2020-01-23 07:00:00,88.93629963228689,3.554483143821392,0.18,0.9,0.9,0.0,0.0,0.0,-0.0,85.3818164884655,15.36872696792379,0.0,-15.36872696792379
2020-01-23 08:00:00,92.46447302179371,27.05139712121212,0.18,0.9,0.9,0.0,0.0,0.0,-0.0,65.41307590058159,11.774353662104685,0.0,-11.774353662104685
2020-01-23 09:00:00,100.1663768212436,34.6981067948718,0.18,0.9,0.9,0.0,0.0,0.0,-0.0,65.46827002637181,11.784288604746926,0.0,-11.784288604746926
2020-01-23 10:00:00,97.54032425024,50.195402083333335,0.18,0.9,0.9,0.0,0.0,0.0,-0.0,47.34492216690667,8.5220859900432,0.0,-8.5220859900432
2020-01-23 11:00:00,98.97200680173567,78.5080406060606,0.18,0.9,0.9,0.0,0.0,0.0,-0.0,20.46396619567507,3.6835139152215124,0.0,-3.6835139152215124
2020-01-23 12:00:00,87.54790751404803,57.787370512820516,0.18,0.9,0.9,0.0,0.0,0.0,-0.0,29.76053700122752,5.356896660220953,0.0,-5.356896660220953
2020-01-23 13:00:00,87.50541424428228,31.672454166666668,0.18,0.9,0.9,0.0,0.0,0.0,-0.0,55.83296007761561,10.049932813970809,0.0,-10.049932813970809
2020-01-23 14:00:00,80.05445832931939,27.7424403030303,0.18,0.9,0.9,0.0,0.0,0.0,-0.0,52.31201802628909,9.416163244732035,0.0,-9.416163244732035
2020-01-23 15:00:00,82.59646200444571,25.430186153846154,0.18,0.9,0.9,0.0,0.0,0.0,-0.0,57.16627585059956,10.28992965310792,0.0,-10.28992965310792
2020-01-23 16:00:00,82.62334128758856,6.958575555555556,0.32,0.9,0.7407057563536148,-75.664765732033,-75.664765732033,0.0,75.664765732033,0.0,0.0,3.1858848729277045,-3.1858848729277045
2020-01-23 17:00:00,75.00779719262248,0.17670914755026904,0.32,0.7407057563536148,0.583166623627147,-74.8310880450722,-74.8310880450722,0.0,74.8310880450722,0.0,0.0,3.150782654529356,-3.150782654529356
2020-01-23 18:00:00,75.20063162203697,0.0,0.32,0.583166623627147,0.4248495044228586,-75.20063162203697,-75.20063162203697,0.0,75.20063162203697,0.0,0.0,3.1663423840857674,-3.1663423840857674
2020-01-23 19:00:00,76.9933933018569,0.0,0.32,0.4248495044228586,0.2627581501031599,-76.9933933018569,-76.9933933018569,0.0,76.9933933018569,0.0,0.0,3.2418270863939744,-3.2418270863939744
2020-01-23 20:00:00,74.6797522417036,0.0,0.32,0.2627581501031599,0.10553761906799441,-74.6797522417036,-74.6797522417036,0.0,74.6797522417036,0.0,0.0,3.14441062070331,-3.14441062070331
2020-01-23 21:00:00,71.433899635006,0.0,0.32,0.10553761906799441,0.1,-2.6303690572973575,-2.6303690572973446,0.0,2.6303690572973446,68.80353057770866,22.01712978486677,0.11075238135988819,-22.12788216622666
2020-01-23 22:00:00,71.63526115332976,0.0,0.1,0.1,0.1,0.0,0.0,0.0,-0.0,71.63526115332976,7.163526115332977,0.0,-7.163526115332977
2020-01-23 23:00:00,71.84434853680601,0.0,0.1,0.1,0.1,0.0,0.0,0.0,-0.0,71.84434853680601,7.184434853680601,0.0,-7.184434853680601
2020-01-24 00:00:00,70.2545888348549,0.0,0.1,0.1,0.1,0.0,0.0,0.0,-0.0,70.2545888348549,7.0254588834854905,0.0,-7.0254588834854905
2020-01-24 01:00:00,69.62399041930387,0.0,0.1,0.1,0.1,0.0,0.0,0.0,-0.0,69.62399041930387,6.962399041930387,0.0,-6.962399041930387
2020-01-24 02:00:00,69.71193447145191,0.0,0.1,0.1,0.1,0.0,0.0,0.0,-0.0,69.71193447145191,6.9711934471451915,0.0,-6.9711934471451915
2020-01-24 03:00:00,70.68771654288709,0.0,0.1,0.1,0.1,0.0,0.0,0.0,-0.0,70.68771654288709,7.068771654288709,0.0,-7.068771654288709
2020-01-24 04:00:00,69.95904218658157,0.0,0.1,0.1,0.1,0.0,0.0,0.0,-0.0,69.95904218658157,6.995904218658158,0.0,-6.995904218658158
2020-01-24 05:00:00,70.70764402313047,0.0,0.1,0.1,0.575,250.0,250.0,250.0,0.0,320.70764402313046,32.070764402313046,9.5,-41.570764402313046
2020-01-24 06:00:00,70.38943090907493,0.0,0.1,0.575,0.851956612918283,145.7666383780437,145.7666383780437,145.7666383780437,0.0,216.1560692871186,21.615606928711863,5.53913225836566,-27.154739187077524
2020-01-24 07:00:00,83.55444328535997,5.425628194444445,0.18,0.851956612918283,0.851956612918283,0.0,0.0,0.0,-0.0,78.12881509091552,14.063186716364793,0.0,-14.063186716364793
2020-01-24 08:00:00,80.99662176725386,42.24507515151515,0.18,0.851956612918283,0.851956612918283,0.0,0.0,0.0,-0.0,38.751546615738704,6.975278390832966,0.0,-6.975278390832966
2020-01-24 09:00:00,85.65053534885345,64.79047410256409,0.18,0.851956612918283,0.851956612918283,0.0,0.0,0.0,-0.0,20.860061246289362,3.754811024332085,0.0,-3.754811024332085
2020-01-24 10:00:00,88.48729468039888,84.51427083333333,0.18,0.851956612918283,0.851956612918283,0.0,0.0,0.0,-0.0,3.973023847065548,0.7151442924717986,0.0,-0.7151442924717986
2020-01-24 11:00:00,87.79068222223519,86.27353484848484,0.18,0.851956612918283,0.851956612918283,0.0,0.0,0.0,-0.0,1.5171473737503476,0.27308652727506255,0.0,-0.27308652727506255
2020-01-24 12:00:00,77.7390747478142,103.02506794871793,0.18,0.851956612918283,0.9,25.285993200903732,25.28599320090372,25.28599320090372,0.0,-1.0658141036401503e-14,0.0,0.9608677416343414,-0.9608677416343414
2020-01-24 13:00:00,84.89615649275962,82.04215694444444,0.18,0.9,0.9,0.0,0.0,0.0,-0.0,2.8539995483151728,0.5137199186967311,0.0,-0.5137199186967311
2020-01-24 14:00:00,91.22163663959263,50.592044848484846,0.18,0.9,0.9,0.0,0.0,0.0,-0.0,40.629591791107785,7.313326522399401,0.0,-7.313326522399401
2020-01-24 15:00:00,84.40554226836736,21.54756871794872,0.18,0.9,0.9,0.0,0.0,0.0,-0.0,62.857973550418635,11.314435239075355,0.0,-11.314435239075355
2020-01-24 16:00:00,78.8438341635022,4.626839722222223,0.32,0.9,0.7437536959130948,-74.21699444127997,-74.21699444127997,0.0,74.21699444127997,0.0,0.0,3.124926081738104,-3.124926081738104
2020-01-24 17:00:00,79.26293485260807,0.3650438969130558,0.32,0.7437536959130948,0.5776528728484738,-78.89789095569502,-78.89789095569502,0.0,78.89789095569502,0.0,0.0,3.322016461292421,-3.322016461292421
2020-01-24 18:00:00,75.51967686650725,0.0,0.32,0.5776528728484738,0.4186640794453006,-75.51967686650725,-75.51967686650725,0.0,75.51967686650725,0.0,0.0,3.1797758680634636,-3.1797758680634636
2020-01-24 19:00:00,75.58889769055023,0.0,0.32,0.4186640794453006,0.2595295579915107,-75.58889769055023,-75.58889769055023,0.0,75.58889769055023,0.0,0.0,3.1826904290757985,-3.1826904290757985
2020-01-24 20:00:00,75.37334321979051,0.0,0.32,0.2595295579915107,0.10084883542353065,-75.37334321979051,-75.37334321979051,0.0,75.37334321979051,0.0,0.0,3.1736144513596005,-3.1736144513596005
2020-01-24 21:00:00,73.8143630622714,0.0,0.32,0.10084883542353065,0.1,-0.40319682617705743,-0.40319682617705743,0.0,0.40319682617705743,73.41116623609435,23.491573195550192,0.016976708470612945,-23.508549904020803
2020-01-24 22:00:00,73.65177955422104,0.0,0.1,0.1,0.1,0.0,0.0,0.0,-0.0,73.65177955422104,7.365177955422104,0.0,-7.365177955422104
2020-01-24 23:00:00,70.76318476534944,0.0,0.1,0.1,0.1,0.0,0.0,0.0,-0.0,70.76318476534944,7.076318476534944,0.0,-7.076318476534944
2020-01-25 00:00:00,70.20210261043177,0.0,0.12,0.1,0.1,0.0,0.0,0.0,-0.0,70.20210261043177,8.424252313251811,0.0,-8.424252313251811
2020-01-25 01:00:00,70.05576944253853,0.0,0.12,0.1,0.1,0.0,0.0,0.0,-0.0,70.05576944253853,8.406692333104624,0.0,-8.406692333104624
2020-01-25 02:00:00,72.38286597788289,0.0,0.12,0.1,0.1,0.0,0.0,0.0,-0.0,72.38286597788289,8.685943917345947,0.0,-8.685943917345947
2020-01-25 03:00:00,70.57405248195563,0.0,0.12,0.1,0.1,0.0,0.0,0.0,-0.0,70.57405248195563,8.468886297834676,0.0,-8.468886297834676
2020-01-25 04:00:00,69.71987854328368,0.0,0.12,0.1,0.1,0.0,0.0,0.0,-0.0,69.71987854328368,8.366385425194041,0.0,-8.366385425194041
2020-01-25 05:00:00,72.60274880063795,0.0,0.12,0.1,0.1,0.0,0.0,0.0,-0.0,72.60274880063795,8.712329856076554,0.0,-8.712329856076554
2020-01-25 06:00:00,70.74751147289008,0.0,0.12,0.1,0.1,0.0,0.0,0.0,-0.0,70.74751147289008,8.48970137674681,0.0,-8.48970137674681
2020-01-25 07:00:00,71.38767099351274,2.090465446521288,0.12,0.1,0.1,0.0,0.0,0.0,-0.0,69.29720554699145,8.315664665638973,0.0,-8.315664665638973
2020-01-25 08:00:00,76.3147085030021,31.868573939393944,0.12,0.1,0.1,0.0,0.0,0.0,-0.0,44.446134563608155,5.333536147632978,0.0,-5.333536147632978
2020-01-25 09:00:00,79.70198217527833,49.58616051282051,0.12,0.1,0.1,0.0,0.0,0.0,-0.0,30.11582166245782,3.613898599494938,0.0,-3.613898599494938
2020-01-25 10:00:00,81.43490381781567,61.320517361111115,0.12,0.1,0.1,0.0,0.0,0.0,-0.0,20.11438645670455,2.413726374804546,0.0,-2.413726374804546
2020-01-25 11:00:00,81.43385010587413,47.48925121212121,0.12,0.1,0.1,0.0,0.0,0.0,-0.0,33.94459889375292,4.07335186725035,0.0,-4.07335186725035
2020-01-25 12:00:00,67.10178840818963,36.22418,0.12,0.1,0.1,0.0,0.0,0.0,-0.0,30.877608408189637,3.705313008982756,0.0,-3.705313008982756
2020-01-25 13:00:00,74.30396176172817,88.53669166666667,0.12,0.1,0.12704218681938315,14.232729904938495,14.232729904938495,14.232729904938495,0.0,0.0,0.0,0.5408437363876628,-0.5408437363876628
2020-01-25 14:00:00,76.79176885421488,62.44451545454546,0.12,0.12704218681938315,0.12704218681938315,0.0,0.0,0.0,-0.0,14.34725339966942,1.7216704079603302,0.0,-1.7216704079603302
2020-01-25 15:00:00,78.09831237218815,26.31931269230769,0.12,0.12704218681938315,0.12704218681938315,0.0,0.0,0.0,-0.0,51.77899967988046,6.213479961585654,0.0,-6.213479961585654
2020-01-25 16:00:00,73.43770729080667,8.93689388888889,0.12,0.12704218681938315,0.12704218681938315,0.0,0.0,0.0,-0.0,64.50081340191778,7.740097608230133,0.0,-7.740097608230133
2020-01-25 17:00:00,69.05697254480157,0.08489379779099405,0.12,0.12704218681938315,0.12704218681938315,0.0,0.0,0.0,-0.0,68.97207874701057,8.276649449641269,0.0,-8.276649449641269
2020-01-25 18:00:00,71.21822910599332,0.0,0.12,0.12704218681938315,0.12704218681938315,0.0,0.0,0.0,-0.0,71.21822910599332,8.546187492719199,0.0,-8.546187492719199
2020-01-25 19:00:00,72.71816806469532,0.0,0.12,0.12704218681938315,0.12704218681938315,0.0,0.0,0.0,-0.0,72.71816806469532,8.726180167763438,0.0,-8.726180167763438
2020-01-25 20:00:00,70.79524853160605,0.0,0.12,0.12704218681938315,0.12704218681938315,0.0,0.0,0.0,-0.0,70.79524853160605,8.495429823792726,0.0,-8.495429823792726
2020-01-25 21:00:00,72.3779758780536,0.0,0.12,0.12704218681938315,0.12704218681938315,0.0,0.0,0.0,-0.0,72.3779758780536,8.685357105366432,0.0,-8.685357105366432
2020-01-25 22:00:00,72.56807142171198,0.0,0.12,0.12704218681938315,0.12704218681938315,0.0,0.0,0.0,-0.0,72.56807142171198,8.708168570605437,0.0,-8.708168570605437
2020-01-25 23:00:00,71.29835778938008,0.0,0.12,0.12704218681938315,0.12704218681938315,0.0,0.0,0.0,-0.0,71.29835778938008,8.555802934725609,0.0,-8.555802934725609
2020-01-26 00:00:00,71.57730308426119,0.0,0.12,0.12704218681938315,0.12704218681938315,0.0,0.0,0.0,-0.0,71.57730308426119,8.589276370111342,0.0,-8.589276370111342
2020-01-26 01:00:00,69.40348670310621,0.0,0.12,0.12704218681938315,0.12704218681938315,0.0,0.0,0.0,-0.0,69.40348670310621,8.328418404372744,0.0,-8.328418404372744
2020-01-26 02:00:00,68.35795075151688,0.0,0.12,0.12704218681938315,0.12704218681938315,0.0,0.0,0.0,-0.0,68.35795075151688,8.202954090182025,0.0,-8.202954090182025
2020-01-26 03:00:00,72.24783358417132,0.0,0.12,0.12704218681938315,0.12704218681938315,0.0,0.0,0.0,-0.0,72.24783358417132,8.669740030100558,0.0,-8.669740030100558
2020-01-26 04:00:00,69.52775997090852,0.0,0.12,0.12704218681938315,0.12704218681938315,0.0,0.0,0.0,-0.0,69.52775997090852,8.343331196509022,0.0,-8.343331196509022
2020-01-26 05:00:00,70.23014007166006,0.0,0.12,0.12704218681938315,0.12704218681938315,0.0,0.0,0.0,-0.0,70.23014007166006,8.427616808599208,0.0,-8.427616808599208
2020-01-26 06:00:00,69.66839913108473,0.0,0.12,0.12704218681938315,0.12704218681938315,0.0,0.0,0.0,-0.0,69.66839913108473,8.360207895730166,0.0,-8.360207895730166
2020-01-26 07:00:00,71.14136339144439,4.497057792056075,0.12,0.12704218681938315,0.12704218681938315,0.0,0.0,0.0,-0.0,66.64430559938832,7.997316671926598,0.0,-7.997316671926598
2020-01-26 08:00:00,72.286270929878,42.98861060606061,0.12,0.12704218681938315,0.12704218681938315,0.0,0.0,0.0,-0.0,29.29766032381739,3.5157192388580865,0.0,-3.5157192388580865
2020-01-26 09:00:00,78.14829174354671,82.33190512820512,0.12,0.12704218681938315,0.13499105225023414,4.183613384658415,4.183613384658415,4.183613384658415,0.0,0.0,0.0,0.15897730861701986,-0.15897730861701986
2020-01-26 10:00:00,80.74705770117372,105.37105833333334,0.12,0.13499105225023414,0.18177665345133742,24.62400063215962,24.62400063215962,24.62400063215962,0.0,0.0,0.0,0.9357120240220657,-0.9357120240220657
2020-01-26 11:00:00,84.27918489427836,115.47474545454544,0.12,0.18177665345133742,0.24104821851584488,31.195560560267083,31.195560560267083,31.195560560267083,0.0,0.0,0.0,1.1854313012901492,-1.1854313012901492
2020-01-26 12:00:00,69.97962623257885,115.0333782051282,0.12,0.24104821851584488,0.32665034726368863,45.05375197254935,45.05375197254935,45.05375197254935,0.0,0.0,0.0,1.7120425749568753,-1.7120425749568753
2020-01-26 13:00:00,71.37582481829695,86.86540666666667,0.12,0.32665034726368863,0.3560805527755911,15.489581848369724,15.489581848369724,15.489581848369724,0.0,0.0,0.0,0.588604110238049,-0.588604110238049
2020-01-26 14:00:00,76.4061235153378,79.48274424242423,0.12,0.3560805527755911,0.3619261321570553,3.0766207270864356,3.0766207270864356,3.0766207270864356,0.0,0.0,0.0,0.11691158762928477,-0.11691158762928477
2020-01-26 15:00:00,76.98585993706848,54.304217692307695,0.12,0.3619261321570553,0.3619261321570553,0.0,0.0,0.0,-0.0,22.681642244760788,2.7217970693712945,0.0,-2.7217970693712945
2020-01-26 16:00:00,77.11196871914126,14.491817083333332,0.12,0.3619261321570553,0.3619261321570553,0.0,0.0,0.0,-0.0,62.62015163580793,7.514418196296951,0.0,-7.514418196296951
2020-01-26 17:00:00,71.46048983790625,0.8201454545454546,0.12,0.3619261321570553,0.3619261321570553,0.0,0.0,0.0,-0.0,70.6403443833608,8.476841326003296,0.0,-8.476841326003296
2020-01-26 18:00:00,73.40944371700019,0.0,0.12,0.3619261321570553,0.3619261321570553,0.0,0.0,0.0,-0.0,73.40944371700019,8.809133246040021,0.0,-8.809133246040021
2020-01-26 19:00:00,74.54270901427834,0.0,0.12,0.3619261321570553,0.3619261321570553,0.0,0.0,0.0,-0.0,74.54270901427834,8.945125081713401,0.0,-8.945125081713401
2020-01-26 20:00:00,70.84274176636956,0.0,0.12,0.3619261321570553,0.3619261321570553,0.0,0.0,0.0,-0.0,70.84274176636956,8.501129011964347,0.0,-8.501129011964347
2020-01-26 21:00:00,74.79312704877609,0.0,0.12,0.3619261321570553,0.3619261321570553,0.0,0.0,0.0,-0.0,74.79312704877609,8.97517524585313,0.0,-8.97517524585313
2020-01-26 22:00:00,72.59561070935187,0.0,0.12,0.3619261321570553,0.3619261321570553,0.0,0.0,0.0,-0.0,72.59561070935187,8.711473285122224,0.0,-8.711473285122224
2020-01-26 23:00:00,70.54190094636611,0.0,0.12,0.3619261321570553,0.3619261321570553,0.0,0.0,0.0,-0.0,70.54190094636611,8.465028113563934,0.0,-8.465028113563934
2020-01-27 00:00:00,71.27746725716919,0.0,0.1,0.3619261321570553,0.3619261321570553,0.0,0.0,0.0,-0.0,71.27746725716919,7.12774672571692,0.0,-7.12774672571692
2020-01-27 01:00:00,70.85354381412814,0.0,0.1,0.3619261321570553,0.3619261321570553,0.0,0.0,0.0,-0.0,70.85354381412814,7.085354381412815,0.0,-7.085354381412815
2020-01-27 02:00:00,70.70094566850649,0.0,0.1,0.3619261321570553,0.3619261321570553,0.0,0.0,0.0,-0.0,70.70094566850649,7.070094566850649,0.0,-7.070094566850649
2020-01-27 03:00:00,70.66255776868992,0.0,0.1,0.3619261321570553,0.3619261321570553,0.0,0.0,0.0,-0.0,70.66255776868992,7.066255776868992,0.0,-7.066255776868992
2020-01-27 04:00:00,70.7399688791822,0.0,0.1,0.3619261321570553,0.3619261321570553,0.0,0.0,0.0,-0.0,70.7399688791822,7.07399688791822,0.0,-7.07399688791822
2020-01-27 05:00:00,70.40312351534448,0.0,0.1,0.3619261321570553,0.3619261321570553,0.0,0.0,0.0,-0.0,70.40312351534448,7.040312351534448,0.0,-7.040312351534448
2020-01-27 06:00:00,70.75246467642556,0.0,0.1,0.3619261321570553,0.8085485752101236,235.06444371214118,235.06444371214118,235.06444371214118,0.0,305.81690838856673,30.581690838856673,8.932448861061365,-39.51413969991804
2020-01-27 07:00:00,78.22115912111308,5.860196797767394,0.18,0.8085485752101236,0.8085485752101236,0.0,0.0,0.0,-0.0,72.36096232334569,13.024973218202224,0.0,-13.024973218202224
2020-01-27 08:00:00,84.20555652507042,30.889497878787882,0.18,0.8085485752101236,0.8085485752101236,0.0,0.0,0.0,-0.0,53.31605864628254,9.596890556330857,0.0,-9.596890556330857
2020-01-27 09:00:00,86.08219324366722,81.90965384615384,0.18,0.8085485752101236,0.8085485752101236,0.0,0.0,0.0,-0.0,4.1725393975133755,0.7510570915524075,0.0,-0.7510570915524075
2020-01-27 10:00:00,81.08059726393189,104.66554583333334,0.18,0.8085485752101236,0.8533599774919863,23.584948569401448,23.584948569401448,23.584948569401448,0.0,0.0,0.0,0.8962280456372551,-0.8962280456372551
2020-01-27 11:00:00,80.86912246120015,93.66801363636364,0.18,0.8533599774919863,0.877677870724797,12.79889117516349,12.79889117516349,12.79889117516349,0.0,0.0,0.0,0.4863578646562128,-0.4863578646562128
2020-01-27 12:00:00,95.75204552317246,107.50053461538461,0.18,0.877677870724797,0.9,11.748489092212154,11.748489092212132,11.748489092212132,0.0,-2.1316282072803006e-14,0.0,0.446442585504061,-0.446442585504061
2020-01-27 13:00:00,88.91347987481358,87.45960555555557,0.18,0.9,0.9,0.0,0.0,0.0,-0.0,1.4538743192580057,0.261697377466441,0.0,-0.261697377466441
2020-01-27 14:00:00,85.729542777286,58.73086060606061,0.18,0.9,0.9,0.0,0.0,0.0,-0.0,26.99868217122539,4.85976279082057,0.0,-4.85976279082057
2020-01-27 15:00:00,83.77739412029936,27.557851794871794,0.18,0.9,0.9,0.0,0.0,0.0,-0.0,56.21954232542757,10.119517618576962,0.0,-10.119517618576962
2020-01-27 16:00:00,82.68756222040265,10.94333201388889,0.32,0.9,0.748959515354708,-71.74423020651376,-71.74423020651376,0.0,71.74423020651376,0.0,0.0,3.0208096929058414,-3.0208096929058414
2020-01-27 17:00:00,79.65076296430908,0.24894647408666098,0.32,0.748959515354708,0.581797796427924,-79.40181649022242,-79.40181649022242,0.0,79.40181649022242,0.0,0.0,3.34323437853568,-3.34323437853568
2020-01-27 18:00:00,79.72603698627091,0.0,0.32,0.581797796427924,0.4139535080357747,-79.72603698627091,-79.72603698627091,0.0,79.72603698627091,0.0,0.0,3.3568857678429853,-3.3568857678429853
2020-01-27 19:00:00,79.12253224388773,0.0,0.32,0.4139535080357747,0.2648255440545355,-70.83578289108861,-70.83578289108861,0.0,70.83578289108861,8.28674935279912,2.6517597928957186,2.9825592796247835,-5.634319072520502
2020-01-27 20:00:00,78.29213342590437,0.0,0.32,0.2648255440545355,0.10000000000000003,-78.29213342590437,-78.29213342590435,0.0,78.29213342590435,1.4210854715202004e-14,4.547473508864641e-15,3.2965108810907093,-3.2965108810907138
2020-01-27 21:00:00,71.70491024541228,0.0,0.32,0.10000000000000003,0.10000000000000003,0.0,0.0,0.0,-0.0,71.70491024541228,22.94557127853193,0.0,-22.94557127853193
2020-01-27 22:00:00,71.8973069287156,0.0,0.1,0.10000000000000003,0.10000000000000003,0.0,0.0,0.0,-0.0,71.8973069287156,7.18973069287156,0.0,-7.18973069287156
2020-01-27 23:00:00,71.70432625858587,0.0,0.1,0.10000000000000003,0.10000000000000003,0.0,0.0,0.0,-0.0,71.70432625858587,7.170432625858587,0.0,-7.170432625858587
2020-01-28 00:00:00,70.01705887633301,0.0,0.1,0.10000000000000003,0.10000000000000003,0.0,0.0,0.0,-0.0,70.01705887633301,7.001705887633301,0.0,-7.001705887633301
2020-01-28 01:00:00,69.52254685457181,0.0,0.1,0.10000000000000003,0.10000000000000003,0.0,0.0,0.0,-0.0,69.52254685457181,6.952254685457182,0.0,-6.952254685457182
2020-01-28 02:00:00,70.91069262396333,0.0,0.1,0.10000000000000003,0.10000000000000003,0.0,0.0,0.0,-0.0,70.91069262396333,7.091069262396333,0.0,-7.091069262396333
2020-01-28 03:00:00,70.67512777255948,0.0,0.1,0.10000000000000003,0.10000000000000003,0.0,0.0,0.0,-0.0,70.67512777255948,7.067512777255948,0.0,-7.067512777255948
2020-01-28 04:00:00,72.16062136255051,0.0,0.1,0.10000000000000003,0.10000000000000003,-0.0,-0.0,-0.0,0.0,72.16062136255051,7.216062136255052,0.0,-7.216062136255052
2020-01-28 05:00:00,70.17667975029578,0.0,0.1,0.10000000000000003,0.4214694923884335,169.19446967812289,169.19446967812289,169.19446967812289,0.0,239.37114942841868,23.93711494284187,6.42938984776867,-30.36650479061054
2020-01-28 06:00:00,70.7116779270431,0.0,0.1,0.4214694923884335,0.8964694923884335,250.0,250.0,250.0,0.0,320.71167792704307,32.07116779270431,9.5,-41.57116779270431
2020-01-28 07:00:00,82.92831916937597,1.6300833333333333,0.18,0.8964694923884335,0.8964694923884335,0.0,0.0,0.0,-0.0,81.29823583604264,14.633682450487674,0.0,-14.633682450487674
2020-01-28 08:00:00,85.57761051641931,9.538304090909092,0.18,0.8964694923884335,0.8964694923884335,0.0,0.0,0.0,-0.0,76.03930642551022,13.687075156591838,0.0,-13.687075156591838
2020-01-28 09:00:00,89.96832924011159,46.81598307692308,0.18,0.8964694923884335,0.8964694923884335,0.0,0.0,0.0,-0.0,43.152346163188504,7.767422309373931,0.0,-7.767422309373931
2020-01-28 10:00:00,111.46776824863402,43.721486034527516,0.18,0.8964694923884335,0.8964694923884335,0.0,0.0,0.0,-0.0,67.7462822141065,12.19433079853917,0.0,-12.19433079853917
2020-01-28 11:00:00,104.68705145664289,68.59802605494194,0.18,0.8964694923884335,0.8964694923884335,0.0,0.0,0.0,-0.0,36.08902540170095,6.496024572306171,0.0,-6.496024572306171
2020-01-28 12:00:00,83.69750868310729,59.344941289240346,0.18,0.8964694923884335,0.8964694923884335,0.0,0.0,0.0,-0.0,24.35256739386694,4.383462130896049,0.0,-4.383462130896049
2020-01-28 13:00:00,84.90312314590444,86.76128504672897,0.18,0.8964694923884335,0.9,1.858161900824527,1.8581619008244634,1.8581619008244634,0.0,-6.350475700855895e-14,0.0,0.0706101522313296,-0.0706101522313296
2020-01-28 14:00:00,81.94420309306828,76.04306145567828,0.18,0.9,0.9,0.0,0.0,0.0,-0.0,5.901141637389998,1.0622054947301995,0.0,-1.0622054947301995
2020-01-28 15:00:00,79.97231858859453,56.07707404744788,0.18,0.9,0.9,0.0,0.0,0.0,-0.0,23.895244541146653,4.301144017406397,0.0,-4.301144017406397
2020-01-28 16:00:00,87.52110717530282,15.379896157840081,0.32,0.9,0.7481237662790259,-72.14121101746274,-72.14121101746274,0.0,72.14121101746274,0.0,0.0,3.037524674419483,-3.037524674419483
2020-01-28 17:00:00,80.2543410905455,1.3997224582271313,0.32,0.7481237662790259,0.5821140428425662,-78.85461863231836,-78.85461863231836,0.0,78.85461863231836,0.0,0.0,3.320194468729194,-3.320194468729194
2020-01-28 18:00:00,76.74920628635938,0.0,0.32,0.5821140428425662,0.42053676645023064,-76.74920628635938,-76.74920628635938,0.0,76.74920628635938,0.0,0.0,3.231545527846711,-3.231545527846711
2020-01-28 19:00:00,78.88618630105418,0.0,0.32,0.42053676645023064,0.2544605847638008,-78.88618630105418,-78.88618630105418,0.0,78.88618630105418,0.0,0.0,3.3215236337285967,-3.3215236337285967
2020-01-28 20:00:00,81.92721584339061,0.0,0.32,0.2544605847638008,0.2544605847638008,0.0,0.0,0.0,-0.0,81.92721584339061,26.216709069884995,0.0,-26.216709069884995
2020-01-28 21:00:00,75.72391790336748,0.0,0.32,0.2544605847638008,0.10000000000000003,-73.36877776280537,-73.36877776280537,0.0,73.36877776280537,2.3551401405621135,0.7536448449798764,3.089211695276015,-3.8428565402558914
2020-01-28 22:00:00,72.4684965036938,0.0,0.1,0.10000000000000003,0.10000000000000003,0.0,0.0,0.0,-0.0,72.4684965036938,7.246849650369381,0.0,-7.246849650369381
2020-01-28 23:00:00,72.40096754482487,0.0,0.1,0.10000000000000003,0.10000000000000003,0.0,0.0,0.0,-0.0,72.40096754482487,7.240096754482487,0.0,-7.240096754482487
2020-01-29 00:00:00,71.26710415137596,0.0,0.1,0.10000000000000003,0.10000000000000003,0.0,0.0,0.0,-0.0,71.26710415137596,7.126710415137596,0.0,-7.126710415137596
2020-01-29 01:00:00,73.16035000226155,0.0,0.1,0.10000000000000003,0.10000000000000003,0.0,0.0,0.0,-0.0,73.16035000226155,7.316035000226155,0.0,-7.316035000226155
2020-01-29 02:00:00,72.6853443453812,0.0,0.1,0.10000000000000003,0.10000000000000003,0.0,0.0,0.0,-0.0,72.6853443453812,7.26853443453812,0.0,-7.26853443453812
2020-01-29 03:00:00,71.53550647010239,0.0,0.1,0.10000000000000003,0.10000000000000003,0.0,0.0,0.0,-0.0,71.53550647010239,7.153550647010239,0.0,-7.153550647010239
2020-01-29 04:00:00,73.24405116954047,0.0,0.1,0.10000000000000003,0.3510171157113198,132.1142714270104,132.1142714270104,132.1142714270104,0.0,205.35832259655086,20.535832259655088,5.020342314226395,-25.556174573881485
2020-01-29 05:00:00,77.17942018381619,0.0,0.1,0.3510171157113198,0.3510171157113198,0.0,0.0,0.0,-0.0,77.17942018381619,7.71794201838162,0.0,-7.71794201838162
2020-01-29 06:00:00,74.57426573371914,0.0,0.1,0.3510171157113198,0.8260171157113199,250.0,250.0,250.0,0.0,324.57426573371913,32.45742657337191,9.5,-41.95742657337191
2020-01-29 07:00:00,75.42471576599071,9.254366562824506,0.18,0.8260171157113199,0.8260171157113199,0.0,0.0,0.0,-0.0,66.17034920316621,11.910662856569918,0.0,-11.910662856569918
2020-01-29 08:00:00,80.20108715604361,31.916927216086094,0.18,0.8260171157113199,0.8260171157113199,0.0,0.0,0.0,-0.0,48.28415993995752,8.691148789192352,0.0,-8.691148789192352
2020-01-29 09:00:00,83.61405779246546,64.47791277258567,0.18,0.8260171157113199,0.8260171157113199,0.0,0.0,0.0,-0.0,19.13614501987979,3.4445061035783624,0.0,-3.4445061035783624
2020-01-29 10:00:00,102.92662069334784,88.1679828660436,0.18,0.8260171157113199,0.8260171157113199,0.0,0.0,0.0,-0.0,14.758637827304241,2.6565548089147635,0.0,-2.6565548089147635
2020-01-29 11:00:00,105.88050916094234,112.43119512885868,0.18,0.8260171157113199,0.8384634190503609,6.550685967916337,6.550685967916337,6.550685967916337,0.0,0.0,0.0,0.2489260667808213,-0.2489260667808213
2020-01-29 12:00:00,88.82570621404557,104.5309038102085,0.18,0.8384634190503609,0.8683032944830705,15.705197596162932,15.705197596162932,15.705197596162932,0.0,0.0,0.0,0.5967975086541921,-0.5967975086541921
2020-01-29 13:00:00,91.15283868992009,107.83531527777778,0.18,0.8683032944830705,0.9,16.682476587857693,16.68247658785763,16.68247658785763,0.0,-6.394884621840902e-14,0.0,0.6339341103385898,-0.6339341103385898
2020-01-29 14:00:00,95.14868552875652,75.49400484848485,0.18,0.9,0.9,-0.0,-0.0,-0.0,0.0,19.654680680271667,3.5378425224489,0.0,-3.5378425224489
2020-01-29 15:00:00,84.05996315619417,24.094199871794874,0.18,0.9,0.9,0.0,0.0,0.0,-0.0,59.9657632843993,10.793837391191873,0.0,-10.793837391191873
2020-01-29 16:00:00,89.0915608929344,15.016164583333333,0.32,0.9,0.7440517972429451,-74.07539630960106,-74.07539630960106,0.0,74.07539630960106,0.0,0.0,3.118964055141098,-3.118964055141098
2020-01-29 17:00:00,84.10823890020407,1.0142363636363636,0.32,0.7440517972429451,0.5691170550606973,-83.09400253656771,-83.09400253656771,0.0,83.09400253656771,0.0,0.0,3.498694843644956,-3.498694843644956
2020-01-29 18:00:00,81.2356663206326,0.0,0.32,0.5691170550606973,0.3980945996488392,-81.2356663206326,-81.2356663206326,0.0,81.2356663206326,0.0,0.0,3.4204491082371624,-3.4204491082371624
2020-01-29 19:00:00,80.5890733026165,0.0,0.32,0.3980945996488392,0.268181563733772,-61.70869205965692,-61.70869205965692,0.0,61.70869205965692,18.88038124295958,6.041721997747065,2.598260718301344,-8.63998271604841
2020-01-29 20:00:00,79.8862427735417,0.0,0.32,0.268181563733772,0.10000000000000003,-79.8862427735417,-79.88624277354168,0.0,79.88624277354168,1.4210854715202004e-14,4.547473508864641e-15,3.3636312746754395,-3.363631274675444
2020-01-29 21:00:00,74.7842552309981,0.0,0.32,0.10000000000000003,0.10000000000000003,0.0,0.0,0.0,-0.0,74.7842552309981,23.93096167391939,0.0,-23.93096167391939
2020-01-29 22:00:00,76.10473751628821,0.0,0.1,0.10000000000000003,0.10000000000000003,0.0,0.0,0.0,-0.0,76.10473751628821,7.610473751628821,0.0,-7.610473751628821
2020-01-29 23:00:00,74.65951803187107,0.0,0.1,0.10000000000000003,0.10000000000000003,0.0,0.0,0.0,-0.0,74.65951803187107,7.4659518031871075,0.0,-7.4659518031871075
2020-01-30 00:00:00,75.55508517678595,0.0,0.1,0.10000000000000003,0.10000000000000003,0.0,0.0,0.0,-0.0,75.55508517678595,7.555508517678596,0.0,-7.555508517678596
2020-01-30 01:00:00,71.77962243032091,0.0,0.1,0.10000000000000003,0.10000000000000003,0.0,0.0,0.0,-0.0,71.77962243032091,7.177962243032091,0.0,-7.177962243032091
2020-01-30 02:00:00,73.70916762455222,0.0,0.1,0.10000000000000003,0.10000000000000003,0.0,0.0,0.0,-0.0,73.70916762455222,7.370916762455223,0.0,-7.370916762455223
2020-01-30 03:00:00,73.63574964005387,0.0,0.1,0.10000000000000003,0.10000000000000003,0.0,0.0,0.0,-0.0,73.63574964005387,7.363574964005387,0.0,-7.363574964005387
2020-01-30 04:00:00,72.73139730274916,0.0,0.1,0.10000000000000003,0.10000000000000003,-0.0,-0.0,-0.0,0.0,72.73139730274916,7.273139730274917,0.0,-7.273139730274917
2020-01-30 05:00:00,73.17833155758602,0.0,0.1,0.10000000000000003,0.37605272929241496,145.29091015390262,145.29091015390262,145.29091015390262,0.0,218.46924171148862,21.846924171148864,5.521054585848298,-27.36797875699716
2020-01-30 06:00:00,72.09366141334877,0.0,0.1,0.37605272929241496,0.8510527292924149,250.0,250.0,250.0,0.0,322.09366141334874,32.209366141334876,9.5,-41.709366141334876
2020-01-30 07:00:00,84.95981822263073,3.910003472222222,0.18,0.8510527292924149,0.8510527292924149,0.0,0.0,0.0,-0.0,81.0498147504085,14.588966655073529,0.0,-14.588966655073529
2020-01-30 08:00:00,89.6123095620194,8.364703787878788,0.18,0.8510527292924149,0.8510527292924149,0.0,0.0,0.0,-0.0,81.24760577414062,14.624569039345312,0.0,-14.624569039345312
2020-01-30 09:00:00,95.40078631310234,46.171948717948716,0.18,0.8510527292924149,0.8510527292924149,0.0,0.0,0.0,-0.0,49.22883759515363,8.861190767127653,0.0,-8.861190767127653
2020-01-30 10:00:00,104.98566389343107,92.07909583333334,0.18,0.8510527292924149,0.8510527292924149,0.0,0.0,0.0,-0.0,12.906568060097726,2.3231822508175908,0.0,-2.3231822508175908
2020-01-30 11:00:00,96.1986265628657,99.66404696969698,0.18,0.8510527292924149,0.8576370280653943,3.465420406831285,3.465420406831285,3.465420406831285,0.0,0.0,0.0,0.13168597545958782,-0.13168597545958782
2020-01-30 12:00:00,96.93264351119011,115.61766139468008,0.18,0.8576370280653943,0.8931385620440253,18.685017883489976,18.685017883489976,18.685017883489976,0.0,0.0,0.0,0.7100306795726197,-0.7100306795726197
2020-01-30 13:00:00,101.41834978324117,105.0296329179647,0.18,0.8931385620440253,0.9,3.6112831347235357,3.611283134723534,3.611283134723534,0.0,-1.7763568394002505e-15,0.0,0.13722875911949428,-0.13722875911949428
2020-01-30 14:00:00,97.14846698447005,78.02369696969697,0.18,0.9,0.9,0.0,0.0,0.0,-0.0,19.124770014773077,3.4424586026591535,0.0,-3.4424586026591535
2020-01-30 15:00:00,92.93769725193854,47.617243553798225,0.18,0.9,0.9,0.0,0.0,0.0,-0.0,45.32045369814032,8.157681665665256,0.0,-8.157681665665256
2020-01-30 16:00:00,90.06230207935413,16.82270877985462,0.32,0.9,0.7458113825273694,-73.2395932994995,-73.2395932994995,0.0,73.2395932994995,0.0,0.0,3.0837723494526115,-3.0837723494526115
2020-01-30 17:00:00,79.30719133350311,0.5498909090909091,0.32,0.7458113825273694,0.5800065395286069,-78.75730042441221,-78.75730042441221,0.0,78.75730042441221,0.0,0.0,3.3160968599752505,-3.3160968599752505
2020-01-30 18:00:00,77.93927364392242,0.0,0.32,0.5800065395286069,0.4159238581729808,-77.93927364392242,-77.93927364392242,0.0,77.93927364392242,0.0,0.0,3.281653627112523,-3.281653627112523
2020-01-30 19:00:00,79.9221619931786,0.0,0.32,0.4159238581729808,0.24766667502944686,-79.9221619931786,-79.9221619931786,0.0,79.9221619931786,0.0,0.0,3.365143662870678,-3.365143662870678
2020-01-30 20:00:00,78.22963649955244,0.0,0.32,0.24766667502944686,0.10000000000000003,-70.14167063898732,-70.14167063898725,0.0,70.14167063898725,8.087965860565191,2.588149075380861,2.9533335005889367,-5.541482575969798
2020-01-30 21:00:00,76.4376579902457,0.0,0.32,0.10000000000000003,0.10000000000000003,0.0,0.0,0.0,-0.0,76.4376579902457,24.460050556878624,0.0,-24.460050556878624
2020-01-30 22:00:00,75.90709719592495,0.0,0.1,0.10000000000000003,0.10000000000000003,0.0,0.0,0.0,-0.0,75.90709719592495,7.590709719592495,0.0,-7.590709719592495
2020-01-30 23:00:00,70.94761347606283,0.0,0.1,0.10000000000000003,0.10000000000000003,0.0,0.0,0.0,-0.0,70.94761347606283,7.094761347606283,0.0,-7.094761347606283
2020-01-31 00:00:00,72.93232029959329,0.0,0.1,0.10000000000000003,0.10000000000000003,0.0,0.0,0.0,-0.0,72.93232029959329,7.293232029959329,0.0,-7.293232029959329
2020-01-31 01:00:00,72.3564337217366,0.0,0.1,0.10000000000000003,0.10000000000000003,0.0,0.0,0.0,-0.0,72.3564337217366,7.2356433721736595,0.0,-7.2356433721736595
2020-01-31 02:00:00,73.9454087312994,0.0,0.1,0.10000000000000003,0.10000000000000003,0.0,0.0,0.0,-0.0,73.9454087312994,7.39454087312994,0.0,-7.39454087312994
2020-01-31 03:00:00,72.65505692374126,0.0,0.1,0.10000000000000003,0.10000000000000003,0.0,0.0,0.0,-0.0,72.65505692374126,7.265505692374126,0.0,-7.265505692374126
2020-01-31 04:00:00,75.3028633500405,0.0,0.1,0.10000000000000003,0.22449146781101492,65.52182516369206,65.52182516369206,65.52182516369206,0.0,140.82468851373255,14.082468851373257,2.489829356220298,-16.572298207593555
2020-01-31 05:00:00,77.910109539118,0.0,0.1,0.22449146781101492,0.22449146781101492,0.0,0.0,0.0,-0.0,77.910109539118,7.7910109539118,0.0,-7.7910109539118
2020-01-31 06:00:00,77.87899111803952,0.0,0.1,0.22449146781101492,0.6994914678110149,250.0,250.0,250.0,0.0,327.8789911180395,32.78789911180395,9.5,-42.28789911180395
2020-01-31 07:00:00,76.31318743948414,5.231620833333333,0.18,0.6994914678110149,0.6994914678110149,0.0,0.0,0.0,-0.0,71.0815666061508,12.794681989107143,0.0,-12.794681989107143
2020-01-31 08:00:00,79.43871169452053,30.593767272727277,0.18,0.6994914678110149,0.6994914678110149,0.0,0.0,0.0,-0.0,48.84494442179326,8.792089995922787,0.0,-8.792089995922787
2020-01-31 09:00:00,82.74879936029802,62.37543717948718,0.18,0.6994914678110149,0.6994914678110149,0.0,0.0,0.0,-0.0,20.373362180810844,3.6672051925459517,0.0,-3.6672051925459517
2020-01-31 10:00:00,59.63746225525181,92.44588750000001,0.18,0.6994914678110149,0.7618274757760365,32.8084252447482,32.8084252447482,32.8084252447482,0.0,0.0,0.0,1.2467201593004318,-1.2467201593004318
2020-01-31 11:00:00,77.27227561781048,110.48549999999999,0.18,0.7618274757760365,0.8249326021021965,33.21322438218951,33.21322438218951,33.21322438218951,0.0,0.0,0.0,1.262102526523201,-1.262102526523201
2020-01-31 12:00:00,90.21705177059387,110.6995064102564,0.18,0.8249326021021965,0.8638492659175554,20.482454639662535,20.482454639662535,20.482454639662535,0.0,0.0,0.0,0.7783332763071771,-0.7783332763071771
2020-01-31 13:00:00,81.92755062912272,100.95425277777777,0.18,0.8638492659175554,0.9,19.026702148655048,19.026702148655048,19.026702148655048,0.0,0.0,0.0,0.7230146816488925,-0.7230146816488925
2020-01-31 14:00:00,86.56766401090421,82.1455606060606,0.18,0.9,0.9,0.0,0.0,0.0,-0.0,4.422103404843611,0.7959786128718499,0.0,-0.7959786128718499
2020-01-31 15:00:00,80.84889414866772,51.98129333333333,0.18,0.9,0.9,-0.0,-0.0,-0.0,0.0,28.86760081533439,5.19616814676019,0.0,-5.19616814676019
2020-01-31 16:00:00,86.35134015020748,15.010616666666666,0.32,0.9,0.7498090031925457,-71.34072348354081,-71.34072348354081,0.0,71.34072348354081,0.0,0.0,3.003819936149086,-3.003819936149086
2020-01-31 17:00:00,84.60209792557413,1.1028,0.32,0.7498090031925457,0.574021007559758,-83.49929792557413,-83.49929792557413,0.0,83.49929792557413,0.0,0.0,3.5157599126557537,-3.5157599126557537
2020-01-31 18:00:00,81.61273114343186,0.0,0.32,0.574021007559758,0.45868078865316014,-54.78660398063401,-54.78660398063401,0.0,54.78660398063401,26.826127162797846,8.584360692095311,2.3068043781319583,-10.89116507022727
2020-01-31 19:00:00,85.651188319374,0.0,0.32,0.45868078865316014,0.27836249745447805,-85.651188319374,-85.651188319374,0.0,85.651188319374,0.0,0.0,3.6063658239736416,-3.6063658239736416
2020-01-31 20:00:00,84.72218629087708,0.0,0.32,0.27836249745447805,0.10000000000000003,-84.72218629087708,-84.72218629087706,0.0,84.72218629087706,1.4210854715202004e-14,4.547473508864641e-15,3.56724994908956,-3.5672499490895646
2020-01-31 21:00:00,80.90850460723833,0.0,0.32,0.10000000000000003,0.10000000000000003,0.0,0.0,0.0,-0.0,80.90850460723833,25.890721474316265,0.0,-25.890721474316265
2020-01-31 22:00:00,81.36653977066364,0.0,0.1,0.10000000000000003,0.10000000000000003,0.0,0.0,0.0,-0.0,81.36653977066364,8.136653977066365,0.0,-8.136653977066365
2020-01-31 23:00:00,80.32001128577056,0.0,0.1,0.10000000000000003,0.10000000000000003,0.0,0.0,0.0,-0.0,80.32001128577056,8.032001128577056,0.0,-8.032001128577056
2020-02-01 00:00:00,79.77324121339012,0.0,0.12,0.10000000000000003,0.10000000000000003,0.0,0.0,0.0,-0.0,79.77324121339012,9.572788945606815,0.0,-9.572788945606815
2020-02-01 01:00:00,78.11849830545232,0.0,0.12,0.10000000000000003,0.10000000000000003,0.0,0.0,0.0,-0.0,78.11849830545232,9.374219796654279,0.0,-9.374219796654279
2020-02-01 02:00:00,79.16844399632676,0.0,0.12,0.10000000000000003,0.10000000000000003,0.0,0.0,0.0,-0.0,79.16844399632676,9.50021327955921,0.0,-9.50021327955921
2020-02-01 03:00:00,79.93114613539291,0.0,0.12,0.10000000000000003,0.10000000000000003,0.0,0.0,0.0,-0.0,79.93114613539291,9.591737536247148,0.0,-9.591737536247148
2020-02-01 04:00:00,81.04399275240112,0.0,0.12,0.10000000000000003,0.10000000000000003,0.0,0.0,0.0,-0.0,81.04399275240112,9.725279130288135,0.0,-9.725279130288135
2020-02-01 05:00:00,78.6769204862915,0.0,0.12,0.10000000000000003,0.10000000000000003,0.0,0.0,0.0,-0.0,78.6769204862915,9.441230458354978,0.0,-9.441230458354978
2020-02-01 06:00:00,78.92271890033633,0.0,0.12,0.10000000000000003,0.10000000000000003,0.0,0.0,0.0,-0.0,78.92271890033633,9.47072626804036,0.0,-9.47072626804036
2020-02-01 07:00:00,79.68186064190499,7.524800555555555,0.12,0.10000000000000003,0.10000000000000003,0.0,0.0,0.0,-0.0,72.15706008634943,8.658847210361932,0.0,-8.658847210361932
2020-02-01 08:00:00,84.04245305129523,43.307183939393944,0.12,0.10000000000000003,0.10000000000000003,0.0,0.0,0.0,-0.0,40.73526911190128,4.888232293428153,0.0,-4.888232293428153
2020-02-01 09:00:00,83.15173096806218,37.691674871794866,0.12,0.10000000000000003,0.10000000000000003,0.0,0.0,0.0,-0.0,45.460056096267316,5.455206731552078,0.0,-5.455206731552078
2020-02-01 10:00:00,89.5661011768738,86.5154763888889,0.12,0.10000000000000003,0.10000000000000003,0.0,0.0,0.0,-0.0,3.0506247879849013,0.36607497455818816,0.0,-0.36607497455818816
2020-02-01 11:00:00,93.08855577850045,107.74953636363638,0.12,0.10000000000000003,0.1278558631117583,14.660980585135931,14.660980585135931,14.660980585135931,0.0,0.0,0.0,0.5571172622351656,-0.5571172622351656
2020-02-01 12:00:00,88.81732459439591,114.3051076923077,0.12,0.1278558631117583,0.1762826509977907,25.487783097911787,25.487783097911787,25.487783097911787,0.0,0.0,0.0,0.9685357577206477,-0.9685357577206477
2020-02-01 13:00:00,89.73061026061306,103.12150000000001,0.12,0.1762826509977907,0.2017253415026259,13.39088973938695,13.39088973938695,13.39088973938695,0.0,0.0,0.0,0.5088538100967038,-0.5088538100967038
2020-02-01 14:00:00,87.82290211845027,83.19860757575758,0.12,0.2017253415026259,0.2017253415026259,0.0,0.0,0.0,-0.0,4.624294542692695,0.5549153451231233,0.0,-0.5549153451231233
2020-02-01 15:00:00,83.73047079522755,52.55591192307691,0.12,0.2017253415026259,0.2017253415026259,0.0,0.0,0.0,-0.0,31.174558872150634,3.740947064658076,0.0,-3.740947064658076
2020-02-01 16:00:00,82.30521127854668,17.31415611111111,0.12,0.2017253415026259,0.2017253415026259,0.0,0.0,0.0,-0.0,64.99105516743558,7.798926620092269,0.0,-7.798926620092269
2020-02-01 17:00:00,81.56139420110337,1.504481818181818,0.12,0.2017253415026259,0.2017253415026259,0.0,0.0,0.0,-0.0,80.05691238292155,9.606829485950586,0.0,-9.606829485950586
2020-02-01 18:00:00,79.05197282706408,0.0,0.12,0.2017253415026259,0.2017253415026259,0.0,0.0,0.0,-0.0,79.05197282706408,9.486236739247689,0.0,-9.486236739247689
2020-02-01 19:00:00,81.86089598795293,0.0,0.12,0.2017253415026259,0.2017253415026259,0.0,0.0,0.0,-0.0,81.86089598795293,9.823307518554351,0.0,-9.823307518554351
2020-02-01 20:00:00,82.27919104553287,0.0,0.12,0.2017253415026259,0.2017253415026259,0.0,0.0,0.0,-0.0,82.27919104553287,9.873502925463944,0.0,-9.873502925463944
2020-02-01 21:00:00,81.73097400660166,0.0,0.12,0.2017253415026259,0.2017253415026259,0.0,0.0,0.0,-0.0,81.73097400660166,9.807716880792198,0.0,-9.807716880792198
2020-02-01 22:00:00,80.80853966867237,0.0,0.12,0.2017253415026259,0.2017253415026259,0.0,0.0,0.0,-0.0,80.80853966867237,9.697024760240684,0.0,-9.697024760240684
2020-02-01 23:00:00,80.45398787624157,0.0,0.12,0.2017253415026259,0.2017253415026259,0.0,0.0,0.0,-0.0,80.45398787624157,9.654478545148988,0.0,-9.654478545148988
2020-02-02 00:00:00,78.38718884873194,0.0,0.12,0.2017253415026259,0.2017253415026259,0.0,0.0,0.0,-0.0,78.38718884873194,9.406462661847833,0.0,-9.406462661847833
2020-02-02 01:00:00,77.80564997347614,0.0,0.12,0.2017253415026259,0.2017253415026259,0.0,0.0,0.0,-0.0,77.80564997347614,9.336677996817135,0.0,-9.336677996817135
2020-02-02 02:00:00,79.22381747949666,0.0,0.12,0.2017253415026259,0.2017253415026259,0.0,0.0,0.0,-0.0,79.22381747949666,9.506858097539599,0.0,-9.506858097539599
2020-02-02 03:00:00,79.00845841137698,0.0,0.12,0.2017253415026259,0.2017253415026259,0.0,0.0,0.0,-0.0,79.00845841137698,9.481015009365237,0.0,-9.481015009365237
2020-02-02 04:00:00,77.9345000723133,0.0,0.12,0.2017253415026259,0.2017253415026259,0.0,0.0,0.0,-0.0,77.9345000723133,9.352140008677596,0.0,-9.352140008677596
2020-02-02 05:00:00,80.85602706134621,0.0,0.12,0.2017253415026259,0.2017253415026259,0.0,0.0,0.0,-0.0,80.85602706134621,9.702723247361545,0.0,-9.702723247361545
2020-02-02 06:00:00,80.2033490265124,0.0,0.12,0.2017253415026259,0.2017253415026259,0.0,0.0,0.0,-0.0,80.2033490265124,9.624401883181488,0.0,-9.624401883181488
2020-02-02 07:00:00,78.46432594504172,2.9119114583333334,0.12,0.2017253415026259,0.2017253415026259,0.0,0.0,0.0,-0.0,75.55241448670839,9.066289738405006,0.0,-9.066289738405006
2020-02-02 08:00:00,77.36665776126816,8.475658181818183,0.12,0.2017253415026259,0.2017253415026259,0.0,0.0,0.0,-0.0,68.89099957944998,8.266919949533998,0.0,-8.266919949533998
2020-02-02 09:00:00,82.05613386922141,56.247059615384615,0.12,0.2017253415026259,0.2017253415026259,0.0,0.0,0.0,-0.0,25.809074253836798,3.097088910460416,0.0,-3.097088910460416
2020-02-02 10:00:00,83.00101144200755,43.195998194444435,0.12,0.2017253415026259,0.2017253415026259,0.0,0.0,0.0,-0.0,39.80501324756312,4.776601589707574,0.0,-4.776601589707574
2020-02-02 11:00:00,78.41194773188401,57.15219727272727,0.12,0.2017253415026259,0.2017253415026259,0.0,0.0,0.0,-0.0,21.25975045915674,2.551170055098809,0.0,-2.551170055098809
2020-02-02 12:00:00,89.73320593835791,101.54976538461538,0.12,0.2017253415026259,0.22417680445051508,11.816559446257472,11.816559446257472,11.816559446257472,0.0,0.0,0.0,0.4490292589577838,-0.4490292589577838
2020-02-02 13:00:00,88.511798239769,114.51729166666667,0.12,0.22417680445051508,0.27358724196162065,26.005493426897658,26.005493426897658,26.005493426897658,0.0,0.0,0.0,0.9882087502221115,-0.9882087502221115
2020-02-02 14:00:00,87.30872484987464,93.23205606060606,0.12,0.27358724196162065,0.2848415712620104,5.923331210731419,5.923331210731419,5.923331210731419,0.0,0.0,0.0,0.2250865860077944,-0.2250865860077944
2020-02-02 15:00:00,82.6408676258193,58.89933948717949,0.12,0.2848415712620104,0.2848415712620104,0.0,0.0,0.0,-0.0,23.741528138639808,2.848983376636777,0.0,-2.848983376636777
2020-02-02 16:00:00,80.82556164920358,19.8797575,0.12,0.2848415712620104,0.2848415712620104,0.0,0.0,0.0,-0.0,60.94580414920358,7.3134964979044295,0.0,-7.3134964979044295
2020-02-02 17:00:00,81.02314976732151,1.314066666666667,0.12,0.2848415712620104,0.2848415712620104,0.0,0.0,0.0,-0.0,79.70908310065485,9.565089972078582,0.0,-9.565089972078582
2020-02-02 18:00:00,78.95491761942127,0.0,0.12,0.2848415712620104,0.2848415712620104,0.0,0.0,0.0,-0.0,78.95491761942127,9.474590114330551,0.0,-9.474590114330551
2020-02-02 19:00:00,84.32763510634854,0.0,0.12,0.2848415712620104,0.2848415712620104,0.0,0.0,0.0,-0.0,84.32763510634854,10.119316212761824,0.0,-10.119316212761824
2020-02-02 20:00:00,81.66140356468215,0.0,0.12,0.2848415712620104,0.2848415712620104,0.0,0.0,0.0,-0.0,81.66140356468215,9.799368427761857,0.0,-9.799368427761857
2020-02-02 21:00:00,82.62569857655234,0.0,0.12,0.2848415712620104,0.2848415712620104,0.0,0.0,0.0,-0.0,82.62569857655234,9.91508382918628,0.0,-9.91508382918628
2020-02-02 22:00:00,83.59355644139141,0.0,0.12,0.2848415712620104,0.2848415712620104,0.0,0.0,0.0,-0.0,83.59355644139141,10.031226772966969,0.0,-10.031226772966969
2020-02-02 23:00:00,81.3367319565618,0.0,0.12,0.2848415712620104,0.2848415712620104,0.0,0.0,0.0,-0.0,81.3367319565618,9.760407834787417,0.0,-9.760407834787417
2020-02-03 00:00:00,80.36826982553917,0.0,0.1,0.2848415712620104,0.2848415712620104,0.0,0.0,0.0,-0.0,80.36826982553917,8.036826982553917,0.0,-8.036826982553917
2020-02-03 01:00:00,79.50373660115677,0.0,0.1,0.2848415712620104,0.2848415712620104,0.0,0.0,0.0,-0.0,79.50373660115677,7.950373660115678,0.0,-7.950373660115678
2020-02-03 02:00:00,82.71113757665286,0.0,0.1,0.2848415712620104,0.2848415712620104,0.0,0.0,0.0,-0.0,82.71113757665286,8.271113757665287,0.0,-8.271113757665287
2020-02-03 03:00:00,80.5570857239094,0.0,0.1,0.2848415712620104,0.2848415712620104,0.0,0.0,0.0,-0.0,80.5570857239094,8.05570857239094,0.0,-8.05570857239094
2020-02-03 04:00:00,80.05410009876518,0.0,0.1,0.2848415712620104,0.2848415712620104,0.0,0.0,0.0,-0.0,80.05410009876518,8.005410009876519,0.0,-8.005410009876519
2020-02-03 05:00:00,79.6823009586711,0.0,0.1,0.2848415712620104,0.7455675169721534,242.4873398474437,242.4873398474437,242.4873398474437,0.0,322.1696408061148,32.21696408061148,9.214518914202861,-41.431482994814345
2020-02-03 06:00:00,89.55079900594501,0.0,0.1,0.7455675169721534,0.7455675169721534,0.0,0.0,0.0,-0.0,89.55079900594501,8.955079900594502,0.0,-8.955079900594502
2020-02-03 07:00:00,87.40919013706603,11.712511527777778,0.18,0.7455675169721534,0.7455675169721534,0.0,0.0,0.0,-0.0,75.69667860928826,13.625402149671885,0.0,-13.625402149671885
2020-02-03 08:00:00,92.37109359419661,55.329253030303036,0.18,0.7455675169721534,0.7455675169721534,0.0,0.0,0.0,-0.0,37.04184056389357,6.667531301500842,0.0,-6.667531301500842
2020-02-03 09:00:00,100.04996689247088,93.39987179487179,0.18,0.7455675169721534,0.7455675169721534,0.0,0.0,0.0,-0.0,6.650095097599092,1.1970171175678366,0.0,-1.1970171175678366
2020-02-03 10:00:00,104.58815946413232,118.20907083333333,0.18,0.7455675169721534,0.7714472485736353,13.62091136920101,13.62091136920101,13.62091136920101,0.0,0.0,0.0,0.5175946320296387,-0.5175946320296387
2020-02-03 11:00:00,104.10209657602519,129.67276818181818,0.18,0.7714472485736353,0.820031524624642,25.570671605792995,25.570671605792995,25.570671605792995,0.0,0.0,0.0,0.9716855210201336,-0.9716855210201336
2020-02-03 12:00:00,103.76976733440458,130.02204743589743,0.18,0.820031524624642,0.8699108568174785,26.252280101492858,26.252280101492858,26.252280101492858,0.0,0.0,0.0,0.9975866438567293,-0.9975866438567293
2020-02-03 13:00:00,102.0284380179711,117.86482916666667,0.18,0.8699108568174785,0.9,15.836391148695569,15.836391148695547,15.836391148695547,0.0,-2.1316282072803006e-14,0.0,0.6017828636504308,-0.6017828636504308
2020-02-03 14:00:00,102.72249706425755,96.0363393939394,0.18,0.9,0.9,0.0,0.0,0.0,-0.0,6.686157670318153,1.2035083806572675,0.0,-1.2035083806572675
2020-02-03 15:00:00,96.67400050822295,61.363028846153846,0.18,0.9,0.9,0.0,0.0,0.0,-0.0,35.3109716620691,6.355974899172438,0.0,-6.355974899172438
2020-02-03 16:00:00,89.27909409990612,20.925687500000002,0.32,0.9,0.831455568678069,-32.55860487791721,-32.55860487791721,0.0,32.55860487791721,35.79480172198891,11.454336551036452,1.37088862643862,-12.825225177475073
2020-02-03 17:00:00,86.51810128807792,1.384134090909091,0.32,0.831455568678069,0.6522261640524505,-85.13396719716883,-85.13396719716883,0.0,85.13396719716883,0.0,0.0,3.5845880925123708,-3.5845880925123708
2020-02-03 18:00:00,84.38555946720301,0.0,0.32,0.6522261640524505,0.47457235464781256,-84.38555946720301,-84.38555946720301,0.0,84.38555946720301,0.0,0.0,3.5530761880927586,-3.5530761880927586
2020-02-03 19:00:00,89.15693175404944,0.0,0.32,0.47457235464781256,0.2868735509550769,-89.15693175404944,-89.15693175404944,0.0,89.15693175404944,0.0,0.0,3.753976073854713,-3.753976073854713
2020-02-03 20:00:00,88.76493670366156,0.0,0.32,0.2868735509550769,0.10000000000000003,-88.76493670366156,-88.7649367036615,0.0,88.7649367036615,5.684341886080802e-14,1.8189894035458565e-14,3.737471019101537,-3.737471019101555
2020-02-03 21:00:00,83.89498503770353,0.0,0.32,0.10000000000000003,0.10000000000000003,0.0,0.0,0.0,-0.0,83.89498503770353,26.846395212065133,0.0,-26.846395212065133
2020-02-03 22:00:00,81.834357979406,0.0,0.1,0.10000000000000003,0.10000000000000003,0.0,0.0,0.0,-0.0,81.834357979406,8.1834357979406,0.0,-8.1834357979406
2020-02-03 23:00:00,81.4811971362953,0.0,0.1,0.10000000000000003,0.10000000000000003,0.0,0.0,0.0,-0.0,81.4811971362953,8.14811971362953,0.0,-8.14811971362953
2020-02-04 00:00:00,83.77374451029775,0.0,0.1,0.10000000000000003,0.10000000000000003,0.0,0.0,0.0,-0.0,83.77374451029775,8.377374451029775,0.0,-8.377374451029775
2020-02-04 01:00:00,83.16621117065372,0.0,0.1,0.10000000000000003,0.10000000000000003,0.0,0.0,0.0,-0.0,83.16621117065372,8.316621117065372,0.0,-8.316621117065372
2020-02-04 02:00:00,81.75491870084915,0.0,0.1,0.10000000000000003,0.10000000000000003,0.0,0.0,0.0,-0.0,81.75491870084915,8.175491870084915,0.0,-8.175491870084915
2020-02-04 03:00:00,82.51149849725923,0.0,0.1,0.10000000000000003,0.10000000000000003,0.0,0.0,0.0,-0.0,82.51149849725923,8.251149849725923,0.0,-8.251149849725923
2020-02-04 04:00:00,83.38607279883554,0.0,0.1,0.10000000000000003,0.10000000000000003,-0.0,-0.0,-0.0,0.0,83.38607279883554,8.338607279883554,0.0,-8.338607279883554
2020-02-04 05:00:00,87.5025970208496,0.0,0.1,0.10000000000000003,0.575,250.0,250.0,250.0,0.0,337.50259702084963,33.75025970208497,9.499999999999998,-43.25025970208497
2020-02-04 06:00:00,83.07387981305381,0.0,0.1,0.575,0.8691565049792954,154.8192131469976,154.8192131469976,154.8192131469976,0.0,237.89309296005143,23.789309296005143,5.883130099585909,-29.672439395591052
2020-02-04 07:00:00,90.95356657074784,12.08838375,0.18,0.8691565049792954,0.8691565049792954,0.0,0.0,0.0,-0.0,78.86518282074783,14.195732907734609,0.0,-14.195732907734609
2020-02-04 08:00:00,93.48579149457369,56.312377272727275,0.18,0.8691565049792954,0.8691565049792954,0.0,0.0,0.0,-0.0,37.173414221846414,6.691214559932354,0.0,-6.691214559932354
2020-02-04 09:00:00,101.40429075747407,93.31429358974358,0.18,0.8691565049792954,0.8691565049792954,0.0,0.0,0.0,-0.0,8.089997167730488,1.4561994901914876,0.0,-1.4561994901914876
2020-02-04 10:00:00,114.14206356071611,118.45495972222223,0.18,0.8691565049792954,0.877351007686157,4.312896161506117,4.312896161506117,4.312896161506117,0.0,0.0,0.0,0.16389005413723234,-0.16389005413723234
2020-02-04 11:00:00,110.2165086177917,121.7844606060606,0.18,0.877351007686157,0.899330116463868,11.567951988268902,11.567951988268902,11.567951988268902,0.0,0.0,0.0,0.4395821755542184,-0.4395821755542184
2020-02-04 12:00:00,107.27486176910728,107.62743205128206,0.18,0.899330116463868,0.9,0.35257028217478137,0.35257028217477127,0.35257028217477127,0.0,-1.0103029524088925e-14,0.0,0.013397670722641308,-0.013397670722641308
2020-02-04 13:00:00,101.63166160705258,98.15667916666666,0.18,0.9,0.9,0.0,0.0,0.0,-0.0,3.474982440385915,0.6254968392694646,0.0,-0.6254968392694646
2020-02-04 14:00:00,101.56546051568512,89.52363939393939,0.18,0.9,0.9,0.0,0.0,0.0,-0.0,12.041821121745727,2.167527801914231,0.0,-2.167527801914231
2020-02-04 15:00:00,93.32091158134243,58.41226307692307,0.18,0.9,0.9,0.0,0.0,0.0,-0.0,34.90864850441936,6.2835567307954845,0.0,-6.2835567307954845
2020-02-04 16:00:00,91.76192988968164,22.392964583333335,0.32,0.9,0.7539600730392668,-69.3689653063483,-69.3689653063483,0.0,69.3689653063483,0.0,0.0,2.920798539214664,-2.920798539214664
2020-02-04 17:00:00,88.18084687322958,1.321309090909091,0.32,0.7539600730392668,0.5710978882343816,-86.85953778232049,-86.85953778232049,0.0,86.85953778232049,0.0,0.0,3.657243696097705,-3.657243696097705
2020-02-04 18:00:00,86.52612631590549,0.0,0.32,0.5710978882343816,0.38893762230615947,-86.52612631590549,-86.52612631590549,0.0,86.52612631590549,0.0,0.0,3.643205318564442,-3.643205318564442
2020-02-04 19:00:00,86.84775078902386,0.0,0.32,0.38893762230615947,0.20610025222400397,-86.84775078902386,-86.84775078902386,0.0,86.84775078902386,0.0,0.0,3.65674740164311,-3.65674740164311
2020-02-04 20:00:00,86.90140201592884,0.0,0.32,0.20610025222400397,0.1,-50.39761980640189,-50.397619806401885,0.0,50.397619806401885,36.50378220952695,11.681210307048625,2.1220050444800793,-13.803215351528705
2020-02-04 21:00:00,85.07582537081399,0.0,0.32,0.1,0.1,0.0,0.0,0.0,-0.0,85.07582537081399,27.224264118660475,0.0,-27.224264118660475
2020-02-04 22:00:00,84.16387540275262,0.0,0.1,0.1,0.1,0.0,0.0,0.0,-0.0,84.16387540275262,8.416387540275263,0.0,-8.416387540275263
2020-02-04 23:00:00,82.57663948271728,0.0,0.1,0.1,0.1,0.0,0.0,0.0,-0.0,82.57663948271728,8.257663948271729,0.0,-8.257663948271729
2020-02-05 00:00:00,83.01974477663495,0.0,0.1,0.1,0.1,0.0,0.0,0.0,-0.0,83.01974477663495,8.301974477663496,0.0,-8.301974477663496
2020-02-05 01:00:00,82.32873694627955,0.0,0.1,0.1,0.1,0.0,0.0,0.0,-0.0,82.32873694627955,8.232873694627955,0.0,-8.232873694627955
2020-02-05 02:00:00,83.8308715627688,0.0,0.1,0.1,0.1,0.0,0.0,0.0,-0.0,83.8308715627688,8.383087156276881,0.0,-8.383087156276881
2020-02-05 03:00:00,83.18194407012615,0.0,0.1,0.1,0.1,0.0,0.0,0.0,-0.0,83.18194407012615,8.318194407012616,0.0,-8.318194407012616
2020-02-05 04:00:00,79.70563135591736,0.0,0.1,0.1,0.575,250.0,250.0,250.0,0.0,329.7056313559174,32.97056313559174,9.5,-42.47056313559174
2020-02-05 05:00:00,82.87735838376115,0.0,0.1,0.575,0.7824186510894359,109.16771109970311,109.16771109970311,109.16771109970311,0.0,192.04506948346426,19.204506948346427,4.148373021788718,-23.352879970135145
2020-02-05 06:00:00,83.53778700429986,0.0,0.1,0.7824186510894359,0.7824186510894359,0.0,0.0,0.0,-0.0,83.53778700429986,8.353778700429986,0.0,-8.353778700429986
2020-02-05 07:00:00,92.75101768351915,10.176754583333334,0.18,0.7824186510894359,0.7824186510894359,0.0,0.0,0.0,-0.0,82.57426310018582,14.863367358033447,0.0,-14.863367358033447
2020-02-05 08:00:00,90.60374370987242,43.83453848484848,0.18,0.7824186510894359,0.7824186510894359,0.0,0.0,0.0,-0.0,46.76920522502394,8.418456940504308,0.0,-8.418456940504308
2020-02-05 09:00:00,92.9891374630716,84.22197307692308,0.18,0.7824186510894359,0.7824186510894359,0.0,0.0,0.0,-0.0,8.767164386148522,1.578089589506734,0.0,-1.578089589506734
2020-02-05 10:00:00,93.92240145691528,108.8209236111111,0.18,0.7824186510894359,0.8107258431824079,14.898522154195817,14.898522154195817,14.898522154195817,0.0,0.0,0.0,0.5661438418594411,-0.5661438418594411
2020-02-05 11:00:00,101.00438117801053,118.1641787878788,0.18,0.8107258431824079,0.8433294586411576,17.159797609868264,17.159797609868264,17.159797609868264,0.0,0.0,0.0,0.6520723091749936,-0.6520723091749936
2020-02-05 12:00:00,96.69994274759966,117.11221923076923,0.18,0.8433294586411576,0.8821127839591798,20.412276483169563,20.412276483169563,20.412276483169563,0.0,0.0,0.0,0.775666506360444,-0.775666506360444
2020-02-05 13:00:00,95.79911882354493,105.21344305555556,0.18,0.8821127839591798,0.9,9.414324232010628,9.414324232010628,9.414324232010628,0.0,0.0,0.0,0.3577443208164044,-0.3577443208164044
2020-02-05 14:00:00,93.59817543408589,88.00108333333333,0.18,0.9,0.9,0.0,0.0,0.0,-0.0,5.597092100752562,1.007476578135461,0.0,-1.007476578135461
2020-02-05 15:00:00,90.7095337770155,51.555309487179485,0.18,0.9,0.9,0.0,0.0,0.0,-0.0,39.15422428983601,7.047760372170481,0.0,-7.047760372170481
2020-02-05 16:00:00,84.83694431126409,11.988412152777778,0.32,0.9,0.7466346691400289,-72.84853215848631,-72.84853215848631,0.0,72.84853215848631,0.0,0.0,3.0673066171994234,-3.0673066171994234
2020-02-05 17:00:00,84.00429580034621,2.6668727272727275,0.32,0.7466346691400289,0.57539798898619,-81.33742307307348,-81.33742307307348,0.0,81.33742307307348,0.0,0.0,3.424733603076777,-3.424733603076777
2020-02-05 18:00:00,82.49339085388509,0.0,0.32,0.57539798898619,0.40172769245169504,-82.49339085388509,-82.49339085388509,0.0,82.49339085388509,0.0,0.0,3.473405930689899,-3.473405930689899
2020-02-05 19:00:00,85.70152926331718,0.0,0.32,0.40172769245169504,0.2213034203183957,-85.70152926331718,-85.70152926331718,0.0,85.70152926331718,0.0,0.0,3.608485442665987,-3.608485442665987
2020-02-05 20:00:00,87.95600796756419,0.0,0.32,0.2213034203183957,0.1,-57.619124651237954,-57.619124651237954,0.0,57.619124651237954,30.336883316326237,9.707802661224395,2.426068406367914,-12.13387106759231
2020-02-05 21:00:00,80.71924307228824,0.0,0.32,0.1,0.1,0.0,0.0,0.0,-0.0,80.71924307228824,25.830157783132236,0.0,-25.830157783132236
2020-02-05 22:00:00,79.59389774438176,0.0,0.1,0.1,0.1,0.0,0.0,0.0,-0.0,79.59389774438176,7.9593897744381765,0.0,-7.9593897744381765
2020-02-05 23:00:00,80.36063951295124,0.0,0.1,0.1,0.1,0.0,0.0,0.0,-0.0,80.36063951295124,8.036063951295125,0.0,-8.036063951295125
2020-02-06 00:00:00,80.0425146131357,0.0,0.1,0.1,0.1,0.0,0.0,0.0,-0.0,80.0425146131357,8.00425146131357,0.0,-8.00425146131357
2020-02-06 01:00:00,80.45883257763448,0.0,0.1,0.1,0.1,0.0,0.0,0.0,-0.0,80.45883257763448,8.045883257763448,0.0,-8.045883257763448
2020-02-06 02:00:00,77.51399716792429,0.0,0.1,0.1,0.1,0.0,0.0,0.0,-0.0,77.51399716792429,7.751399716792429,0.0,-7.751399716792429
2020-02-06 03:00:00,81.84574230685591,0.0,0.1,0.1,0.1,0.0,0.0,0.0,-0.0,81.84574230685591,8.184574230685591,0.0,-8.184574230685591
2020-02-06 04:00:00,81.15438927953166,0.0,0.1,0.1,0.36117253461858534,137.45922874662386,137.45922874662386,137.45922874662386,0.0,218.6136180261555,21.86136180261555,5.223450692371707,-27.084812494987258
2020-02-06 05:00:00,84.89765351469315,0.0,0.1,0.36117253461858534,0.8361725346185853,250.0,250.0,250.0,0.0,334.89765351469316,33.489765351469316,9.5,-42.989765351469316
2020-02-06 06:00:00,81.68010261212325,0.0,0.1,0.8361725346185853,0.8361725346185853,0.0,0.0,0.0,-0.0,81.68010261212325,8.168010261212325,0.0,-8.168010261212325
2020-02-06 07:00:00,88.80980804354287,11.665475833333334,0.18,0.8361725346185853,0.8361725346185853,0.0,0.0,0.0,-0.0,77.14433221020954,13.885979797837717,0.0,-13.885979797837717
2020-02-06 08:00:00,93.32026866791675,53.15322333333333,0.18,0.8361725346185853,0.8361725346185853,0.0,0.0,0.0,-0.0,40.16704533458342,7.230068160225016,0.0,-7.230068160225016
2020-02-06 09:00:00,102.59623192859281,86.18410128205129,0.18,0.8361725346185853,0.8361725346185853,0.0,0.0,0.0,-0.0,16.412130646541527,2.954183516377475,0.0,-2.954183516377475
2020-02-06 10:00:00,106.95588999154155,109.32643055555555,0.18,0.8361725346185853,0.8406765616902119,2.370540564013993,2.370540564013993,2.370540564013993,0.0,0.0,0.0,0.09008054143253119,-0.09008054143253119
2020-02-06 11:00:00,108.35368157851539,116.13131,0.18,0.8406765616902119,0.8554540556910326,7.777628421484607,7.777628421484607,7.777628421484607,0.0,0.0,0.0,0.2955498800164147,-0.2955498800164147
2020-02-06 12:00:00,103.60217397202717,118.37874615384615,0.18,0.8554540556910326,0.8835295428364887,14.776572181818977,14.776572181818977,14.776572181818977,0.0,0.0,0.0,0.5615097429091209,-0.5615097429091209
2020-02-06 13:00:00,100.09210083499401,108.7607625,0.18,0.8835295428364887,0.9,8.668661665005985,8.668661665005983,8.668661665005983,0.0,-1.7763568394002505e-15,0.0,0.3294091432702273,-0.3294091432702273
2020-02-06 14:00:00,94.7310568889956,90.44712121212122,0.18,0.9,0.9,0.0,0.0,0.0,-0.0,4.283935676874378,0.771108421837388,0.0,-0.771108421837388
2020-02-06 15:00:00,93.23048335776856,58.48512051282051,0.18,0.9,0.9,0.0,0.0,0.0,-0.0,34.745362844948055,6.25416531209065,0.0,-6.25416531209065
2020-02-06 16:00:00,87.62114322759804,20.519088194444443,0.32,0.9,0.7587325157196767,-67.10205503315359,-67.10205503315359,0.0,67.10205503315359,0.0,0.0,2.8253496856064664,-2.8253496856064664
2020-02-06 17:00:00,85.10024543990323,1.58244696969697,0.32,0.7587325157196767,0.5829055715718741,-83.51779847020626,-83.51779847020626,0.0,83.51779847020626,0.0,0.0,3.516538882956053,-3.516538882956053
2020-02-06 18:00:00,85.65976468973078,0.0,0.32,0.5829055715718741,0.40256922485665136,-85.65976468973078,-85.65976468973078,0.0,85.65976468973078,0.0,0.0,3.606726934304454,-3.606726934304454
2020-02-06 19:00:00,87.03128032782713,0.0,0.32,0.40256922485665136,0.21934547679806793,-87.03128032782713,-87.03128032782713,0.0,87.03128032782713,0.0,0.0,3.6644749611716687,-3.6644749611716687
2020-02-06 20:00:00,87.55428149495597,0.0,0.32,0.21934547679806793,0.21934547679806793,0.0,0.0,0.0,-0.0,87.55428149495597,28.017370078385913,0.0,-28.017370078385913
2020-02-06 21:00:00,83.16460391841282,0.0,0.32,0.21934547679806793,0.1,-56.68910147908227,-56.68910147908226,0.0,56.68910147908226,26.475502439330562,8.47216078058578,2.3869095359613586,-10.859070316547138
2020-02-06 22:00:00,81.52359435448344,0.0,0.1,0.1,0.1,0.0,0.0,0.0,-0.0,81.52359435448344,8.152359435448345,0.0,-8.152359435448345
2020-02-06 23:00:00,80.38042721580615,0.0,0.1,0.1,0.1,0.0,0.0,0.0,-0.0,80.38042721580615,8.038042721580615,0.0,-8.038042721580615
2020-02-07 00:00:00,80.28582505367389,0.0,0.1,0.1,0.1,0.0,0.0,0.0,-0.0,80.28582505367389,8.028582505367389,0.0,-8.028582505367389
2020-02-07 01:00:00,83.12632353176782,0.0,0.1,0.1,0.1,0.0,0.0,0.0,-0.0,83.12632353176782,8.312632353176783,0.0,-8.312632353176783
2020-02-07 02:00:00,81.96035427079208,0.0,0.1,0.1,0.1,0.0,0.0,0.0,-0.0,81.96035427079208,8.196035427079208,0.0,-8.196035427079208
2020-02-07 03:00:00,81.86694475777202,0.0,0.1,0.1,0.1,0.0,0.0,0.0,-0.0,81.86694475777202,8.186694475777202,0.0,-8.186694475777202
2020-02-07 04:00:00,81.48160955176799,0.0,0.1,0.1,0.1,-0.0,-0.0,-0.0,0.0,81.48160955176799,8.148160955176799,0.0,-8.148160955176799
2020-02-07 05:00:00,87.09817819009471,0.0,0.1,0.1,0.393168514244282,154.2992180233063,154.2992180233063,154.2992180233063,0.0,241.397396213401,24.1397396213401,5.86337028488564,-30.003109906225742
2020-02-07 06:00:00,85.25659821976384,0.0,0.1,0.393168514244282,0.868168514244282,250.0,250.0,250.0,0.0,335.2565982197639,33.52565982197639,9.5,-43.02565982197639
2020-02-07 07:00:00,87.55421600624958,11.670980833333333,0.18,0.868168514244282,0.868168514244282,0.0,0.0,0.0,-0.0,75.88323517291624,13.658982331124923,0.0,-13.658982331124923
2020-02-07 08:00:00,92.23158455198366,52.182865151515145,0.18,0.868168514244282,0.868168514244282,0.0,0.0,0.0,-0.0,40.048719400468514,7.208769492084333,0.0,-7.208769492084333
2020-02-07 09:00:00,98.0893851602705,86.25022820512821,0.18,0.868168514244282,0.868168514244282,0.0,0.0,0.0,-0.0,11.839156955142286,2.1310482519256113,0.0,-2.1310482519256113
2020-02-07 10:00:00,105.53671358455877,108.31338472222222,0.18,0.868168514244282,0.8734441894058426,2.776671137663456,2.776671137663456,2.776671137663456,0.0,0.0,0.0,0.10551350323121156,-0.10551350323121156
2020-02-07 11:00:00,114.86918093686614,118.07262727272727,0.18,0.8734441894058426,0.8795307374439787,3.2034463358611305,3.2034463358611305,3.2034463358611305,0.0,0.0,0.0,0.1217309607627226,-0.1217309607627226
2020-02-07 12:00:00,107.11664622557575,117.88994230769231,0.18,0.8795307374439787,0.9,10.773296082116559,10.773296082116488,10.773296082116488,0.0,-7.105427357601002e-14,0.0,0.40938525112042656,-0.40938525112042656
2020-02-07 13:00:00,110.02250450106392,106.976225,0.18,0.9,0.9,0.0,0.0,0.0,-0.0,3.046279501063921,0.5483303101915058,0.0,-0.5483303101915058
2020-02-07 14:00:00,113.6527287118761,88.61900606060607,0.18,0.9,0.9,0.0,0.0,0.0,-0.0,25.033722651270025,4.506070077228604,0.0,-4.506070077228604
2020-02-07 15:00:00,100.54462093062335,57.6034482051282,0.18,0.9,0.9,-0.0,-0.0,-0.0,0.0,42.94117272549515,7.729411090589127,0.0,-7.729411090589127
2020-02-07 16:00:00,88.60467684110347,20.290419444444442,0.32,0.9,0.7561805107438757,-68.31425739665903,-68.31425739665903,0.0,68.31425739665903,0.0,0.0,2.876389785122486,-2.876389785122486
2020-02-07 17:00:00,86.65871349531618,2.461850552251487,0.32,0.7561805107438757,0.578923957179529,-84.19686294306469,-84.19686294306469,0.0,84.19686294306469,0.0,0.0,3.5451310712869333,-3.5451310712869333
2020-02-07 18:00:00,84.52320697559773,0.0,0.32,0.578923957179529,0.40098036354669175,-84.52320697559773,-84.52320697559773,0.0,84.52320697559773,0.0,0.0,3.558871872656746,-3.558871872656746
2020-02-07 19:00:00,87.1967147165755,0.0,0.32,0.40098036354669175,0.21740833256442754,-87.1967147165755,-87.1967147165755,0.0,87.1967147165755,0.0,0.0,3.671440619645284,-3.671440619645284
2020-02-07 20:00:00,84.96821771388953,0.0,0.32,0.21740833256442754,0.10000000000000003,-55.76895796810307,-55.76895796810307,0.0,55.76895796810307,29.199259745786463,9.343763118651669,2.34816665128855,-11.69192976994022
2020-02-07 21:00:00,80.71904523000408,0.0,0.32,0.10000000000000003,0.10000000000000003,0.0,0.0,0.0,-0.0,80.71904523000408,25.830094473601307,0.0,-25.830094473601307
2020-02-07 22:00:00,79.6552959450022,0.0,0.1,0.10000000000000003,0.10000000000000003,0.0,0.0,0.0,-0.0,79.6552959450022,7.96552959450022,0.0,-7.96552959450022
2020-02-07 23:00:00,82.12010011913407,0.0,0.1,0.10000000000000003,0.10000000000000003,0.0,0.0,0.0,-0.0,82.12010011913407,8.212010011913407,0.0,-8.212010011913407
2020-02-08 00:00:00,79.47785400290815,0.0,0.12,0.10000000000000003,0.10000000000000003,0.0,0.0,0.0,-0.0,79.47785400290815,9.537342480348977,0.0,-9.537342480348977
2020-02-08 01:00:00,78.2927433670842,0.0,0.12,0.10000000000000003,0.10000000000000003,0.0,0.0,0.0,-0.0,78.2927433670842,9.395129204050104,0.0,-9.395129204050104
2020-02-08 02:00:00,79.43425004914393,0.0,0.12,0.10000000000000003,0.10000000000000003,0.0,0.0,0.0,-0.0,79.43425004914393,9.532110005897271,0.0,-9.532110005897271
2020-02-08 03:00:00,79.90561479255877,0.0,0.12,0.10000000000000003,0.10000000000000003,0.0,0.0,0.0,-0.0,79.90561479255877,9.588673775107052,0.0,-9.588673775107052
2020-02-08 04:00:00,80.9666351388427,0.0,0.12,0.10000000000000003,0.10000000000000003,0.0,0.0,0.0,-0.0,80.9666351388427,9.715996216661123,0.0,-9.715996216661123
2020-02-08 05:00:00,78.54387823906163,0.0,0.12,0.10000000000000003,0.10000000000000003,0.0,0.0,0.0,-0.0,78.54387823906163,9.425265388687395,0.0,-9.425265388687395
2020-02-08 06:00:00,78.93289951628071,0.0,0.12,0.10000000000000003,0.10000000000000003,0.0,0.0,0.0,-0.0,78.93289951628071,9.471947941953685,0.0,-9.471947941953685
2020-02-08 07:00:00,81.64919687777922,10.186866458333334,0.12,0.10000000000000003,0.10000000000000003,0.0,0.0,0.0,-0.0,71.46233041944589,8.575479650333506,0.0,-8.575479650333506
2020-02-08 08:00:00,85.35963656669924,50.10493363636363,0.12,0.10000000000000003,0.10000000000000003,0.0,0.0,0.0,-0.0,35.254702930335604,4.230564351640273,0.0,-4.230564351640273
2020-02-08 09:00:00,86.39006026907788,68.34075230769231,0.12,0.10000000000000003,0.10000000000000003,0.0,0.0,0.0,-0.0,18.049307961385566,2.1659169553662676,0.0,-2.1659169553662676
2020-02-08 10:00:00,91.45448690946561,104.67977777777777,0.12,0.10000000000000003,0.12512805264979313,13.225290868312157,13.225290868312157,13.225290868312157,0.0,0.0,0.0,0.5025610529958618,-0.5025610529958618
2020-02-08 11:00:00,94.14318680510397,119.7716181818182,0.12,0.12512805264979313,0.17382207226555016,25.628431376714232,25.628431376714232,25.628431376714232,0.0,0.0,0.0,0.9738803923151407,-0.9738803923151407
2020-02-08 12:00:00,95.10098845652234,119.54951538461539,0.12,0.17382207226555016,0.22027427342892694,24.448526928093045,24.448526928093045,24.448526928093045,0.0,0.0,0.0,0.9290440232675357,-0.9290440232675357
2020-02-08 13:00:00,92.36450072633244,110.63810000000001,0.12,0.22027427342892694,0.2549941120488953,18.27359927366757,18.27359927366757,18.27359927366757,0.0,0.0,0.0,0.6943967723993677,-0.6943967723993677
2020-02-08 14:00:00,91.18189233852576,90.0052106060606,0.12,0.2549941120488953,0.2549941120488953,0.0,0.0,0.0,-0.0,1.1766817324651555,0.14120180789581865,0.0,-0.14120180789581865
2020-02-08 15:00:00,88.73088526813366,58.16789743589744,0.12,0.2549941120488953,0.2549941120488953,0.0,0.0,0.0,-0.0,30.562987832236225,3.667558539868347,0.0,-3.667558539868347
2020-02-08 16:00:00,83.120081130646,22.580708333333334,0.12,0.2549941120488953,0.2549941120488953,0.0,0.0,0.0,-0.0,60.539372797312666,7.26472473567752,0.0,-7.26472473567752
2020-02-08 17:00:00,79.58786860659812,2.028290909090909,0.12,0.2549941120488953,0.2549941120488953,0.0,0.0,0.0,-0.0,77.55957769750721,9.307149323700864,0.0,-9.307149323700864
2020-02-08 18:00:00,79.3133145584827,0.0,0.12,0.2549941120488953,0.2549941120488953,0.0,0.0,0.0,-0.0,79.3133145584827,9.517597747017923,0.0,-9.517597747017923
2020-02-08 19:00:00,82.27869032602165,0.0,0.12,0.2549941120488953,0.2549941120488953,0.0,0.0,0.0,-0.0,82.27869032602165,9.873442839122598,0.0,-9.873442839122598
2020-02-08 20:00:00,81.58141240500271,0.0,0.12,0.2549941120488953,0.2549941120488953,0.0,0.0,0.0,-0.0,81.58141240500271,9.789769488600324,0.0,-9.789769488600324
2020-02-08 21:00:00,83.06139265862947,0.0,0.12,0.2549941120488953,0.2549941120488953,0.0,0.0,0.0,-0.0,83.06139265862947,9.967367119035536,0.0,-9.967367119035536
2020-02-08 22:00:00,81.59298274662012,0.0,0.12,0.2549941120488953,0.2549941120488953,0.0,0.0,0.0,-0.0,81.59298274662012,9.791157929594414,0.0,-9.791157929594414
2020-02-08 23:00:00,78.90907186301374,0.0,0.12,0.2549941120488953,0.2549941120488953,0.0,0.0,0.0,-0.0,78.90907186301374,9.469088623561648,0.0,-9.469088623561648
2020-02-09 00:00:00,80.99294824796502,0.0,0.12,0.2549941120488953,0.2549941120488953,0.0,0.0,0.0,-0.0,80.99294824796502,9.719153789755802,0.0,-9.719153789755802
2020-02-09 01:00:00,79.74903669729096,0.0,0.12,0.2549941120488953,0.2549941120488953,0.0,0.0,0.0,-0.0,79.74903669729096,9.569884403674916,0.0,-9.569884403674916
2020-02-09 02:00:00,81.41623794960437,0.0,0.12,0.2549941120488953,0.2549941120488953,0.0,0.0,0.0,-0.0,81.41623794960437,9.769948553952524,0.0,-9.769948553952524
2020-02-09 03:00:00,79.73486721154414,0.0,0.12,0.2549941120488953,0.2549941120488953,0.0,0.0,0.0,-0.0,79.73486721154414,9.568184065385296,0.0,-9.568184065385296
2020-02-09 04:00:00,79.75140021700683,0.0,0.12,0.2549941120488953,0.2549941120488953,0.0,0.0,0.0,-0.0,79.75140021700683,9.57016802604082,0.0,-9.57016802604082
2020-02-09 05:00:00,82.71698103824463,0.0,0.12,0.2549941120488953,0.2549941120488953,0.0,0.0,0.0,-0.0,82.71698103824463,9.926037724589355,0.0,-9.926037724589355
2020-02-09 06:00:00,80.05113814719472,0.0,0.12,0.2549941120488953,0.2549941120488953,0.0,0.0,0.0,-0.0,80.05113814719472,9.606136577663365,0.0,-9.606136577663365
2020-02-09 07:00:00,77.99167141136375,14.756409444444445,0.12,0.2549941120488953,0.2549941120488953,0.0,0.0,0.0,-0.0,63.23526196691931,7.588231436030317,0.0,-7.588231436030317
2020-02-09 08:00:00,84.4319271296422,58.56611818181818,0.12,0.2549941120488953,0.2549941120488953,0.0,0.0,0.0,-0.0,25.86580894782402,3.1038970737388825,0.0,-3.1038970737388825
2020-02-09 09:00:00,87.3110148178247,95.76679102564103,0.12,0.2549941120488953,0.27106008684374633,8.455776207816328,8.455776207816328,8.455776207816328,0.0,0.0,0.0,0.32131949589702,-0.32131949589702
2020-02-09 10:00:00,91.94915988551334,120.20988055555556,0.12,0.27106008684374633,0.32475545611682655,28.260720670042218,28.260720670042218,28.260720670042218,0.0,0.0,0.0,1.0739073854616044,-1.0739073854616044
2020-02-09 11:00:00,92.51194551097386,130.7386227272727,0.12,0.32475545611682655,0.3973861428277944,38.22667721629885,38.22667721629885,38.22667721629885,0.0,0.0,0.0,1.4526137342193568,-1.4526137342193568
2020-02-09 12:00:00,89.81962105855247,129.52532564102563,0.12,0.3973861428277944,0.4728269815344934,39.70570458247316,39.70570458247316,39.70570458247316,0.0,0.0,0.0,1.5088167741339797,-1.5088167741339797
2020-02-09 13:00:00,92.08732912014885,119.15900833333335,0.12,0.4728269815344934,0.5242631720395439,27.071679213184495,27.071679213184495,27.071679213184495,0.0,0.0,0.0,1.0287238101010099,-1.0287238101010099
2020-02-09 14:00:00,87.68549276937456,97.46742727272728,0.12,0.5242631720395439,0.542848847595914,9.781934503352716,9.781934503352716,9.781934503352716,0.0,0.0,0.0,0.3717135111274028,-0.3717135111274028
2020-02-09 15:00:00,86.05193409330242,63.81354743589744,0.12,0.542848847595914,0.542848847595914,0.0,0.0,0.0,-0.0,22.23838665740498,2.6686063988885977,0.0,-2.6686063988885977
2020-02-09 16:00:00,79.77676907838644,23.333481388888888,0.12,0.542848847595914,0.542848847595914,0.0,0.0,0.0,-0.0,56.44328768949755,6.773194522739706,0.0,-6.773194522739706
2020-02-09 17:00:00,80.27457179296886,1.9829636363636363,0.12,0.542848847595914,0.542848847595914,0.0,0.0,0.0,-0.0,78.29160815660522,9.394992978792626,0.0,-9.394992978792626
2020-02-09 18:00:00,81.98771752319668,0.0,0.12,0.542848847595914,0.542848847595914,0.0,0.0,0.0,-0.0,81.98771752319668,9.838526102783602,0.0,-9.838526102783602
2020-02-09 19:00:00,81.64772317887541,0.0,0.12,0.542848847595914,0.542848847595914,0.0,0.0,0.0,-0.0,81.64772317887541,9.797726781465048,0.0,-9.797726781465048
2020-02-09 20:00:00,81.11418824885351,0.0,0.12,0.542848847595914,0.542848847595914,0.0,0.0,0.0,-0.0,81.11418824885351,9.733702589862421,0.0,-9.733702589862421
2020-02-09 21:00:00,82.80412076103136,0.0,0.12,0.542848847595914,0.542848847595914,0.0,0.0,0.0,-0.0,82.80412076103136,9.936494491323762,0.0,-9.936494491323762
2020-02-09 22:00:00,81.24880871679359,0.0,0.12,0.542848847595914,0.542848847595914,0.0,0.0,0.0,-0.0,81.24880871679359,9.749857046015231,0.0,-9.749857046015231
2020-02-09 23:00:00,82.02890830184619,0.0,0.12,0.542848847595914,0.542848847595914,0.0,0.0,0.0,-0.0,82.02890830184619,9.843468996221542,0.0,-9.843468996221542
2020-02-10 00:00:00,78.89622856642005,0.0,0.1,0.542848847595914,0.542848847595914,0.0,0.0,0.0,-0.0,78.89622856642005,7.8896228566420055,0.0,-7.8896228566420055
2020-02-10 01:00:00,78.85982719130375,0.0,0.1,0.542848847595914,0.542848847595914,0.0,0.0,0.0,-0.0,78.85982719130375,7.885982719130375,0.0,-7.885982719130375
2020-02-10 02:00:00,81.00696923336663,0.0,0.1,0.542848847595914,0.542848847595914,0.0,0.0,0.0,-0.0,81.00696923336663,8.100696923336663,0.0,-8.100696923336663
2020-02-10 03:00:00,79.97760423488474,0.0,0.1,0.542848847595914,0.542848847595914,0.0,0.0,0.0,-0.0,79.97760423488474,7.997760423488474,0.0,-7.997760423488474
2020-02-10 04:00:00,80.10358793401548,0.0,0.1,0.542848847595914,0.542848847595914,0.0,0.0,0.0,-0.0,80.10358793401548,8.010358793401549,0.0,-8.010358793401549
2020-02-10 05:00:00,77.93474240898757,0.0,0.1,0.542848847595914,0.542848847595914,0.0,0.0,0.0,-0.0,77.93474240898757,7.793474240898758,0.0,-7.793474240898758
2020-02-10 06:00:00,81.10400655606794,0.0,0.1,0.542848847595914,0.7092084407750834,87.55768062061543,87.55768062061543,87.55768062061543,0.0,168.66168717668336,16.866168717668337,3.3271918635833875,-20.193360581251724
2020-02-10 07:00:00,92.79226441217945,15.656031944444445,0.18,0.7092084407750834,0.7092084407750834,0.0,0.0,0.0,-0.0,77.136232467735,13.8845218441923,0.0,-13.8845218441923
2020-02-10 08:00:00,89.1890429704466,58.752015151515145,0.18,0.7092084407750834,0.7092084407750834,0.0,0.0,0.0,-0.0,30.437027818931448,5.478665007407661,0.0,-5.478665007407661
2020-02-10 09:00:00,86.38900878060159,93.35894615384616,0.18,0.7092084407750834,0.7224513217842481,6.969937373244576,6.969937373244576,6.969937373244576,0.0,0.0,0.0,0.2648576201832942,-0.2648576201832942
2020-02-10 10:00:00,89.766349314735,118.5460125,0.18,0.7224513217842481,0.7771326818362516,28.779663185265008,28.779663185265008,28.779663185265008,0.0,0.0,0.0,1.0936272010400705,-1.0936272010400705
2020-02-10 11:00:00,102.45736808304228,127.94685303030305,0.18,0.7771326818362516,0.8255627032360471,25.489484947260763,25.489484947260763,25.489484947260763,0.0,0.0,0.0,0.9686004279959093,-0.9686004279959093
2020-02-10 12:00:00,99.96532812904555,127.49325384615385,0.18,0.8255627032360471,0.8778657620985528,27.527925717108303,27.527925717108303,27.527925717108303,0.0,0.0,0.0,1.046061177250115,-1.046061177250115
2020-02-10 13:00:00,103.99653027116807,115.64612916666665,0.18,0.8778657620985528,0.9,11.649598895498585,11.649598895498524,11.649598895498524,0.0,-6.039613253960852e-14,0.0,0.4426847580289439,-0.4426847580289439
2020-02-10 14:00:00,104.68250338675612,95.36354545454546,0.18,0.9,0.9,0.0,0.0,0.0,-0.0,9.318957932210665,1.6774124277979197,0.0,-1.6774124277979197
2020-02-10 15:00:00,105.3612136234241,63.3426858974359,0.18,0.9,0.9,0.0,0.0,0.0,-0.0,42.01852772598821,7.563334990677877,0.0,-7.563334990677877
2020-02-10 16:00:00,90.67642403905948,22.999560972222223,0.32,0.9,0.7575223935435005,-67.67686306683726,-67.67686306683726,0.0,67.67686306683726,0.0,0.0,2.849552129129991,-2.849552129129991
2020-02-10 17:00:00,89.35336486958953,2.397009090909091,0.32,0.7575223935435005,0.5744563813778575,-86.95635577868043,-86.95635577868043,0.0,86.95635577868043,0.0,0.0,3.66132024331286,-3.66132024331286
2020-02-10 18:00:00,85.49887224210084,0.0,0.32,0.5744563813778575,0.3944587556050136,-85.49887224210084,-85.49887224210084,0.0,85.49887224210084,0.0,0.0,3.599952515456878,-3.599952515456878
2020-02-10 19:00:00,89.6171783770215,0.0,0.32,0.3944587556050136,0.28266503843202134,-53.102015657171314,-53.102015657171314,0.0,53.102015657171314,36.51516271985019,11.684852070352061,2.235874343459845,-13.920726413811906
2020-02-10 20:00:00,86.76589325521014,0.0,0.32,0.28266503843202134,0.1,-86.76589325521014,-86.76589325521013,0.0,86.76589325521013,1.4210854715202004e-14,4.547473508864641e-15,3.6533007686404266,-3.653300768640431
2020-02-10 21:00:00,82.5915917849017,0.0,0.32,0.1,0.1,0.0,0.0,0.0,-0.0,82.5915917849017,26.429309371168543,0.0,-26.429309371168543
2020-02-10 22:00:00,79.11047817886187,0.0,0.1,0.1,0.1,0.0,0.0,0.0,-0.0,79.11047817886187,7.911047817886187,0.0,-7.911047817886187
2020-02-10 23:00:00,80.10403986913174,0.0,0.1,0.1,0.1,0.0,0.0,0.0,-0.0,80.10403986913174,8.010403986913174,0.0,-8.010403986913174
2020-02-11 00:00:00,79.2351903778594,0.0,0.1,0.1,0.1,0.0,0.0,0.0,-0.0,79.2351903778594,7.92351903778594,0.0,-7.92351903778594
2020-02-11 01:00:00,79.07549869763616,0.0,0.1,0.1,0.1,0.0,0.0,0.0,-0.0,79.07549869763616,7.907549869763617,0.0,-7.907549869763617
2020-02-11 02:00:00,81.98263998543808,0.0,0.1,0.1,0.31144802745691924,111.28843550364171,111.28843550364171,111.28843550364171,0.0,193.2710754890798,19.327107548907982,4.228960549138384,-23.556068098046367
2020-02-11 03:00:00,80.24976654690732,0.0,0.1,0.31144802745691924,0.31144802745691924,0.0,0.0,0.0,-0.0,80.24976654690732,8.024976654690732,0.0,-8.024976654690732
2020-02-11 04:00:00,81.08601732875499,0.0,0.1,0.31144802745691924,0.31144802745691924,0.0,0.0,0.0,-0.0,81.08601732875499,8.1086017328755,0.0,-8.1086017328755
2020-02-11 05:00:00,86.56695478564541,0.0,0.1,0.31144802745691924,0.31144802745691924,0.0,0.0,0.0,-0.0,86.56695478564541,8.656695478564542,0.0,-8.656695478564542
2020-02-11 06:00:00,81.92868593566321,0.0,0.1,0.31144802745691924,0.7864480274569192,250.0,250.0,250.0,0.0,331.9286859356632,33.192868593566324,9.5,-42.692868593566324
2020-02-11 07:00:00,86.1480240488997,15.394081388888885,0.18,0.7864480274569192,0.7864480274569192,0.0,0.0,0.0,-0.0,70.75394266001081,12.735709678801944,0.0,-12.735709678801944
2020-02-11 08:00:00,89.24752577088175,58.39161818181819,0.18,0.7864480274569192,0.7864480274569192,0.0,0.0,0.0,-0.0,30.855907589063563,5.554063366031441,0.0,-5.554063366031441
2020-02-11 09:00:00,96.12682060769757,93.17896923076923,0.18,0.7864480274569192,0.7864480274569192,0.0,0.0,0.0,-0.0,2.947851376928341,0.5306132478471014,0.0,-0.5306132478471014
2020-02-11 10:00:00,104.29575344925478,117.31136562500001,0.18,0.7864480274569192,0.8111776905908351,13.015612175745233,13.015612175745233,13.015612175745233,0.0,0.0,0.0,0.4945932626783178,-0.4945932626783178
2020-02-11 11:00:00,108.68665697325913,125.9900303030303,0.18,0.8111776905908351,0.8440540999174003,17.303373329771162,17.303373329771162,17.303373329771162,0.0,0.0,0.0,0.6575281865313043,-0.6575281865313043
2020-02-11 12:00:00,104.94508897200974,125.66694230769232,0.18,0.8440540999174003,0.8834256212551972,20.72185333568258,20.72185333568258,20.72185333568258,0.0,0.0,0.0,0.7874304267559373,-0.7874304267559373
2020-02-11 13:00:00,106.34730526589324,115.07066250000001,0.18,0.8834256212551972,0.9,8.723357234106771,8.723357234106754,8.723357234106754,0.0,-1.7763568394002505e-14,0.0,0.3314875748960566,-0.3314875748960566
2020-02-11 14:00:00,101.78000332879539,94.46880303030302,0.18,0.9,0.9,0.0,0.0,0.0,-0.0,7.311200298492366,1.3160160537286258,0.0,-1.3160160537286258
2020-02-11 15:00:00,97.5133804846656,62.47191410256411,0.18,0.9,0.9,-0.0,-0.0,-0.0,0.0,35.0414663821015,6.3074639487782695,0.0,-6.3074639487782695
2020-02-11 16:00:00,92.84286369556492,23.31911375,0.32,0.9,0.753634210640916,-69.52374994556492,-69.52374994556492,0.0,69.52374994556492,0.0,0.0,2.9273157871816813,-2.9273157871816813
2020-02-11 17:00:00,89.2666479811864,2.1286579545454547,0.32,0.753634210640916,0.5701858105848298,-87.13799002664094,-87.13799002664094,0.0,87.13799002664094,0.0,0.0,3.668968001121724,-3.668968001121724
2020-02-11 18:00:00,87.73717591757271,0.0,0.32,0.5701858105848298,0.38547596654783456,-87.73717591757271,-87.73717591757271,0.0,87.73717591757271,0.0,0.0,3.694196880739904,-3.694196880739904
2020-02-11 19:00:00,88.9296544724292,0.0,0.32,0.38547596654783456,0.28418040467960803,-48.115391887407604,-48.115391887407604,0.0,48.115391887407604,40.8142625850216,13.060564027206913,2.0259112373645305,-15.086475264571444
2020-02-11 20:00:00,87.4856922228138,0.0,0.32,0.28418040467960803,0.10000000000000003,-87.4856922228138,-87.4856922228138,0.0,87.4856922228138,0.0,0.0,3.6836080935921602,-3.6836080935921602
2020-02-11 21:00:00,84.12563821541579,0.0,0.32,0.10000000000000003,0.10000000000000003,0.0,0.0,0.0,-0.0,84.12563821541579,26.920204228933052,0.0,-26.920204228933052
2020-02-11 22:00:00,80.88464520595677,0.0,0.1,0.10000000000000003,0.10000000000000003,-0.0,-0.0,-0.0,0.0,80.88464520595677,8.088464520595677,0.0,-8.088464520595677
2020-02-11 23:00:00,81.58052685813077,0.0,0.1,0.10000000000000003,0.10000000000000003,0.0,0.0,0.0,-0.0,81.58052685813077,8.158052685813077,0.0,-8.158052685813077
2020-02-12 00:00:00,79.64901879542957,0.0,0.1,0.10000000000000003,0.10000000000000003,0.0,0.0,0.0,-0.0,79.64901879542957,7.964901879542957,0.0,-7.964901879542957
2020-02-12 01:00:00,78.11237730914293,0.0,0.1,0.10000000000000003,0.10000000000000003,0.0,0.0,0.0,-0.0,78.11237730914293,7.811237730914293,0.0,-7.811237730914293
2020-02-12 02:00:00,79.5103209921288,0.0,0.1,0.10000000000000003,0.10000000000000003,0.0,0.0,0.0,-0.0,79.5103209921288,7.95103209921288,0.0,-7.95103209921288
2020-02-12 03:00:00,79.78664379971555,0.0,0.1,0.10000000000000003,0.10000000000000003,0.0,0.0,0.0,-0.0,79.78664379971555,7.978664379971555,0.0,-7.978664379971555
2020-02-12 04:00:00,81.94399463218532,0.0,0.1,0.10000000000000003,0.10000000000000003,0.0,0.0,0.0,-0.0,81.94399463218532,8.194399463218533,0.0,-8.194399463218533
2020-02-12 05:00:00,77.30201316620476,0.0,0.1,0.10000000000000003,0.3256700423350892,118.77370649215223,118.77370649215223,118.77370649215223,0.0,196.075719658357,19.607571965835703,4.513400846701784,-24.120972812537488
2020-02-12 06:00:00,83.57584351022093,0.0,0.1,0.3256700423350892,0.8006700423350892,250.0,250.0,250.0,0.0,333.5758435102209,33.35758435102209,9.5,-42.85758435102209
2020-02-12 07:00:00,88.83398309975972,14.868555694444444,0.18,0.8006700423350892,0.8006700423350892,0.0,0.0,0.0,-0.0,73.96542740531528,13.31377693295675,0.0,-13.31377693295675
2020-02-12 08:00:00,87.22246200683043,54.9953296969697,0.18,0.8006700423350892,0.8006700423350892,0.0,0.0,0.0,-0.0,32.22713230986073,5.800883815774931,0.0,-5.800883815774931
2020-02-12 09:00:00,92.80912045631263,88.3184717948718,0.18,0.8006700423350892,0.8006700423350892,0.0,0.0,0.0,-0.0,4.490648661440829,0.8083167590593493,0.0,-0.8083167590593493
2020-02-12 10:00:00,116.77879580417392,110.55216666666666,0.18,0.8006700423350892,0.8006700423350892,0.0,0.0,0.0,-0.0,6.22662913750726,1.1207932447513067,0.0,-1.1207932447513067
2020-02-12 11:00:00,99.86853540211608,122.52656751628433,0.18,0.8006700423350892,0.8437203033520089,22.65803211416825,22.65803211416825,22.65803211416825,0.0,0.0,0.0,0.8610052203383933,-0.8610052203383933
2020-02-12 12:00:00,102.25739902573409,122.23150333093697,0.18,0.8437203033520089,0.8816711015318943,19.974104305202886,19.974104305202886,19.974104305202886,0.0,0.0,0.0,0.759015963597709,-0.759015963597709
2020-02-12 13:00:00,98.09472661035369,107.74151527777776,0.18,0.8816711015318943,0.9,9.646788667424076,9.646788667424055,9.646788667424055,0.0,-2.1316282072803006e-14,0.0,0.36657796936211406,-0.36657796936211406
2020-02-12 14:00:00,101.76570726923924,89.55409696969699,0.18,0.9,0.9,0.0,0.0,0.0,-0.0,12.211610299542258,2.1980898539176064,0.0,-2.1980898539176064
2020-02-12 15:00:00,90.86169166985778,58.446779487179484,0.18,0.9,0.9,0.0,0.0,0.0,-0.0,32.41491218267829,5.834684192882093,0.0,-5.834684192882093
2020-02-12 16:00:00,87.6599151515868,25.523686805555556,0.32,0.9,0.7691868876925658,-62.136228346031245,-62.136228346031245,0.0,62.136228346031245,0.0,0.0,2.616262246148684,-2.616262246148684
2020-02-12 17:00:00,87.43877015515544,3.1860706060606065,0.32,0.7691868876925658,0.5918127833786819,-84.25269954909483,-84.25269954909483,0.0,84.25269954909483,0.0,0.0,3.547482086277678,-3.547482086277678
2020-02-12 18:00:00,83.95283646726092,0.0,0.32,0.5918127833786819,0.4150699697633958,-83.95283646726092,-83.95283646726092,0.0,83.95283646726092,0.0,0.0,3.5348562723057233,-3.5348562723057233
2020-02-12 19:00:00,86.34449136467998,0.0,0.32,0.4150699697633958,0.2836059671112735,-62.44540125975808,-62.44540125975808,0.0,62.44540125975808,23.899090104921903,7.64770883357501,2.6292800530424456,-10.276988886617456
2020-02-12 20:00:00,87.2128343778549,0.0,0.32,0.2836059671112735,0.10000000000000003,-87.2128343778549,-87.2128343778549,0.0,87.2128343778549,0.0,0.0,3.6721193422254697,-3.6721193422254697
2020-02-12 21:00:00,81.0992700595996,0.0,0.32,0.10000000000000003,0.10000000000000003,0.0,0.0,0.0,-0.0,81.0992700595996,25.951766419071873,0.0,-25.951766419071873
2020-02-12 22:00:00,80.98056264309052,0.0,0.1,0.10000000000000003,0.10000000000000003,0.0,0.0,0.0,-0.0,80.98056264309052,8.098056264309053,0.0,-8.098056264309053
2020-02-12 23:00:00,79.4896731127393,0.0,0.1,0.10000000000000003,0.10000000000000003,0.0,0.0,0.0,-0.0,79.4896731127393,7.94896731127393,0.0,-7.94896731127393
2020-02-13 00:00:00,78.9590705655435,0.0,0.1,0.10000000000000003,0.10000000000000003,0.0,0.0,0.0,-0.0,78.9590705655435,7.89590705655435,0.0,-7.89590705655435
2020-02-13 01:00:00,79.60793788004096,0.0,0.1,0.10000000000000003,0.10000000000000003,0.0,0.0,0.0,-0.0,79.60793788004096,7.960793788004096,0.0,-7.960793788004096
2020-02-13 02:00:00,78.98730281104454,0.0,0.1,0.10000000000000003,0.10000000000000003,0.0,0.0,0.0,-0.0,78.98730281104454,7.898730281104455,0.0,-7.898730281104455
2020-02-13 03:00:00,79.4217514422543,0.0,0.1,0.10000000000000003,0.10000000000000003,0.0,0.0,0.0,-0.0,79.4217514422543,7.9421751442254305,0.0,-7.9421751442254305
2020-02-13 04:00:00,79.00738127119311,0.0,0.1,0.10000000000000003,0.10000000000000003,-0.0,-0.0,-0.0,0.0,79.00738127119311,7.900738127119311,0.0,-7.900738127119311
2020-02-13 05:00:00,79.32762087016317,0.0,0.1,0.10000000000000003,0.3275895325978525,119.78396452518552,119.78396452518552,119.78396452518552,0.0,199.1115853953487,19.91115853953487,4.55179065195705,-24.46294919149192
2020-02-13 06:00:00,79.67434219148737,0.0,0.1,0.3275895325978525,0.8025895325978525,250.0,250.0,250.0,0.0,329.67434219148737,32.967434219148736,9.5,-42.467434219148736
2020-02-13 07:00:00,79.26817056590555,15.36074138888889,0.18,0.8025895325978525,0.8025895325978525,0.0,0.0,0.0,-0.0,63.90742917701666,11.503337251862998,0.0,-11.503337251862998
2020-02-13 08:00:00,89.33858170906197,53.93072212121212,0.18,0.8025895325978525,0.8025895325978525,0.0,0.0,0.0,-0.0,35.40785958784985,6.373414725812973,0.0,-6.373414725812973
2020-02-13 09:00:00,91.66462993567544,89.40219743589743,0.18,0.8025895325978525,0.8025895325978525,0.0,0.0,0.0,-0.0,2.2624324997780008,0.40723784996004014,0.0,-0.40723784996004014
2020-02-13 10:00:00,112.44305978306859,111.03790277777777,0.18,0.8025895325978525,0.8025895325978525,0.0,0.0,0.0,-0.0,1.4051570052908176,0.25292826095234716,0.0,-0.25292826095234716
2020-02-13 11:00:00,106.32180130400765,120.4652318181818,0.18,0.8025895325978525,0.8294620505747834,14.143430514174156,14.143430514174156,14.143430514174156,0.0,0.0,0.0,0.5374503595386182,-0.5374503595386182
2020-02-13 12:00:00,97.6719540317527,119.94075641025641,0.18,0.8294620505747834,0.8717727750939405,22.268802378503707,22.268802378503707,22.268802378503707,0.0,0.0,0.0,0.8462144903831414,-0.8462144903831414
2020-02-13 13:00:00,95.51788528336049,110.37431944444444,0.18,0.8717727750939405,0.9,14.856434161083953,14.856434161083953,14.856434161083953,0.0,0.0,0.0,0.5645444981211911,-0.5645444981211911
2020-02-13 14:00:00,93.27164071479588,92.38602727272728,0.18,0.9,0.9,0.0,0.0,0.0,-0.0,0.8856134420686033,0.15941041957234858,0.0,-0.15941041957234858
2020-02-13 15:00:00,91.96430135964364,62.818533333333335,0.18,0.9,0.9,0.0,0.0,0.0,-0.0,29.145768026310307,5.2462382447358555,0.0,-5.2462382447358555
2020-02-13 16:00:00,87.89323553428709,23.913325625,0.32,0.9,0.7653054528225536,-63.97990990928709,-63.97990990928709,0.0,63.97990990928709,0.0,0.0,2.693890943548929,-2.693890943548929
2020-02-13 17:00:00,84.74830028357356,2.6435999999999997,0.32,0.7653054528225536,0.5924534522255567,-82.10470028357355,-82.10470028357355,0.0,82.10470028357355,0.0,0.0,3.457040011939938,-3.457040011939938
2020-02-13 18:00:00,83.57232799630948,0.0,0.32,0.5924534522255567,0.41651170907543145,-83.57232799630948,-83.57232799630948,0.0,83.57232799630948,0.0,0.0,3.5188348630025046,-3.5188348630025046
2020-02-13 19:00:00,85.01698424291422,0.0,0.32,0.41651170907543145,0.23752858435350677,-85.01698424291422,-85.01698424291422,0.0,85.01698424291422,0.0,0.0,3.5796624944384936,-3.5796624944384936
2020-02-13 20:00:00,82.13673216261571,0.0,0.32,0.23752858435350677,0.10000000000000003,-65.3260775679157,-65.3260775679157,0.0,65.3260775679157,16.81065459470001,5.379409470304004,2.750571687070135,-8.12998115737414
2020-02-13 21:00:00,81.19895464140957,0.0,0.32,0.10000000000000003,0.10000000000000003,0.0,0.0,0.0,-0.0,81.19895464140957,25.983665485251063,0.0,-25.983665485251063
2020-02-13 22:00:00,81.04410529880994,0.0,0.1,0.10000000000000003,0.10000000000000003,0.0,0.0,0.0,-0.0,81.04410529880994,8.104410529880994,0.0,-8.104410529880994
2020-02-13 23:00:00,79.35713272864065,0.0,0.1,0.10000000000000003,0.10000000000000003,0.0,0.0,0.0,-0.0,79.35713272864065,7.935713272864065,0.0,-7.935713272864065
2020-02-14 00:00:00,78.15805388665723,0.0,0.1,0.10000000000000003,0.10000000000000003,0.0,0.0,0.0,-0.0,78.15805388665723,7.815805388665723,0.0,-7.815805388665723
2020-02-14 01:00:00,78.37389314657523,0.0,0.1,0.10000000000000003,0.10000000000000003,0.0,0.0,0.0,-0.0,78.37389314657523,7.837389314657523,0.0,-7.837389314657523
2020-02-14 02:00:00,79.99512881035157,0.0,0.1,0.10000000000000003,0.10000000000000003,0.0,0.0,0.0,-0.0,79.99512881035157,7.999512881035158,0.0,-7.999512881035158
2020-02-14 03:00:00,79.97250761392192,0.0,0.1,0.10000000000000003,0.10000000000000003,0.0,0.0,0.0,-0.0,79.97250761392192,7.997250761392192,0.0,-7.997250761392192
2020-02-14 04:00:00,77.52836864857134,0.0,0.1,0.10000000000000003,0.3359381741118402,124.1779863746527,124.1779863746527,124.1779863746527,0.0,201.70635502322403,20.170635502322405,4.7187634822368025,-24.889398984559207
2020-02-14 05:00:00,78.96686556209853,0.0,0.1,0.3359381741118402,0.3359381741118402,0.0,0.0,0.0,-0.0,78.96686556209853,7.896686556209854,0.0,-7.896686556209854
2020-02-14 06:00:00,77.5363497716278,0.0,0.1,0.3359381741118402,0.8109381741118402,250.0,250.0,250.0,0.0,327.5363497716278,32.75363497716278,9.5,-42.25363497716278
2020-02-14 07:00:00,79.87849167887644,8.44275888888889,0.18,0.8109381741118402,0.8109381741118402,0.0,0.0,0.0,-0.0,71.43573278998755,12.85843190219776,0.0,-12.85843190219776
2020-02-14 08:00:00,85.85900093689816,22.78389787878788,0.18,0.8109381741118402,0.8109381741118402,0.0,0.0,0.0,-0.0,63.07510305811027,11.35351855045985,0.0,-11.35351855045985
2020-02-14 09:00:00,88.75957067068076,78.64752538461538,0.18,0.8109381741118402,0.8109381741118402,0.0,0.0,0.0,-0.0,10.112045286065381,1.8201681514917685,0.0,-1.8201681514917685
2020-02-14 10:00:00,95.2283882338631,89.27150555555556,0.18,0.8109381741118402,0.8109381741118402,0.0,0.0,0.0,-0.0,5.956882678307537,1.0722388820953566,0.0,-1.0722388820953566
2020-02-14 11:00:00,98.12576078847883,115.89284545454547,0.18,0.8109381741118402,0.8446956349773669,17.767084666066637,17.767084666066637,17.767084666066637,0.0,0.0,0.0,0.6751492173105333,-0.6751492173105333
2020-02-14 12:00:00,90.3871240771566,119.49468461538461,0.18,0.8446956349773669,0.9,29.107560538228014,29.107560538227972,29.107560538227972,0.0,-4.263256414560601e-14,0.0,1.1060873004526628,-1.1060873004526628
2020-02-14 13:00:00,122.7453615265499,104.21092499999999,0.18,0.9,0.9,0.0,0.0,0.0,-0.0,18.53443652654991,3.336198574778984,0.0,-3.336198574778984
2020-02-14 14:00:00,108.74447903972013,91.93102121212121,0.18,0.9,0.9,0.0,0.0,0.0,-0.0,16.813457827598924,3.0264224089678065,0.0,-3.0264224089678065
2020-02-14 15:00:00,101.43326850280121,61.765000000000015,0.18,0.9,0.9,0.0,0.0,0.0,-0.0,39.6682685028012,7.140288330504215,0.0,-7.140288330504215
2020-02-14 16:00:00,87.3621686586867,24.37426111111111,0.32,0.9,0.7673938788472093,-62.98790754757559,-62.98790754757559,0.0,62.98790754757559,0.0,0.0,2.652122423055814,-2.652122423055814
2020-02-14 17:00:00,82.99518181916045,2.8947402435570653,0.32,0.7673938788472093,0.5987613702669917,-80.10044157560338,-80.10044157560338,0.0,80.10044157560338,0.0,0.0,3.372650171604352,-3.372650171604352
2020-02-14 18:00:00,81.4113562266858,0.0,0.32,0.5987613702669917,0.4273690413687058,-81.4113562266858,-81.4113562266858,0.0,81.4113562266858,0.0,0.0,3.4278465779657186,-3.4278465779657186
2020-02-14 19:00:00,83.2207028443907,0.0,0.32,0.4273690413687058,0.2521675616963043,-83.2207028443907,-83.2207028443907,0.0,83.2207028443907,0.0,0.0,3.5040295934480303,-3.5040295934480303
2020-02-14 20:00:00,84.35285667161044,0.0,0.32,0.2521675616963043,0.10000000000000003,-72.27959180574459,-72.27959180574452,0.0,72.27959180574452,12.073264865865923,3.8634447570770956,3.043351233926085,-6.906795991003181
2020-02-14 21:00:00,79.26705326309278,0.0,0.32,0.10000000000000003,0.10000000000000003,0.0,0.0,0.0,-0.0,79.26705326309278,25.36545704418969,0.0,-25.36545704418969
2020-02-14 22:00:00,80.15341436949531,0.0,0.1,0.10000000000000003,0.10000000000000003,0.0,0.0,0.0,-0.0,80.15341436949531,8.015341436949532,0.0,-8.015341436949532
2020-02-14 23:00:00,77.63867007995928,0.0,0.1,0.10000000000000003,0.10000000000000003,0.0,0.0,0.0,-0.0,77.63867007995928,7.763867007995929,0.0,-7.763867007995929
2020-02-15 00:00:00,77.49966018801555,0.0,0.12,0.10000000000000003,0.10000000000000003,0.0,0.0,0.0,-0.0,77.49966018801555,9.299959222561865,0.0,-9.299959222561865
2020-02-15 01:00:00,78.22278650039553,0.0,0.12,0.10000000000000003,0.10000000000000003,0.0,0.0,0.0,-0.0,78.22278650039553,9.386734380047463,0.0,-9.386734380047463
2020-02-15 02:00:00,78.49945754735214,0.0,0.12,0.10000000000000003,0.10000000000000003,0.0,0.0,0.0,-0.0,78.49945754735214,9.419934905682256,0.0,-9.419934905682256
2020-02-15 03:00:00,77.46104225349063,0.0,0.12,0.10000000000000003,0.10000000000000003,0.0,0.0,0.0,-0.0,77.46104225349063,9.295325070418876,0.0,-9.295325070418876
2020-02-15 04:00:00,78.00189631547373,0.0,0.12,0.10000000000000003,0.10000000000000003,0.0,0.0,0.0,-0.0,78.00189631547373,9.360227557856847,0.0,-9.360227557856847
2020-02-15 05:00:00,78.31333839445946,0.0,0.12,0.10000000000000003,0.10000000000000003,0.0,0.0,0.0,-0.0,78.31333839445946,9.397600607335136,0.0,-9.397600607335136
2020-02-15 06:00:00,77.39389378307033,0.0,0.12,0.10000000000000003,0.10000000000000003,0.0,0.0,0.0,-0.0,77.39389378307033,9.287267253968439,0.0,-9.287267253968439
2020-02-15 07:00:00,81.14077535278132,11.6810375,0.12,0.10000000000000003,0.10000000000000003,0.0,0.0,0.0,-0.0,69.45973785278132,8.335168542333758,0.0,-8.335168542333758
2020-02-15 08:00:00,78.25166898873121,34.58612696969698,0.12,0.10000000000000003,0.10000000000000003,0.0,0.0,0.0,-0.0,43.665542019034234,5.239865042284108,0.0,-5.239865042284108
2020-02-15 09:00:00,91.61406499974464,82.99462820512821,0.12,0.10000000000000003,0.10000000000000003,0.0,0.0,0.0,-0.0,8.619436794616433,1.034332415353972,0.0,-1.034332415353972
2020-02-15 10:00:00,90.92064043771626,81.00580555555555,0.12,0.10000000000000003,0.10000000000000003,0.0,0.0,0.0,-0.0,9.914834882160704,1.1897801858592845,0.0,-1.1897801858592845
2020-02-15 11:00:00,91.74142679238685,95.14736515151513,0.12,0.10000000000000003,0.10647128288234378,3.4059383591282852,3.4059383591282852,3.4059383591282852,0.0,0.0,0.0,0.12942565764687497,-0.12942565764687497
2020-02-15 12:00:00,94.78333277329688,115.25484358974359,0.12,0.10647128288234378,0.14536715343359252,20.47151081644671,20.47151081644671,20.47151081644671,0.0,0.0,0.0,0.7779174110249748,-0.7779174110249748
2020-02-15 13:00:00,93.35567719679595,107.56435833333335,0.12,0.14536715343359252,0.17236364759301356,14.208681136537393,14.208681136537393,14.208681136537393,0.0,0.0,0.0,0.5399298831884208,-0.5399298831884208
2020-02-15 14:00:00,87.78754795275046,83.32005303030303,0.12,0.17236364759301356,0.17236364759301356,0.0,0.0,0.0,-0.0,4.467494922447429,0.5360993906936915,0.0,-0.5360993906936915
2020-02-15 15:00:00,89.99448168328969,56.77650423076924,0.12,0.17236364759301356,0.17236364759301356,0.0,0.0,0.0,-0.0,33.21797745252045,3.986157294302454,0.0,-3.986157294302454
2020-02-15 16:00:00,83.10776713780588,22.69242152777778,0.12,0.17236364759301356,0.17236364759301356,0.0,0.0,0.0,-0.0,60.4153456100281,7.249841473203372,0.0,-7.249841473203372
2020-02-15 17:00:00,80.15643068723494,3.0848227272727273,0.12,0.17236364759301356,0.17236364759301356,0.0,0.0,0.0,-0.0,77.07160795996222,9.248592955195466,0.0,-9.248592955195466
2020-02-15 18:00:00,81.76420263519239,0.0,0.12,0.17236364759301356,0.17236364759301356,0.0,0.0,0.0,-0.0,81.76420263519239,9.811704316223086,0.0,-9.811704316223086
2020-02-15 19:00:00,81.02652985043143,0.0,0.12,0.17236364759301356,0.17236364759301356,0.0,0.0,0.0,-0.0,81.02652985043143,9.723183582051771,0.0,-9.723183582051771
2020-02-15 20:00:00,80.24302660373091,0.0,0.12,0.17236364759301356,0.17236364759301356,0.0,0.0,0.0,-0.0,80.24302660373091,9.62916319244771,0.0,-9.62916319244771
2020-02-15 21:00:00,79.1851513450747,0.0,0.12,0.17236364759301356,0.17236364759301356,0.0,0.0,0.0,-0.0,79.1851513450747,9.502218161408964,0.0,-9.502218161408964
2020-02-15 22:00:00,79.7624559143516,0.0,0.12,0.17236364759301356,0.17236364759301356,0.0,0.0,0.0,-0.0,79.7624559143516,9.571494709722192,0.0,-9.571494709722192
2020-02-15 23:00:00,79.18219662348776,0.0,0.12,0.17236364759301356,0.17236364759301356,0.0,0.0,0.0,-0.0,79.18219662348776,9.50186359481853,0.0,-9.50186359481853
2020-02-16 00:00:00,79.22570830097418,0.0,0.12,0.17236364759301356,0.17236364759301356,0.0,0.0,0.0,-0.0,79.22570830097418,9.5070849961169,0.0,-9.5070849961169
2020-02-16 01:00:00,76.68151439205137,0.0,0.12,0.17236364759301356,0.17236364759301356,0.0,0.0,0.0,-0.0,76.68151439205137,9.201781727046164,0.0,-9.201781727046164
2020-02-16 02:00:00,78.99256264713327,0.0,0.12,0.17236364759301356,0.17236364759301356,0.0,0.0,0.0,-0.0,78.99256264713327,9.479107517655992,0.0,-9.479107517655992
2020-02-16 03:00:00,79.63378686426414,0.0,0.12,0.17236364759301356,0.17236364759301356,0.0,0.0,0.0,-0.0,79.63378686426414,9.556054423711696,0.0,-9.556054423711696
2020-02-16 04:00:00,77.6505421978447,0.0,0.12,0.17236364759301356,0.17236364759301356,0.0,0.0,0.0,-0.0,77.6505421978447,9.318065063741363,0.0,-9.318065063741363
2020-02-16 05:00:00,78.7605594208703,0.0,0.12,0.17236364759301356,0.17236364759301356,0.0,0.0,0.0,-0.0,78.7605594208703,9.451267130504435,0.0,-9.451267130504435
2020-02-16 06:00:00,77.63102611985185,0.013076923076923078,0.12,0.17236364759301356,0.17236364759301356,0.0,0.0,0.0,-0.0,77.61794919677493,9.314153903612992,0.0,-9.314153903612992
2020-02-16 07:00:00,77.53383587053499,24.684205347222218,0.12,0.17236364759301356,0.17236364759301356,0.0,0.0,0.0,-0.0,52.84963052331277,6.341955662797532,0.0,-6.341955662797532
2020-02-16 08:00:00,84.2550705043535,64.94877272727273,0.12,0.17236364759301356,0.17236364759301356,0.0,0.0,0.0,-0.0,19.306297777080772,2.3167557332496926,0.0,-2.3167557332496926
2020-02-16 09:00:00,86.07013515048858,88.86218846153847,0.12,0.17236364759301356,0.17766854888400835,2.7920533110498837,2.7920533110498837,2.7920533110498837,0.0,0.0,0.0,0.10609802581989569,-0.10609802581989569
2020-02-16 10:00:00,89.2777344350598,110.81809166666666,0.12,0.17766854888400835,0.2185952276240614,21.540357231606862,21.540357231606862,21.540357231606862,0.0,0.0,0.0,0.8185335748010608,-0.8185335748010608
2020-02-16 11:00:00,92.84126760578434,121.51765606060607,0.12,0.2185952276240614,0.2730803656882227,28.676388454821733,28.676388454821733,28.676388454821733,0.0,0.0,0.0,1.0897027612832262,-1.0897027612832262
2020-02-16 12:00:00,92.39226804795182,124.09953076923077,0.12,0.2730803656882227,0.3333241648586527,31.70726272127895,31.70726272127895,31.70726272127895,0.0,0.0,0.0,1.2048759834085998,-1.2048759834085998
2020-02-16 13:00:00,90.1251589718052,103.93860694444446,0.12,0.3333241648586527,0.35956971600666726,13.813447972639253,13.813447972639253,13.813447972639253,0.0,0.0,0.0,0.5249110229602916,-0.5249110229602916
2020-02-16 14:00:00,88.21198500995439,86.3765515151515,0.12,0.35956971600666726,0.35956971600666726,0.0,0.0,0.0,-0.0,1.835433494802885,0.2202520193763462,0.0,-0.2202520193763462
2020-02-16 15:00:00,82.75563970838085,50.29517538461538,0.12,0.35956971600666726,0.35956971600666726,0.0,0.0,0.0,-0.0,32.46046432376547,3.8952557188518564,0.0,-3.8952557188518564
2020-02-16 16:00:00,84.42669071964256,23.93783666666667,0.12,0.35956971600666726,0.35956971600666726,0.0,0.0,0.0,-0.0,60.488854052975896,7.258662486357107,0.0,-7.258662486357107
2020-02-16 17:00:00,81.1826386160767,2.3325757575757575,0.12,0.35956971600666726,0.35956971600666726,0.0,0.0,0.0,-0.0,78.85006285850095,9.462007543020114,0.0,-9.462007543020114
2020-02-16 18:00:00,79.64096534547858,0.0,0.12,0.35956971600666726,0.35956971600666726,0.0,0.0,0.0,-0.0,79.64096534547858,9.556915841457428,0.0,-9.556915841457428
2020-02-16 19:00:00,80.54266632986193,0.0,0.12,0.35956971600666726,0.35956971600666726,0.0,0.0,0.0,-0.0,80.54266632986193,9.665119959583432,0.0,-9.665119959583432
2020-02-16 20:00:00,80.6201324212477,0.0,0.12,0.35956971600666726,0.35956971600666726,0.0,0.0,0.0,-0.0,80.6201324212477,9.674415890549724,0.0,-9.674415890549724
2020-02-16 21:00:00,79.32642842409783,0.0,0.12,0.35956971600666726,0.35956971600666726,0.0,0.0,0.0,-0.0,79.32642842409783,9.519171410891738,0.0,-9.519171410891738
2020-02-16 22:00:00,79.16575863333215,0.0,0.12,0.35956971600666726,0.35956971600666726,0.0,0.0,0.0,-0.0,79.16575863333215,9.499891035999857,0.0,-9.499891035999857
2020-02-16 23:00:00,76.77189881518838,0.0,0.12,0.35956971600666726,0.35956971600666726,0.0,0.0,0.0,-0.0,76.77189881518838,9.212627857822605,0.0,-9.212627857822605
2020-02-17 00:00:00,76.28462660538631,0.0,0.1,0.35956971600666726,0.35956971600666726,0.0,0.0,0.0,-0.0,76.28462660538631,7.628462660538631,0.0,-7.628462660538631
2020-02-17 01:00:00,77.44496535005274,0.0,0.1,0.35956971600666726,0.35956971600666726,0.0,0.0,0.0,-0.0,77.44496535005274,7.744496535005275,0.0,-7.744496535005275
2020-02-17 02:00:00,77.04413270402931,0.0,0.1,0.35956971600666726,0.35956971600666726,0.0,0.0,0.0,-0.0,77.04413270402931,7.704413270402931,0.0,-7.704413270402931
2020-02-17 03:00:00,75.92584342919488,0.0,0.1,0.35956971600666726,0.35956971600666726,0.0,0.0,0.0,-0.0,75.92584342919488,7.592584342919489,0.0,-7.592584342919489
2020-02-17 04:00:00,77.55241556624694,0.0,0.1,0.35956971600666726,0.35956971600666726,0.0,0.0,0.0,-0.0,77.55241556624694,7.755241556624694,0.0,-7.755241556624694
2020-02-17 05:00:00,77.74789664565583,0.0,0.1,0.35956971600666726,0.35956971600666726,0.0,0.0,0.0,-0.0,77.74789664565583,7.774789664565583,0.0,-7.774789664565583
2020-02-17 06:00:00,77.49625707468104,0.0,0.1,0.35956971600666726,0.5913992960563939,122.01556844722455,122.01556844722455,122.01556844722455,0.0,199.5118255219056,19.95118255219056,4.636591600994532,-24.58777415318509
2020-02-17 07:00:00,77.17301253764595,18.575784583333334,0.18,0.5913992960563939,0.5913992960563939,0.0,0.0,0.0,-0.0,58.597227954312615,10.547501031776271,0.0,-10.547501031776271
2020-02-17 08:00:00,77.80073768789707,52.59155060606061,0.18,0.5913992960563939,0.5913992960563939,0.0,0.0,0.0,-0.0,25.20918708183646,4.537653674730563,0.0,-4.537653674730563
2020-02-17 09:00:00,86.28151739291853,98.04870641025641,0.18,0.5913992960563939,0.6137569551893358,11.767189017337884,11.767189017337884,11.767189017337884,0.0,0.0,0.0,0.4471531826588393,-0.4471531826588393
2020-02-17 10:00:00,92.49377640644462,122.2792,0.18,0.6137569551893358,0.670349260017091,29.78542359355538,29.78542359355538,29.78542359355538,0.0,0.0,0.0,1.1318460965551047,-1.1318460965551047
2020-02-17 11:00:00,92.32999274878608,131.94003484848483,0.18,0.670349260017091,0.7456083400065187,39.610042099698745,39.610042099698745,39.610042099698745,0.0,0.0,0.0,1.505181599788552,-1.505181599788552
2020-02-17 12:00:00,90.6821495504744,132.15157564102563,0.18,0.7456083400065187,0.824400249578566,41.469426090551224,41.469426090551224,41.469426090551224,0.0,0.0,0.0,1.5758381914409458,-1.5758381914409458
2020-02-17 13:00:00,90.4017215744055,118.7322138888889,0.18,0.824400249578566,0.8782281849760843,28.330492314483394,28.330492314483394,28.330492314483394,0.0,0.0,0.0,1.076558707950368,-1.076558707950368
2020-02-17 14:00:00,86.24845150256432,97.70730151515153,0.18,0.8782281849760843,0.9,11.458850012587206,11.458850012587197,11.458850012587197,0.0,-8.881784197001252e-15,0.0,0.4354363004783135,-0.4354363004783135
2020-02-17 15:00:00,85.66972019723016,62.56380179487179,0.18,0.9,0.9,0.0,0.0,0.0,-0.0,23.10591840235837,4.159065312424507,0.0,-4.159065312424507
2020-02-17 16:00:00,80.42924399612053,20.03158388888889,0.32,0.9,0.7728470313531965,-60.397660107231644,-60.397660107231644,0.0,60.397660107231644,0.0,0.0,2.5430593729360695,-2.5430593729360695
2020-02-17 17:00:00,82.17165555397611,5.654531212121213,0.32,0.7728470313531965,0.6117583485282388,-76.5171243418549,-76.5171243418549,0.0,76.5171243418549,0.0,0.0,3.221773656499154,-3.221773656499154
2020-02-17 18:00:00,80.98927711106204,0.0,0.32,0.6117583485282388,0.44125460724179244,-80.98927711106204,-80.98927711106204,0.0,80.98927711106204,0.0,0.0,3.410074825728928,-3.410074825728928
2020-02-17 19:00:00,81.55153818522383,0.0,0.32,0.44125460724179244,0.26956715843079493,-81.55153818522383,-81.55153818522383,0.0,81.55153818522383,0.0,0.0,3.4337489762199502,-3.4337489762199502
2020-02-17 20:00:00,79.6543727009421,0.0,0.32,0.26956715843079493,0.10187374221828524,-79.6543727009421,-79.6543727009421,0.0,79.6543727009421,0.0,0.0,3.3538683242501937,-3.3538683242501937
2020-02-17 21:00:00,78.84850869000272,0.0,0.32,0.10187374221828524,0.1,-0.8900275536854866,-0.8900275536854865,0.0,0.8900275536854865,77.95848113631723,24.946713963621516,0.037474844365704696,-24.98418880798722
2020-02-17 22:00:00,80.45708769886399,0.0,0.1,0.1,0.1,0.0,0.0,0.0,-0.0,80.45708769886399,8.0457087698864,0.0,-8.0457087698864
2020-02-17 23:00:00,77.59569333140732,0.0,0.1,0.1,0.1,0.0,0.0,0.0,-0.0,77.59569333140732,7.759569333140732,0.0,-7.759569333140732
2020-02-18 00:00:00,78.91936968025243,0.0,0.1,0.1,0.1,0.0,0.0,0.0,-0.0,78.91936968025243,7.891936968025243,0.0,-7.891936968025243
2020-02-18 01:00:00,77.04665042193245,0.0,0.1,0.1,0.1,0.0,0.0,0.0,-0.0,77.04665042193245,7.704665042193246,0.0,-7.704665042193246
2020-02-18 02:00:00,77.40900407869647,0.0,0.1,0.1,0.1,0.0,0.0,0.0,-0.0,77.40900407869647,7.740900407869647,0.0,-7.740900407869647
2020-02-18 03:00:00,79.24570838857124,0.0,0.1,0.1,0.1,0.0,0.0,0.0,-0.0,79.24570838857124,7.924570838857125,0.0,-7.924570838857125
2020-02-18 04:00:00,78.62876573548188,0.0,0.1,0.1,0.24909214547249003,78.46955024867896,78.46955024867896,78.46955024867896,0.0,157.09831598416082,15.709831598416082,2.9818429094498007,-18.691674507865883
2020-02-18 05:00:00,75.84632446568816,0.0,0.1,0.24909214547249003,0.24909214547249003,0.0,0.0,0.0,-0.0,75.84632446568816,7.584632446568816,0.0,-7.584632446568816
2020-02-18 06:00:00,78.23958203548258,0.0,0.1,0.24909214547249003,0.72409214547249,250.0,250.0,250.0,0.0,328.2395820354826,32.823958203548266,9.5,-42.323958203548266
2020-02-18 07:00:00,82.01497228269652,17.05802861111111,0.18,0.72409214547249,0.72409214547249,0.0,0.0,0.0,-0.0,64.9569436715854,11.692249860885372,0.0,-11.692249860885372
2020-02-18 08:00:00,82.98715438997833,65.48915303030304,0.18,0.72409214547249,0.72409214547249,0.0,0.0,0.0,-0.0,17.498001359675285,3.1496402447415512,0.0,-3.1496402447415512
2020-02-18 09:00:00,94.70801542625018,99.31863205128207,0.18,0.72409214547249,0.7328523170600506,4.610616625031881,4.610616625031881,4.610616625031881,0.0,0.0,0.0,0.1752034317512119,-0.1752034317512119
2020-02-18 10:00:00,104.21588107973572,121.8632611111111,0.18,0.7328523170600506,0.7663823391196638,17.647380031375377,17.647380031375377,17.647380031375377,0.0,0.0,0.0,0.6706004411922639,-0.6706004411922639
2020-02-18 11:00:00,103.91758821989743,129.5088015151515,0.18,0.7663823391196638,0.8150056443806466,25.59121329525408,25.59121329525408,25.59121329525408,0.0,0.0,0.0,0.9724661052196559,-0.9724661052196559
2020-02-18 12:00:00,101.99512348243397,128.60464358974357,0.18,0.8150056443806466,0.8655637325845349,26.609520107309606,26.609520107309606,26.609520107309606,0.0,0.0,0.0,1.011161764077766,-1.011161764077766
2020-02-18 13:00:00,101.23101812815808,117.18663333333335,0.18,0.8655637325845349,0.8958794014743678,15.955615205175263,15.955615205175263,15.955615205175263,0.0,0.0,0.0,0.606313377796659,-0.606313377796659
2020-02-18 14:00:00,95.60010029751416,97.76883636363637,0.18,0.8958794014743678,0.9,2.1687360661222073,2.1687360661222,2.1687360661222,0.0,-7.105427357601002e-15,0.0,0.0824119705126436,-0.0824119705126436
2020-02-18 15:00:00,94.74424045936783,66.63067179487179,0.18,0.9,0.9,-0.0,-0.0,-0.0,0.0,28.113568664496043,5.060442359609287,0.0,-5.060442359609287
2020-02-18 16:00:00,89.77058830182064,26.974695555555556,0.32,0.9,0.7677981205341788,-62.79589274626508,-62.79589274626508,0.0,62.79589274626508,0.0,0.0,2.6440375893164236,-2.6440375893164236
2020-02-18 17:00:00,86.41827926726216,3.6267145454545453,0.32,0.7677981205341788,0.5935000895408996,-82.79156472180762,-82.79156472180762,0.0,82.79156472180762,0.0,0.0,3.4859606198655846,-3.4859606198655846
2020-02-18 18:00:00,84.77973221656754,0.0,0.32,0.5935000895408996,0.4150164427691785,-84.77973221656754,-84.77973221656754,0.0,84.77973221656754,0.0,0.0,3.5696729354344225,-3.5696729354344225
2020-02-18 19:00:00,83.3903384901967,0.0,0.32,0.4150164427691785,0.23945783542139595,-83.3903384901967,-83.3903384901967,0.0,83.3903384901967,0.0,0.0,3.5111721469556505,-3.5111721469556505
2020-02-18 20:00:00,83.89915338488113,0.0,0.32,0.23945783542139595,0.23945783542139595,0.0,0.0,0.0,-0.0,83.89915338488113,26.847729083161962,0.0,-26.847729083161962
2020-02-18 21:00:00,80.02078280999096,0.0,0.32,0.23945783542139595,0.10000000000000006,-66.24247182516305,-66.24247182516305,0.0,66.24247182516305,13.778310984827911,4.409059515144931,2.789156708427918,-7.1982162235728495
2020-02-18 22:00:00,79.75608447621066,0.0,0.1,0.10000000000000006,0.10000000000000006,0.0,0.0,0.0,-0.0,79.75608447621066,7.975608447621067,0.0,-7.975608447621067
2020-02-18 23:00:00,77.2598709317652,0.0,0.1,0.10000000000000006,0.10000000000000006,0.0,0.0,0.0,-0.0,77.2598709317652,7.725987093176521,0.0,-7.725987093176521
2020-02-19 00:00:00,76.42662696709598,0.0,0.1,0.10000000000000006,0.10000000000000006,0.0,0.0,0.0,-0.0,76.42662696709598,7.642662696709599,0.0,-7.642662696709599
2020-02-19 01:00:00,78.37754992365691,0.0,0.1,0.10000000000000006,0.10000000000000006,0.0,0.0,0.0,-0.0,78.37754992365691,7.837754992365692,0.0,-7.837754992365692
2020-02-19 02:00:00,78.55321592036427,0.0,0.1,0.10000000000000006,0.10000000000000006,0.0,0.0,0.0,-0.0,78.55321592036427,7.855321592036427,0.0,-7.855321592036427
2020-02-19 03:00:00,76.9086008261863,0.0,0.1,0.10000000000000006,0.10000000000000006,0.0,0.0,0.0,-0.0,76.9086008261863,7.690860082618631,0.0,-7.690860082618631
2020-02-19 04:00:00,76.42535492045178,0.0,0.1,0.10000000000000006,0.10000000000000006,0.0,0.0,0.0,-0.0,76.42535492045178,7.6425354920451785,0.0,-7.6425354920451785
2020-02-19 05:00:00,78.70464132756419,0.0,0.1,0.10000000000000006,0.3011694420525318,105.87865371185885,105.87865371185885,105.87865371185885,0.0,184.58329503942304,18.458329503942306,4.023388841050635,-22.48171834499294
2020-02-19 06:00:00,78.50063199539775,0.02769230769230769,0.1,0.3011694420525318,0.7761694420525318,250.0,250.0,250.0,0.0,328.47293968770543,32.84729396877054,9.5,-42.34729396877054
2020-02-19 07:00:00,78.60547078319969,15.068414166666665,0.18,0.7761694420525318,0.7761694420525318,0.0,0.0,0.0,-0.0,63.53705661653303,11.436670190975946,0.0,-11.436670190975946
2020-02-19 08:00:00,85.75530720314555,60.57631212121212,0.18,0.7761694420525318,0.7761694420525318,0.0,0.0,0.0,-0.0,25.17899508193343,4.532219114748017,0.0,-4.532219114748017
2020-02-19 09:00:00,89.87176552362452,95.81897692307692,0.18,0.7761694420525318,0.7874691437114913,5.947211399452399,5.947211399452399,5.947211399452399,0.0,0.0,0.0,0.22599403317919098,-0.22599403317919098
2020-02-19 10:00:00,114.7418829894403,119.05287361111111,0.18,0.7874691437114913,0.7956600258926659,4.310990621670811,4.310990621670811,4.310990621670811,0.0,0.0,0.0,0.16381764362349172,-0.16381764362349172
2020-02-19 11:00:00,100.67979361409279,128.2037893939394,0.18,0.7956600258926659,0.8479556178743745,27.5239957798466,27.5239957798466,27.5239957798466,0.0,0.0,0.0,1.0459118396341704,-1.0459118396341704
2020-02-19 12:00:00,101.03307661226852,126.49565512820513,0.18,0.8479556178743745,0.8963345170546541,25.462578515936613,25.462578515936613,25.462578515936613,0.0,0.0,0.0,0.967577983605592,-0.967577983605592
2020-02-19 13:00:00,111.97166650537345,113.90086805555556,0.18,0.8963345170546541,0.9,1.929201550182114,1.9292015501820874,1.9292015501820874,0.0,-2.6645352591003757e-14,0.0,0.07330965890691932,-0.07330965890691932
2020-02-19 14:00:00,121.05974186437498,94.04147424242424,0.18,0.9,0.9,0.0,0.0,0.0,-0.0,27.01826762195074,4.863288171951133,0.0,-4.863288171951133
2020-02-19 15:00:00,93.64877457639366,56.62058846153847,0.18,0.9,0.9,0.0,0.0,0.0,-0.0,37.028186114855195,6.665073500673935,0.0,-6.665073500673935
2020-02-19 16:00:00,90.28505711205793,23.441473194444445,0.32,0.9,0.7592766654366032,-66.84358391761349,-66.84358391761349,0.0,66.84358391761349,0.0,0.0,2.814466691267936,-2.814466691267936
2020-02-19 17:00:00,84.06987521148415,3.6432460606060606,0.32,0.7592766654366032,0.5899574461715967,-80.42662915087809,-80.42662915087809,0.0,80.42662915087809,0.0,0.0,3.3863843853001296,-3.3863843853001296
2020-02-19 18:00:00,83.68671148323233,0.0,0.32,0.5899574461715967,0.4137748956805813,-83.68671148323233,-83.68671148323233,0.0,83.68671148323233,0.0,0.0,3.523651009820309,-3.523651009820309
2020-02-19 19:00:00,84.8751524732828,0.0,0.32,0.4137748956805813,0.23509036415788068,-84.8751524732828,-84.8751524732828,0.0,84.8751524732828,0.0,0.0,3.573690630454012,-3.573690630454012
2020-02-19 20:00:00,97.55863239758983,0.0,0.32,0.23509036415788068,0.1,-64.16792297499335,-64.16792297499332,0.0,64.16792297499332,33.390709422596515,10.685027015230885,2.7018072831576134,-13.386834298388498
2020-02-19 21:00:00,79.92829476641562,0.0,0.32,0.1,0.1,0.0,0.0,0.0,-0.0,79.92829476641562,25.577054325253,0.0,-25.577054325253
2020-02-19 22:00:00,78.93151298789174,0.0,0.1,0.1,0.1,-0.0,-0.0,-0.0,0.0,78.93151298789174,7.893151298789174,0.0,-7.893151298789174
2020-02-19 23:00:00,79.10990214542485,0.0,0.1,0.1,0.1,0.0,0.0,0.0,-0.0,79.10990214542485,7.910990214542486,0.0,-7.910990214542486
2020-02-20 00:00:00,78.62256453722259,0.0,0.1,0.1,0.1,0.0,0.0,0.0,-0.0,78.62256453722259,7.862256453722259,0.0,-7.862256453722259
2020-02-20 01:00:00,78.9570836539481,0.0,0.1,0.1,0.1,0.0,0.0,0.0,-0.0,78.9570836539481,7.89570836539481,0.0,-7.89570836539481
2020-02-20 02:00:00,75.99342584995134,0.0,0.1,0.1,0.1,0.0,0.0,0.0,-0.0,75.99342584995134,7.599342584995134,0.0,-7.599342584995134
2020-02-20 03:00:00,79.10578152720417,0.0,0.1,0.1,0.1,0.0,0.0,0.0,-0.0,79.10578152720417,7.910578152720418,0.0,-7.910578152720418
2020-02-20 04:00:00,79.03578427003784,0.0,0.1,0.1,0.575,250.0,250.0,250.0,0.0,329.0357842700378,32.90357842700379,9.5,-42.40357842700379
2020-02-20 05:00:00,77.19601869561905,0.0,0.1,0.575,0.575,0.0,0.0,0.0,-0.0,77.19601869561905,7.719601869561905,0.0,-7.719601869561905
2020-02-20 06:00:00,78.26469953576337,0.40716923076923073,0.1,0.575,0.7836538740674179,109.81782845653578,109.81782845653578,109.81782845653578,0.0,187.67535876152994,18.767535876152994,4.1730774813483595,-22.940613357501356
2020-02-20 07:00:00,56.23333462378159,11.390143888888888,0.18,0.7836538740674179,0.7836538740674179,0.0,0.0,0.0,-0.0,44.8431907348927,8.071774332280686,0.0,-8.071774332280686
2020-02-20 08:00:00,62.0042820599604,47.611122424242424,0.18,0.7836538740674179,0.7836538740674179,0.0,0.0,0.0,-0.0,14.393159635717979,2.590768734429236,0.0,-2.590768734429236
2020-02-20 09:00:00,100.67017419803969,84.11038461538462,0.18,0.7836538740674179,0.7836538740674179,0.0,0.0,0.0,-0.0,16.55978958265507,2.980762124877913,0.0,-2.980762124877913
2020-02-20 10:00:00,108.77385980893797,120.15082916666667,0.18,0.7836538740674179,0.8052701158471025,11.376969357728697,11.376969357728697,11.376969357728697,0.0,0.0,0.0,0.4323248355936915,-0.4323248355936915
2020-02-20 11:00:00,103.0663347507646,126.41429090909091,0.18,0.8052701158471025,0.8496312325479225,23.347956158326312,23.347956158326312,23.347956158326312,0.0,0.0,0.0,0.8872223340163998,-0.8872223340163998
2020-02-20 12:00:00,100.99648675609374,120.37256282051281,0.18,0.8496312325479225,0.8864457770703187,19.376076064419067,19.376076064419067,19.376076064419067,0.0,0.0,0.0,0.7362908904479237,-0.7362908904479237
2020-02-20 13:00:00,96.66978595806243,103.8035875,0.18,0.8864457770703187,0.9,7.133801541937572,7.1338015419375465,7.1338015419375465,0.0,-2.5757174171303632e-14,0.0,0.27108445859362673,-0.27108445859362673
2020-02-20 14:00:00,104.58292344471387,83.82538333333333,0.18,0.9,0.9,0.0,0.0,0.0,-0.0,20.757540111380536,3.7363572200484962,0.0,-3.7363572200484962
2020-02-20 15:00:00,90.6567715205154,47.30335871794871,0.18,0.9,0.9,0.0,0.0,0.0,-0.0,43.353412802566694,7.8036143044620045,0.0,-7.8036143044620045
2020-02-20 16:00:00,85.47080211396569,20.593769583333334,0.32,0.9,0.7634167736197214,-64.87703253063236,-64.87703253063236,0.0,64.87703253063236,0.0,0.0,2.731664527605573,-2.731664527605573
2020-02-20 17:00:00,81.05580602079029,3.4434882575757566,0.32,0.7634167736197214,0.6000224204340066,-77.61231776321453,-77.61231776321453,0.0,77.61231776321453,0.0,0.0,3.2678870637142965,-3.2678870637142965
2020-02-20 18:00:00,83.55799543882138,0.0,0.32,0.6000224204340066,0.42411085108911944,-83.55799543882138,-83.55799543882138,0.0,83.55799543882138,0.0,0.0,3.5182313868977424,-3.5182313868977424
2020-02-20 19:00:00,83.74271508669636,0.0,0.32,0.42411085108911944,0.24781039827502183,-83.74271508669636,-83.74271508669636,0.0,83.74271508669636,0.0,0.0,3.5260090562819526,-3.5260090562819526
2020-02-20 20:00:00,84.0674694573102,0.0,0.32,0.24781039827502183,0.1,-70.20993918063537,-70.20993918063536,0.0,70.20993918063536,13.857530276674837,4.434409688535948,2.9562079655004365,-7.390617654036385
2020-02-20 21:00:00,79.35751070751786,0.0,0.32,0.1,0.1,0.0,0.0,0.0,-0.0,79.35751070751786,25.394403426405717,0.0,-25.394403426405717
2020-02-20 22:00:00,79.72539389330471,0.0,0.1,0.1,0.1,0.0,0.0,0.0,-0.0,79.72539389330471,7.972539389330471,0.0,-7.972539389330471
2020-02-20 23:00:00,78.66530630766928,0.0,0.1,0.1,0.1,0.0,0.0,0.0,-0.0,78.66530630766928,7.8665306307669285,0.0,-7.8665306307669285
2020-02-21 00:00:00,78.61882080424064,0.0,0.1,0.1,0.1,0.0,0.0,0.0,-0.0,78.61882080424064,7.861882080424064,0.0,-7.861882080424064
2020-02-21 01:00:00,77.39787307845064,0.0,0.1,0.1,0.1,0.0,0.0,0.0,-0.0,77.39787307845064,7.739787307845065,0.0,-7.739787307845065
2020-02-21 02:00:00,77.93974116107427,0.0,0.1,0.1,0.1,0.0,0.0,0.0,-0.0,77.93974116107427,7.793974116107427,0.0,-7.793974116107427
2020-02-21 03:00:00,78.61407900209548,0.0,0.1,0.1,0.32400553119954445,117.89764799976024,117.89764799976024,117.89764799976024,0.0,196.51172700185572,19.651172700185572,4.480110623990889,-24.13128332417646
2020-02-21 04:00:00,78.97653770911923,0.0,0.1,0.32400553119954445,0.32400553119954445,0.0,0.0,0.0,-0.0,78.97653770911923,7.897653770911923,0.0,-7.897653770911923
2020-02-21 05:00:00,76.86150175616159,0.0,0.1,0.32400553119954445,0.32400553119954445,0.0,0.0,0.0,-0.0,76.86150175616159,7.686150175616159,0.0,-7.686150175616159
2020-02-21 06:00:00,77.07298939655031,0.5554153846153846,0.1,0.32400553119954445,0.7990055311995444,250.0,250.0,250.0,0.0,326.5175740119349,32.65175740119349,9.5,-42.15175740119349
2020-02-21 07:00:00,82.31042628442445,23.423721666666665,0.18,0.7990055311995444,0.7990055311995444,0.0,0.0,0.0,-0.0,58.886704617757786,10.5996068311964,0.0,-10.5996068311964
2020-02-21 08:00:00,87.84177459408762,64.15659848484849,0.18,0.7990055311995444,0.7990055311995444,0.0,0.0,0.0,-0.0,23.685176109239137,4.263331699663045,0.0,-4.263331699663045
2020-02-21 09:00:00,94.14717246775152,71.13654948717948,0.18,0.7990055311995444,0.7990055311995444,0.0,0.0,0.0,-0.0,23.010622980572037,4.141912136502967,0.0,-4.141912136502967
2020-02-21 10:00:00,95.15618247432714,100.721925,0.18,0.7990055311995444,0.8095804419983229,5.56574252567286,5.56574252567286,5.56574252567286,0.0,0.0,0.0,0.21149821597556961,-0.21149821597556961
2020-02-21 11:00:00,111.26417184747082,130.32634545454545,0.18,0.8095804419983229,0.8457985718517647,19.062173607074627,19.062173607074627,19.062173607074627,0.0,0.0,0.0,0.724362597068835,-0.724362597068835
2020-02-21 12:00:00,112.01153216634913,124.4187923076923,0.18,0.8457985718517647,0.8693723661203167,12.407260141343173,12.407260141343173,12.407260141343173,0.0,0.0,0.0,0.4714758853710399,-0.4714758853710399
2020-02-21 13:00:00,100.56700519490347,116.68681249999999,0.18,0.8693723661203167,0.9,16.119807305096515,16.11980730509651,16.11980730509651,0.0,-3.552713678800501e-15,0.0,0.6125526775936674,-0.6125526775936674
2020-02-21 14:00:00,112.4185885442586,97.35266363636364,0.18,0.9,0.9,0.0,0.0,0.0,-0.0,15.065924907894953,2.7118664834210913,0.0,-2.7118664834210913
2020-02-21 15:00:00,92.29907539375645,68.37003846153847,0.18,0.9,0.9,-0.0,-0.0,-0.0,0.0,23.929036932217983,4.3072266477992365,0.0,-4.3072266477992365
2020-02-21 16:00:00,89.29781809440469,25.899156388888887,0.32,0.9,0.7665291332515457,-63.398661705515806,-63.398661705515806,0.0,63.398661705515806,0.0,0.0,2.6694173349690864,-2.6694173349690864
2020-02-21 17:00:00,87.26569383919177,4.312,0.32,0.7665291332515457,0.5918897778006157,-82.95369383919177,-82.95369383919177,0.0,82.95369383919177,0.0,0.0,3.4927871090186002,-3.4927871090186002
2020-02-21 18:00:00,84.44761135411642,0.0,0.32,0.5918897778006157,0.45586659243573746,-64.61101304831715,-64.61101304831715,0.0,64.61101304831715,19.83659830579927,6.347711457855767,2.7204637072975646,-9.068175165153331
2020-02-21 19:00:00,84.55079948836418,0.0,0.32,0.45586659243573746,0.2778649093023392,-84.55079948836418,-84.55079948836418,0.0,84.55079948836418,0.0,0.0,3.560033662667965,-3.560033662667965
2020-02-21 20:00:00,84.48583191861111,0.0,0.32,0.2778649093023392,0.10000000000000003,-84.48583191861111,-84.48583191861111,0.0,84.48583191861111,0.0,0.0,3.5572981860467836,-3.5572981860467836
2020-02-21 21:00:00,82.34834654833718,0.0,0.32,0.10000000000000003,0.10000000000000003,0.0,0.0,0.0,-0.0,82.34834654833718,26.351470895467898,0.0,-26.351470895467898
2020-02-21 22:00:00,80.15485473638914,0.0,0.1,0.10000000000000003,0.10000000000000003,0.0,0.0,0.0,-0.0,80.15485473638914,8.015485473638915,0.0,-8.015485473638915
2020-02-21 23:00:00,78.53987819194361,0.0,0.1,0.10000000000000003,0.10000000000000003,0.0,0.0,0.0,-0.0,78.53987819194361,7.853987819194362,0.0,-7.853987819194362
2020-02-22 00:00:00,79.0614179519894,0.0,0.12,0.10000000000000003,0.10000000000000003,0.0,0.0,0.0,-0.0,79.0614179519894,9.487370154238727,0.0,-9.487370154238727
2020-02-22 01:00:00,77.26474501765813,0.0,0.12,0.10000000000000003,0.10000000000000003,0.0,0.0,0.0,-0.0,77.26474501765813,9.271769402118975,0.0,-9.271769402118975
2020-02-22 02:00:00,79.69764274321659,0.0,0.12,0.10000000000000003,0.10000000000000003,0.0,0.0,0.0,-0.0,79.69764274321659,9.56371712918599,0.0,-9.56371712918599
2020-02-22 03:00:00,77.79245552977265,0.0,0.12,0.10000000000000003,0.10000000000000003,0.0,0.0,0.0,-0.0,77.79245552977265,9.335094663572718,0.0,-9.335094663572718
2020-02-22 04:00:00,78.131349615412,0.0,0.12,0.10000000000000003,0.10000000000000003,0.0,0.0,0.0,-0.0,78.131349615412,9.375761953849441,0.0,-9.375761953849441
2020-02-22 05:00:00,77.87692434418085,0.0,0.12,0.10000000000000003,0.10000000000000003,0.0,0.0,0.0,-0.0,77.87692434418085,9.345230921301702,0.0,-9.345230921301702
2020-02-22 06:00:00,78.98448832605763,0.0,0.12,0.10000000000000003,0.10000000000000003,0.0,0.0,0.0,-0.0,78.98448832605763,9.478138599126915,0.0,-9.478138599126915
2020-02-22 07:00:00,76.15280220585241,9.148994305555554,0.12,0.10000000000000003,0.10000000000000003,0.0,0.0,0.0,-0.0,67.00380790029686,8.040456948035624,0.0,-8.040456948035624
2020-02-22 08:00:00,84.5250437007907,62.48672803030302,0.12,0.10000000000000003,0.10000000000000003,0.0,0.0,0.0,-0.0,22.038315670487684,2.644597880458522,0.0,-2.644597880458522
2020-02-22 09:00:00,87.50459052001177,94.31458076923076,0.12,0.10000000000000003,0.11293898147351611,6.809990249218984,6.809990249218984,6.809990249218984,0.0,0.0,0.0,0.2587796294703215,-0.2587796294703215
2020-02-22 10:00:00,93.37719704314458,116.55617638888889,0.12,0.11293898147351611,0.1569790422304303,23.17897934574431,23.17897934574431,23.17897934574431,0.0,0.0,0.0,0.8808012151382838,-0.8808012151382838
2020-02-22 11:00:00,94.71869502847527,125.76439090909092,0.12,0.1569790422304303,0.21596586440360005,31.045695880615654,31.045695880615654,31.045695880615654,0.0,0.0,0.0,1.179736443463395,-1.179736443463395
2020-02-22 12:00:00,96.29115816915427,122.80746923076923,0.12,0.21596586440360005,0.2663468554206685,26.516311061614957,26.516311061614957,26.516311061614957,0.0,0.0,0.0,1.0076198203413689,-1.0076198203413689
2020-02-22 13:00:00,95.21603791214655,112.7763986111111,0.12,0.2663468554206685,0.29971154074870116,17.56036069896456,17.56036069896456,17.56036069896456,0.0,0.0,0.0,0.6672937065606532,-0.6672937065606532
2020-02-22 14:00:00,92.5353188926893,93.76121818181818,0.12,0.29971154074870116,0.30204074939804604,1.2258992891288756,1.2258992891288756,1.2258992891288756,0.0,0.0,0.0,0.046584172986897654,-0.046584172986897654
2020-02-22 15:00:00,92.78086283719836,64.81579615384615,0.12,0.30204074939804604,0.30204074939804604,0.0,0.0,0.0,-0.0,27.965066683352205,3.3558080020022647,0.0,-3.3558080020022647
2020-02-22 16:00:00,81.29259222214915,26.86755875,0.12,0.30204074939804604,0.30204074939804604,0.0,0.0,0.0,-0.0,54.42503347214915,6.531004016657898,0.0,-6.531004016657898
2020-02-22 17:00:00,80.88781255996356,4.214063636363637,0.12,0.30204074939804604,0.30204074939804604,0.0,0.0,0.0,-0.0,76.67374892359993,9.200849870831991,0.0,-9.200849870831991
2020-02-22 18:00:00,79.1554936552744,0.0,0.12,0.30204074939804604,0.30204074939804604,0.0,0.0,0.0,-0.0,79.1554936552744,9.498659238632927,0.0,-9.498659238632927
2020-02-22 19:00:00,82.17602803682355,0.0,0.12,0.30204074939804604,0.30204074939804604,0.0,0.0,0.0,-0.0,82.17602803682355,9.861123364418827,0.0,-9.861123364418827
2020-02-22 20:00:00,80.1750787846494,0.0,0.12,0.30204074939804604,0.30204074939804604,0.0,0.0,0.0,-0.0,80.1750787846494,9.621009454157928,0.0,-9.621009454157928
2020-02-22 21:00:00,80.55983191007479,0.0,0.12,0.30204074939804604,0.30204074939804604,0.0,0.0,0.0,-0.0,80.55983191007479,9.667179829208974,0.0,-9.667179829208974
2020-02-22 22:00:00,79.09180558225232,0.0,0.12,0.30204074939804604,0.30204074939804604,0.0,0.0,0.0,-0.0,79.09180558225232,9.491016669870278,0.0,-9.491016669870278
2020-02-22 23:00:00,79.69821299253525,0.0,0.12,0.30204074939804604,0.30204074939804604,0.0,0.0,0.0,-0.0,79.69821299253525,9.563785559104229,0.0,-9.563785559104229
2020-02-23 00:00:00,76.7936844823889,0.0,0.12,0.30204074939804604,0.30204074939804604,0.0,0.0,0.0,-0.0,76.7936844823889,9.215242137886667,0.0,-9.215242137886667
2020-02-23 01:00:00,77.76423723672809,0.0,0.12,0.30204074939804604,0.30204074939804604,0.0,0.0,0.0,-0.0,77.76423723672809,9.33170846840737,0.0,-9.33170846840737
2020-02-23 02:00:00,76.44327319366482,0.0,0.12,0.30204074939804604,0.30204074939804604,0.0,0.0,0.0,-0.0,76.44327319366482,9.173192783239779,0.0,-9.173192783239779
2020-02-23 03:00:00,78.24059884320347,0.0,0.12,0.30204074939804604,0.30204074939804604,0.0,0.0,0.0,-0.0,78.24059884320347,9.388871861184416,0.0,-9.388871861184416
2020-02-23 04:00:00,77.74795307843138,0.0,0.12,0.30204074939804604,0.30204074939804604,0.0,0.0,0.0,-0.0,77.74795307843138,9.329754369411765,0.0,-9.329754369411765
2020-02-23 05:00:00,78.52249735493525,0.0,0.12,0.30204074939804604,0.30204074939804604,0.0,0.0,0.0,-0.0,78.52249735493525,9.42269968259223,0.0,-9.42269968259223
2020-02-23 06:00:00,77.0520090347329,0.5701141025641022,0.12,0.30204074939804604,0.30204074939804604,0.0,0.0,0.0,-0.0,76.4818949321688,9.177827391860255,0.0,-9.177827391860255
2020-02-23 07:00:00,78.75497189046183,22.577303055555557,0.12,0.30204074939804604,0.30204074939804604,0.0,0.0,0.0,-0.0,56.17766883490627,6.741320260188752,0.0,-6.741320260188752
2020-02-23 08:00:00,80.31487863326119,40.22818075757576,0.12,0.30204074939804604,0.30204074939804604,0.0,0.0,0.0,-0.0,40.08669787568543,4.810403745082252,0.0,-4.810403745082252
2020-02-23 09:00:00,78.2322915865053,26.119131794871798,0.12,0.30204074939804604,0.30204074939804604,0.0,0.0,0.0,-0.0,52.1131597916335,6.25357917499602,0.0,-6.25357917499602
2020-02-23 10:00:00,77.588275752453,46.51765416666666,0.12,0.30204074939804604,0.30204074939804604,0.0,0.0,0.0,-0.0,31.07062158578634,3.728474590294361,0.0,-3.728474590294361
2020-02-23 11:00:00,85.29345059540644,103.47400909090908,0.12,0.30204074939804604,0.33658381053950104,18.180558495502638,18.180558495502638,18.180558495502638,0.0,0.0,0.0,0.6908612228291,-0.6908612228291
2020-02-23 12:00:00,86.63070271378054,116.36480769230769,0.12,0.33658381053950104,0.39307860999870264,29.734104978527157,29.734104978527157,29.734104978527157,0.0,0.0,0.0,1.1298959891840321,-1.1298959891840321
2020-02-23 13:00:00,88.4201646354985,113.66118333333333,0.12,0.39307860999870264,0.4410365455245888,25.241018697834832,25.241018697834832,25.241018697834832,0.0,0.0,0.0,0.9591587105177235,-0.9591587105177235
2020-02-23 14:00:00,84.88531497239381,95.07068636363637,0.12,0.4410365455245888,0.4603887511679497,10.185371391242555,10.185371391242555,10.185371391242555,0.0,0.0,0.0,0.3870441128672175,-0.3870441128672175
2020-02-23 15:00:00,82.26614499518715,64.24762564102564,0.12,0.4603887511679497,0.4603887511679497,0.0,0.0,0.0,-0.0,18.018519354161512,2.1622223224993813,0.0,-2.1622223224993813
2020-02-23 16:00:00,82.7389373074207,26.98109222222222,0.12,0.4603887511679497,0.4603887511679497,0.0,0.0,0.0,-0.0,55.75784508519848,6.690941410223818,0.0,-6.690941410223818
2020-02-23 17:00:00,78.75823242882053,4.313648787878789,0.12,0.4603887511679497,0.4603887511679497,0.0,0.0,0.0,-0.0,74.44458364094174,8.933350036913009,0.0,-8.933350036913009
2020-02-23 18:00:00,78.20155044564332,0.0,0.12,0.4603887511679497,0.4603887511679497,0.0,0.0,0.0,-0.0,78.20155044564332,9.384186053477197,0.0,-9.384186053477197
2020-02-23 19:00:00,80.03150286522482,0.0,0.12,0.4603887511679497,0.4603887511679497,0.0,0.0,0.0,-0.0,80.03150286522482,9.603780343826978,0.0,-9.603780343826978
2020-02-23 20:00:00,80.8045920572336,0.0,0.12,0.4603887511679497,0.4603887511679497,0.0,0.0,0.0,-0.0,80.8045920572336,9.696551046868032,0.0,-9.696551046868032
2020-02-23 21:00:00,79.83928325962242,0.0,0.12,0.4603887511679497,0.4603887511679497,0.0,0.0,0.0,-0.0,79.83928325962242,9.58071399115469,0.0,-9.58071399115469
2020-02-23 22:00:00,79.64083393536326,0.0,0.12,0.4603887511679497,0.4603887511679497,0.0,0.0,0.0,-0.0,79.64083393536326,9.556900072243591,0.0,-9.556900072243591
2020-02-23 23:00:00,76.25999829043418,0.0,0.12,0.4603887511679497,0.4603887511679497,0.0,0.0,0.0,-0.0,76.25999829043418,9.151199794852102,0.0,-9.151199794852102
2020-02-24 00:00:00,78.44819649901147,0.0,0.1,0.4603887511679497,0.4603887511679497,0.0,0.0,0.0,-0.0,78.44819649901147,7.844819649901147,0.0,-7.844819649901147
2020-02-24 01:00:00,76.67083068096018,0.0,0.1,0.4603887511679497,0.4603887511679497,0.0,0.0,0.0,-0.0,76.67083068096018,7.6670830680960185,0.0,-7.6670830680960185
2020-02-24 02:00:00,78.5398629569078,0.0,0.1,0.4603887511679497,0.4603887511679497,0.0,0.0,0.0,-0.0,78.5398629569078,7.85398629569078,0.0,-7.85398629569078
2020-02-24 03:00:00,75.32319369683756,0.0,0.1,0.4603887511679497,0.4603887511679497,0.0,0.0,0.0,-0.0,75.32319369683756,7.532319369683757,0.0,-7.532319369683757
2020-02-24 04:00:00,77.73925509392551,0.0,0.1,0.4603887511679497,0.4603887511679497,0.0,0.0,0.0,-0.0,77.73925509392551,7.7739255093925514,0.0,-7.7739255093925514
2020-02-24 05:00:00,76.08002801798816,0.0,0.1,0.4603887511679497,0.4603887511679497,0.0,0.0,0.0,-0.0,76.08002801798816,7.608002801798816,0.0,-7.608002801798816
2020-02-24 06:00:00,78.28014623857426,0.52634358974359,0.1,0.4603887511679497,0.7530618200151942,154.0384572880234,154.0384572880234,154.0384572880234,0.0,231.79225993685407,23.179225993685407,5.85346137694489,-29.032687370630295
2020-02-24 07:00:00,79.3695526219364,25.79364513888889,0.18,0.7530618200151942,0.7530618200151942,0.0,0.0,0.0,-0.0,53.575907483047516,9.643663346948552,0.0,-9.643663346948552
2020-02-24 08:00:00,88.57041628320013,67.43688636363636,0.18,0.7530618200151942,0.7530618200151942,0.0,0.0,0.0,-0.0,21.13352991956377,3.8040353855214786,0.0,-3.8040353855214786
2020-02-24 09:00:00,98.7715411281983,101.37373076923078,0.18,0.7530618200151942,0.7580059803331559,2.6021896410324814,2.6021896410324814,2.6021896410324814,0.0,0.0,0.0,0.09888320635923487,-0.09888320635923487
2020-02-24 10:00:00,116.25276609696921,123.71840416666667,0.18,0.7580059803331559,0.772190692665581,7.465638069697462,7.465638069697462,7.465638069697462,0.0,0.0,0.0,0.2836942466485026,-0.2836942466485026
2020-02-24 11:00:00,110.1061126576551,133.21050151515152,0.18,0.772190692665581,0.8160890314948243,23.104388857496417,23.104388857496417,23.104388857496417,0.0,0.0,0.0,0.8779667765848642,-0.8779667765848642
2020-02-24 12:00:00,100.89462335147536,130.8419976923077,0.18,0.8160890314948243,0.8729890427424057,29.94737434083234,29.94737434083234,29.94737434083234,0.0,0.0,0.0,1.1380002249516297,-1.1380002249516297
2020-02-24 13:00:00,105.0968872620848,119.31318055555556,0.18,0.8729890427424057,0.9,14.216293293470756,14.216293293470676,14.216293293470676,0.0,-7.993605777301127e-14,0.0,0.5402191451518856,-0.5402191451518856
2020-02-24 14:00:00,108.10036133821173,100.18943181818182,0.18,0.9,0.9,0.0,0.0,0.0,-0.0,7.91092952002991,1.4239673136053839,0.0,-1.4239673136053839
2020-02-24 15:00:00,93.18667180057788,69.5759076923077,0.18,0.9,0.9,0.0,0.0,0.0,-0.0,23.61076410827019,4.249937539488634,0.0,-4.249937539488634
2020-02-24 16:00:00,84.29865677858884,29.504071944444444,0.32,0.9,0.7846429792965381,-54.79458483414439,-54.79458483414439,0.0,54.79458483414439,0.0,0.0,2.3071404140692375,-2.3071404140692375
2020-02-24 17:00:00,84.00203553761209,4.571527575757576,0.32,0.7846429792965381,0.6174208572715812,-79.43050796185452,-79.43050796185452,0.0,79.43050796185452,0.0,0.0,3.344442440499138,-3.344442440499138
2020-02-24 18:00:00,83.14220528322198,0.0,0.32,0.6174208572715812,0.44238463562269287,-83.14220528322198,-83.14220528322198,0.0,83.14220528322198,0.0,0.0,3.5007244329777674,-3.5007244329777674
2020-02-24 19:00:00,84.35169332438598,0.0,0.32,0.44238463562269287,0.27670669018945004,-78.69702408079034,-78.69702408079034,0.0,78.69702408079034,5.6546692435956345,1.809494157950603,3.3135589086648567,-5.1230530666154594
2020-02-24 20:00:00,83.93567783998876,0.0,0.32,0.27670669018945004,0.10000000000000003,-83.93567783998876,-83.93567783998876,0.0,83.93567783998876,0.0,0.0,3.5341338037890004,-3.5341338037890004
2020-02-24 21:00:00,77.1799209315441,0.0,0.32,0.10000000000000003,0.10000000000000003,0.0,0.0,0.0,-0.0,77.1799209315441,24.697574698094115,0.0,-24.697574698094115
2020-02-24 22:00:00,78.34262670672958,0.0,0.1,0.10000000000000003,0.10000000000000003,0.0,0.0,0.0,-0.0,78.34262670672958,7.834262670672958,0.0,-7.834262670672958
2020-02-24 23:00:00,77.18482593462127,0.0,0.1,0.10000000000000003,0.10000000000000003,0.0,0.0,0.0,-0.0,77.18482593462127,7.718482593462127,0.0,-7.718482593462127
2020-02-25 00:00:00,76.41107780963985,0.0,0.1,0.10000000000000003,0.10000000000000003,0.0,0.0,0.0,-0.0,76.41107780963985,7.641107780963985,0.0,-7.641107780963985
2020-02-25 01:00:00,75.20895030689486,0.0,0.1,0.10000000000000003,0.10000000000000003,0.0,0.0,0.0,-0.0,75.20895030689486,7.520895030689487,0.0,-7.520895030689487
2020-02-25 02:00:00,77.72295013482334,0.0,0.1,0.10000000000000003,0.10000000000000003,0.0,0.0,0.0,-0.0,77.72295013482334,7.772295013482334,0.0,-7.772295013482334
2020-02-25 03:00:00,75.69607268359495,0.0,0.1,0.10000000000000003,0.10000000000000003,0.0,0.0,0.0,-0.0,75.69607268359495,7.569607268359495,0.0,-7.569607268359495
2020-02-25 04:00:00,77.60491459874667,0.0,0.1,0.10000000000000003,0.26246574295852165,85.50828576764297,85.50828576764297,85.50828576764297,0.0,163.11320036638966,16.311320036638968,3.2493148591704326,-19.5606348958094
2020-02-25 05:00:00,72.9353548926994,0.0,0.1,0.26246574295852165,0.26246574295852165,0.0,0.0,0.0,-0.0,72.9353548926994,7.2935354892699396,0.0,-7.2935354892699396
2020-02-25 06:00:00,76.59676309129614,0.7260130769230769,0.1,0.26246574295852165,0.7374657429585216,250.0,250.0,250.0,0.0,325.8707500143731,32.587075001437306,9.5,-42.087075001437306
2020-02-25 07:00:00,80.15410161573804,25.790140833333336,0.18,0.7374657429585216,0.7374657429585216,0.0,0.0,0.0,-0.0,54.3639607824047,9.785512940832847,0.0,-9.785512940832847
2020-02-25 08:00:00,88.51641619846372,67.14702272727273,0.18,0.7374657429585216,0.7374657429585216,0.0,0.0,0.0,-0.0,21.36939347119099,3.846490824814378,0.0,-3.846490824814378
2020-02-25 09:00:00,92.4989382078787,101.1445076923077,0.18,0.7374657429585216,0.7538923249789368,8.645569484429004,8.645569484429004,8.645569484429004,0.0,0.0,0.0,0.32853164040830274,-0.32853164040830274
2020-02-25 10:00:00,98.38090443792258,122.36540000000001,0.18,0.7538923249789368,0.7994628665468839,23.984495562077427,23.984495562077427,23.984495562077427,0.0,0.0,0.0,0.9114108313589431,-0.9114108313589431
2020-02-25 11:00:00,107.36668965926528,130.7813,0.18,0.7994628665468839,0.8439506261942799,23.41461034073471,23.41461034073471,23.41461034073471,0.0,0.0,0.0,0.8897551929479186,-0.8897551929479186
2020-02-25 12:00:00,111.6487321166218,129.21288076923076,0.18,0.8439506261942799,0.8773225086342369,17.564148652608964,17.564148652608964,17.564148652608964,0.0,0.0,0.0,0.6674376487991407,-0.6674376487991407
2020-02-25 13:00:00,108.37631406942813,119.58976041666666,0.18,0.8773225086342369,0.89862805669399,11.21344634723853,11.21344634723853,11.21344634723853,0.0,0.0,0.0,0.4261109611950631,-0.4261109611950631
2020-02-25 14:00:00,98.10557003032973,98.82764545454546,0.18,0.89862805669399,0.8999999999999999,0.7220754242157312,0.7220754242157312,0.7220754242157312,0.0,0.0,0.0,0.027438866120197414,-0.027438866120197414
2020-02-25 15:00:00,97.29098597002083,68.89208076923077,0.18,0.8999999999999999,0.8999999999999999,0.0,0.0,0.0,-0.0,28.398905200790054,5.11180293614221,0.0,-5.11180293614221
2020-02-25 16:00:00,83.91592605852456,29.55502875,0.32,0.8999999999999999,0.785556005666264,-54.36089730852456,-54.36089730852456,0.0,54.36089730852456,0.0,0.0,2.2888798866747173,-2.2888798866747173
2020-02-25 17:00:00,87.36709997849431,4.376477878787878,0.32,0.785556005666264,0.6108389065089874,-82.99062209970643,-82.99062209970643,0.0,82.99062209970643,0.0,0.0,3.4943419831455325,-3.4943419831455325
2020-02-25 18:00:00,86.31785352533521,0.0,0.32,0.6108389065089874,0.4291171096135449,-86.31785352533521,-86.31785352533521,0.0,86.31785352533521,0.0,0.0,3.634435937908851,-3.634435937908851
2020-02-25 19:00:00,86.04420551811266,0.0,0.32,0.4291171096135449,0.2479714137859393,-86.04420551811266,-86.04420551811266,0.0,86.04420551811266,0.0,0.0,3.622913916552112,-3.622913916552112
2020-02-25 20:00:00,86.62783897832443,0.0,0.32,0.2479714137859393,0.1,-70.28642154832116,-70.28642154832116,0.0,70.28642154832116,16.341417430003276,5.229253577601049,2.9594282757187855,-8.188681853319835
2020-02-25 21:00:00,80.54672605268755,0.0,0.32,0.1,0.1,0.0,0.0,0.0,-0.0,80.54672605268755,25.774952336860014,0.0,-25.774952336860014
2020-02-25 22:00:00,79.59450818665293,0.0,0.1,0.1,0.1,0.0,0.0,0.0,-0.0,79.59450818665293,7.959450818665293,0.0,-7.959450818665293
2020-02-25 23:00:00,77.14823181518312,0.0,0.1,0.1,0.1,0.0,0.0,0.0,-0.0,77.14823181518312,7.714823181518312,0.0,-7.714823181518312
2020-02-26 00:00:00,79.00556741550501,0.0,0.1,0.1,0.1,0.0,0.0,0.0,-0.0,79.00556741550501,7.900556741550502,0.0,-7.900556741550502
2020-02-26 01:00:00,77.19623962269895,0.0,0.1,0.1,0.1,0.0,0.0,0.0,-0.0,77.19623962269895,7.719623962269896,0.0,-7.719623962269896
2020-02-26 02:00:00,76.08630738988614,0.0,0.1,0.1,0.1,0.0,0.0,0.0,-0.0,76.08630738988614,7.608630738988615,0.0,-7.608630738988615
2020-02-26 03:00:00,75.21856402755871,0.0,0.1,0.1,0.1,0.0,0.0,0.0,-0.0,75.21856402755871,7.521856402755872,0.0,-7.521856402755872
2020-02-26 04:00:00,75.88305732411419,0.0,0.1,0.1,0.1,0.0,0.0,0.0,-0.0,75.88305732411419,7.58830573241142,0.0,-7.58830573241142
2020-02-26 05:00:00,75.7065882956377,0.0,0.1,0.1,0.2590435148533955,83.70711308073447,83.70711308073447,83.70711308073447,0.0,159.41370137637216,15.941370137637216,3.18087029706791,-19.122240434705127
2020-02-26 06:00:00,77.3161009258014,0.8701025641025638,0.1,0.2590435148533955,0.7340435148533955,250.0,250.0,250.0,0.0,326.4459983616988,32.64459983616988,9.5,-42.14459983616988
2020-02-26 07:00:00,82.16415674857758,25.530616666666663,0.18,0.7340435148533955,0.7340435148533955,0.0,0.0,0.0,-0.0,56.63354008191092,10.194037214743966,0.0,-10.194037214743966
2020-02-26 08:00:00,86.81566895457875,64.6690696969697,0.18,0.7340435148533955,0.7340435148533955,0.0,0.0,0.0,-0.0,22.146599257609054,3.9863878663696295,0.0,-3.9863878663696295
2020-02-26 09:00:00,88.96520782933425,94.88479615384615,0.18,0.7340435148533955,0.7452907326699681,5.919588324511906,5.919588324511906,5.919588324511906,0.0,0.0,0.0,0.2249443563314535,-0.2249443563314535
2020-02-26 10:00:00,95.66069957460273,114.30110833333333,0.18,0.7452907326699681,0.7807075093115563,18.6404087587306,18.6404087587306,18.6404087587306,0.0,0.0,0.0,0.7083355328317631,-0.7083355328317631
2020-02-26 11:00:00,99.76385768658616,122.76508636363637,0.18,0.7807075093115563,0.8244098437979517,23.001228677050207,23.001228677050207,23.001228677050207,0.0,0.0,0.0,0.8740466897279076,-0.8740466897279076
2020-02-26 12:00:00,97.71486034644006,121.95611923076923,0.18,0.8244098437979517,0.8704682356781771,24.24125888432917,24.24125888432917,24.24125888432917,0.0,0.0,0.0,0.9211678376045085,-0.9211678376045085
2020-02-26 13:00:00,97.195153646409,112.7381875,0.18,0.8704682356781771,0.9,15.543033853590998,15.543033853590998,15.543033853590998,0.0,0.0,0.0,0.5906352864364584,-0.5906352864364584
2020-02-26 14:00:00,95.2575389723817,94.41813787878787,0.18,0.9,0.9,0.0,0.0,0.0,-0.0,0.8394010935938212,0.15109219684688782,0.0,-0.15109219684688782
2020-02-26 15:00:00,94.78186084642319,65.44491153846154,0.18,0.9,0.9,0.0,0.0,0.0,-0.0,29.336949307961646,5.280650875433096,0.0,-5.280650875433096
2020-02-26 16:00:00,86.32166641260984,28.33077,0.32,0.9,0.7779139022892425,-57.99089641260984,-57.99089641260984,0.0,57.99089641260984,0.0,0.0,2.4417219542151503,-2.4417219542151503
2020-02-26 17:00:00,82.79429907825578,4.890407272727273,0.32,0.7779139022892425,0.6139057090144456,-77.9038918055285,-77.9038918055285,0.0,77.9038918055285,0.0,0.0,3.2801638654959375,-3.2801638654959375
2020-02-26 18:00:00,84.54269924098789,0.0,0.32,0.6139057090144456,0.4359210790334185,-84.54269924098789,-84.54269924098789,0.0,84.54269924098789,0.0,0.0,3.559692599620543,-3.559692599620543
2020-02-26 19:00:00,85.69262345953213,0.0,0.32,0.4359210790334185,0.279314173856567,-74.38827995900445,-74.38827995900445,0.0,74.38827995900445,11.304343500527679,3.6173899201688573,3.13213810353703,-6.749528023705887
2020-02-26 20:00:00,85.17423258186935,0.0,0.32,0.279314173856567,0.1,-85.17423258186935,-85.17423258186932,0.0,85.17423258186932,2.842170943040401e-14,9.094947017729283e-15,3.5862834771313397,-3.5862834771313485
2020-02-26 21:00:00,78.19723022229189,0.0,0.32,0.1,0.1,0.0,0.0,0.0,-0.0,78.19723022229189,25.023113671133405,0.0,-25.023113671133405
2020-02-26 22:00:00,78.18110537440297,0.0,0.1,0.1,0.1,0.0,0.0,0.0,-0.0,78.18110537440297,7.8181105374402975,0.0,-7.8181105374402975
2020-02-26 23:00:00,78.74686284068517,0.0,0.1,0.1,0.1,0.0,0.0,0.0,-0.0,78.74686284068517,7.874686284068517,0.0,-7.874686284068517
2020-02-27 00:00:00,77.59834297830022,0.0,0.1,0.1,0.1,0.0,0.0,0.0,-0.0,77.59834297830022,7.7598342978300225,0.0,-7.7598342978300225
2020-02-27 01:00:00,74.93496857299431,0.0,0.1,0.1,0.1,0.0,0.0,0.0,-0.0,74.93496857299431,7.493496857299431,0.0,-7.493496857299431
2020-02-27 02:00:00,76.31779819444193,0.0,0.1,0.1,0.1,0.0,0.0,0.0,-0.0,76.31779819444193,7.631779819444194,0.0,-7.631779819444194
2020-02-27 03:00:00,76.91305456345262,0.0,0.1,0.1,0.1,0.0,0.0,0.0,-0.0,76.91305456345262,7.691305456345262,0.0,-7.691305456345262
2020-02-27 04:00:00,76.84612895637211,0.0,0.1,0.1,0.1,0.0,0.0,0.0,-0.0,76.84612895637211,7.684612895637212,0.0,-7.684612895637212
2020-02-27 05:00:00,74.9276740400877,0.0,0.1,0.1,0.273582585916741,91.35925574565316,91.35925574565316,91.35925574565316,0.0,166.28692978574085,16.628692978574087,3.47165171833482,-20.100344696908905
2020-02-27 06:00:00,75.49182218302826,0.5478974358974353,0.1,0.273582585916741,0.748582585916741,250.0,250.0,250.0,0.0,324.94392474713084,32.49439247471309,9.5,-41.99439247471309
2020-02-27 07:00:00,80.58809566861937,26.333759583333332,0.18,0.748582585916741,0.748582585916741,0.0,0.0,0.0,-0.0,54.25433608528604,9.765780495351487,0.0,-9.765780495351487
2020-02-27 08:00:00,89.54201364921745,66.29491515151516,0.18,0.748582585916741,0.748582585916741,0.0,0.0,0.0,-0.0,23.247098497702297,4.184477729586413,0.0,-4.184477729586413
2020-02-27 09:00:00,93.3676494089619,98.20347692307692,0.18,0.748582585916741,0.7577706581935595,4.835827514115024,4.835827514115024,4.835827514115024,0.0,0.0,0.0,0.18376144553637008,-0.18376144553637008
2020-02-27 10:00:00,100.77802852114576,117.71365416666667,0.18,0.7577706581935595,0.7899483469200492,16.935625645520915,16.935625645520915,16.935625645520915,0.0,0.0,0.0,0.6435537745297948,-0.6435537745297948
2020-02-27 11:00:00,105.21039810173887,123.89252272727272,0.18,0.7899483469200492,0.8254443837085635,18.682124625533845,18.682124625533845,18.682124625533845,0.0,0.0,0.0,0.7099207357702864,-0.7099207357702864
2020-02-27 12:00:00,101.95010209855685,124.83323461538461,0.18,0.8254443837085635,0.8689223354905363,22.883132516827757,22.883132516827757,22.883132516827757,0.0,0.0,0.0,0.8695590356394556,-0.8695590356394556
2020-02-27 13:00:00,97.87204696870333,114.22871249999999,0.18,0.8689223354905363,0.9,16.356665531296656,16.356665531296656,16.356665531296656,0.0,0.0,0.0,0.621553290189274,-0.621553290189274
2020-02-27 14:00:00,102.49281643289288,96.49583181818183,0.18,0.9,0.9,0.0,0.0,0.0,-0.0,5.996984614711053,1.0794572306479895,0.0,-1.0794572306479895
2020-02-27 15:00:00,94.53684943105398,67.65004615384615,0.18,0.9,0.9,0.0,0.0,0.0,-0.0,26.886803277207832,4.83962458989741,0.0,-4.83962458989741
2020-02-27 16:00:00,92.45580173955578,28.266914027777776,0.32,0.9,0.7648654995541516,-64.18888771177801,-64.18888771177801,0.0,64.18888771177801,0.0,0.0,2.702690008916968,-2.702690008916968
2020-02-27 17:00:00,88.20074848837605,5.128490151515151,0.32,0.7648654995541516,0.5899765346344444,-83.0722583368609,-83.0722583368609,0.0,83.0722583368609,0.0,0.0,3.4977792983941436,-3.4977792983941436
2020-02-27 18:00:00,85.16289195399773,0.01076923076923077,0.32,0.5899765346344444,0.4668506259797157,-58.484806610996145,-58.484806610996145,0.0,58.484806610996145,26.667316112232356,8.533541155914355,2.4625181730945744,-10.99605932900893
2020-02-27 19:00:00,87.04471010822225,0.0,0.32,0.4668506259797157,0.2835986046992478,-87.04471010822225,-87.04471010822225,0.0,87.04471010822225,0.0,0.0,3.6650404256093583,-3.6650404256093583
2020-02-27 20:00:00,87.20933723214273,0.0,0.32,0.2835986046992478,0.1,-87.20933723214273,-87.2093372321427,0.0,87.2093372321427,2.842170943040401e-14,9.094947017729283e-15,3.671972093984956,-3.671972093984965
2020-02-27 21:00:00,82.1716685459094,0.0,0.32,0.1,0.1,0.0,0.0,0.0,-0.0,82.1716685459094,26.29493393469101,0.0,-26.29493393469101
2020-02-27 22:00:00,82.3703710177217,0.0,0.1,0.1,0.1,0.0,0.0,0.0,-0.0,82.3703710177217,8.23703710177217,0.0,-8.23703710177217
2020-02-27 23:00:00,81.0394539741188,0.0,0.1,0.1,0.1,0.0,0.0,0.0,-0.0,81.0394539741188,8.10394539741188,0.0,-8.10394539741188
2020-02-28 00:00:00,80.78632431242914,0.0,0.1,0.1,0.1,0.0,0.0,0.0,-0.0,80.78632431242914,8.078632431242914,0.0,-8.078632431242914
2020-02-28 01:00:00,81.33475416332278,0.0,0.1,0.1,0.1,0.0,0.0,0.0,-0.0,81.33475416332278,8.13347541633228,0.0,-8.13347541633228
2020-02-28 02:00:00,81.32963032065555,0.0,0.1,0.1,0.1,0.0,0.0,0.0,-0.0,81.32963032065555,8.132963032065556,0.0,-8.132963032065556
2020-02-28 03:00:00,80.38120866133627,0.0,0.1,0.1,0.1,0.0,0.0,0.0,-0.0,80.38120866133627,8.038120866133628,0.0,-8.038120866133628
2020-02-28 04:00:00,80.17796672868083,0.0,0.1,0.1,0.424732223955951,170.9116968189216,170.9116968189216,170.9116968189216,0.0,251.0896635476024,25.10896635476024,6.494644479119021,-31.603610833879262
2020-02-28 05:00:00,81.32147837710397,0.0,0.1,0.424732223955951,0.899732223955951,250.0,250.0,250.0,0.0,331.321478377104,33.1321478377104,9.5,-42.6321478377104
2020-02-28 06:00:00,81.36679251233552,0.6299330218068536,0.1,0.899732223955951,0.899732223955951,0.0,0.0,0.0,-0.0,80.73685949052867,8.073685949052868,0.0,-8.073685949052868
2020-02-28 07:00:00,84.200927413718,17.255373194444445,0.18,0.899732223955951,0.899732223955951,0.0,0.0,0.0,-0.0,66.94555421927356,12.05019975946924,0.0,-12.05019975946924
2020-02-28 08:00:00,95.75349667254532,43.55911181818181,0.18,0.899732223955951,0.899732223955951,0.0,0.0,0.0,-0.0,52.19438485436351,9.394989273785432,0.0,-9.394989273785432
2020-02-28 09:00:00,102.70632571995495,80.11952307692307,0.18,0.899732223955951,0.899732223955951,0.0,0.0,0.0,-0.0,22.586802643031874,4.065624475745737,0.0,-4.065624475745737
2020-02-28 10:00:00,101.2255457107214,97.61460833333332,0.18,0.899732223955951,0.899732223955951,0.0,0.0,0.0,-0.0,3.6109373773880833,0.6499687279298549,0.0,-0.6499687279298549
2020-02-28 11:00:00,101.61516951214206,96.34935454545456,0.18,0.899732223955951,0.899732223955951,0.0,0.0,0.0,-0.0,5.2658149666875005,0.9478466940037501,0.0,-0.9478466940037501
2020-02-28 12:00:00,98.94514216305112,99.08607692307692,0.18,0.899732223955951,0.9,0.1409347600258002,0.1409347600258002,0.1409347600258002,0.0,0.0,0.0,0.005355520880980791,-0.005355520880980791
2020-02-28 13:00:00,98.39277431644128,88.887925,0.18,0.9,0.9,0.0,0.0,0.0,-0.0,9.50484931644128,1.7108728769594304,0.0,-1.7108728769594304
2020-02-28 14:00:00,125.14300053481053,74.09613181818182,0.18,0.9,0.9,0.0,0.0,0.0,-0.0,51.04686871662871,9.188436368993168,0.0,-9.188436368993168
2020-02-28 15:00:00,115.39983443952886,58.042096923076926,0.18,0.9,0.9,-0.0,-0.0,-0.0,0.0,57.357737516451934,10.324392752961348,0.0,-10.324392752961348
2020-02-28 16:00:00,97.02768475711177,25.493858333333332,0.32,0.9,0.7494024706867822,-71.53382642377844,-71.53382642377844,0.0,71.53382642377844,0.0,0.0,3.011950586264356,-3.011950586264356
2020-02-28 17:00:00,89.838561179217,4.754950845369584,0.32,0.7494024706867822,0.5702790805102613,-85.08361033384742,-85.08361033384742,0.0,85.08361033384742,0.0,0.0,3.582467803530418,-3.582467803530418
2020-02-28 18:00:00,86.02982599062686,0.011804457225017974,0.32,0.5702790805102613,0.38918850886099426,-86.01802153340185,-86.01802153340185,0.0,86.01802153340185,0.0,0.0,3.621811432985341,-3.621811432985341
2020-02-28 19:00:00,87.87697186086102,0.0,0.32,0.38918850886099426,0.20418435757497105,-87.87697186086102,-87.87697186086102,0.0,87.87697186086102,0.0,0.0,3.700083025720464,-3.700083025720464
2020-02-28 20:00:00,87.67523822413997,0.0,0.32,0.20418435757497105,0.10000000000000002,-49.48756984811127,-49.48756984811124,0.0,49.48756984811124,38.18766837602873,12.220053880329194,2.083687151499421,-14.303741031828615
2020-02-28 21:00:00,81.6465275231229,0.0,0.32,0.10000000000000002,0.10000000000000002,0.0,0.0,0.0,-0.0,81.6465275231229,26.12688880739933,0.0,-26.12688880739933
2020-02-28 22:00:00,82.18903229020587,0.0,0.1,0.10000000000000002,0.10000000000000002,0.0,0.0,0.0,-0.0,82.18903229020587,8.218903229020588,0.0,-8.218903229020588
2020-02-28 23:00:00,82.64613780759542,0.0,0.1,0.10000000000000002,0.10000000000000002,0.0,0.0,0.0,-0.0,82.64613780759542,8.264613780759543,0.0,-8.264613780759543
