time,load_kwh,pv_kwh,price,soc_current,soc_next,requested_command_kw,command_kw,charge_kw,discharge_kw,grid_import_kwh,electricity_cost,degradation_cost,reward
2019-11-11 04:00:00,74.559530249183,0.0,0.1,0.5,0.7375,125.0,125.0,125.0,0.0,199.559530249183,19.9559530249183,0.0,-19.9559530249183
2019-11-11 05:00:00,75.1790098541809,0.0,0.1,0.7375,0.47434210526315795,-125.0,-125.0,0.0,125.0,-49.820990145819096,0.0,0.0,-0.0
2019-11-11 06:00:00,76.83969087446215,0.8513291636712196,0.1,0.47434210526315795,0.47434210526315795,0.0,0.0,0.0,-0.0,75.98836171079093,7.598836171079093,0.0,-7.598836171079093
2019-11-11 07:00:00,83.34081900369799,24.375944444444443,0.18,0.47434210526315795,0.47434210526315795,0.0,0.0,0.0,-0.0,58.964874559253545,10.613677420665638,0.0,-10.613677420665638
2019-11-11 08:00:00,79.04499479646377,52.36814696969696,0.18,0.47434210526315795,0.21118421052631586,-125.0,-125.0,0.0,125.0,-98.32315217323318,0.0,0.0,-0.0
2019-11-11 09:00:00,84.77046467166511,79.22326923076922,0.18,0.21118421052631586,0.21118421052631586,0.0,0.0,0.0,-0.0,5.547195440895891,0.9984951793612603,0.0,-0.9984951793612603
2019-11-11 10:00:00,94.50340332532171,90.12807708333334,0.18,0.21118421052631586,0.21118421052631586,0.0,0.0,0.0,-0.0,4.375326241988375,0.7875587235579076,0.0,-0.7875587235579076
2019-11-11 11:00:00,95.00357625464129,81.04171590909091,0.18,0.21118421052631586,0.21118421052631586,0.0,0.0,0.0,-0.0,13.961860345550377,2.5131348621990677,0.0,-2.5131348621990677
2019-11-11 12:00:00,89.3053698826706,76.2750423076923,0.18,0.21118421052631586,0.21118421052631586,0.0,0.0,0.0,-0.0,13.030327574978301,2.3454589634960943,0.0,-2.3454589634960943
2019-11-11 13:00:00,84.75907453428992,57.53093611111111,0.18,0.21118421052631586,0.21118421052631586,0.0,0.0,0.0,-0.0,27.228138423178812,4.901064916172186,0.0,-4.901064916172186
2019-11-11 14:00:00,81.7314834843874,44.88780606060606,0.18,0.21118421052631586,0.21118421052631586,0.0,0.0,0.0,-0.0,36.84367742378134,6.63186193628064,0.0,-6.63186193628064
2019-11-11 15:00:00,79.89865589566918,23.790312564102564,0.18,0.21118421052631586,0.21118421052631586,0.0,0.0,0.0,-0.0,56.108343331566616,10.09950179968199,0.0,-10.09950179968199
2019-11-11 16:00:00,79.00864308229974,5.219202762201454,0.32,0.21118421052631586,0.44868421052631585,125.0,125.0,125.0,0.0,198.7894403200983,63.61262090243145,0.0,-63.61262090243145
2019-11-11 17:00:00,78.6046927723206,0.0,0.32,0.44868421052631585,0.18552631578947376,-125.0,-125.0,0.0,125.0,-46.395307227679396,0.0,0.0,-0.0
2019-11-11 18:00:00,80.71624675533228,0.0,0.32,0.18552631578947376,0.18552631578947376,0.0,0.0,0.0,-0.0,80.71624675533228,25.82919896170633,0.0,-25.82919896170633
2019-11-11 19:00:00,79.5755961464227,0.0,0.32,0.18552631578947376,0.1,-250.0,-40.625000000000036,0.0,40.625000000000036,38.95059614642266,12.464190766855252,0.0,-12.464190766855252
2019-11-11 20:00:00,78.87454168707478,0.0,0.32,0.1,0.575,250.0,250.0,250.0,0.0,328.8745416870748,105.23985333986393,0.0,-105.23985333986393
2019-11-11 21:00:00,77.61231979043929,0.0,0.32,0.575,0.31184210526315786,-125.0,-125.0,0.0,125.0,-47.38768020956071,0.0,0.0,-0.0
2019-11-11 22:00:00,77.93055816295755,0.0,0.1,0.31184210526315786,0.5493421052631579,125.0,125.0,125.0,0.0,202.93055816295754,20.293055816295755,0.0,-20.293055816295755
2019-11-11 23:00:00,77.3422136705679,0.0,0.1,0.5493421052631579,0.28618421052631576,-125.0,-125.0,0.0,125.0,-47.6577863294321,0.0,0.0,-0.0
2019-11-12 00:00:00,77.2113114533674,0.0,0.1,0.28618421052631576,0.10000000000000003,-125.0,-88.43749999999997,0.0,88.43749999999997,-11.22618854663257,0.0,0.0,-0.0
2019-11-12 01:00:00,75.61428029516918,0.0,0.1,0.10000000000000003,0.1,-250.0,-1.3183898417423734e-14,0.0,1.3183898417423734e-14,75.61428029516917,7.561428029516917,0.0,-7.561428029516917
2019-11-12 02:00:00,77.09460127203549,0.0,0.1,0.1,0.3375,125.0,125.0,125.0,0.0,202.0946012720355,20.209460127203553,0.0,-20.209460127203553
2019-11-12 03:00:00,76.72317306551489,0.0,0.1,0.3375,0.1,-125.0,-112.81250000000001,0.0,112.81250000000001,-36.08932693448513,0.0,0.0,-0.0
2019-11-12 04:00:00,76.63961570012451,0.0,0.1,0.1,0.3375,125.0,125.0,125.0,0.0,201.63961570012452,20.163961570012454,0.0,-20.163961570012454
2019-11-12 05:00:00,76.53417471383986,0.0,0.1,0.3375,0.575,125.0,125.0,125.0,0.0,201.53417471383986,20.15341747138399,0.0,-20.15341747138399
2019-11-12 06:00:00,76.43525957070948,0.6745580397795349,0.1,0.575,0.31184210526315786,-125.0,-125.0,0.0,125.0,-49.239298469070064,0.0,0.0,-0.0
2019-11-12 07:00:00,81.48677798308238,22.06728111111111,0.18,0.31184210526315786,0.1,-250.0,-100.62499999999999,0.0,100.62499999999999,-41.205503128028724,0.0,0.0,-0.0
2019-11-12 08:00:00,86.59237279635643,51.68672272727272,0.18,0.1,0.3375,125.0,125.0,125.0,0.0,159.90565006908372,28.783017012435067,0.0,-28.783017012435067
2019-11-12 09:00:00,89.39109422492994,63.698838461538465,0.18,0.3375,0.3375,0.0,0.0,0.0,-0.0,25.69225576339148,4.624606037410466,0.0,-4.624606037410466
2019-11-12 10:00:00,90.87536416165487,70.7670625,0.18,0.3375,0.3375,0.0,0.0,0.0,-0.0,20.108301661654878,3.619494299097878,0.0,-3.619494299097878
2019-11-12 11:00:00,98.52989272722947,83.68757575757576,0.18,0.3375,0.3375,0.0,0.0,0.0,-0.0,14.842316969653709,2.6716170545376676,0.0,-2.6716170545376676
2019-11-12 12:00:00,95.32242833193033,63.002935897435904,0.18,0.3375,0.575,125.0,125.0,125.0,0.0,157.3194924344944,28.31750863820899,0.0,-28.31750863820899
2019-11-12 13:00:00,98.12791512804024,72.56424722222222,0.18,0.575,0.31184210526315786,-125.0,-125.0,0.0,125.0,-99.43633209418198,0.0,0.0,-0.0
2019-11-12 14:00:00,94.23969241587245,40.88270166666666,0.18,0.31184210526315786,0.31184210526315786,0.0,0.0,0.0,-0.0,53.35699074920579,9.604258334857041,0.0,-9.604258334857041
2019-11-12 15:00:00,99.5822038911572,27.29310923076923,0.18,0.31184210526315786,0.5493421052631579,125.0,125.0,125.0,0.0,197.28909466038797,35.512037038869835,0.0,-35.512037038869835
2019-11-12 16:00:00,93.0428436395298,5.3354891796469355,0.32,0.5493421052631579,0.9,250.0,184.55678670360118,184.55678670360118,0.0,272.26414116348406,87.1245251723149,0.0,-87.1245251723149
2019-11-12 17:00:00,87.60395960281163,0.0,0.32,0.9,0.6368421052631579,-125.0,-125.0,0.0,125.0,-37.39604039718837,0.0,0.0,-0.0
2019-11-12 18:00:00,86.17016792371616,0.0,0.32,0.6368421052631579,0.6368421052631579,0.0,0.0,0.0,-0.0,86.17016792371616,27.574453735589174,0.0,-27.574453735589174
2019-11-12 19:00:00,83.70825610881617,0.0,0.32,0.6368421052631579,0.3736842105263158,-125.0,-125.0,0.0,125.0,-41.29174389118383,0.0,0.0,-0.0
2019-11-12 20:00:00,85.4287145386566,0.0,0.32,0.3736842105263158,0.1105263157894737,-125.0,-125.0,0.0,125.0,-39.57128546134339,0.0,0.0,-0.0
2019-11-12 21:00:00,82.28122746933671,0.0,0.32,0.1105263157894737,0.1105263157894737,0.0,0.0,0.0,-0.0,82.28122746933671,26.32999279018775,0.0,-26.32999279018775
2019-11-12 22:00:00,81.9962633002465,0.0,0.1,0.1105263157894737,0.3480263157894737,125.0,125.0,125.0,0.0,206.99626330024648,20.69962633002465,0.0,-20.69962633002465
2019-11-12 23:00:00,77.51591494877404,0.0,0.1,0.3480263157894737,0.3480263157894737,0.0,0.0,0.0,-0.0,77.51591494877404,7.751591494877404,0.0,-7.751591494877404
2019-11-13 00:00:00,77.94855103265621,0.0,0.1,0.3480263157894737,0.10000000000000003,-125.0,-117.81249999999999,0.0,117.81249999999999,-39.863948967343774,0.0,0.0,-0.0
2019-11-13 01:00:00,79.31709149308537,0.0,0.1,0.10000000000000003,0.1,-250.0,-1.3183898417423734e-14,0.0,1.3183898417423734e-14,79.31709149308536,7.931709149308536,0.0,-7.931709149308536
2019-11-13 02:00:00,79.94213364374279,0.0,0.1,0.1,0.1,0.0,0.0,0.0,-0.0,79.94213364374279,7.994213364374279,0.0,-7.994213364374279
2019-11-13 03:00:00,77.36651271287383,0.0,0.1,0.1,0.3375,125.0,125.0,125.0,0.0,202.36651271287383,20.236651271287386,0.0,-20.236651271287386
2019-11-13 04:00:00,78.06430430019317,0.0,0.1,0.3375,0.575,125.0,125.0,125.0,0.0,203.06430430019316,20.30643043001932,0.0,-20.30643043001932
2019-11-13 05:00:00,78.35526963769115,0.0,0.1,0.575,0.9,250.0,171.0526315789474,171.0526315789474,0.0,249.40790121663855,24.940790121663856,0.0,-24.940790121663856
2019-11-13 06:00:00,84.2687184663732,0.47479535106637916,0.1,0.9,0.6368421052631579,-125.0,-125.0,0.0,125.0,-41.206076884693175,0.0,0.0,-0.0
2019-11-13 07:00:00,87.70679103070377,12.140319374999999,0.18,0.6368421052631579,0.1105263157894737,-250.0,-250.0,0.0,250.0,-174.43352834429623,0.0,0.0,-0.0
2019-11-13 08:00:00,86.84218978351299,42.122730909090905,0.18,0.1105263157894737,0.3480263157894737,125.0,125.0,125.0,0.0,169.7194588744221,30.549502597395975,0.0,-30.549502597395975
2019-11-13 09:00:00,90.35098467883482,68.54232051282051,0.18,0.3480263157894737,0.3480263157894737,0.0,0.0,0.0,-0.0,21.80866416601431,3.9255595498825757,0.0,-3.9255595498825757
2019-11-13 10:00:00,92.10416013618853,84.510725,0.18,0.3480263157894737,0.3480263157894737,0.0,0.0,0.0,-0.0,7.593435136188532,1.3668183245139356,0.0,-1.3668183245139356
2019-11-13 11:00:00,95.48965344642926,95.23302272727273,0.18,0.3480263157894737,0.3480263157894737,0.0,0.0,0.0,-0.0,0.2566307191565329,0.046193529448175924,0.0,-0.046193529448175924
2019-11-13 12:00:00,92.53295975514226,59.53386871794872,0.18,0.3480263157894737,0.5855263157894737,125.0,125.0,125.0,0.0,157.99909103719352,28.439836386694832,0.0,-28.439836386694832
2019-11-13 13:00:00,92.91785375068098,48.21968111111111,0.18,0.5855263157894737,0.3223684210526316,-125.0,-125.0,0.0,125.0,-80.30182736043014,0.0,0.0,-0.0
2019-11-13 14:00:00,90.26656696953438,39.98755727272727,0.18,0.3223684210526316,0.1,-250.0,-105.625,0.0,105.625,-55.34599030319289,0.0,0.0,-0.0
2019-11-13 15:00:00,87.00989514441633,20.318015833333334,0.18,0.1,0.1,0.0,0.0,0.0,-0.0,66.691879311083,12.004538275994939,0.0,-12.004538275994939
2019-11-13 16:00:00,87.83403216840627,3.483370678219108,0.32,0.1,0.1,-250.0,-0.0,-0.0,0.0,84.35066149018716,26.992211676859892,0.0,-26.992211676859892
2019-11-13 17:00:00,88.44344401459426,0.0,0.32,0.1,0.1,-250.0,-0.0,-0.0,0.0,88.44344401459426,28.301902084670164,0.0,-28.301902084670164
2019-11-13 18:00:00,89.89444150428363,0.0,0.32,0.1,0.1,-125.0,-0.0,-0.0,0.0,89.89444150428363,28.766221281370765,0.0,-28.766221281370765
2019-11-13 19:00:00,88.19819331085212,0.0,0.32,0.1,0.1,-250.0,-0.0,-0.0,0.0,88.19819331085212,28.22342185947268,0.0,-28.22342185947268
2019-11-13 20:00:00,85.78291096668913,0.0,0.32,0.1,0.1,-250.0,-0.0,-0.0,0.0,85.78291096668913,27.45053150934052,0.0,-27.45053150934052
2019-11-13 21:00:00,81.65723892430756,0.0,0.32,0.1,0.1,0.0,0.0,0.0,-0.0,81.65723892430756,26.13031645577842,0.0,-26.13031645577842
2019-11-13 22:00:00,82.65326466680108,0.0,0.1,0.1,0.3375,125.0,125.0,125.0,0.0,207.65326466680108,20.765326466680108,0.0,-20.765326466680108
2019-11-13 23:00:00,80.88155817559428,0.0,0.1,0.3375,0.3375,0.0,0.0,0.0,-0.0,80.88155817559428,8.088155817559429,0.0,-8.088155817559429
2019-11-14 00:00:00,81.32587506733464,0.0,0.1,0.3375,0.3375,0.0,0.0,0.0,-0.0,81.32587506733464,8.132587506733463,0.0,-8.132587506733463
2019-11-14 01:00:00,78.78744771551865,0.0,0.1,0.3375,0.1,-250.0,-112.81250000000001,0.0,112.81250000000001,-34.02505228448136,0.0,0.0,-0.0
2019-11-14 02:00:00,81.62785895352341,0.0,0.1,0.1,0.1,0.0,0.0,0.0,-0.0,81.62785895352341,8.162785895352341,0.0,-8.162785895352341
2019-11-14 03:00:00,82.74818418803419,0.0,0.1,0.1,0.3375,125.0,125.0,125.0,0.0,207.7481841880342,20.77481841880342,0.0,-20.77481841880342
2019-11-14 04:00:00,81.94653785980101,0.0,0.1,0.3375,0.8125,250.0,250.0,250.0,0.0,331.946537859801,33.1946537859801,0.0,-33.1946537859801
2019-11-14 05:00:00,79.51143352171448,0.0,0.1,0.8125,0.549342105263158,-125.0,-125.0,0.0,125.0,-45.48856647828552,0.0,0.0,-0.0
2019-11-14 06:00:00,84.99646453832544,0.37716923076923076,0.1,0.549342105263158,0.549342105263158,0.0,0.0,0.0,-0.0,84.61929530755621,8.461929530755622,0.0,-8.461929530755622
2019-11-14 07:00:00,87.41534823884298,9.132399444444445,0.18,0.549342105263158,0.2861842105263159,-125.0,-125.0,0.0,125.0,-46.717051205601464,0.0,0.0,-0.0
2019-11-14 08:00:00,90.74477078058288,52.01779666666667,0.18,0.2861842105263159,0.5236842105263159,125.0,125.0,125.0,0.0,163.7269741139162,29.47085534050492,0.0,-29.47085534050492
2019-11-14 09:00:00,97.56666607286087,77.99791282051282,0.18,0.5236842105263159,0.2605263157894738,-125.0,-125.0,0.0,125.0,-105.43124674765195,0.0,0.0,-0.0
2019-11-14 10:00:00,103.22399362062212,90.15320833333334,0.18,0.2605263157894738,0.10000000000000003,-125.0,-76.25000000000003,0.0,76.25000000000003,-63.17921471271124,0.0,0.0,-0.0
2019-11-14 11:00:00,101.25158261653934,93.56169545454546,0.18,0.10000000000000003,0.10000000000000003,0.0,0.0,0.0,-0.0,7.68988716199388,1.3841796891588984,0.0,-1.3841796891588984
2019-11-14 12:00:00,98.81735996948717,80.89243307692308,0.18,0.10000000000000003,0.10000000000000003,0.0,0.0,0.0,-0.0,17.924926892564088,3.2264868406615355,0.0,-3.2264868406615355
2019-11-14 13:00:00,91.80125188289958,66.43029090909091,0.18,0.10000000000000003,0.1,-250.0,-1.3183898417423734e-14,0.0,1.3183898417423734e-14,25.37096097380865,4.566772975285557,0.0,-4.566772975285557
2019-11-14 14:00:00,94.19263459811727,46.956608787878785,0.18,0.1,0.1,0.0,0.0,0.0,-0.0,47.23602581023848,8.502484645842927,0.0,-8.502484645842927
2019-11-14 15:00:00,87.49240674869523,20.683118846153846,0.18,0.1,0.1,0.0,0.0,0.0,-0.0,66.80928790254139,12.025671822457449,0.0,-12.025671822457449
2019-11-14 16:00:00,82.91928823147775,6.487640617860852,0.32,0.1,0.1,-250.0,-0.0,-0.0,0.0,76.4316476136169,24.45812723635741,0.0,-24.45812723635741
2019-11-14 17:00:00,80.40728491259323,0.0,0.32,0.1,0.1,-250.0,-0.0,-0.0,0.0,80.40728491259323,25.730331172029832,0.0,-25.730331172029832
2019-11-14 18:00:00,80.26516463149908,0.0,0.32,0.1,0.1,-125.0,-0.0,-0.0,0.0,80.26516463149908,25.684852682079704,0.0,-25.684852682079704
2019-11-14 19:00:00,83.07649527629128,0.0,0.32,0.1,0.1,-250.0,-0.0,-0.0,0.0,83.07649527629128,26.58447848841321,0.0,-26.58447848841321
2019-11-14 20:00:00,83.31713309525117,0.0,0.32,0.1,0.1,-250.0,-0.0,-0.0,0.0,83.31713309525117,26.661482590480375,0.0,-26.661482590480375
2019-11-14 21:00:00,77.99046565761412,0.0,0.32,0.1,0.1,0.0,0.0,0.0,-0.0,77.99046565761412,24.95694901043652,0.0,-24.95694901043652
2019-11-14 22:00:00,75.85573985645426,0.0,0.1,0.1,0.3375,125.0,125.0,125.0,0.0,200.85573985645425,20.085573985645425,0.0,-20.085573985645425
2019-11-14 23:00:00,73.9878244711592,0.0,0.1,0.3375,0.3375,0.0,0.0,0.0,-0.0,73.9878244711592,7.39878244711592,0.0,-7.39878244711592
2019-11-15 00:00:00,74.40288416021886,0.0,0.1,0.3375,0.1,-125.0,-112.81250000000001,0.0,112.81250000000001,-38.409615839781154,0.0,0.0,-0.0
2019-11-15 01:00:00,75.27129716202943,0.0,0.1,0.1,0.1,-250.0,-0.0,-0.0,0.0,75.27129716202943,7.527129716202943,0.0,-7.527129716202943
2019-11-15 02:00:00,75.50706670526453,0.0,0.1,0.1,0.3375,125.0,125.0,125.0,0.0,200.50706670526455,20.050706670526456,0.0,-20.050706670526456
2019-11-15 03:00:00,73.30556568768552,0.0,0.1,0.3375,0.1,-125.0,-112.81250000000001,0.0,112.81250000000001,-39.5069343123145,0.0,0.0,-0.0
2019-11-15 04:00:00,73.07865367426001,0.0,0.1,0.1,0.3375,125.0,125.0,125.0,0.0,198.07865367426,19.807865367426004,0.0,-19.807865367426004
2019-11-15 05:00:00,72.96410121566758,0.0,0.1,0.3375,0.575,125.0,125.0,125.0,0.0,197.9641012156676,19.796410121566762,0.0,-19.796410121566762
2019-11-15 06:00:00,75.59898425173263,0.25234251138269825,0.1,0.575,0.31184210526315786,-125.0,-125.0,0.0,125.0,-49.65335825965006,0.0,0.0,-0.0
2019-11-15 07:00:00,85.29834276502082,24.275444444444446,0.18,0.31184210526315786,0.1,-250.0,-100.62499999999999,0.0,100.62499999999999,-39.60210167942361,0.0,0.0,-0.0
2019-11-15 08:00:00,86.02194335545491,47.37386060606061,0.18,0.1,0.3375,125.0,125.0,125.0,0.0,163.6480827493943,29.45665489489097,0.0,-29.45665489489097
2019-11-15 09:00:00,93.04584100028296,75.76326666666667,0.18,0.3375,0.3375,0.0,0.0,0.0,-0.0,17.282574333616296,3.110863380050933,0.0,-3.110863380050933
2019-11-15 10:00:00,95.0366538007526,91.88602083333332,0.18,0.3375,0.3375,0.0,0.0,0.0,-0.0,3.150632967419284,0.5671139341354711,0.0,-0.5671139341354711
2019-11-15 11:00:00,96.08660353892802,96.2101015151515,0.18,0.3375,0.3375,0.0,0.0,0.0,-0.0,-0.12349797622349001,0.0,0.0,-0.0
2019-11-15 12:00:00,94.15058260025837,91.71217307692307,0.18,0.3375,0.575,125.0,125.0,125.0,0.0,127.43840952333531,22.938913714200353,0.0,-22.938913714200353
2019-11-15 13:00:00,97.11035494676207,77.45240833333334,0.18,0.575,0.31184210526315786,-125.0,-125.0,0.0,125.0,-105.34205338657127,0.0,0.0,-0.0
2019-11-15 14:00:00,93.04393960169168,55.541003030303024,0.18,0.31184210526315786,0.31184210526315786,0.0,0.0,0.0,-0.0,37.50293657138865,6.750528582849957,0.0,-6.750528582849957
2019-11-15 15:00:00,92.08964183355032,27.162114999999996,0.18,0.31184210526315786,0.5493421052631579,125.0,125.0,125.0,0.0,189.9275268335503,34.186954830039056,0.0,-34.186954830039056
2019-11-15 16:00:00,85.81293476834658,4.387898456645898,0.32,0.5493421052631579,0.9,250.0,184.55678670360118,184.55678670360118,0.0,265.98182301530187,85.1141833648966,0.0,-85.1141833648966
2019-11-15 17:00:00,86.08349163891714,0.0,0.32,0.9,0.6368421052631579,-125.0,-125.0,0.0,125.0,-38.91650836108286,0.0,0.0,-0.0
2019-11-15 18:00:00,86.73117675401194,0.0,0.32,0.6368421052631579,0.6368421052631579,0.0,0.0,0.0,-0.0,86.73117675401194,27.75397656128382,0.0,-27.75397656128382
2019-11-15 19:00:00,86.12843003601101,0.0,0.32,0.6368421052631579,0.3736842105263158,-125.0,-125.0,0.0,125.0,-38.87156996398899,0.0,0.0,-0.0
2019-11-15 20:00:00,87.61842539760549,0.0,0.32,0.3736842105263158,0.1105263157894737,-125.0,-125.0,0.0,125.0,-37.38157460239451,0.0,0.0,-0.0
2019-11-15 21:00:00,81.7825231483892,0.0,0.32,0.1105263157894737,0.1105263157894737,0.0,0.0,0.0,-0.0,81.7825231483892,26.170407407484547,0.0,-26.170407407484547
2019-11-15 22:00:00,78.12858900272944,0.0,0.1,0.1105263157894737,0.3480263157894737,125.0,125.0,125.0,0.0,203.12858900272943,20.312858900272943,0.0,-20.312858900272943
2019-11-15 23:00:00,77.26059422551849,0.0,0.1,0.3480263157894737,0.3480263157894737,0.0,0.0,0.0,-0.0,77.26059422551849,7.726059422551849,0.0,-7.726059422551849
2019-11-16 00:00:00,75.73665496124681,0.0,0.12,0.3480263157894737,0.3480263157894737,0.0,0.0,0.0,-0.0,75.73665496124681,9.088398595349616,0.0,-9.088398595349616
2019-11-16 01:00:00,74.85252141238529,0.0,0.12,0.3480263157894737,0.10000000000000003,-125.0,-117.81249999999999,0.0,117.81249999999999,-42.9599785876147,0.0,0.0,-0.0
2019-11-16 02:00:00,75.79177326209816,0.0,0.12,0.10000000000000003,0.10000000000000003,0.0,0.0,0.0,-0.0,75.79177326209816,9.09501279145178,0.0,-9.09501279145178
2019-11-16 03:00:00,78.5713255598772,0.0,0.12,0.10000000000000003,0.1,-125.0,-1.3183898417423734e-14,0.0,1.3183898417423734e-14,78.57132555987718,9.428559067185262,0.0,-9.428559067185262
2019-11-16 04:00:00,77.29046551195746,0.0,0.12,0.1,0.1,-125.0,-0.0,-0.0,0.0,77.29046551195746,9.274855861434895,0.0,-9.274855861434895
2019-11-16 05:00:00,74.71136921442039,0.0,0.12,0.1,0.3375,125.0,125.0,125.0,0.0,199.7113692144204,23.965364305730446,0.0,-23.965364305730446
2019-11-16 06:00:00,75.95738488567862,0.3346692547328062,0.12,0.3375,0.1,-250.0,-112.81250000000001,0.0,112.81250000000001,-37.189784369054195,0.0,0.0,-0.0
2019-11-16 07:00:00,75.81053057563956,14.490448611111113,0.12,0.1,0.1,-125.0,-0.0,-0.0,0.0,61.32008196452845,7.358409835743413,0.0,-7.358409835743413
2019-11-16 08:00:00,83.68217735839907,54.550940909090905,0.12,0.1,0.1,0.0,0.0,0.0,-0.0,29.13123644930817,3.4957483739169803,0.0,-3.4957483739169803
2019-11-16 09:00:00,85.77754759772053,78.27656442307692,0.12,0.1,0.1,0.0,0.0,0.0,-0.0,7.500983174643608,0.9001179809572329,0.0,-0.9001179809572329
2019-11-16 10:00:00,90.45326217467134,93.3473861111111,0.12,0.1,0.1,-250.0,-0.0,-0.0,0.0,-2.894123936439769,0.0,0.0,-0.0
2019-11-16 11:00:00,91.54132337294696,98.47514848484848,0.12,0.1,0.3375,125.0,125.0,125.0,0.0,118.06617488809849,14.167940986571818,0.0,-14.167940986571818
2019-11-16 12:00:00,92.61178004665814,93.27504615384616,0.12,0.3375,0.1,-125.0,-112.81250000000001,0.0,112.81250000000001,-113.47576610718804,0.0,0.0,-0.0
2019-11-16 13:00:00,88.0382487286448,73.4151611111111,0.12,0.1,0.1,0.0,0.0,0.0,-0.0,14.623087617533699,1.7547705141040437,0.0,-1.7547705141040437
2019-11-16 14:00:00,87.23630305100023,46.82815090909091,0.12,0.1,0.1,0.0,0.0,0.0,-0.0,40.408152141909326,4.848978257029119,0.0,-4.848978257029119
2019-11-16 15:00:00,81.50902736569562,18.412868461538462,0.12,0.1,0.575,250.0,250.0,250.0,0.0,313.09615890415716,37.57153906849886,0.0,-37.57153906849886
2019-11-16 16:00:00,80.16329991275629,4.495949017393563,0.12,0.575,0.31184210526315786,-125.0,-125.0,0.0,125.0,-49.33264910463727,0.0,0.0,-0.0
2019-11-16 17:00:00,78.6457407437818,0.01860096290002832,0.12,0.31184210526315786,0.1,-125.0,-100.62499999999999,0.0,100.62499999999999,-21.99786021911821,0.0,0.0,-0.0
2019-11-16 18:00:00,78.76926137991147,0.0,0.12,0.1,0.575,250.0,250.0,250.0,0.0,328.7692613799115,39.452311365589374,0.0,-39.452311365589374
2019-11-16 19:00:00,80.62075004550563,0.0,0.12,0.575,0.8125,125.0,125.0,125.0,0.0,205.62075004550564,24.674490005460676,0.0,-24.674490005460676
2019-11-16 20:00:00,79.2869370665146,0.0,0.12,0.8125,0.549342105263158,-125.0,-125.0,0.0,125.0,-45.7130629334854,0.0,0.0,-0.0
2019-11-16 21:00:00,80.59676825236455,0.0,0.12,0.549342105263158,0.2861842105263159,-125.0,-125.0,0.0,125.0,-44.403231747635445,0.0,0.0,-0.0
2019-11-16 22:00:00,79.99378005533872,0.0,0.12,0.2861842105263159,0.10000000000000003,-125.0,-88.43750000000003,0.0,88.43750000000003,-8.44371994466131,0.0,0.0,-0.0
2019-11-16 23:00:00,77.73115001692605,0.0,0.12,0.10000000000000003,0.3375,125.0,125.0,125.0,0.0,202.73115001692605,24.327738002031126,0.0,-24.327738002031126
2019-11-17 00:00:00,78.02317893120727,0.0,0.12,0.3375,0.3375,0.0,0.0,0.0,-0.0,78.02317893120727,9.362781471744873,0.0,-9.362781471744873
2019-11-17 01:00:00,78.60205043957323,0.0,0.12,0.3375,0.3375,0.0,0.0,0.0,-0.0,78.60205043957323,9.432246052748788,0.0,-9.432246052748788
2019-11-17 02:00:00,76.69393289942678,0.0,0.12,0.3375,0.1,-125.0,-112.81250000000001,0.0,112.81250000000001,-36.11856710057323,0.0,0.0,-0.0
2019-11-17 03:00:00,75.93429241090742,0.0,0.12,0.1,0.1,-125.0,-0.0,-0.0,0.0,75.93429241090742,9.11211508930889,0.0,-9.11211508930889
2019-11-17 04:00:00,78.27508282617387,0.0,0.12,0.1,0.1,-125.0,-0.0,-0.0,0.0,78.27508282617387,9.393009939140864,0.0,-9.393009939140864
2019-11-17 05:00:00,77.39145711220303,0.0,0.12,0.1,0.3375,125.0,125.0,125.0,0.0,202.39145711220303,24.28697485346436,0.0,-24.28697485346436
2019-11-17 06:00:00,77.54540889516284,0.3032467768991134,0.12,0.3375,0.1,-250.0,-112.81250000000001,0.0,112.81250000000001,-35.57033788173629,0.0,0.0,-0.0
2019-11-17 07:00:00,76.40973482307949,16.774135277777777,0.12,0.1,0.1,-250.0,-0.0,-0.0,0.0,59.635599545301716,7.156271945436206,0.0,-7.156271945436206
2019-11-17 08:00:00,79.24954902802764,49.705600000000004,0.12,0.1,0.1,0.0,0.0,0.0,-0.0,29.54394902802764,3.5452738833633166,0.0,-3.5452738833633166
2019-11-17 09:00:00,84.68197787627918,74.73883461538462,0.12,0.1,0.1,0.0,0.0,0.0,-0.0,9.943143260894558,1.193177191307347,0.0,-1.193177191307347
2019-11-17 10:00:00,87.21880450702575,89.925525,0.12,0.1,0.1,-250.0,-0.0,-0.0,0.0,-2.7067204929742417,0.0,0.0,-0.0
2019-11-17 11:00:00,85.73952001108016,94.28544545454544,0.12,0.1,0.3375,125.0,125.0,125.0,0.0,116.45407455653472,13.974488946784167,0.0,-13.974488946784167
2019-11-17 12:00:00,86.00911496081466,90.73013846153846,0.12,0.3375,0.1,-125.0,-112.81250000000001,0.0,112.81250000000001,-117.53352350072382,0.0,0.0,-0.0
2019-11-17 13:00:00,85.7324939419813,76.53304166666668,0.12,0.1,0.1,0.0,0.0,0.0,-0.0,9.199452275314627,1.1039342730377553,0.0,-1.1039342730377553
2019-11-17 14:00:00,84.0248403239196,55.443060606060605,0.12,0.1,0.1,0.0,0.0,0.0,-0.0,28.581779717859,3.4298135661430798,0.0,-3.4298135661430798
2019-11-17 15:00:00,79.72542236999756,26.873382564102563,0.12,0.1,0.1,-250.0,-0.0,-0.0,0.0,52.852039805895,6.3422447767074,0.0,-6.3422447767074
2019-11-17 16:00:00,79.25445126272105,4.012455417964694,0.12,0.1,0.1,-250.0,-0.0,-0.0,0.0,75.24199584475636,9.029039501370763,0.0,-9.029039501370763
2019-11-17 17:00:00,80.18670068566584,0.0,0.12,0.1,0.1,0.0,0.0,0.0,-0.0,80.18670068566584,9.6224040822799,0.0,-9.6224040822799
2019-11-17 18:00:00,78.0992434812363,0.0,0.12,0.1,0.575,250.0,250.0,250.0,0.0,328.0992434812363,39.37190921774835,0.0,-39.37190921774835
2019-11-17 19:00:00,81.75885504244796,0.0,0.12,0.575,0.8125,125.0,125.0,125.0,0.0,206.75885504244798,24.811062605093756,0.0,-24.811062605093756
2019-11-17 20:00:00,77.20333820277448,0.0,0.12,0.8125,0.549342105263158,-125.0,-125.0,0.0,125.0,-47.796661797225525,0.0,0.0,-0.0
2019-11-17 21:00:00,82.2802972242219,0.0,0.12,0.549342105263158,0.2861842105263159,-125.0,-125.0,0.0,125.0,-42.7197027757781,0.0,0.0,-0.0
2019-11-17 22:00:00,79.23636362005617,0.0,0.12,0.2861842105263159,0.2861842105263159,0.0,0.0,0.0,-0.0,79.23636362005617,9.50836363440674,0.0,-9.50836363440674
2019-11-17 23:00:00,80.11020492707581,0.0,0.12,0.2861842105263159,0.10000000000000003,-125.0,-88.43750000000003,0.0,88.43750000000003,-8.327295072924215,0.0,0.0,-0.0
2019-11-18 00:00:00,77.78897075000677,0.0,0.1,0.10000000000000003,0.10000000000000003,0.0,0.0,0.0,-0.0,77.78897075000677,7.778897075000677,0.0,-7.778897075000677
2019-11-18 01:00:00,77.42964118753558,0.0,0.1,0.10000000000000003,0.1,-250.0,-1.3183898417423734e-14,0.0,1.3183898417423734e-14,77.42964118753557,7.742964118753557,0.0,-7.742964118753557
2019-11-18 02:00:00,79.5777151522198,0.0,0.1,0.1,0.3375,125.0,125.0,125.0,0.0,204.5777151522198,20.45777151522198,0.0,-20.45777151522198
2019-11-18 03:00:00,77.92504086500804,0.0,0.1,0.3375,0.8125,250.0,250.0,250.0,0.0,327.92504086500804,32.792504086500806,0.0,-32.792504086500806
2019-11-18 04:00:00,77.08572409148931,0.0,0.1,0.8125,0.8125,0.0,0.0,0.0,-0.0,77.08572409148931,7.708572409148932,0.0,-7.708572409148932
2019-11-18 05:00:00,77.13523773832225,0.0,0.1,0.8125,0.549342105263158,-125.0,-125.0,0.0,125.0,-47.864762261677754,0.0,0.0,-0.0
2019-11-18 06:00:00,83.470549244164,0.4718615384615385,0.1,0.549342105263158,0.2861842105263159,-125.0,-125.0,0.0,125.0,-42.001312294297534,0.0,0.0,-0.0
2019-11-18 07:00:00,85.14885228341626,17.76621611111111,0.18,0.2861842105263159,0.2861842105263159,0.0,0.0,0.0,-0.0,67.38263617230515,12.128874511014928,0.0,-12.128874511014928
2019-11-18 08:00:00,89.0855831989884,49.832159090909094,0.18,0.2861842105263159,0.5236842105263159,125.0,125.0,125.0,0.0,164.25342410807932,29.565616339454277,0.0,-29.565616339454277
2019-11-18 09:00:00,91.74975845260802,75.26112692307692,0.18,0.5236842105263159,0.2605263157894738,-125.0,-125.0,0.0,125.0,-108.5113684704689,0.0,0.0,-0.0
2019-11-18 10:00:00,96.31656360994492,89.64190416666668,0.18,0.2605263157894738,0.10000000000000003,-125.0,-76.25000000000003,0.0,76.25000000000003,-69.57534055672178,0.0,0.0,-0.0
2019-11-18 11:00:00,94.87614355055189,94.31133636363637,0.18,0.10000000000000003,0.10000000000000003,0.0,0.0,0.0,-0.0,0.564807186915516,0.10166529364479288,0.0,-0.10166529364479288
2019-11-18 12:00:00,98.24531440310653,89.7652858974359,0.18,0.10000000000000003,0.10000000000000003,0.0,0.0,0.0,-0.0,8.480028505670631,1.5264051310207136,0.0,-1.5264051310207136
2019-11-18 13:00:00,92.07480976081139,76.2546,0.18,0.10000000000000003,0.1,-250.0,-1.3183898417423734e-14,0.0,1.3183898417423734e-14,15.820209760811382,2.8476377569460487,0.0,-2.8476377569460487
2019-11-18 14:00:00,93.32665389483485,54.576159090909094,0.18,0.1,0.3375,125.0,125.0,125.0,0.0,163.75049480392576,29.475089064706637,0.0,-29.475089064706637
2019-11-18 15:00:00,89.10770957556507,25.90291153846153,0.18,0.3375,0.575,125.0,125.0,125.0,0.0,188.20479803710353,33.876863646678636,0.0,-33.876863646678636
2019-11-18 16:00:00,83.98694650417343,4.070061107866044,0.32,0.575,0.9,250.0,171.0526315789474,171.0526315789474,0.0,250.9695169752548,80.31024543208154,0.0,-80.31024543208154
2019-11-18 17:00:00,82.33577441239937,0.0,0.32,0.9,0.6368421052631579,-125.0,-125.0,0.0,125.0,-42.664225587600626,0.0,0.0,-0.0
2019-11-18 18:00:00,80.8547988227971,0.0,0.32,0.6368421052631579,0.6368421052631579,0.0,0.0,0.0,-0.0,80.8547988227971,25.87353562329507,0.0,-25.87353562329507
2019-11-18 19:00:00,84.93316037672982,0.0,0.32,0.6368421052631579,0.3736842105263158,-125.0,-125.0,0.0,125.0,-40.066839623270184,0.0,0.0,-0.0
2019-11-18 20:00:00,85.46755760773227,0.0,0.32,0.3736842105263158,0.1105263157894737,-125.0,-125.0,0.0,125.0,-39.532442392267725,0.0,0.0,-0.0
2019-11-18 21:00:00,79.37051798942178,0.0,0.32,0.1105263157894737,0.1105263157894737,0.0,0.0,0.0,-0.0,79.37051798942178,25.39856575661497,0.0,-25.39856575661497
2019-11-18 22:00:00,77.02769261748143,0.0,0.1,0.1105263157894737,0.1105263157894737,0.0,0.0,0.0,-0.0,77.02769261748143,7.702769261748144,0.0,-7.702769261748144
2019-11-18 23:00:00,77.8393796227321,0.0,0.1,0.1105263157894737,0.3480263157894737,125.0,125.0,125.0,0.0,202.8393796227321,20.283937962273214,0.0,-20.283937962273214
2019-11-19 00:00:00,77.80610544899307,0.0,0.1,0.3480263157894737,0.10000000000000003,-125.0,-117.81249999999999,0.0,117.81249999999999,-40.00639455100692,0.0,0.0,-0.0
2019-11-19 01:00:00,78.71542124613033,0.0,0.1,0.10000000000000003,0.1,-250.0,-1.3183898417423734e-14,0.0,1.3183898417423734e-14,78.71542124613032,7.871542124613033,0.0,-7.871542124613033
2019-11-19 02:00:00,76.04970494358383,0.0,0.1,0.1,0.3375,125.0,125.0,125.0,0.0,201.04970494358383,20.104970494358383,0.0,-20.104970494358383
2019-11-19 03:00:00,77.20957240362124,0.0,0.1,0.3375,0.8125,250.0,250.0,250.0,0.0,327.2095724036212,32.720957240362125,0.0,-32.720957240362125
2019-11-19 04:00:00,77.09442348103317,0.0,0.1,0.8125,0.8125,0.0,0.0,0.0,-0.0,77.09442348103317,7.709442348103318,0.0,-7.709442348103318
2019-11-19 05:00:00,81.17848423096933,0.0,0.1,0.8125,0.549342105263158,-125.0,-125.0,0.0,125.0,-43.82151576903067,0.0,0.0,-0.0
2019-11-19 06:00:00,78.5014342827464,0.06295710520009587,0.1,0.549342105263158,0.2861842105263159,-125.0,-125.0,0.0,125.0,-46.561522822453696,0.0,0.0,-0.0
2019-11-19 07:00:00,80.6491579442065,17.27519458333333,0.18,0.2861842105263159,0.2861842105263159,0.0,0.0,0.0,-0.0,63.37396336087316,11.407313404957169,0.0,-11.407313404957169
2019-11-19 08:00:00,85.03451427208843,48.87889545454546,0.18,0.2861842105263159,0.5236842105263159,125.0,125.0,125.0,0.0,161.15561881754297,29.008011387157733,0.0,-29.008011387157733
2019-11-19 09:00:00,90.88733697968698,73.48926666666668,0.18,0.5236842105263159,0.2605263157894738,-125.0,-125.0,0.0,125.0,-107.6019296869797,0.0,0.0,-0.0
2019-11-19 10:00:00,95.41991125784158,87.215125,0.18,0.2605263157894738,0.10000000000000003,-125.0,-76.25000000000003,0.0,76.25000000000003,-68.04521374215845,0.0,0.0,-0.0
2019-11-19 11:00:00,98.09287215498435,92.47559545454546,0.18,0.10000000000000003,0.10000000000000003,0.0,0.0,0.0,-0.0,5.617276700438893,1.0111098060790007,0.0,-1.0111098060790007
2019-11-19 12:00:00,103.0526706457751,88.17678846153846,0.18,0.10000000000000003,0.10000000000000003,0.0,0.0,0.0,-0.0,14.87588218423663,2.6776587931625935,0.0,-2.6776587931625935
2019-11-19 13:00:00,102.66322809707607,72.90387222222223,0.18,0.10000000000000003,0.1,-250.0,-1.3183898417423734e-14,0.0,1.3183898417423734e-14,29.759355874853824,5.3566840574736885,0.0,-5.3566840574736885
2019-11-19 14:00:00,99.29202345009183,51.99290454545455,0.18,0.1,0.3375,125.0,125.0,125.0,0.0,172.29911890463728,31.01384140283471,0.0,-31.01384140283471
2019-11-19 15:00:00,94.84029954931451,24.09385064102564,0.18,0.3375,0.575,125.0,125.0,125.0,0.0,195.74644890828887,35.234360803491995,0.0,-35.234360803491995
2019-11-19 16:00:00,88.98618152337211,3.496168124350986,0.32,0.575,0.9,250.0,171.0526315789474,171.0526315789474,0.0,256.5426449779685,82.09364639294992,0.0,-82.09364639294992
2019-11-19 17:00:00,87.10507368010013,0.0,0.32,0.9,0.6368421052631579,-125.0,-125.0,0.0,125.0,-37.89492631989987,0.0,0.0,-0.0
2019-11-19 18:00:00,86.5064141887492,0.0,0.32,0.6368421052631579,0.6368421052631579,0.0,0.0,0.0,-0.0,86.5064141887492,27.682052540399745,0.0,-27.682052540399745
2019-11-19 19:00:00,84.88935080657565,0.0,0.32,0.6368421052631579,0.3736842105263158,-125.0,-125.0,0.0,125.0,-40.11064919342435,0.0,0.0,-0.0
2019-11-19 20:00:00,81.85085778687647,0.0,0.32,0.3736842105263158,0.1105263157894737,-125.0,-125.0,0.0,125.0,-43.149142213123525,0.0,0.0,-0.0
2019-11-19 21:00:00,83.03422340249752,0.0,0.32,0.1105263157894737,0.1105263157894737,0.0,0.0,0.0,-0.0,83.03422340249752,26.570951488799206,0.0,-26.570951488799206
2019-11-19 22:00:00,81.5763961397862,0.0,0.1,0.1105263157894737,0.3480263157894737,125.0,125.0,125.0,0.0,206.5763961397862,20.65763961397862,0.0,-20.65763961397862
2019-11-19 23:00:00,78.99594800063797,0.0,0.1,0.3480263157894737,0.3480263157894737,0.0,0.0,0.0,-0.0,78.99594800063797,7.899594800063797,0.0,-7.899594800063797
2019-11-20 00:00:00,76.55688095801499,0.0,0.1,0.3480263157894737,0.10000000000000003,-125.0,-117.81249999999999,0.0,117.81249999999999,-41.255619041985,0.0,0.0,-0.0
2019-11-20 01:00:00,77.54769204734731,0.0,0.1,0.10000000000000003,0.1,-250.0,-1.3183898417423734e-14,0.0,1.3183898417423734e-14,77.5476920473473,7.75476920473473,0.0,-7.75476920473473
2019-11-20 02:00:00,77.97081424888123,0.0,0.1,0.1,0.1,0.0,0.0,0.0,-0.0,77.97081424888123,7.797081424888123,0.0,-7.797081424888123
2019-11-20 03:00:00,80.30973231859512,0.0,0.1,0.1,0.3375,125.0,125.0,125.0,0.0,205.30973231859514,20.530973231859516,0.0,-20.530973231859516
2019-11-20 04:00:00,77.15521509310413,0.0,0.1,0.3375,0.8125,250.0,250.0,250.0,0.0,327.1552150931041,32.71552150931041,0.0,-32.71552150931041
2019-11-20 05:00:00,77.41272011059756,0.0,0.1,0.8125,0.549342105263158,-125.0,-125.0,0.0,125.0,-47.58727988940244,0.0,0.0,-0.0
2019-11-20 06:00:00,82.75715969506746,0.027543733525041938,0.1,0.549342105263158,0.2861842105263159,-125.0,-125.0,0.0,125.0,-42.27038403845758,0.0,0.0,-0.0
2019-11-20 07:00:00,91.40618417096645,3.6030541666666664,0.18,0.2861842105263159,0.2861842105263159,0.0,0.0,0.0,-0.0,87.80313000429979,15.804563400773961,0.0,-15.804563400773961
2019-11-20 08:00:00,96.9291396803163,13.110807575757576,0.18,0.2861842105263159,0.5236842105263159,125.0,125.0,125.0,0.0,208.81833210455872,37.587299778820565,0.0,-37.587299778820565
2019-11-20 09:00:00,122.95539605878062,54.964920769230766,0.18,0.5236842105263159,0.2605263157894738,-125.0,-125.0,0.0,125.0,-57.00952471045014,0.0,0.0,-0.0
2019-11-20 10:00:00,101.85757191475693,72.22890416666667,0.18,0.2605263157894738,0.10000000000000003,-125.0,-76.25000000000003,0.0,76.25000000000003,-46.62133225190976,0.0,0.0,-0.0
2019-11-20 11:00:00,100.0512305317768,96.12459545454546,0.18,0.10000000000000003,0.10000000000000003,0.0,0.0,0.0,-0.0,3.9266350772313388,0.7067943139016409,0.0,-0.7067943139016409
2019-11-20 12:00:00,105.11329372536458,92.71479615384615,0.18,0.10000000000000003,0.10000000000000003,0.0,0.0,0.0,-0.0,12.398497571518433,2.231729562873318,0.0,-2.231729562873318
2019-11-20 13:00:00,101.203931461935,77.45743611111111,0.18,0.10000000000000003,0.1,-250.0,-1.3183898417423734e-14,0.0,1.3183898417423734e-14,23.746495350823878,4.274369163148298,0.0,-4.274369163148298
2019-11-20 14:00:00,100.15003818475758,53.79532666666666,0.18,0.1,0.3375,125.0,125.0,125.0,0.0,171.3547115180909,30.843848073256364,0.0,-30.843848073256364
2019-11-20 15:00:00,97.87894055389414,24.696273205128207,0.18,0.3375,0.575,125.0,125.0,125.0,0.0,198.18266734876593,35.67288012277787,0.0,-35.67288012277787
2019-11-20 16:00:00,92.49989752607259,4.434473582554517,0.32,0.575,0.9,250.0,171.0526315789474,171.0526315789474,0.0,259.11805552246545,82.91777776718895,0.0,-82.91777776718895
2019-11-20 17:00:00,87.05994861222133,0.0,0.32,0.9,0.6368421052631579,-125.0,-125.0,0.0,125.0,-37.94005138777867,0.0,0.0,-0.0
2019-11-20 18:00:00,88.32046440327636,0.0,0.32,0.6368421052631579,0.6368421052631579,0.0,0.0,0.0,-0.0,88.32046440327636,28.262548609048437,0.0,-28.262548609048437
2019-11-20 19:00:00,91.24738535855498,0.0,0.32,0.6368421052631579,0.3736842105263158,-125.0,-125.0,0.0,125.0,-33.75261464144502,0.0,0.0,-0.0
2019-11-20 20:00:00,92.81525143561471,0.0,0.32,0.3736842105263158,0.1105263157894737,-125.0,-125.0,0.0,125.0,-32.18474856438529,0.0,0.0,-0.0
2019-11-20 21:00:00,85.8297450093666,0.0,0.32,0.1105263157894737,0.1105263157894737,0.0,0.0,0.0,-0.0,85.8297450093666,27.465518402997315,0.0,-27.465518402997315
2019-11-20 22:00:00,82.95948052111274,0.0,0.1,0.1105263157894737,0.3480263157894737,125.0,125.0,125.0,0.0,207.95948052111274,20.795948052111275,0.0,-20.795948052111275
2019-11-20 23:00:00,83.36054928622966,0.0,0.1,0.3480263157894737,0.3480263157894737,0.0,0.0,0.0,-0.0,83.36054928622966,8.336054928622966,0.0,-8.336054928622966
2019-11-21 00:00:00,83.83309269500903,0.0,0.1,0.3480263157894737,0.3480263157894737,0.0,0.0,0.0,-0.0,83.83309269500903,8.383309269500904,0.0,-8.383309269500904
2019-11-21 01:00:00,83.46476121227936,0.0,0.1,0.3480263157894737,0.10000000000000003,-250.0,-117.81249999999999,0.0,117.81249999999999,-34.34773878772063,0.0,0.0,-0.0
2019-11-21 02:00:00,82.70610845535127,0.0,0.1,0.10000000000000003,0.10000000000000003,0.0,0.0,0.0,-0.0,82.70610845535127,8.270610845535128,0.0,-8.270610845535128
2019-11-21 03:00:00,83.96126522826151,0.0,0.1,0.10000000000000003,0.3375,125.0,125.0,125.0,0.0,208.9612652282615,20.89612652282615,0.0,-20.89612652282615
2019-11-21 04:00:00,85.65082551312503,0.0,0.1,0.3375,0.8125,250.0,250.0,250.0,0.0,335.650825513125,33.56508255131251,0.0,-33.56508255131251
2019-11-21 05:00:00,84.8796767004044,0.0,0.1,0.8125,0.8125,0.0,0.0,0.0,-0.0,84.8796767004044,8.48796767004044,0.0,-8.48796767004044
2019-11-21 06:00:00,79.76062814063314,0.08459861011262881,0.1,0.8125,0.549342105263158,-125.0,-125.0,0.0,125.0,-45.32397046947949,0.0,0.0,-0.0
2019-11-21 07:00:00,84.0983071090231,14.937960046728973,0.18,0.549342105263158,0.2861842105263159,-125.0,-125.0,0.0,125.0,-55.83965293770588,0.0,0.0,-0.0
2019-11-21 08:00:00,87.73951635391923,46.76394848484848,0.18,0.2861842105263159,0.5236842105263159,125.0,125.0,125.0,0.0,165.97556786907074,29.875602216432732,0.0,-29.875602216432732
2019-11-21 09:00:00,100.17845660305771,69.77742692307692,0.18,0.5236842105263159,0.2605263157894738,-125.0,-125.0,0.0,125.0,-94.5989703200192,0.0,0.0,-0.0
2019-11-21 10:00:00,139.1279936793588,85.59924583333333,0.18,0.2605263157894738,0.10000000000000003,-125.0,-76.25000000000003,0.0,76.25000000000003,-22.721252153974547,0.0,0.0,-0.0
2019-11-21 11:00:00,138.5673317879691,91.23287954545455,0.18,0.10000000000000003,0.10000000000000003,0.0,0.0,0.0,-0.0,47.334452242514544,8.520201403652617,0.0,-8.520201403652617
2019-11-21 12:00:00,99.23993372847806,87.01285384615386,0.18,0.10000000000000003,0.10000000000000003,0.0,0.0,0.0,-0.0,12.227079882324205,2.200874378818357,0.0,-2.200874378818357
2019-11-21 13:00:00,108.36461176843115,72.92415277777778,0.18,0.10000000000000003,0.1,-250.0,-1.3183898417423734e-14,0.0,1.3183898417423734e-14,35.440458990653354,6.379282618317603,0.0,-6.379282618317603
2019-11-21 14:00:00,98.51412955962769,51.537640909090904,0.18,0.1,0.3375,125.0,125.0,125.0,0.0,171.9764886505368,30.955767957096622,0.0,-30.955767957096622
2019-11-21 15:00:00,91.64364505227876,23.74836256410256,0.18,0.3375,0.575,125.0,125.0,125.0,0.0,192.89528248817618,34.72115084787171,0.0,-34.72115084787171
2019-11-21 16:00:00,89.45069443978416,3.9694116874350995,0.32,0.575,0.9,250.0,171.0526315789474,171.0526315789474,0.0,256.53391433129644,82.09085258601486,0.0,-82.09085258601486
2019-11-21 17:00:00,84.87573116971711,0.0,0.32,0.9,0.6368421052631579,-125.0,-125.0,0.0,125.0,-40.12426883028289,0.0,0.0,-0.0
2019-11-21 18:00:00,83.68330392097481,0.0,0.32,0.6368421052631579,0.6368421052631579,0.0,0.0,0.0,-0.0,83.68330392097481,26.778657254711938,0.0,-26.778657254711938
2019-11-21 19:00:00,83.67259271274152,0.0,0.32,0.6368421052631579,0.3736842105263158,-125.0,-125.0,0.0,125.0,-41.32740728725848,0.0,0.0,-0.0
2019-11-21 20:00:00,86.747419566006,0.0,0.32,0.3736842105263158,0.1105263157894737,-125.0,-125.0,0.0,125.0,-38.252580433994,0.0,0.0,-0.0
2019-11-21 21:00:00,82.33291334009365,0.0,0.32,0.1105263157894737,0.1105263157894737,0.0,0.0,0.0,-0.0,82.33291334009365,26.34653226882997,0.0,-26.34653226882997
2019-11-21 22:00:00,79.8727032339956,0.0,0.1,0.1105263157894737,0.3480263157894737,125.0,125.0,125.0,0.0,204.8727032339956,20.48727032339956,0.0,-20.48727032339956
2019-11-21 23:00:00,78.88955421951052,0.0,0.1,0.3480263157894737,0.3480263157894737,0.0,0.0,0.0,-0.0,78.88955421951052,7.888955421951052,0.0,-7.888955421951052
2019-11-22 00:00:00,77.36339667075451,0.0,0.1,0.3480263157894737,0.3480263157894737,0.0,0.0,0.0,-0.0,77.36339667075451,7.736339667075452,0.0,-7.736339667075452
2019-11-22 01:00:00,78.92654251119963,0.0,0.1,0.3480263157894737,0.10000000000000003,-250.0,-117.81249999999999,0.0,117.81249999999999,-38.88595748880036,0.0,0.0,-0.0
2019-11-22 02:00:00,80.93092956560918,0.0,0.1,0.10000000000000003,0.10000000000000003,0.0,0.0,0.0,-0.0,80.93092956560918,8.093092956560918,0.0,-8.093092956560918
2019-11-22 03:00:00,80.01827283166212,0.0,0.1,0.10000000000000003,0.3375,125.0,125.0,125.0,0.0,205.0182728316621,20.50182728316621,0.0,-20.50182728316621
2019-11-22 04:00:00,77.91560483045194,0.0,0.1,0.3375,0.8125,250.0,250.0,250.0,0.0,327.9156048304519,32.791560483045195,0.0,-32.791560483045195
2019-11-22 05:00:00,82.71455373450672,0.0,0.1,0.8125,0.549342105263158,-125.0,-125.0,0.0,125.0,-42.28544626549328,0.0,0.0,-0.0
2019-11-22 06:00:00,82.48386769901904,0.03934819075005991,0.1,0.549342105263158,0.549342105263158,0.0,0.0,0.0,-0.0,82.44451950826898,8.244451950826898,0.0,-8.244451950826898
2019-11-22 07:00:00,90.31839615249554,14.245710555555556,0.18,0.549342105263158,0.2861842105263159,-125.0,-125.0,0.0,125.0,-48.92731440306002,0.0,0.0,-0.0
2019-11-22 08:00:00,100.2200734920708,45.30384696969696,0.18,0.2861842105263159,0.5236842105263159,125.0,125.0,125.0,0.0,179.91622652237385,32.38492077402729,0.0,-32.38492077402729
2019-11-22 09:00:00,101.04374309007996,71.42038461538462,0.18,0.5236842105263159,0.2605263157894738,-125.0,-125.0,0.0,125.0,-95.37664152530466,0.0,0.0,-0.0
2019-11-22 10:00:00,101.5566278801566,87.66062083333333,0.18,0.2605263157894738,0.10000000000000003,-125.0,-76.25000000000003,0.0,76.25000000000003,-62.35399295317676,0.0,0.0,-0.0
2019-11-22 11:00:00,105.13758346411906,93.11779090909091,0.18,0.10000000000000003,0.10000000000000003,0.0,0.0,0.0,-0.0,12.019792555028147,2.1635626599050664,0.0,-2.1635626599050664
2019-11-22 12:00:00,102.05669269470947,87.80138846153847,0.18,0.10000000000000003,0.10000000000000003,0.0,0.0,0.0,-0.0,14.255304233171003,2.5659547619707803,0.0,-2.5659547619707803
2019-11-22 13:00:00,100.19645500095216,73.00133749999999,0.18,0.10000000000000003,0.1,-250.0,-1.3183898417423734e-14,0.0,1.3183898417423734e-14,27.19511750095215,4.895121150171387,0.0,-4.895121150171387
2019-11-22 14:00:00,98.85983086736783,50.33993484848485,0.18,0.1,0.3375,125.0,125.0,125.0,0.0,173.51989601888297,31.233581283398934,0.0,-31.233581283398934
2019-11-22 15:00:00,94.88439791234818,22.97088897435897,0.18,0.3375,0.575,125.0,125.0,125.0,0.0,196.9135089379892,35.44443160883806,0.0,-35.44443160883806
2019-11-22 16:00:00,87.37099776551293,3.2532356801661475,0.32,0.575,0.9,250.0,171.0526315789474,171.0526315789474,0.0,255.17039366429418,81.65452597257413,0.0,-81.65452597257413
2019-11-22 17:00:00,84.14974256709576,0.0,0.32,0.9,0.6368421052631579,-125.0,-125.0,0.0,125.0,-40.85025743290424,0.0,0.0,-0.0
2019-11-22 18:00:00,84.41944429461964,0.0,0.32,0.6368421052631579,0.6368421052631579,0.0,0.0,0.0,-0.0,84.41944429461964,27.014222174278284,0.0,-27.014222174278284
2019-11-22 19:00:00,90.40152899226534,0.0,0.32,0.6368421052631579,0.3736842105263158,-125.0,-125.0,0.0,125.0,-34.59847100773466,0.0,0.0,-0.0
2019-11-22 20:00:00,89.28764416656301,0.0,0.32,0.3736842105263158,0.1105263157894737,-125.0,-125.0,0.0,125.0,-35.71235583343699,0.0,0.0,-0.0
2019-11-22 21:00:00,83.6153718420719,0.0,0.32,0.1105263157894737,0.1105263157894737,0.0,0.0,0.0,-0.0,83.6153718420719,26.756918989463006,0.0,-26.756918989463006
2019-11-22 22:00:00,80.06912959533348,0.0,0.1,0.1105263157894737,0.3480263157894737,125.0,125.0,125.0,0.0,205.0691295953335,20.506912959533352,0.0,-20.506912959533352
2019-11-22 23:00:00,80.00271968348073,0.0,0.1,0.3480263157894737,0.3480263157894737,0.0,0.0,0.0,-0.0,80.00271968348073,8.000271968348073,0.0,-8.000271968348073
2019-11-23 00:00:00,79.98200658478835,0.0,0.12,0.3480263157894737,0.8230263157894737,250.0,250.0,250.0,0.0,329.98200658478834,39.5978407901746,0.0,-39.5978407901746
2019-11-23 01:00:00,81.51345955932356,0.0,0.12,0.8230263157894737,0.5598684210526317,-125.0,-125.0,0.0,125.0,-43.486540440676436,0.0,0.0,-0.0
2019-11-23 02:00:00,79.68554556210424,0.0,0.12,0.5598684210526317,0.2967105263157896,-125.0,-125.0,0.0,125.0,-45.31445443789576,0.0,0.0,-0.0
2019-11-23 03:00:00,79.97340898908041,0.0,0.12,0.2967105263157896,0.7717105263157895,250.0,250.0,250.0,0.0,329.97340898908044,39.59680907868965,0.0,-39.59680907868965
2019-11-23 04:00:00,82.16657654497907,0.0,0.12,0.7717105263157895,0.9,250.0,67.5207756232687,67.5207756232687,0.0,149.68735216824777,17.96248226018973,0.0,-17.96248226018973
2019-11-23 05:00:00,86.29377098637825,0.0,0.12,0.9,0.6368421052631579,-125.0,-125.0,0.0,125.0,-38.70622901362175,0.0,0.0,-0.0
2019-11-23 06:00:00,84.96089006278602,0.055087467050083876,0.12,0.6368421052631579,0.3736842105263158,-125.0,-125.0,0.0,125.0,-40.094197404264065,0.0,0.0,-0.0
2019-11-23 07:00:00,84.28463682858947,15.761578055555555,0.12,0.3736842105263158,0.10000000000000003,-250.0,-129.99999999999997,0.0,129.99999999999997,-61.47694122696606,0.0,0.0,-0.0
2019-11-23 08:00:00,87.7345505945379,47.22685454545456,0.12,0.10000000000000003,0.1,-125.0,-1.3183898417423734e-14,0.0,1.3183898417423734e-14,40.50769604908332,4.860923525889999,0.0,-4.860923525889999
2019-11-23 09:00:00,87.11860711178177,73.3506923076923,0.12,0.1,0.1,0.0,0.0,0.0,-0.0,13.767914804089472,1.6521497764907365,0.0,-1.6521497764907365
2019-11-23 10:00:00,92.58971986108439,89.4075888888889,0.12,0.1,0.1,-250.0,-0.0,-0.0,0.0,3.1821309721954947,0.38185571666345935,0.0,-0.38185571666345935
2019-11-23 11:00:00,92.31546857743733,93.73829848484849,0.12,0.1,0.3375,125.0,125.0,125.0,0.0,123.57717009258884,14.82926041111066,0.0,-14.82926041111066
2019-11-23 12:00:00,94.05991427643191,89.32102307692307,0.12,0.3375,0.1,-125.0,-112.81250000000001,0.0,112.81250000000001,-108.07360880049117,0.0,0.0,-0.0
2019-11-23 13:00:00,93.93245795027502,74.96994166666667,0.12,0.1,0.1,0.0,0.0,0.0,-0.0,18.962516283608352,2.275501954033002,0.0,-2.275501954033002
2019-11-23 14:00:00,89.19830358688002,53.71004090909091,0.12,0.1,0.1,0.0,0.0,0.0,-0.0,35.48826267778911,4.258591521334693,0.0,-4.258591521334693
2019-11-23 15:00:00,85.37814668559274,25.315286410256405,0.12,0.1,0.575,250.0,250.0,250.0,0.0,310.06286027533633,37.20754323304036,0.0,-37.20754323304036
2019-11-23 16:00:00,82.92404993559965,3.907283472222222,0.12,0.575,0.31184210526315786,-125.0,-125.0,0.0,125.0,-45.98323353662256,0.0,0.0,-0.0
2019-11-23 17:00:00,80.99992712927163,0.0,0.12,0.31184210526315786,0.1,-125.0,-100.62499999999999,0.0,100.62499999999999,-19.62507287072836,0.0,0.0,-0.0
2019-11-23 18:00:00,79.9538702528872,0.0,0.12,0.1,0.575,250.0,250.0,250.0,0.0,329.9538702528872,39.59446443034646,0.0,-39.59446443034646
2019-11-23 19:00:00,80.49537010872602,0.0,0.12,0.575,0.8125,125.0,125.0,125.0,0.0,205.49537010872604,24.659444413047122,0.0,-24.659444413047122
2019-11-23 20:00:00,80.66083963341474,0.0,0.12,0.8125,0.549342105263158,-125.0,-125.0,0.0,125.0,-44.33916036658526,0.0,0.0,-0.0
2019-11-23 21:00:00,82.6965886979648,0.0,0.12,0.549342105263158,0.2861842105263159,-125.0,-125.0,0.0,125.0,-42.3034113020352,0.0,0.0,-0.0
2019-11-23 22:00:00,81.68601197858632,0.0,0.12,0.2861842105263159,0.2861842105263159,0.0,0.0,0.0,-0.0,81.68601197858632,9.802321437430358,0.0,-9.802321437430358
2019-11-23 23:00:00,80.15073260254461,0.0,0.12,0.2861842105263159,0.5236842105263159,125.0,125.0,125.0,0.0,205.15073260254462,24.618087912305352,0.0,-24.618087912305352
2019-11-24 00:00:00,76.62647074050653,0.0,0.12,0.5236842105263159,0.2605263157894738,-125.0,-125.0,0.0,125.0,-48.373529259493466,0.0,0.0,-0.0
2019-11-24 01:00:00,80.03552922647249,0.0,0.12,0.2605263157894738,0.7355263157894738,250.0,250.0,250.0,0.0,330.0355292264725,39.6042635071767,0.0,-39.6042635071767
2019-11-24 02:00:00,81.19328050784388,0.0,0.12,0.7355263157894738,0.9,125.0,86.56509695290853,86.56509695290853,0.0,167.7583774607524,20.131005295290286,0.0,-20.131005295290286
2019-11-24 03:00:00,81.030100672225,0.0,0.12,0.9,0.6368421052631579,-125.0,-125.0,0.0,125.0,-43.969899327774996,0.0,0.0,-0.0
2019-11-24 04:00:00,79.35998208317442,0.0,0.12,0.6368421052631579,0.6368421052631579,0.0,0.0,0.0,-0.0,79.35998208317442,9.52319784998093,0.0,-9.52319784998093
2019-11-24 05:00:00,84.18732837058212,0.0,0.12,0.6368421052631579,0.3736842105263158,-125.0,-125.0,0.0,125.0,-40.81267162941788,0.0,0.0,-0.0
2019-11-24 06:00:00,83.65066889918685,0.0019674095375029955,0.12,0.3736842105263158,0.10000000000000003,-250.0,-129.99999999999997,0.0,129.99999999999997,-46.35129851035062,0.0,0.0,-0.0
2019-11-24 07:00:00,82.3872283628309,16.203715972222223,0.12,0.10000000000000003,0.1,-125.0,-1.3183898417423734e-14,0.0,1.3183898417423734e-14,66.18351239060866,7.942021486873038,0.0,-7.942021486873038
2019-11-24 08:00:00,81.91085941516026,49.20670151515151,0.12,0.1,0.1,0.0,0.0,0.0,-0.0,32.70415790000875,3.92449894800105,0.0,-3.92449894800105
2019-11-24 09:00:00,83.72290936311298,72.87227564102565,0.12,0.1,0.1,0.0,0.0,0.0,-0.0,10.850633722087323,1.3020760466504788,0.0,-1.3020760466504788
2019-11-24 10:00:00,90.11101005530163,89.3741375,0.12,0.1,0.1,-250.0,-0.0,-0.0,0.0,0.7368725553016304,0.08842470663619564,0.0,-0.08842470663619564
2019-11-24 11:00:00,86.68120992374902,82.2008693939394,0.12,0.1,0.3375,125.0,125.0,125.0,0.0,129.4803405298096,15.537640863577153,0.0,-15.537640863577153
2019-11-24 12:00:00,86.30751481770137,85.9861076923077,0.12,0.3375,0.1,-125.0,-112.81250000000001,0.0,112.81250000000001,-112.49109287460634,0.0,0.0,-0.0
2019-11-24 13:00:00,84.35713565096606,75.95513333333334,0.12,0.1,0.1,0.0,0.0,0.0,-0.0,8.402002317632721,1.0082402781159265,0.0,-1.0082402781159265
2019-11-24 14:00:00,83.87440722582973,53.94848636363636,0.12,0.1,0.1,0.0,0.0,0.0,-0.0,29.925920862193365,3.5911105034632036,0.0,-3.5911105034632036
2019-11-24 15:00:00,82.86180900028451,25.172588717948717,0.12,0.1,0.1,-250.0,-0.0,-0.0,0.0,57.689220282335796,6.922706433880295,0.0,-6.922706433880295
2019-11-24 16:00:00,81.08573697253813,2.9532293029595014,0.12,0.1,0.1,-250.0,-0.0,-0.0,0.0,78.13250766957863,9.375900920349435,0.0,-9.375900920349435
2019-11-24 17:00:00,76.47119743939156,0.0,0.12,0.1,0.1,0.0,0.0,0.0,-0.0,76.47119743939156,9.176543692726987,0.0,-9.176543692726987
2019-11-24 18:00:00,77.86846677358643,0.0,0.12,0.1,0.575,250.0,250.0,250.0,0.0,327.8684667735864,39.344216012830366,0.0,-39.344216012830366
2019-11-24 19:00:00,81.95721438199064,0.0,0.12,0.575,0.8125,125.0,125.0,125.0,0.0,206.95721438199064,24.834865725838874,0.0,-24.834865725838874
2019-11-24 20:00:00,82.99248376857214,0.0,0.12,0.8125,0.549342105263158,-125.0,-125.0,0.0,125.0,-42.00751623142786,0.0,0.0,-0.0
2019-11-24 21:00:00,80.9314473301613,0.0,0.12,0.549342105263158,0.2861842105263159,-125.0,-125.0,0.0,125.0,-44.068552669838695,0.0,0.0,-0.0
2019-11-24 22:00:00,79.73514881221809,0.0,0.12,0.2861842105263159,0.2861842105263159,0.0,0.0,0.0,-0.0,79.73514881221809,9.56821785746617,0.0,-9.56821785746617
2019-11-24 23:00:00,79.61061232318667,0.0,0.12,0.2861842105263159,0.5236842105263159,125.0,125.0,125.0,0.0,204.61061232318667,24.5532734787824,0.0,-24.5532734787824
2019-11-25 00:00:00,79.9571127384018,0.0,0.1,0.5236842105263159,0.5236842105263159,0.0,0.0,0.0,-0.0,79.9571127384018,7.995711273840181,0.0,-7.995711273840181
2019-11-25 01:00:00,80.4436939665493,0.0,0.1,0.5236842105263159,0.2605263157894738,-125.0,-125.0,0.0,125.0,-44.556306033450696,0.0,0.0,-0.0
2019-11-25 02:00:00,79.85673305306614,0.0,0.1,0.2605263157894738,0.10000000000000003,-250.0,-76.25000000000003,0.0,76.25000000000003,3.606733053066108,0.36067330530661085,0.0,-0.36067330530661085
2019-11-25 03:00:00,83.18332837500567,0.0,0.1,0.10000000000000003,0.3375,125.0,125.0,125.0,0.0,208.18332837500566,20.818332837500567,0.0,-20.818332837500567
2019-11-25 04:00:00,81.69780132797874,0.0,0.1,0.3375,0.8125,250.0,250.0,250.0,0.0,331.6978013279787,33.169780132797875,0.0,-33.169780132797875
2019-11-25 05:00:00,84.5624844758495,0.0,0.1,0.8125,0.549342105263158,-125.0,-125.0,0.0,125.0,-40.4375155241505,0.0,0.0,-0.0
2019-11-25 06:00:00,82.38653244669783,0.0432830098250659,0.1,0.549342105263158,0.2861842105263159,-125.0,-125.0,0.0,125.0,-42.65675056312723,0.0,0.0,-0.0
2019-11-25 07:00:00,86.04805816403122,14.554890069444445,0.18,0.2861842105263159,0.2861842105263159,0.0,0.0,0.0,-0.0,71.49316809458678,12.86877025702562,0.0,-12.86877025702562
2019-11-25 08:00:00,87.33665709638014,36.98834227272727,0.18,0.2861842105263159,0.5236842105263159,125.0,125.0,125.0,0.0,175.34831482365286,31.562696668257512,0.0,-31.562696668257512
2019-11-25 09:00:00,95.8931526292854,74.34648205128205,0.18,0.5236842105263159,0.2605263157894738,-125.0,-125.0,0.0,125.0,-103.45332942199666,0.0,0.0,-0.0
2019-11-25 10:00:00,97.87004751194512,93.06340972222222,0.18,0.2605263157894738,0.10000000000000003,-125.0,-76.25000000000003,0.0,76.25000000000003,-71.44336221027713,0.0,0.0,-0.0
2019-11-25 11:00:00,107.47469200447412,98.2259,0.18,0.10000000000000003,0.10000000000000003,0.0,0.0,0.0,-0.0,9.248792004474126,1.6647825608053426,0.0,-1.6647825608053426
2019-11-25 12:00:00,104.93482438126361,94.14364743589744,0.18,0.10000000000000003,0.10000000000000003,0.0,0.0,0.0,-0.0,10.791176945366175,1.9424118501659113,0.0,-1.9424118501659113
2019-11-25 13:00:00,111.88494229921982,79.07484722222223,0.18,0.10000000000000003,0.1,-250.0,-1.3183898417423734e-14,0.0,1.3183898417423734e-14,32.81009507699757,5.9058171138595625,0.0,-5.9058171138595625
2019-11-25 14:00:00,113.88292652995351,55.60884545454546,0.18,0.1,0.3375,125.0,125.0,125.0,0.0,183.27408107540805,32.989334593573446,0.0,-32.989334593573446
2019-11-25 15:00:00,112.9958360102364,25.723061794871793,0.18,0.3375,0.575,125.0,125.0,125.0,0.0,212.27277421536462,38.20909935876563,0.0,-38.20909935876563
2019-11-25 16:00:00,99.89803832047399,3.48376002596054,0.32,0.575,0.9,250.0,171.0526315789474,171.0526315789474,0.0,267.46690987346085,85.58941115950748,0.0,-85.58941115950748
2019-11-25 17:00:00,87.11944042325064,0.0,0.32,0.9,0.6368421052631579,-125.0,-125.0,0.0,125.0,-37.88055957674936,0.0,0.0,-0.0
2019-11-25 18:00:00,86.18924437009201,0.0,0.32,0.6368421052631579,0.6368421052631579,0.0,0.0,0.0,-0.0,86.18924437009201,27.580558198429443,0.0,-27.580558198429443
2019-11-25 19:00:00,86.58749299774364,0.0,0.32,0.6368421052631579,0.3736842105263158,-125.0,-125.0,0.0,125.0,-38.41250700225636,0.0,0.0,-0.0
2019-11-25 20:00:00,85.22457604371893,0.0,0.32,0.3736842105263158,0.1105263157894737,-125.0,-125.0,0.0,125.0,-39.775423956281074,0.0,0.0,-0.0
2019-11-25 21:00:00,82.13121743257415,0.0,0.32,0.1105263157894737,0.1105263157894737,0.0,0.0,0.0,-0.0,82.13121743257415,26.281989578423726,0.0,-26.281989578423726
2019-11-25 22:00:00,81.46453569330247,0.0,0.1,0.1105263157894737,0.3480263157894737,125.0,125.0,125.0,0.0,206.46453569330248,20.646453569330248,0.0,-20.646453569330248
2019-11-25 23:00:00,80.21416030227894,0.0,0.1,0.3480263157894737,0.3480263157894737,0.0,0.0,0.0,-0.0,80.21416030227894,8.021416030227895,0.0,-8.021416030227895
2019-11-26 00:00:00,79.44587765874495,0.0,0.1,0.3480263157894737,0.3480263157894737,0.0,0.0,0.0,-0.0,79.44587765874495,7.944587765874495,0.0,-7.944587765874495
2019-11-26 01:00:00,80.38656022798008,0.0,0.1,0.3480263157894737,0.10000000000000003,-250.0,-117.81249999999999,0.0,117.81249999999999,-37.4259397720199,0.0,0.0,-0.0
2019-11-26 02:00:00,80.62260128957207,0.0,0.1,0.10000000000000003,0.10000000000000003,0.0,0.0,0.0,-0.0,80.62260128957207,8.062260128957208,0.0,-8.062260128957208
2019-11-26 03:00:00,80.00908296443184,0.0,0.1,0.10000000000000003,0.3375,125.0,125.0,125.0,0.0,205.00908296443185,20.500908296443185,0.0,-20.500908296443185
2019-11-26 04:00:00,79.41651541928574,0.0,0.1,0.3375,0.8125,250.0,250.0,250.0,0.0,329.41651541928576,32.94165154192858,0.0,-32.94165154192858
2019-11-26 05:00:00,79.71962298371388,0.0,0.1,0.8125,0.549342105263158,-125.0,-125.0,0.0,125.0,-45.280377016286124,0.0,0.0,-0.0
2019-11-26 06:00:00,85.02781187188839,0.047217828900071895,0.1,0.549342105263158,0.2861842105263159,-125.0,-125.0,0.0,125.0,-40.019405957011685,0.0,0.0,-0.0
2019-11-26 07:00:00,92.54414392174856,13.040612916666667,0.18,0.2861842105263159,0.2861842105263159,0.0,0.0,0.0,-0.0,79.5035310050819,14.310635580914742,0.0,-14.310635580914742
2019-11-26 08:00:00,86.35479228628223,24.38079803030303,0.18,0.2861842105263159,0.5236842105263159,125.0,125.0,125.0,0.0,186.97399425597922,33.65531896607626,0.0,-33.65531896607626
2019-11-26 09:00:00,102.10822714249899,24.348045384615382,0.18,0.5236842105263159,0.2605263157894738,-125.0,-125.0,0.0,125.0,-47.2398182421164,0.0,0.0,-0.0
2019-11-26 10:00:00,111.72352468682682,29.05760666666667,0.18,0.2605263157894738,0.10000000000000003,-125.0,-76.25000000000003,0.0,76.25000000000003,6.41591802016012,1.1548652436288216,0.0,-1.1548652436288216
2019-11-26 11:00:00,106.8917100379047,11.766917878787881,0.18,0.10000000000000003,0.10000000000000003,0.0,0.0,0.0,-0.0,95.12479215911682,17.122462588641028,0.0,-17.122462588641028
2019-11-26 12:00:00,112.1726003528908,10.58685435897436,0.18,0.10000000000000003,0.10000000000000003,0.0,0.0,0.0,-0.0,101.58574599391643,18.285434278904958,0.0,-18.285434278904958
2019-11-26 13:00:00,103.87195563752063,5.808801944444444,0.18,0.10000000000000003,0.575,250.0,250.0,250.0,0.0,348.0631536930762,62.65136766475371,0.0,-62.65136766475371
2019-11-26 14:00:00,95.97925212238587,5.5079166666666675,0.18,0.575,0.31184210526315786,-125.0,-125.0,0.0,125.0,-34.5286645442808,0.0,0.0,-0.0
2019-11-26 15:00:00,96.64933364671562,4.735401923076923,0.18,0.31184210526315786,0.5493421052631579,125.0,125.0,125.0,0.0,216.9139317236387,39.04450771025497,0.0,-39.04450771025497
2019-11-26 16:00:00,92.34169785935188,1.1834506749740394,0.32,0.5493421052631579,0.9,250.0,184.55678670360118,184.55678670360118,0.0,275.715033887979,88.22881084415329,0.0,-88.22881084415329
2019-11-26 17:00:00,88.63056104358093,0.0,0.32,0.9,0.6368421052631579,-125.0,-125.0,0.0,125.0,-36.369438956419074,0.0,0.0,-0.0
2019-11-26 18:00:00,84.83041988333305,0.0,0.32,0.6368421052631579,0.6368421052631579,0.0,0.0,0.0,-0.0,84.83041988333305,27.145734362666577,0.0,-27.145734362666577
2019-11-26 19:00:00,84.0412357229415,0.0,0.32,0.6368421052631579,0.3736842105263158,-125.0,-125.0,0.0,125.0,-40.958764277058506,0.0,0.0,-0.0
2019-11-26 20:00:00,84.33065297066196,0.0,0.32,0.3736842105263158,0.1105263157894737,-125.0,-125.0,0.0,125.0,-40.66934702933804,0.0,0.0,-0.0
2019-11-26 21:00:00,79.19585391283194,0.0,0.32,0.1105263157894737,0.1105263157894737,0.0,0.0,0.0,-0.0,79.19585391283194,25.34267325210622,0.0,-25.34267325210622
2019-11-26 22:00:00,77.2593769005848,0.0,0.1,0.1105263157894737,0.3480263157894737,125.0,125.0,125.0,0.0,202.2593769005848,20.225937690058483,0.0,-20.225937690058483
2019-11-26 23:00:00,76.19789059679259,0.0,0.1,0.3480263157894737,0.3480263157894737,0.0,0.0,0.0,-0.0,76.19789059679259,7.61978905967926,0.0,-7.61978905967926
2019-11-27 00:00:00,77.59093967126692,0.0,0.1,0.3480263157894737,0.10000000000000003,-125.0,-117.81249999999999,0.0,117.81249999999999,-40.22156032873306,0.0,0.0,-0.0
2019-11-27 01:00:00,76.03098770257608,0.0,0.1,0.10000000000000003,0.1,-250.0,-1.3183898417423734e-14,0.0,1.3183898417423734e-14,76.03098770257607,7.603098770257607,0.0,-7.603098770257607
2019-11-27 02:00:00,77.06145167670009,0.0,0.1,0.1,0.3375,125.0,125.0,125.0,0.0,202.06145167670007,20.20614516767001,0.0,-20.20614516767001
2019-11-27 03:00:00,77.33505313201161,0.0,0.1,0.3375,0.8125,250.0,250.0,250.0,0.0,327.3350531320116,32.73350531320116,0.0,-32.73350531320116
2019-11-27 04:00:00,78.43041090399609,0.0,0.1,0.8125,0.9,125.0,46.052631578947384,46.052631578947384,0.0,124.48304248294347,12.448304248294349,0.0,-12.448304248294349
2019-11-27 05:00:00,80.83495831158476,0.0,0.1,0.9,0.6368421052631579,-125.0,-125.0,0.0,125.0,-44.16504168841524,0.0,0.0,-0.0
2019-11-27 06:00:00,78.27109176212119,0.0,0.1,0.6368421052631579,0.1105263157894737,-250.0,-250.0,0.0,250.0,-171.7289082378788,0.0,0.0,-0.0
2019-11-27 07:00:00,82.67764076613607,9.460346050103842,0.18,0.1105263157894737,0.1,-250.0,-5.000000000000002,0.0,5.000000000000002,68.21729471603223,12.279113048885801,0.0,-12.279113048885801
2019-11-27 08:00:00,102.11546116822055,33.044107424242426,0.18,0.1,0.1,-250.0,-0.0,-0.0,0.0,69.07135374397812,12.43284367391606,0.0,-12.43284367391606
2019-11-27 09:00:00,107.33540911414978,84.61826538461538,0.18,0.1,0.575,250.0,250.0,250.0,0.0,272.7171437295344,49.08908587131619,0.0,-49.08908587131619
2019-11-27 10:00:00,121.53993148156542,67.63015,0.18,0.575,0.31184210526315786,-125.0,-125.0,0.0,125.0,-71.09021851843458,0.0,0.0,-0.0
2019-11-27 11:00:00,105.04855273386967,70.36791363636364,0.18,0.31184210526315786,0.7868421052631578,250.0,250.0,250.0,0.0,284.68063909750606,51.24251503755109,0.0,-51.24251503755109
2019-11-27 12:00:00,97.55726919748128,78.32284230769231,0.18,0.7868421052631578,0.9,250.0,59.55678670360118,59.55678670360118,0.0,78.79121359339015,14.182418446810226,0.0,-14.182418446810226
2019-11-27 13:00:00,102.21342048144487,81.03532083333333,0.18,0.9,0.9,250.0,0.0,0.0,-0.0,21.17809964811154,3.8120579366600773,0.0,-3.8120579366600773
2019-11-27 14:00:00,88.44956838600723,61.27288333333332,0.18,0.9,0.9,125.0,0.0,0.0,-0.0,27.17668505267391,4.891803309481304,0.0,-4.891803309481304
2019-11-27 15:00:00,81.4001156114173,18.150699743589744,0.18,0.9,0.9,0.0,0.0,0.0,-0.0,63.249415867827565,11.38489485620896,0.0,-11.38489485620896
2019-11-27 16:00:00,83.22971370106978,3.2746185098650042,0.32,0.9,0.9,250.0,0.0,0.0,-0.0,79.95509519120478,25.58563046118553,0.0,-25.58563046118553
2019-11-27 17:00:00,82.82135441243628,0.0,0.32,0.9,0.6368421052631579,-125.0,-125.0,0.0,125.0,-42.17864558756372,0.0,0.0,-0.0
2019-11-27 18:00:00,84.94777188394723,0.0,0.32,0.6368421052631579,0.6368421052631579,0.0,0.0,0.0,-0.0,84.94777188394723,27.183287002863114,0.0,-27.183287002863114
2019-11-27 19:00:00,85.55898051668657,0.0,0.32,0.6368421052631579,0.3736842105263158,-125.0,-125.0,0.0,125.0,-39.441019483313426,0.0,0.0,-0.0
2019-11-27 20:00:00,83.94367594819481,0.0,0.32,0.3736842105263158,0.1105263157894737,-125.0,-125.0,0.0,125.0,-41.05632405180519,0.0,0.0,-0.0
2019-11-27 21:00:00,77.81592076841632,0.0,0.32,0.1105263157894737,0.1105263157894737,0.0,0.0,0.0,-0.0,77.81592076841632,24.901094645893224,0.0,-24.901094645893224
2019-11-27 22:00:00,74.44838941389143,0.0,0.1,0.1105263157894737,0.1105263157894737,0.0,0.0,0.0,-0.0,74.44838941389143,7.444838941389143,0.0,-7.444838941389143
2019-11-27 23:00:00,73.15276448585686,0.0,0.1,0.1105263157894737,0.3480263157894737,125.0,125.0,125.0,0.0,198.15276448585686,19.81527644858569,0.0,-19.81527644858569
2019-11-28 00:00:00,74.76107494547372,0.0,0.1,0.3480263157894737,0.10000000000000003,-250.0,-117.81249999999999,0.0,117.81249999999999,-43.05142505452626,0.0,0.0,-0.0
2019-11-28 01:00:00,75.57262036554549,0.0,0.1,0.10000000000000003,0.1,-250.0,-1.3183898417423734e-14,0.0,1.3183898417423734e-14,75.57262036554548,7.5572620365545475,0.0,-7.5572620365545475
2019-11-28 02:00:00,75.44287039153681,0.0,0.1,0.1,0.3375,125.0,125.0,125.0,0.0,200.44287039153681,20.044287039153684,0.0,-20.044287039153684
2019-11-28 03:00:00,73.74457214180217,0.0,0.1,0.3375,0.1,-125.0,-112.81250000000001,0.0,112.81250000000001,-39.06792785819785,0.0,0.0,-0.0
2019-11-28 04:00:00,74.28866777323476,0.0,0.1,0.1,0.3375,125.0,125.0,125.0,0.0,199.28866777323475,19.928866777323478,0.0,-19.928866777323478
2019-11-28 05:00:00,78.96946124868975,0.0,0.1,0.3375,0.575,125.0,125.0,125.0,0.0,203.96946124868975,20.396946124868975,0.0,-20.396946124868975
2019-11-28 06:00:00,77.12384420275524,0.0,0.1,0.575,0.31184210526315786,-125.0,-125.0,0.0,125.0,-47.87615579724476,0.0,0.0,-0.0
2019-11-28 07:00:00,75.38479929586767,2.653389583333333,0.18,0.31184210526315786,0.1,-250.0,-100.62499999999999,0.0,100.62499999999999,-27.893590287465656,0.0,0.0,-0.0
2019-11-28 08:00:00,74.01368937526232,8.488796893939393,0.18,0.1,0.3375,125.0,125.0,125.0,0.0,190.52489248132292,34.29448064663813,0.0,-34.29448064663813
2019-11-28 09:00:00,78.42329637283787,27.45686358974359,0.18,0.3375,0.3375,0.0,0.0,0.0,-0.0,50.96643278309428,9.17395790095697,0.0,-9.17395790095697
2019-11-28 10:00:00,81.58898451675948,37.68486236111111,0.18,0.3375,0.3375,0.0,0.0,0.0,-0.0,43.90412215564837,7.902741988016707,0.0,-7.902741988016707
2019-11-28 11:00:00,85.0204773320292,56.696601818181826,0.18,0.3375,0.3375,0.0,0.0,0.0,-0.0,28.323875513847376,5.098297592492528,0.0,-5.098297592492528
2019-11-28 12:00:00,77.07569214439563,49.166149102564106,0.18,0.3375,0.575,125.0,125.0,125.0,0.0,152.9095430418315,27.52371774752967,0.0,-27.52371774752967
2019-11-28 13:00:00,81.11343325271268,80.92504722222222,0.18,0.575,0.31184210526315786,-125.0,-125.0,0.0,125.0,-124.81161396950954,0.0,0.0,-0.0
2019-11-28 14:00:00,77.48471871328276,29.059747878787878,0.18,0.31184210526315786,0.31184210526315786,0.0,0.0,0.0,-0.0,48.424970834494886,8.71649475020908,0.0,-8.71649475020908
2019-11-28 15:00:00,76.57114725469748,22.17801128205128,0.18,0.31184210526315786,0.31184210526315786,0.0,0.0,0.0,-0.0,54.3931359726462,9.790764475076315,0.0,-9.790764475076315
2019-11-28 16:00:00,83.47125344376612,4.106504340602284,0.32,0.31184210526315786,0.31184210526315786,0.0,0.0,0.0,-0.0,79.36474910316383,25.396719713012427,0.0,-25.396719713012427
2019-11-28 17:00:00,81.9891522670707,0.0,0.32,0.31184210526315786,0.7868421052631578,250.0,250.0,250.0,0.0,331.9891522670707,106.23652872546263,0.0,-106.23652872546263
2019-11-28 18:00:00,78.16088237206733,0.0,0.32,0.7868421052631578,0.5236842105263158,-125.0,-125.0,0.0,125.0,-46.839117627932666,0.0,0.0,-0.0
2019-11-28 19:00:00,78.31021118462881,0.0,0.32,0.5236842105263158,0.5236842105263158,0.0,0.0,0.0,-0.0,78.31021118462881,25.059267579081222,0.0,-25.059267579081222
2019-11-28 20:00:00,79.29916013797272,0.0,0.32,0.5236842105263158,0.5236842105263158,0.0,0.0,0.0,-0.0,79.29916013797272,25.37573124415127,0.0,-25.37573124415127
2019-11-28 21:00:00,76.29195476614431,0.0,0.32,0.5236842105263158,0.26052631578947366,-125.0,-125.0,0.0,125.0,-48.708045233855685,0.0,0.0,-0.0
2019-11-28 22:00:00,75.19015943261608,0.0,0.1,0.26052631578947366,0.26052631578947366,0.0,0.0,0.0,-0.0,75.19015943261608,7.519015943261609,0.0,-7.519015943261609
2019-11-28 23:00:00,75.36566844103378,0.0,0.1,0.26052631578947366,0.10000000000000003,-250.0,-76.24999999999997,0.0,76.24999999999997,-0.8843315589661955,0.0,0.0,-0.0
2019-11-29 00:00:00,75.35613143886715,0.0,0.1,0.10000000000000003,0.1,-250.0,-1.3183898417423734e-14,0.0,1.3183898417423734e-14,75.35613143886714,7.535613143886714,0.0,-7.535613143886714
2019-11-29 01:00:00,74.04255920833468,0.0,0.1,0.1,0.3375,125.0,125.0,125.0,0.0,199.0425592083347,19.90425592083347,0.0,-19.90425592083347
2019-11-29 02:00:00,75.88862218072167,0.0,0.1,0.3375,0.8125,250.0,250.0,250.0,0.0,325.88862218072165,32.588862218072165,0.0,-32.588862218072165
2019-11-29 03:00:00,75.9947717551403,0.0,0.1,0.8125,0.549342105263158,-125.0,-125.0,0.0,125.0,-49.005228244859694,0.0,0.0,-0.0
2019-11-29 04:00:00,76.45421765105327,0.0,0.1,0.549342105263158,0.9,250.0,184.5567867036011,184.5567867036011,0.0,261.01100435465435,26.101100435465437,0.0,-26.101100435465437
2019-11-29 05:00:00,77.77544360119545,0.0,0.1,0.9,0.6368421052631579,-125.0,-125.0,0.0,125.0,-47.22455639880455,0.0,0.0,-0.0
2019-11-29 06:00:00,78.33591972677415,0.0,0.1,0.6368421052631579,0.1105263157894737,-250.0,-250.0,0.0,250.0,-171.66408027322586,0.0,0.0,-0.0
2019-11-29 07:00:00,77.82952478572729,14.69300111111111,0.18,0.1105263157894737,0.1,-125.0,-5.000000000000002,0.0,5.000000000000002,58.13652367461618,10.464574261430911,0.0,-10.464574261430911
2019-11-29 08:00:00,79.05623338792181,55.001845454545446,0.18,0.1,0.3375,125.0,125.0,125.0,0.0,149.05438793337635,26.82978982800774,0.0,-26.82978982800774
2019-11-29 09:00:00,79.65079976227064,85.88933846153847,0.18,0.3375,0.3375,0.0,0.0,0.0,-0.0,-6.238538699267835,0.0,0.0,-0.0
2019-11-29 10:00:00,83.57930449748602,104.40329166666668,0.18,0.3375,0.1,-125.0,-112.81250000000001,0.0,112.81250000000001,-133.63648716918067,0.0,0.0,-0.0
2019-11-29 11:00:00,85.17758544691883,109.69765000000001,0.18,0.1,0.1,0.0,0.0,0.0,-0.0,-24.520064553081184,0.0,0.0,-0.0
2019-11-29 12:00:00,84.40880061385397,105.25623846153846,0.18,0.1,0.1,0.0,0.0,0.0,-0.0,-20.84743784768449,0.0,0.0,-0.0
2019-11-29 13:00:00,83.36154376034152,93.30301666666666,0.18,0.1,0.1,-250.0,-0.0,-0.0,0.0,-9.941472906325146,0.0,0.0,-0.0
2019-11-29 14:00:00,78.19624141591264,55.66378727272727,0.18,0.1,0.3375,125.0,125.0,125.0,0.0,147.53245414318536,26.555841745773364,0.0,-26.555841745773364
2019-11-29 15:00:00,75.42742418083377,20.020630256410257,0.18,0.3375,0.3375,0.0,0.0,0.0,-0.0,55.40679392442351,9.97322290639623,0.0,-9.97322290639623
2019-11-29 16:00:00,74.70032611230361,2.61548119807892,0.32,0.3375,0.3375,0.0,0.0,0.0,-0.0,72.08484491422469,23.0671503725519,0.0,-23.0671503725519
2019-11-29 17:00:00,75.62186675006828,0.0,0.32,0.3375,0.3375,0.0,0.0,0.0,-0.0,75.62186675006828,24.19899736002185,0.0,-24.19899736002185
2019-11-29 18:00:00,78.17487971203478,0.0,0.32,0.3375,0.575,125.0,125.0,125.0,0.0,203.1748797120348,65.01596150785113,0.0,-65.01596150785113
2019-11-29 19:00:00,81.39153231047426,0.0,0.32,0.575,0.575,0.0,0.0,0.0,-0.0,81.39153231047426,26.045290339351766,0.0,-26.045290339351766
2019-11-29 20:00:00,82.85750109625458,0.0,0.32,0.575,0.575,0.0,0.0,0.0,-0.0,82.85750109625458,26.514400350801466,0.0,-26.514400350801466
2019-11-29 21:00:00,83.34442178226413,0.0,0.32,0.575,0.31184210526315786,-125.0,-125.0,0.0,125.0,-41.655578217735865,0.0,0.0,-0.0
2019-11-29 22:00:00,77.08026949765903,0.0,0.1,0.31184210526315786,0.5493421052631579,125.0,125.0,125.0,0.0,202.08026949765903,20.208026949765905,0.0,-20.208026949765905
2019-11-29 23:00:00,77.38633607127198,0.0,0.1,0.5493421052631579,0.28618421052631576,-125.0,-125.0,0.0,125.0,-47.613663928728016,0.0,0.0,-0.0
2019-11-30 00:00:00,78.98460900043209,0.0,0.12,0.28618421052631576,0.28618421052631576,0.0,0.0,0.0,-0.0,78.98460900043209,9.47815308005185,0.0,-9.47815308005185
2019-11-30 01:00:00,79.85237972904449,0.0,0.12,0.28618421052631576,0.28618421052631576,0.0,0.0,0.0,-0.0,79.85237972904449,9.582285567485338,0.0,-9.582285567485338
2019-11-30 02:00:00,78.2334579203526,0.0,0.12,0.28618421052631576,0.28618421052631576,0.0,0.0,0.0,-0.0,78.2334579203526,9.388014950442312,0.0,-9.388014950442312
2019-11-30 03:00:00,84.82990446595376,0.0,0.12,0.28618421052631576,0.10000000000000003,-125.0,-88.43749999999997,0.0,88.43749999999997,-3.6075955340462116,0.0,0.0,-0.0
2019-11-30 04:00:00,86.26390982140754,0.0,0.12,0.10000000000000003,0.10000000000000003,0.0,0.0,0.0,-0.0,86.26390982140754,10.351669178568905,0.0,-10.351669178568905
2019-11-30 05:00:00,82.91379962800659,0.0,0.12,0.10000000000000003,0.3375,125.0,125.0,125.0,0.0,207.9137996280066,24.94965595536079,0.0,-24.94965595536079
2019-11-30 06:00:00,81.45011615896573,0.0,0.12,0.3375,0.1,-250.0,-112.81250000000001,0.0,112.81250000000001,-31.362383841034287,0.0,0.0,-0.0
2019-11-30 07:00:00,77.76911900868927,2.860274911734164,0.12,0.1,0.1,-250.0,-0.0,-0.0,0.0,74.90884409695511,8.989061291634613,0.0,-8.989061291634613
2019-11-30 08:00:00,79.99237571380769,9.805312954545455,0.12,0.1,0.1,0.0,0.0,0.0,-0.0,70.18706275926223,8.422447531111468,0.0,-8.422447531111468
2019-11-30 09:00:00,80.33658394787108,12.338607307692307,0.12,0.1,0.1,0.0,0.0,0.0,-0.0,67.99797664017876,8.15975719682145,0.0,-8.15975719682145
2019-11-30 10:00:00,81.32899054048644,16.456929444444444,0.12,0.1,0.1,-250.0,-0.0,-0.0,0.0,64.872061096042,7.78464733152504,0.0,-7.78464733152504
2019-11-30 11:00:00,80.78576224398486,25.16241,0.12,0.1,0.3375,125.0,125.0,125.0,0.0,180.62335224398487,21.67480226927818,0.0,-21.67480226927818
2019-11-30 12:00:00,80.02261751194334,24.156654615384618,0.12,0.3375,0.1,-125.0,-112.81250000000001,0.0,112.81250000000001,-56.946537103441294,0.0,0.0,-0.0
2019-11-30 13:00:00,81.87219292605073,18.067155694444445,0.12,0.1,0.575,250.0,250.0,250.0,0.0,313.80503723160626,37.656604467792754,0.0,-37.656604467792754
2019-11-30 14:00:00,82.86872444077665,7.042734242424243,0.12,0.575,0.8125,125.0,125.0,125.0,0.0,200.8259901983524,24.099118823802286,0.0,-24.099118823802286
2019-11-30 15:00:00,80.41052611669535,3.0948965552360415,0.12,0.8125,0.9,250.0,46.052631578947384,46.052631578947384,0.0,123.36826114040669,14.804191336848803,0.0,-14.804191336848803
2019-11-30 16:00:00,80.02757944999799,0.5527200545171339,0.12,0.9,0.6368421052631579,-125.0,-125.0,0.0,125.0,-45.52514060451915,0.0,0.0,-0.0
2019-11-30 17:00:00,81.85070500486304,0.0,0.12,0.6368421052631579,0.6368421052631579,0.0,0.0,0.0,-0.0,81.85070500486304,9.822084600583565,0.0,-9.822084600583565
2019-11-30 18:00:00,81.99169910310937,0.0,0.12,0.6368421052631579,0.1105263157894737,-250.0,-250.0,0.0,250.0,-168.00830089689063,0.0,0.0,-0.0
2019-11-30 19:00:00,81.69243974408867,0.0,0.12,0.1105263157894737,0.1,-125.0,-5.000000000000002,0.0,5.000000000000002,76.69243974408867,9.20309276929064,0.0,-9.20309276929064
2019-11-30 20:00:00,78.34421446893865,0.0,0.12,0.1,0.1,-250.0,-0.0,-0.0,0.0,78.34421446893865,9.401305736272636,0.0,-9.401305736272636
2019-11-30 21:00:00,80.45466367409247,0.0,0.12,0.1,0.1,-250.0,-0.0,-0.0,0.0,80.45466367409247,9.654559640891096,0.0,-9.654559640891096
2019-11-30 22:00:00,79.38013110444383,0.0,0.12,0.1,0.3375,125.0,125.0,125.0,0.0,204.38013110444382,24.525615732533257,0.0,-24.525615732533257
2019-11-30 23:00:00,79.22875021324397,0.0,0.12,0.3375,0.1,-250.0,-112.81250000000001,0.0,112.81250000000001,-33.583749786756044,0.0,0.0,-0.0
2019-12-01 00:00:00,78.86690345758421,0.0,0.12,0.1,0.1,0.0,0.0,0.0,-0.0,78.86690345758421,9.464028414910105,0.0,-9.464028414910105
2019-12-01 01:00:00,77.80056023023421,0.0,0.12,0.1,0.1,-250.0,-0.0,-0.0,0.0,77.80056023023421,9.336067227628105,0.0,-9.336067227628105
2019-12-01 02:00:00,78.86024945795457,0.0,0.12,0.1,0.1,0.0,0.0,0.0,-0.0,78.86024945795457,9.463229934954548,0.0,-9.463229934954548
2019-12-01 03:00:00,78.94852210346049,0.0,0.12,0.1,0.1,0.0,0.0,0.0,-0.0,78.94852210346049,9.473822652415258,0.0,-9.473822652415258
2019-12-01 04:00:00,76.4755852034118,0.0,0.12,0.1,0.3375,125.0,125.0,125.0,0.0,201.4755852034118,24.177070224409416,0.0,-24.177070224409416
2019-12-01 05:00:00,80.7206066991982,0.0,0.12,0.3375,0.8125,250.0,250.0,250.0,0.0,330.7206066991982,39.68647280390378,0.0,-39.68647280390378
2019-12-01 06:00:00,79.04841353054326,0.0,0.12,0.8125,0.549342105263158,-125.0,-125.0,0.0,125.0,-45.95158646945674,0.0,0.0,-0.0
2019-12-01 07:00:00,78.73320060904636,1.1546441458982348,0.12,0.549342105263158,0.2861842105263159,-125.0,-125.0,0.0,125.0,-47.42144353685187,0.0,0.0,-0.0
2019-12-01 08:00:00,78.52512720075288,3.2741522727272727,0.12,0.2861842105263159,0.2861842105263159,0.0,0.0,0.0,-0.0,75.2509749280256,9.030116991363071,0.0,-9.030116991363071
2019-12-01 09:00:00,77.81840697838389,7.413798076923076,0.12,0.2861842105263159,0.2861842105263159,0.0,0.0,0.0,-0.0,70.40460890146082,8.448553068175299,0.0,-8.448553068175299
2019-12-01 10:00:00,80.75599744753724,10.23684111111111,0.12,0.2861842105263159,0.5236842105263159,125.0,125.0,125.0,0.0,195.51915633642614,23.462298760371134,0.0,-23.462298760371134
2019-12-01 11:00:00,80.41672786062367,9.990434393939394,0.12,0.5236842105263159,0.2605263157894738,-125.0,-125.0,0.0,125.0,-54.57370653331573,0.0,0.0,-0.0
2019-12-01 12:00:00,78.40159364861304,11.108512435897437,0.12,0.2605263157894738,0.7355263157894738,250.0,250.0,250.0,0.0,317.2930812127156,38.07516974552587,0.0,-38.07516974552587
2019-12-01 13:00:00,76.61054077868764,6.327790277777779,0.12,0.7355263157894738,0.9,250.0,86.56509695290853,86.56509695290853,0.0,156.8478474538184,18.821741694458208,0.0,-18.821741694458208
2019-12-01 14:00:00,76.52844532455957,3.7090090909090905,0.12,0.9,0.6368421052631579,-125.0,-125.0,0.0,125.0,-52.18056376634952,0.0,0.0,-0.0
2019-12-01 15:00:00,79.47827832942875,2.7751814102564105,0.12,0.6368421052631579,0.8743421052631579,125.0,125.0,125.0,0.0,201.70309691917234,24.20437163030068,0.0,-24.20437163030068
2019-12-01 16:00:00,81.8985447742833,0.08099169262720664,0.12,0.8743421052631579,0.6111842105263159,-125.0,-125.0,0.0,125.0,-43.18244691834391,0.0,0.0,-0.0
2019-12-01 17:00:00,94.84257750141778,0.0,0.12,0.6111842105263159,0.6111842105263159,0.0,0.0,0.0,-0.0,94.84257750141778,11.381109300170133,0.0,-11.381109300170133
2019-12-01 18:00:00,78.65447103804833,0.0,0.12,0.6111842105263159,0.10000000000000009,-250.0,-242.81250000000003,0.0,242.81250000000003,-164.1580289619517,0.0,0.0,-0.0
2019-12-01 19:00:00,80.59329548049026,0.0,0.12,0.10000000000000009,0.1,-125.0,-3.95516952522712e-14,0.0,3.95516952522712e-14,80.59329548049021,9.671195457658825,0.0,-9.671195457658825
2019-12-01 20:00:00,80.46843465232938,0.0,0.12,0.1,0.1,-250.0,-0.0,-0.0,0.0,80.46843465232938,9.656212158279525,0.0,-9.656212158279525
2019-12-01 21:00:00,78.29306600650189,0.0,0.12,0.1,0.1,-125.0,-0.0,-0.0,0.0,78.29306600650189,9.395167920780226,0.0,-9.395167920780226
2019-12-01 22:00:00,77.23832075660191,0.0,0.12,0.1,0.1,-125.0,-0.0,-0.0,0.0,77.23832075660191,9.268598490792229,0.0,-9.268598490792229
2019-12-01 23:00:00,77.26358238170427,0.0,0.12,0.1,0.3375,125.0,125.0,125.0,0.0,202.26358238170428,24.27162988580451,0.0,-24.27162988580451
2019-12-02 00:00:00,77.79458544384661,0.0,0.1,0.3375,0.1,-125.0,-112.81250000000001,0.0,112.81250000000001,-35.0179145561534,0.0,0.0,-0.0
2019-12-02 01:00:00,77.1551197327901,0.0,0.1,0.1,0.1,-250.0,-0.0,-0.0,0.0,77.1551197327901,7.7155119732790105,0.0,-7.7155119732790105
2019-12-02 02:00:00,74.81617554362305,0.0,0.1,0.1,0.3375,125.0,125.0,125.0,0.0,199.81617554362305,19.981617554362305,0.0,-19.981617554362305
2019-12-02 03:00:00,77.86985076290578,0.0,0.1,0.3375,0.1,-125.0,-112.81250000000001,0.0,112.81250000000001,-34.94264923709423,0.0,0.0,-0.0
2019-12-02 04:00:00,77.81938052628092,0.0,0.1,0.1,0.1,-250.0,-0.0,-0.0,0.0,77.81938052628092,7.781938052628092,0.0,-7.781938052628092
2019-12-02 05:00:00,81.98359149205682,0.0,0.1,0.1,0.3375,125.0,125.0,125.0,0.0,206.9835914920568,20.698359149205682,0.0,-20.698359149205682
2019-12-02 06:00:00,77.71295481113671,0.0,0.1,0.3375,0.1,-125.0,-112.81250000000001,0.0,112.81250000000001,-35.0995451888633,0.0,0.0,-0.0
2019-12-02 07:00:00,81.82539230103932,0.13427570093457944,0.18,0.1,0.1,-250.0,-0.0,-0.0,0.0,81.69111660010473,14.704400988018852,0.0,-14.704400988018852
2019-12-02 08:00:00,89.30042391414864,6.03055606060606,0.18,0.1,0.1,-250.0,-0.0,-0.0,0.0,83.26986785354258,14.988576213637664,0.0,-14.988576213637664
2019-12-02 09:00:00,92.22395840957968,9.217391282051283,0.18,0.1,0.1,-250.0,-0.0,-0.0,0.0,83.0065671275284,14.94118208295511,0.0,-14.94118208295511
2019-12-02 10:00:00,91.73493754248074,24.53431236111111,0.18,0.1,0.1,-250.0,-0.0,-0.0,0.0,67.20062518136963,12.096112532646533,0.0,-12.096112532646533
2019-12-02 11:00:00,92.63255607707808,21.74624,0.18,0.1,0.1,0.0,0.0,0.0,-0.0,70.88631607707808,12.759536893874053,0.0,-12.759536893874053
2019-12-02 12:00:00,89.9175317383145,19.863055512820512,0.18,0.1,0.1,0.0,0.0,0.0,-0.0,70.05447622549399,12.609805720588916,0.0,-12.609805720588916
2019-12-02 13:00:00,89.27429045456218,20.24452638888889,0.18,0.1,0.575,250.0,250.0,250.0,0.0,319.0297640656733,57.42535753182119,0.0,-57.42535753182119
2019-12-02 14:00:00,89.1041076235466,13.568884393939395,0.18,0.575,0.31184210526315786,-125.0,-125.0,0.0,125.0,-49.4647767703928,0.0,0.0,-0.0
2019-12-02 15:00:00,90.66551680890773,7.81240141025641,0.18,0.31184210526315786,0.5493421052631579,125.0,125.0,125.0,0.0,207.8531153986513,37.41356077175723,0.0,-37.41356077175723
2019-12-02 16:00:00,90.17840688093973,2.4514002206645897,0.32,0.5493421052631579,0.9,250.0,184.55678670360118,184.55678670360118,0.0,272.2837933638763,87.13081387644043,0.0,-87.13081387644043
2019-12-02 17:00:00,85.29315620246686,0.0,0.32,0.9,0.6368421052631579,-125.0,-125.0,0.0,125.0,-39.70684379753314,0.0,0.0,-0.0
2019-12-02 18:00:00,85.97574309004193,0.0,0.32,0.6368421052631579,0.6368421052631579,0.0,0.0,0.0,-0.0,85.97574309004193,27.51223778881342,0.0,-27.51223778881342
2019-12-02 19:00:00,86.83306448925129,0.0,0.32,0.6368421052631579,0.3736842105263158,-125.0,-125.0,0.0,125.0,-38.166935510748715,0.0,0.0,-0.0
2019-12-02 20:00:00,85.86271369775831,0.0,0.32,0.3736842105263158,0.1105263157894737,-125.0,-125.0,0.0,125.0,-39.13728630224169,0.0,0.0,-0.0
2019-12-02 21:00:00,80.66547198057059,0.0,0.32,0.1105263157894737,0.1105263157894737,0.0,0.0,0.0,-0.0,80.66547198057059,25.81295103378259,0.0,-25.81295103378259
2019-12-02 22:00:00,80.78198435130494,0.0,0.1,0.1105263157894737,0.1105263157894737,0.0,0.0,0.0,-0.0,80.78198435130494,8.078198435130494,0.0,-8.078198435130494
2019-12-02 23:00:00,77.30268152982454,0.0,0.1,0.1105263157894737,0.3480263157894737,125.0,125.0,125.0,0.0,202.30268152982455,20.230268152982458,0.0,-20.230268152982458
2019-12-03 00:00:00,78.2336139690955,0.0,0.1,0.3480263157894737,0.10000000000000003,-125.0,-117.81249999999999,0.0,117.81249999999999,-39.578886030904485,0.0,0.0,-0.0
2019-12-03 01:00:00,79.72348618638718,0.0,0.1,0.10000000000000003,0.1,-250.0,-1.3183898417423734e-14,0.0,1.3183898417423734e-14,79.72348618638716,7.9723486186387165,0.0,-7.9723486186387165
2019-12-03 02:00:00,78.74429550580808,0.0,0.1,0.1,0.1,0.0,0.0,0.0,-0.0,78.74429550580808,7.874429550580809,0.0,-7.874429550580809
2019-12-03 03:00:00,78.11128473850853,0.0,0.1,0.1,0.3375,125.0,125.0,125.0,0.0,203.11128473850852,20.311128473850854,0.0,-20.311128473850854
2019-12-03 04:00:00,77.42033936872816,0.0,0.1,0.3375,0.8125,250.0,250.0,250.0,0.0,327.42033936872815,32.742033936872815,0.0,-32.742033936872815
2019-12-03 05:00:00,82.9069439329153,0.0,0.1,0.8125,0.8125,0.0,0.0,0.0,-0.0,82.9069439329153,8.29069439329153,0.0,-8.29069439329153
2019-12-03 06:00:00,80.61815332838644,0.0,0.1,0.8125,0.549342105263158,-125.0,-125.0,0.0,125.0,-44.38184667161356,0.0,0.0,-0.0
2019-12-03 07:00:00,84.52392181882517,12.483534435358257,0.18,0.549342105263158,0.2861842105263159,-125.0,-125.0,0.0,125.0,-52.95961261653308,0.0,0.0,-0.0
2019-12-03 08:00:00,90.16238294082851,50.82541515151514,0.18,0.2861842105263159,0.5236842105263159,125.0,125.0,125.0,0.0,164.33696778931338,29.580654202076406,0.0,-29.580654202076406
2019-12-03 09:00:00,97.9115193564919,81.39063717948717,0.18,0.5236842105263159,0.2605263157894738,-125.0,-125.0,0.0,125.0,-108.47911782299528,0.0,0.0,-0.0
2019-12-03 10:00:00,102.80131069646553,100.10967916666665,0.18,0.2605263157894738,0.10000000000000003,-125.0,-76.25000000000003,0.0,76.25000000000003,-73.55836847020115,0.0,0.0,-0.0
2019-12-03 11:00:00,91.41171697463575,103.83090454545454,0.18,0.10000000000000003,0.10000000000000003,0.0,0.0,0.0,-0.0,-12.419187570818792,0.0,0.0,-0.0
2019-12-03 12:00:00,88.47658631451388,98.48935512820512,0.18,0.10000000000000003,0.10000000000000003,0.0,0.0,0.0,-0.0,-10.012768813691238,0.0,0.0,-0.0
2019-12-03 13:00:00,112.8767838992149,45.59621513888888,0.18,0.10000000000000003,0.1,-250.0,-1.3183898417423734e-14,0.0,1.3183898417423734e-14,67.280568760326,12.11050237685868,0.0,-12.11050237685868
2019-12-03 14:00:00,91.63205918088546,22.223065151515154,0.18,0.1,0.3375,125.0,125.0,125.0,0.0,194.40899402937032,34.993618925286654,0.0,-34.993618925286654
2019-12-03 15:00:00,112.06217714055484,5.980193589743591,0.18,0.3375,0.575,125.0,125.0,125.0,0.0,231.08198355081123,41.59475703914602,0.0,-41.59475703914602
2019-12-03 16:00:00,80.81988578651406,1.3534214953271029,0.32,0.575,0.9,250.0,171.0526315789474,171.0526315789474,0.0,250.51909587013438,80.166110678443,0.0,-80.166110678443
2019-12-03 17:00:00,77.46744654055095,0.0,0.32,0.9,0.6368421052631579,-125.0,-125.0,0.0,125.0,-47.53255345944905,0.0,0.0,-0.0
2019-12-03 18:00:00,78.88795968423496,0.0,0.32,0.6368421052631579,0.6368421052631579,0.0,0.0,0.0,-0.0,78.88795968423496,25.244147098955185,0.0,-25.244147098955185
2019-12-03 19:00:00,81.68109695802563,0.0,0.32,0.6368421052631579,0.3736842105263158,-125.0,-125.0,0.0,125.0,-43.318903041974366,0.0,0.0,-0.0
2019-12-03 20:00:00,77.83550533998361,0.0,0.32,0.3736842105263158,0.10000000000000003,-250.0,-129.99999999999997,0.0,129.99999999999997,-52.16449466001636,0.0,0.0,-0.0
2019-12-03 21:00:00,76.72090227515002,0.0,0.32,0.10000000000000003,0.10000000000000003,0.0,0.0,0.0,-0.0,76.72090227515002,24.55068872804801,0.0,-24.55068872804801
2019-12-03 22:00:00,74.8490281505517,0.0,0.1,0.10000000000000003,0.10000000000000003,0.0,0.0,0.0,-0.0,74.8490281505517,7.484902815055171,0.0,-7.484902815055171
2019-12-03 23:00:00,73.39666975524474,0.0,0.1,0.10000000000000003,0.3375,125.0,125.0,125.0,0.0,198.39666975524474,19.839666975524477,0.0,-19.839666975524477
2019-12-04 00:00:00,71.34412189357704,0.0,0.1,0.3375,0.1,-250.0,-112.81250000000001,0.0,112.81250000000001,-41.468378106422975,0.0,0.0,-0.0
2019-12-04 01:00:00,72.24468322988287,0.0,0.1,0.1,0.3375,125.0,125.0,125.0,0.0,197.24468322988287,19.724468322988287,0.0,-19.724468322988287
2019-12-04 02:00:00,73.53018141269557,0.0,0.1,0.3375,0.1,-250.0,-112.81250000000001,0.0,112.81250000000001,-39.282318587304445,0.0,0.0,-0.0
2019-12-04 03:00:00,74.60070013039629,0.0,0.1,0.1,0.1,0.0,0.0,0.0,-0.0,74.60070013039629,7.46007001303963,0.0,-7.46007001303963
2019-12-04 04:00:00,75.01451991980916,0.0,0.1,0.1,0.3375,125.0,125.0,125.0,0.0,200.01451991980917,20.001451991980918,0.0,-20.001451991980918
2019-12-04 05:00:00,76.83645911859234,0.0,0.1,0.3375,0.575,125.0,125.0,125.0,0.0,201.83645911859236,20.183645911859237,0.0,-20.183645911859237
2019-12-04 06:00:00,74.80572438963752,0.0,0.1,0.575,0.31184210526315786,-125.0,-125.0,0.0,125.0,-50.19427561036248,0.0,0.0,-0.0
2019-12-04 07:00:00,79.8909938713468,0.14493250259605397,0.18,0.31184210526315786,0.1,-250.0,-100.62499999999999,0.0,100.62499999999999,-20.87893863124924,0.0,0.0,-0.0
2019-12-04 08:00:00,92.30029080053868,2.665293642027754,0.18,0.1,0.3375,125.0,125.0,125.0,0.0,214.63499715851094,38.634299488531965,0.0,-38.634299488531965
2019-12-04 09:00:00,92.97352340042691,6.138903340522406,0.18,0.3375,0.3375,0.0,0.0,0.0,-0.0,86.83462005990451,15.630231610782811,0.0,-15.630231610782811
2019-12-04 10:00:00,91.50564315363584,9.938719305555555,0.18,0.3375,0.3375,0.0,0.0,0.0,-0.0,81.5669238480803,14.682046292654451,0.0,-14.682046292654451
2019-12-04 11:00:00,120.81880295666794,19.522993181818183,0.18,0.3375,0.1,-250.0,-112.81250000000001,0.0,112.81250000000001,-11.516690225150256,0.0,0.0,-0.0
2019-12-04 12:00:00,93.75168121430131,26.38399064102564,0.18,0.1,0.575,250.0,250.0,250.0,0.0,317.3676905732757,57.126184303189625,0.0,-57.126184303189625
2019-12-04 13:00:00,90.886169368188,19.45393673611111,0.18,0.575,0.9,250.0,171.0526315789474,171.0526315789474,0.0,242.4848642110243,43.64727555798437,0.0,-43.64727555798437
2019-12-04 14:00:00,114.07675102417771,10.633354393939394,0.18,0.9,0.37368421052631584,-250.0,-250.0,0.0,250.0,-146.5566033697617,0.0,0.0,-0.0
2019-12-04 15:00:00,95.09962176727389,3.433292307692308,0.18,0.37368421052631584,0.6111842105263159,125.0,125.0,125.0,0.0,216.66632945958156,38.99993930272468,0.0,-38.99993930272468
2019-12-04 16:00:00,85.3255191505615,0.39217030114226376,0.32,0.6111842105263159,0.6111842105263159,0.0,0.0,0.0,-0.0,84.93334884941925,27.178671631814158,0.0,-27.178671631814158
2019-12-04 17:00:00,84.17655565692071,0.0,0.32,0.6111842105263159,0.6111842105263159,0.0,0.0,0.0,-0.0,84.17655565692071,26.93649781021463,0.0,-26.93649781021463
2019-12-04 18:00:00,81.69758205167668,0.0,0.32,0.6111842105263159,0.6111842105263159,0.0,0.0,0.0,-0.0,81.69758205167668,26.143226256536536,0.0,-26.143226256536536
2019-12-04 19:00:00,84.10223563850211,0.0,0.32,0.6111842105263159,0.3480263157894738,-125.0,-125.0,0.0,125.0,-40.89776436149789,0.0,0.0,-0.0
2019-12-04 20:00:00,84.37880472948376,0.0,0.32,0.3480263157894738,0.10000000000000003,-250.0,-117.81250000000004,0.0,117.81250000000004,-33.43369527051628,0.0,0.0,-0.0
2019-12-04 21:00:00,79.86824233387674,0.0,0.32,0.10000000000000003,0.10000000000000003,0.0,0.0,0.0,-0.0,79.86824233387674,25.557837546840556,0.0,-25.557837546840556
2019-12-04 22:00:00,76.05768773625033,0.0,0.1,0.10000000000000003,0.10000000000000003,0.0,0.0,0.0,-0.0,76.05768773625033,7.605768773625034,0.0,-7.605768773625034
2019-12-04 23:00:00,76.09154818734402,0.0,0.1,0.10000000000000003,0.3375,125.0,125.0,125.0,0.0,201.09154818734402,20.109154818734403,0.0,-20.109154818734403
2019-12-05 00:00:00,75.65916547349073,0.0,0.1,0.3375,0.1,-125.0,-112.81250000000001,0.0,112.81250000000001,-37.15333452650928,0.0,0.0,-0.0
2019-12-05 01:00:00,75.48092900601699,0.0,0.1,0.1,0.1,-250.0,-0.0,-0.0,0.0,75.48092900601699,7.5480929006016995,0.0,-7.5480929006016995
2019-12-05 02:00:00,75.06279245717423,0.0,0.1,0.1,0.3375,125.0,125.0,125.0,0.0,200.06279245717423,20.006279245717423,0.0,-20.006279245717423
2019-12-05 03:00:00,75.35576545493817,0.0,0.1,0.3375,0.1,-125.0,-112.81250000000001,0.0,112.81250000000001,-37.45673454506185,0.0,0.0,-0.0
2019-12-05 04:00:00,76.92563518390394,0.0,0.1,0.1,0.3375,125.0,125.0,125.0,0.0,201.92563518390392,20.192563518390394,0.0,-20.192563518390394
2019-12-05 05:00:00,81.06297870995671,0.0,0.1,0.3375,0.575,125.0,125.0,125.0,0.0,206.06297870995672,20.606297870995675,0.0,-20.606297870995675
2019-12-05 06:00:00,76.99971043615587,0.0,0.1,0.575,0.9,250.0,171.0526315789474,171.0526315789474,0.0,248.05234201510325,24.805234201510327,0.0,-24.805234201510327
2019-12-05 07:00:00,78.60152036187873,2.396682255970924,0.18,0.9,0.6368421052631579,-125.0,-125.0,0.0,125.0,-48.7951618940922,0.0,0.0,-0.0
2019-12-05 08:00:00,85.96018082736973,10.623550227272728,0.18,0.6368421052631579,0.9,250.0,138.50415512465375,138.50415512465375,0.0,213.84078572475073,38.49134143045513,0.0,-38.49134143045513
2019-12-05 09:00:00,89.58814693334905,23.957644615384616,0.18,0.9,0.6368421052631579,-125.0,-125.0,0.0,125.0,-59.36949768203556,0.0,0.0,-0.0
2019-12-05 10:00:00,95.00435556158995,32.21037833333333,0.18,0.6368421052631579,0.3736842105263158,-125.0,-125.0,0.0,125.0,-62.206022771743385,0.0,0.0,-0.0
2019-12-05 11:00:00,95.81090984583938,45.126338636363634,0.18,0.3736842105263158,0.10000000000000003,-250.0,-129.99999999999997,0.0,129.99999999999997,-79.31542879052424,0.0,0.0,-0.0
2019-12-05 12:00:00,95.89948190739038,45.2663091025641,0.18,0.10000000000000003,0.10000000000000003,0.0,0.0,0.0,-0.0,50.63317280482628,9.11397110486873,0.0,-9.11397110486873
2019-12-05 13:00:00,103.9837440056174,35.276633194444436,0.18,0.10000000000000003,0.575,250.0,250.0,250.0,0.0,318.7071108111729,57.367279946011124,0.0,-57.367279946011124
2019-12-05 14:00:00,91.7043318704049,22.131502878787877,0.18,0.575,0.31184210526315786,-125.0,-125.0,0.0,125.0,-55.42717100838297,0.0,0.0,-0.0
2019-12-05 15:00:00,87.76750894856039,12.257560641025643,0.18,0.31184210526315786,0.5493421052631579,125.0,125.0,125.0,0.0,200.50994830753473,36.09179069535625,0.0,-36.09179069535625
2019-12-05 16:00:00,85.19024192700745,2.1887838395638632,0.32,0.5493421052631579,0.9,250.0,184.55678670360118,184.55678670360118,0.0,267.5582447910448,85.61863833313433,0.0,-85.61863833313433
2019-12-05 17:00:00,88.70841909180109,0.0,0.32,0.9,0.6368421052631579,-125.0,-125.0,0.0,125.0,-36.29158090819891,0.0,0.0,-0.0
2019-12-05 18:00:00,83.49427417300406,0.0,0.32,0.6368421052631579,0.6368421052631579,0.0,0.0,0.0,-0.0,83.49427417300406,26.7181677353613,0.0,-26.7181677353613
2019-12-05 19:00:00,84.1593176033538,0.0,0.32,0.6368421052631579,0.3736842105263158,-125.0,-125.0,0.0,125.0,-40.8406823966462,0.0,0.0,-0.0
2019-12-05 20:00:00,81.77214531403435,0.0,0.32,0.3736842105263158,0.1105263157894737,-125.0,-125.0,0.0,125.0,-43.22785468596565,0.0,0.0,-0.0
2019-12-05 21:00:00,81.91459864873228,0.0,0.32,0.1105263157894737,0.1105263157894737,0.0,0.0,0.0,-0.0,81.91459864873228,26.21267156759433,0.0,-26.21267156759433
2019-12-05 22:00:00,78.72970140494262,0.0,0.1,0.1105263157894737,0.3480263157894737,125.0,125.0,125.0,0.0,203.7297014049426,20.37297014049426,0.0,-20.37297014049426
2019-12-05 23:00:00,78.27529047982506,0.0,0.1,0.3480263157894737,0.3480263157894737,0.0,0.0,0.0,-0.0,78.27529047982506,7.827529047982506,0.0,-7.827529047982506
2019-12-06 00:00:00,75.31888010394997,0.0,0.1,0.3480263157894737,0.10000000000000003,-125.0,-117.81249999999999,0.0,117.81249999999999,-42.49361989605002,0.0,0.0,-0.0
2019-12-06 01:00:00,77.73150358372463,0.0,0.1,0.10000000000000003,0.1,-250.0,-1.3183898417423734e-14,0.0,1.3183898417423734e-14,77.73150358372462,7.773150358372462,0.0,-7.773150358372462
2019-12-06 02:00:00,77.6994227817572,0.0,0.1,0.1,0.3375,125.0,125.0,125.0,0.0,202.69942278175722,20.269942278175723,0.0,-20.269942278175723
2019-12-06 03:00:00,77.34102059800718,0.0,0.1,0.3375,0.8125,250.0,250.0,250.0,0.0,327.34102059800716,32.73410205980072,0.0,-32.73410205980072
2019-12-06 04:00:00,75.47961568634882,0.0,0.1,0.8125,0.9,125.0,46.052631578947384,46.052631578947384,0.0,121.5322472652962,12.153224726529622,0.0,-12.153224726529622
2019-12-06 05:00:00,76.31235584297868,0.0,0.1,0.9,0.37368421052631584,-250.0,-250.0,0.0,250.0,-173.68764415702134,0.0,0.0,-0.0
2019-12-06 06:00:00,78.1282367965791,0.0,0.1,0.37368421052631584,0.37368421052631584,0.0,0.0,0.0,-0.0,78.1282367965791,7.81282367965791,0.0,-7.81282367965791
2019-12-06 07:00:00,90.4333040686684,4.3262409657320875,0.18,0.37368421052631584,0.1,-250.0,-130.00000000000003,0.0,130.00000000000003,-43.892936897063706,0.0,0.0,-0.0
2019-12-06 08:00:00,93.28941322852846,16.969406515151515,0.18,0.1,0.1,-250.0,-0.0,-0.0,0.0,76.32000671337694,13.737601208407849,0.0,-13.737601208407849
2019-12-06 09:00:00,93.91734061371218,68.04038025641026,0.18,0.1,0.1,-125.0,-0.0,-0.0,0.0,25.876960357301925,4.657852864314346,0.0,-4.657852864314346
2019-12-06 10:00:00,127.84751468786173,95.52233333333334,0.18,0.1,0.1,-125.0,-0.0,-0.0,0.0,32.3251813545284,5.818532643815111,0.0,-5.818532643815111
2019-12-06 11:00:00,120.50992339636973,102.29673181818181,0.18,0.1,0.1,0.0,0.0,0.0,-0.0,18.213191578187917,3.278374484073825,0.0,-3.278374484073825
2019-12-06 12:00:00,100.41391195993356,93.18452153846155,0.18,0.1,0.1,0.0,0.0,0.0,-0.0,7.229390421472004,1.3012902758649607,0.0,-1.3012902758649607
2019-12-06 13:00:00,101.08006485271333,34.45562138888889,0.18,0.1,0.1,-250.0,-0.0,-0.0,0.0,66.62444346382443,11.992399823488398,0.0,-11.992399823488398
2019-12-06 14:00:00,92.54972365252627,12.496295151515149,0.18,0.1,0.3375,125.0,125.0,125.0,0.0,205.05342850101113,36.909617130182,0.0,-36.909617130182
2019-12-06 15:00:00,92.46616499598203,10.848978076923078,0.18,0.3375,0.575,125.0,125.0,125.0,0.0,206.61718691905895,37.19109364543061,0.0,-37.19109364543061
2019-12-06 16:00:00,89.58347085824276,1.782829854620976,0.32,0.575,0.9,250.0,171.0526315789474,171.0526315789474,0.0,258.85327258256916,82.83304722642214,0.0,-82.83304722642214
2019-12-06 17:00:00,84.94770251809679,0.0,0.32,0.9,0.6368421052631579,-125.0,-125.0,0.0,125.0,-40.05229748190321,0.0,0.0,-0.0
2019-12-06 18:00:00,85.34443005535387,0.0,0.32,0.6368421052631579,0.6368421052631579,0.0,0.0,0.0,-0.0,85.34443005535387,27.31021761771324,0.0,-27.31021761771324
2019-12-06 19:00:00,83.36421668395204,0.0,0.32,0.6368421052631579,0.3736842105263158,-125.0,-125.0,0.0,125.0,-41.63578331604796,0.0,0.0,-0.0
2019-12-06 20:00:00,82.82749352313459,0.0,0.32,0.3736842105263158,0.1105263157894737,-125.0,-125.0,0.0,125.0,-42.17250647686541,0.0,0.0,-0.0
2019-12-06 21:00:00,78.48306040097086,0.0,0.32,0.1105263157894737,0.1105263157894737,0.0,0.0,0.0,-0.0,78.48306040097086,25.114579328310676,0.0,-25.114579328310676
2019-12-06 22:00:00,76.77735829726414,0.0,0.1,0.1105263157894737,0.1105263157894737,0.0,0.0,0.0,-0.0,76.77735829726414,7.677735829726415,0.0,-7.677735829726415
2019-12-06 23:00:00,77.08654987972963,0.0,0.1,0.1105263157894737,0.3480263157894737,125.0,125.0,125.0,0.0,202.08654987972963,20.208654987972963,0.0,-20.208654987972963
2019-12-07 00:00:00,78.18036769784835,0.0,0.12,0.3480263157894737,0.3480263157894737,0.0,0.0,0.0,-0.0,78.18036769784835,9.381644123741802,0.0,-9.381644123741802
2019-12-07 01:00:00,76.90141822208804,0.0,0.12,0.3480263157894737,0.3480263157894737,0.0,0.0,0.0,-0.0,76.90141822208804,9.228170186650564,0.0,-9.228170186650564
2019-12-07 02:00:00,75.1913468619773,0.0,0.12,0.3480263157894737,0.10000000000000003,-125.0,-117.81249999999999,0.0,117.81249999999999,-42.62115313802269,0.0,0.0,-0.0
2019-12-07 03:00:00,75.78823301036886,0.0,0.12,0.10000000000000003,0.1,-125.0,-1.3183898417423734e-14,0.0,1.3183898417423734e-14,75.78823301036884,9.09458796124426,0.0,-9.09458796124426
2019-12-07 04:00:00,76.61968611985729,0.0,0.12,0.1,0.3375,125.0,125.0,125.0,0.0,201.6196861198573,24.194362334382877,0.0,-24.194362334382877
2019-12-07 05:00:00,81.10259929692025,0.0,0.12,0.3375,0.8125,250.0,250.0,250.0,0.0,331.10259929692023,39.732311915630426,0.0,-39.732311915630426
2019-12-07 06:00:00,77.59168116163603,0.0,0.12,0.8125,0.549342105263158,-125.0,-125.0,0.0,125.0,-47.40831883836397,0.0,0.0,-0.0
2019-12-07 07:00:00,75.98383453465694,1.4751145379023882,0.12,0.549342105263158,0.2861842105263159,-125.0,-125.0,0.0,125.0,-50.49128000324545,0.0,0.0,-0.0
2019-12-07 08:00:00,80.49334106454954,37.27998848484849,0.12,0.2861842105263159,0.2861842105263159,0.0,0.0,0.0,-0.0,43.21335257970105,5.185602309564126,0.0,-5.185602309564126
2019-12-07 09:00:00,86.74746768282616,78.70325769230769,0.12,0.2861842105263159,0.10000000000000003,-125.0,-88.43750000000003,0.0,88.43750000000003,-80.39329000948156,0.0,0.0,-0.0
2019-12-07 10:00:00,91.12431916567694,99.74948472222223,0.12,0.10000000000000003,0.10000000000000003,0.0,0.0,0.0,-0.0,-8.625165556545298,0.0,0.0,-0.0
2019-12-07 11:00:00,90.10643779349927,70.80864484848486,0.12,0.10000000000000003,0.3375,125.0,125.0,125.0,0.0,144.2977929450144,17.31573515340173,0.0,-17.31573515340173
2019-12-07 12:00:00,83.68770691343829,30.735912435897436,0.12,0.3375,0.1,-125.0,-112.81250000000001,0.0,112.81250000000001,-59.860705522459156,0.0,0.0,-0.0
2019-12-07 13:00:00,81.0903078723534,15.241770833333334,0.12,0.1,0.575,250.0,250.0,250.0,0.0,315.8485370390201,37.901824444682404,0.0,-37.901824444682404
2019-12-07 14:00:00,81.01075113105767,7.403948787878789,0.12,0.575,0.8125,125.0,125.0,125.0,0.0,198.60680234317888,23.832816281181465,0.0,-23.832816281181465
2019-12-07 15:00:00,83.93075425810632,7.672672435897436,0.12,0.8125,0.9,250.0,46.052631578947384,46.052631578947384,0.0,122.31071340115626,14.677285608138751,0.0,-14.677285608138751
2019-12-07 16:00:00,79.49417851546907,5.574856944444444,0.12,0.9,0.6368421052631579,-125.0,-125.0,0.0,125.0,-51.080678428975375,0.0,0.0,-0.0
2019-12-07 17:00:00,76.39004406560342,0.0,0.12,0.6368421052631579,0.6368421052631579,0.0,0.0,0.0,-0.0,76.39004406560342,9.16680528787241,0.0,-9.16680528787241
2019-12-07 18:00:00,78.20939561653809,0.0,0.12,0.6368421052631579,0.3736842105263158,-125.0,-125.0,0.0,125.0,-46.79060438346191,0.0,0.0,-0.0
2019-12-07 19:00:00,77.48939793577419,0.0,0.12,0.3736842105263158,0.3736842105263158,0.0,0.0,0.0,-0.0,77.48939793577419,9.298727752292903,0.0,-9.298727752292903
2019-12-07 20:00:00,76.71712093044749,0.0,0.12,0.3736842105263158,0.10000000000000003,-250.0,-129.99999999999997,0.0,129.99999999999997,-53.28287906955248,0.0,0.0,-0.0
2019-12-07 21:00:00,81.08045465648728,0.0,0.12,0.10000000000000003,0.1,-250.0,-1.3183898417423734e-14,0.0,1.3183898417423734e-14,81.08045465648726,9.72965455877847,0.0,-9.72965455877847
2019-12-07 22:00:00,80.18519570558054,0.0,0.12,0.1,0.1,-125.0,-0.0,-0.0,0.0,80.18519570558054,9.622223484669664,0.0,-9.622223484669664
2019-12-07 23:00:00,77.4733561592819,0.0,0.12,0.1,0.3375,125.0,125.0,125.0,0.0,202.4733561592819,24.29680273911383,0.0,-24.29680273911383
2019-12-08 00:00:00,74.9694972534536,0.0,0.12,0.3375,0.3375,0.0,0.0,0.0,-0.0,74.9694972534536,8.99633967041443,0.0,-8.99633967041443
2019-12-08 01:00:00,75.30777692206449,0.0,0.12,0.3375,0.3375,0.0,0.0,0.0,-0.0,75.30777692206449,9.036933230647739,0.0,-9.036933230647739
2019-12-08 02:00:00,76.3038736727773,0.0,0.12,0.3375,0.1,-125.0,-112.81250000000001,0.0,112.81250000000001,-36.508626327222714,0.0,0.0,-0.0
2019-12-08 03:00:00,77.12630207296051,0.0,0.12,0.1,0.1,-125.0,-0.0,-0.0,0.0,77.12630207296051,9.255156248755261,0.0,-9.255156248755261
2019-12-08 04:00:00,77.18621478622383,0.0,0.12,0.1,0.3375,125.0,125.0,125.0,0.0,202.18621478622384,24.262345774346862,0.0,-24.262345774346862
2019-12-08 05:00:00,80.97770319938017,0.0,0.12,0.3375,0.8125,250.0,250.0,250.0,0.0,330.9777031993802,39.71732438392562,0.0,-39.71732438392562
2019-12-08 06:00:00,77.85990269439165,0.0,0.12,0.8125,0.549342105263158,-125.0,-125.0,0.0,125.0,-47.14009730560835,0.0,0.0,-0.0
2019-12-08 07:00:00,77.39109610913712,2.4251842419522323,0.12,0.549342105263158,0.2861842105263159,-125.0,-125.0,0.0,125.0,-50.034088132815114,0.0,0.0,-0.0
2019-12-08 08:00:00,77.92689186327651,17.083385606060606,0.12,0.2861842105263159,0.2861842105263159,0.0,0.0,0.0,-0.0,60.84350625721591,7.301220750865909,0.0,-7.301220750865909
2019-12-08 09:00:00,78.40609613697308,66.58082923076924,0.12,0.2861842105263159,0.2861842105263159,0.0,0.0,0.0,-0.0,11.825266906203836,1.4190320287444602,0.0,-1.4190320287444602
2019-12-08 10:00:00,85.76693834506789,85.87589166666667,0.12,0.2861842105263159,0.5236842105263159,125.0,125.0,125.0,0.0,124.89104667840121,14.986925601408144,0.0,-14.986925601408144
2019-12-08 11:00:00,77.91514069877623,63.24780757575757,0.12,0.5236842105263159,0.2605263157894738,-125.0,-125.0,0.0,125.0,-110.33266687698134,0.0,0.0,-0.0
2019-12-08 12:00:00,87.6106442505359,113.11054102564103,0.12,0.2605263157894738,0.2605263157894738,0.0,0.0,0.0,-0.0,-25.499896775105128,0.0,0.0,-0.0
2019-12-08 13:00:00,83.04308349076472,50.65968180555556,0.12,0.2605263157894738,0.7355263157894738,250.0,250.0,250.0,0.0,282.38340168520915,33.8860082022251,0.0,-33.8860082022251
2019-12-08 14:00:00,77.3637221552675,22.915541515151514,0.12,0.7355263157894738,0.9,250.0,86.56509695290853,86.56509695290853,0.0,141.0132775930245,16.92159331116294,0.0,-16.92159331116294
2019-12-08 15:00:00,81.98053892056706,33.33634102564102,0.12,0.9,0.6368421052631579,-125.0,-125.0,0.0,125.0,-76.35580210507396,0.0,0.0,-0.0
2019-12-08 16:00:00,77.62058716910472,2.2590933800623056,0.12,0.6368421052631579,0.6368421052631579,0.0,0.0,0.0,-0.0,75.36149378904241,9.043379254685089,0.0,-9.043379254685089
2019-12-08 17:00:00,75.35837462786452,0.0,0.12,0.6368421052631579,0.3736842105263158,-125.0,-125.0,0.0,125.0,-49.64162537213548,0.0,0.0,-0.0
2019-12-08 18:00:00,77.56788313406145,0.0,0.12,0.3736842105263158,0.10000000000000003,-250.0,-129.99999999999997,0.0,129.99999999999997,-52.432116865938525,0.0,0.0,-0.0
2019-12-08 19:00:00,79.88949246137878,0.0,0.12,0.10000000000000003,0.10000000000000003,0.0,0.0,0.0,-0.0,79.88949246137878,9.586739095365454,0.0,-9.586739095365454
2019-12-08 20:00:00,79.04128120772506,0.0,0.12,0.10000000000000003,0.1,-125.0,-1.3183898417423734e-14,0.0,1.3183898417423734e-14,79.04128120772505,9.484953744927006,0.0,-9.484953744927006
2019-12-08 21:00:00,79.98857482028069,0.0,0.12,0.1,0.1,-250.0,-0.0,-0.0,0.0,79.98857482028069,9.598628978433682,0.0,-9.598628978433682
2019-12-08 22:00:00,76.71411881591605,0.0,0.12,0.1,0.1,-125.0,-0.0,-0.0,0.0,76.71411881591605,9.205694257909926,0.0,-9.205694257909926
2019-12-08 23:00:00,77.26744344944662,0.0,0.12,0.1,0.3375,125.0,125.0,125.0,0.0,202.2674434494466,24.27209321393359,0.0,-24.27209321393359
2019-12-09 00:00:00,78.68576786394765,0.0,0.1,0.3375,0.1,-125.0,-112.81250000000001,0.0,112.81250000000001,-34.12673213605237,0.0,0.0,-0.0
2019-12-09 01:00:00,77.61657814122727,0.0,0.1,0.1,0.1,-250.0,-0.0,-0.0,0.0,77.61657814122727,7.761657814122727,0.0,-7.761657814122727
2019-12-09 02:00:00,74.93185242130279,0.0,0.1,0.1,0.3375,125.0,125.0,125.0,0.0,199.93185242130278,19.99318524213028,0.0,-19.99318524213028
2019-12-09 03:00:00,77.3767755124738,0.0,0.1,0.3375,0.1,-125.0,-112.81250000000001,0.0,112.81250000000001,-35.435724487526215,0.0,0.0,-0.0
2019-12-09 04:00:00,78.29997554290324,0.0,0.1,0.1,0.3375,125.0,125.0,125.0,0.0,203.29997554290324,20.329997554290326,0.0,-20.329997554290326
2019-12-09 05:00:00,82.54113141711231,0.0,0.1,0.3375,0.575,125.0,125.0,125.0,0.0,207.5411314171123,20.75411314171123,0.0,-20.75411314171123
2019-12-09 06:00:00,78.53429529024967,0.0,0.1,0.575,0.575,0.0,0.0,0.0,-0.0,78.53429529024967,7.853429529024968,0.0,-7.853429529024968
2019-12-09 07:00:00,80.62530569101669,3.540830942367601,0.18,0.575,0.31184210526315786,-125.0,-125.0,0.0,125.0,-47.915525251350914,0.0,0.0,-0.0
2019-12-09 08:00:00,96.06393242112632,49.49249621212121,0.18,0.31184210526315786,0.1,-250.0,-100.62499999999999,0.0,100.62499999999999,-54.05356379099487,0.0,0.0,-0.0
2019-12-09 09:00:00,95.69771317054925,69.73765512820513,0.18,0.1,0.1,-125.0,-0.0,-0.0,0.0,25.960058042344116,4.6728104476219405,0.0,-4.6728104476219405
2019-12-09 10:00:00,101.29816278820817,79.66467638888889,0.18,0.1,0.1,-125.0,-0.0,-0.0,0.0,21.63348639931928,3.8940275518774703,0.0,-3.8940275518774703
2019-12-09 11:00:00,97.02171191921047,105.88615757575758,0.18,0.1,0.1,0.0,0.0,0.0,-0.0,-8.864445656547105,0.0,0.0,-0.0
2019-12-09 12:00:00,105.86441063729143,101.9818782051282,0.18,0.1,0.1,0.0,0.0,0.0,-0.0,3.882532432163231,0.6988558377893815,0.0,-0.6988558377893815
2019-12-09 13:00:00,117.06179457369713,87.36571805555555,0.18,0.1,0.1,-250.0,-0.0,-0.0,0.0,29.69607651814158,5.345293773265484,0.0,-5.345293773265484
2019-12-09 14:00:00,91.48752599545142,62.82245606060605,0.18,0.1,0.3375,125.0,125.0,125.0,0.0,153.66506993484538,27.659712588272168,0.0,-27.659712588272168
2019-12-09 15:00:00,83.46928769660721,29.160909230769228,0.18,0.3375,0.575,125.0,125.0,125.0,0.0,179.308378465838,32.275508123850834,0.0,-32.275508123850834
2019-12-09 16:00:00,79.80016454340914,2.7701943081516096,0.32,0.575,0.9,250.0,171.0526315789474,171.0526315789474,0.0,248.0826018142049,79.38643258054557,0.0,-79.38643258054557
2019-12-09 17:00:00,80.50806456644456,0.0,0.32,0.9,0.6368421052631579,-125.0,-125.0,0.0,125.0,-44.49193543355544,0.0,0.0,-0.0
2019-12-09 18:00:00,86.03740702067111,0.0,0.32,0.6368421052631579,0.6368421052631579,0.0,0.0,0.0,-0.0,86.03740702067111,27.531970246614755,0.0,-27.531970246614755
2019-12-09 19:00:00,87.18929638475049,0.0,0.32,0.6368421052631579,0.3736842105263158,-125.0,-125.0,0.0,125.0,-37.81070361524951,0.0,0.0,-0.0
2019-12-09 20:00:00,86.02099789019002,0.0,0.32,0.3736842105263158,0.1105263157894737,-125.0,-125.0,0.0,125.0,-38.97900210980998,0.0,0.0,-0.0
2019-12-09 21:00:00,82.1241262643205,0.0,0.32,0.1105263157894737,0.1105263157894737,0.0,0.0,0.0,-0.0,82.1241262643205,26.27972040458256,0.0,-26.27972040458256
2019-12-09 22:00:00,78.31356116994641,0.0,0.1,0.1105263157894737,0.3480263157894737,125.0,125.0,125.0,0.0,203.3135611699464,20.33135611699464,0.0,-20.33135611699464
2019-12-09 23:00:00,78.88759613823999,0.0,0.1,0.3480263157894737,0.3480263157894737,0.0,0.0,0.0,-0.0,78.88759613823999,7.888759613823999,0.0,-7.888759613823999
2019-12-10 00:00:00,78.70832816403944,0.0,0.1,0.3480263157894737,0.10000000000000003,-125.0,-117.81249999999999,0.0,117.81249999999999,-39.10417183596054,0.0,0.0,-0.0
2019-12-10 01:00:00,78.19052894281432,0.0,0.1,0.10000000000000003,0.1,-250.0,-1.3183898417423734e-14,0.0,1.3183898417423734e-14,78.19052894281431,7.819052894281431,0.0,-7.819052894281431
2019-12-10 02:00:00,76.33678116988675,0.0,0.1,0.1,0.1,0.0,0.0,0.0,-0.0,76.33678116988675,7.633678116988675,0.0,-7.633678116988675
2019-12-10 03:00:00,78.2892925166875,0.0,0.1,0.1,0.3375,125.0,125.0,125.0,0.0,203.2892925166875,20.328929251668754,0.0,-20.328929251668754
2019-12-10 04:00:00,79.19898797512886,0.0,0.1,0.3375,0.8125,250.0,250.0,250.0,0.0,329.19898797512883,32.919898797512886,0.0,-32.919898797512886
2019-12-10 05:00:00,82.14424720189513,0.0,0.1,0.8125,0.549342105263158,-125.0,-125.0,0.0,125.0,-42.855752798104874,0.0,0.0,-0.0
2019-12-10 06:00:00,80.04157733555563,0.0,0.1,0.549342105263158,0.2861842105263159,-125.0,-125.0,0.0,125.0,-44.95842266444437,0.0,0.0,-0.0
2019-12-10 07:00:00,81.82420502724285,1.1655594755970924,0.18,0.2861842105263159,0.2861842105263159,0.0,0.0,0.0,-0.0,80.65864555164576,14.518556199296237,0.0,-14.518556199296237
2019-12-10 08:00:00,89.31099611650986,7.226155227272727,0.18,0.2861842105263159,0.5236842105263159,125.0,125.0,125.0,0.0,207.0848408892371,37.27527136006268,0.0,-37.27527136006268
2019-12-10 09:00:00,91.02867045500655,29.682034615384616,0.18,0.5236842105263159,0.2605263157894738,-125.0,-125.0,0.0,125.0,-63.65336416037807,0.0,0.0,-0.0
2019-12-10 10:00:00,94.75924750489581,67.98459444444444,0.18,0.2605263157894738,0.10000000000000003,-125.0,-76.25000000000003,0.0,76.25000000000003,-49.47534693954866,0.0,0.0,-0.0
2019-12-10 11:00:00,91.87182387699427,42.89145833333333,0.18,0.10000000000000003,0.10000000000000003,0.0,0.0,0.0,-0.0,48.98036554366094,8.816465797858969,0.0,-8.816465797858969
2019-12-10 12:00:00,89.92926600894783,20.126969615384613,0.18,0.10000000000000003,0.10000000000000003,0.0,0.0,0.0,-0.0,69.80229639356322,12.56441335084138,0.0,-12.56441335084138
2019-12-10 13:00:00,90.04712167657705,12.477188055555557,0.18,0.10000000000000003,0.1,-250.0,-1.3183898417423734e-14,0.0,1.3183898417423734e-14,77.56993362102148,13.962588051783865,0.0,-13.962588051783865
2019-12-10 14:00:00,88.69058620560882,10.057202121212121,0.18,0.1,0.3375,125.0,125.0,125.0,0.0,203.6333840843967,36.65400913519141,0.0,-36.65400913519141
2019-12-10 15:00:00,89.08758411521241,6.771233717948718,0.18,0.3375,0.575,125.0,125.0,125.0,0.0,207.3163503972637,37.31694307150747,0.0,-37.31694307150747
2019-12-10 16:00:00,85.98541214514233,1.6333057113187956,0.32,0.575,0.9,250.0,171.0526315789474,171.0526315789474,0.0,255.40473801277093,81.7295161640867,0.0,-81.7295161640867
2019-12-10 17:00:00,81.05611841748879,0.0,0.32,0.9,0.6368421052631579,-125.0,-125.0,0.0,125.0,-43.94388158251121,0.0,0.0,-0.0
2019-12-10 18:00:00,81.52345182200412,0.0,0.32,0.6368421052631579,0.6368421052631579,0.0,0.0,0.0,-0.0,81.52345182200412,26.08750458304132,0.0,-26.08750458304132
2019-12-10 19:00:00,81.82801635375777,0.0,0.32,0.6368421052631579,0.3736842105263158,-125.0,-125.0,0.0,125.0,-43.171983646242225,0.0,0.0,-0.0
2019-12-10 20:00:00,79.88093719544418,0.0,0.32,0.3736842105263158,0.1105263157894737,-125.0,-125.0,0.0,125.0,-45.119062804555824,0.0,0.0,-0.0
2019-12-10 21:00:00,78.00460944993897,0.0,0.32,0.1105263157894737,0.1105263157894737,0.0,0.0,0.0,-0.0,78.00460944993897,24.96147502398047,0.0,-24.96147502398047
2019-12-10 22:00:00,78.47420069091847,0.0,0.1,0.1105263157894737,0.1105263157894737,0.0,0.0,0.0,-0.0,78.47420069091847,7.8474200690918465,0.0,-7.8474200690918465
2019-12-10 23:00:00,77.24630269020976,0.0,0.1,0.1105263157894737,0.3480263157894737,125.0,125.0,125.0,0.0,202.24630269020975,20.224630269020977,0.0,-20.224630269020977
2019-12-11 00:00:00,74.40037650452777,0.0,0.1,0.3480263157894737,0.10000000000000003,-125.0,-117.81249999999999,0.0,117.81249999999999,-43.412123495472215,0.0,0.0,-0.0
2019-12-11 01:00:00,76.2624571502006,0.0,0.1,0.10000000000000003,0.1,-250.0,-1.3183898417423734e-14,0.0,1.3183898417423734e-14,76.26245715020059,7.626245715020059,0.0,-7.626245715020059
2019-12-11 02:00:00,76.31254036182256,0.0,0.1,0.1,0.3375,125.0,125.0,125.0,0.0,201.31254036182256,20.131254036182256,0.0,-20.131254036182256
2019-12-11 03:00:00,76.8010302614314,0.0,0.1,0.3375,0.8125,250.0,250.0,250.0,0.0,326.8010302614314,32.680103026143136,0.0,-32.680103026143136
2019-12-11 04:00:00,75.04023342462739,0.0,0.1,0.8125,0.9,125.0,46.052631578947384,46.052631578947384,0.0,121.09286500357477,12.109286500357477,0.0,-12.109286500357477
2019-12-11 05:00:00,75.65677691228512,0.0,0.1,0.9,0.9,0.0,0.0,0.0,-0.0,75.65677691228512,7.565677691228513,0.0,-7.565677691228513
2019-12-11 06:00:00,79.14746453920505,0.0,0.1,0.9,0.6368421052631579,-125.0,-125.0,0.0,125.0,-45.852535460794954,0.0,0.0,-0.0
2019-12-11 07:00:00,87.20051820736548,3.927761325934579,0.18,0.6368421052631579,0.3736842105263158,-125.0,-125.0,0.0,125.0,-41.727243118569106,0.0,0.0,-0.0
2019-12-11 08:00:00,91.67318117831017,14.658520454545455,0.18,0.3736842105263158,0.3736842105263158,0.0,0.0,0.0,-0.0,77.01466072376472,13.86263893027765,0.0,-13.86263893027765
2019-12-11 09:00:00,101.21633517588683,13.916984102564102,0.18,0.3736842105263158,0.6111842105263158,125.0,125.0,125.0,0.0,212.29935107332273,38.213883193198086,0.0,-38.213883193198086
2019-12-11 10:00:00,88.13220115747163,12.735056182502596,0.18,0.6111842105263158,0.3480263157894737,-125.0,-125.0,0.0,125.0,-49.602855025030976,0.0,0.0,-0.0
2019-12-11 11:00:00,107.71465945973273,21.598088990371,0.18,0.3480263157894737,0.10000000000000003,-250.0,-117.81249999999999,0.0,117.81249999999999,-31.695929530638253,0.0,0.0,-0.0
2019-12-11 12:00:00,101.1051844504025,19.70508076923077,0.18,0.10000000000000003,0.10000000000000003,0.0,0.0,0.0,-0.0,81.40010368117174,14.652018662610914,0.0,-14.652018662610914
2019-12-11 13:00:00,112.27184700950698,15.127811666666668,0.18,0.10000000000000003,0.575,250.0,250.0,250.0,0.0,347.1440353428403,62.48592636171125,0.0,-62.48592636171125
2019-12-11 14:00:00,86.64830343153535,8.375353181818182,0.18,0.575,0.31184210526315786,-125.0,-125.0,0.0,125.0,-46.72704975028283,0.0,0.0,-0.0
2019-12-11 15:00:00,83.76896678926528,4.88430172178289,0.18,0.31184210526315786,0.5493421052631579,125.0,125.0,125.0,0.0,203.8846650674824,36.69923971214683,0.0,-36.69923971214683
2019-12-11 16:00:00,113.33056247079487,1.0575115199896157,0.32,0.5493421052631579,0.9,250.0,184.55678670360118,184.55678670360118,0.0,296.82983765440645,94.98554804941007,0.0,-94.98554804941007
2019-12-11 17:00:00,110.99483931452328,0.0,0.32,0.9,0.6368421052631579,-125.0,-125.0,0.0,125.0,-14.005160685476724,0.0,0.0,-0.0
2019-12-11 18:00:00,111.33433484540696,0.0,0.32,0.6368421052631579,0.6368421052631579,0.0,0.0,0.0,-0.0,111.33433484540696,35.626987150530226,0.0,-35.626987150530226
2019-12-11 19:00:00,110.6158393977409,0.0,0.32,0.6368421052631579,0.3736842105263158,-125.0,-125.0,0.0,125.0,-14.3841606022591,0.0,0.0,-0.0
2019-12-11 20:00:00,87.15848306389559,0.0,0.32,0.3736842105263158,0.1105263157894737,-125.0,-125.0,0.0,125.0,-37.84151693610441,0.0,0.0,-0.0
2019-12-11 21:00:00,75.56455629352038,0.0,0.32,0.1105263157894737,0.1105263157894737,0.0,0.0,0.0,-0.0,75.56455629352038,24.18065801392652,0.0,-24.18065801392652
2019-12-11 22:00:00,74.60665402194138,0.0,0.1,0.1105263157894737,0.1105263157894737,0.0,0.0,0.0,-0.0,74.60665402194138,7.460665402194138,0.0,-7.460665402194138
2019-12-11 23:00:00,71.9841001123373,0.0,0.1,0.1105263157894737,0.3480263157894737,125.0,125.0,125.0,0.0,196.9841001123373,19.698410011233733,0.0,-19.698410011233733
2019-12-12 00:00:00,71.30380011754507,0.0,0.1,0.3480263157894737,0.10000000000000003,-250.0,-117.81249999999999,0.0,117.81249999999999,-46.50869988245492,0.0,0.0,-0.0
2019-12-12 01:00:00,71.70353820277447,0.0,0.1,0.10000000000000003,0.3375,125.0,125.0,125.0,0.0,196.70353820277447,19.670353820277448,0.0,-19.670353820277448
2019-12-12 02:00:00,71.62931760018228,0.0,0.1,0.3375,0.8125,250.0,250.0,250.0,0.0,321.6293176001823,32.16293176001823,0.0,-32.16293176001823
2019-12-12 03:00:00,71.37110834242807,0.0,0.1,0.8125,0.2861842105263158,-250.0,-250.0,0.0,250.0,-178.62889165757193,0.0,0.0,-0.0
2019-12-12 04:00:00,72.34727148917948,0.0,0.1,0.2861842105263158,0.10000000000000003,-125.0,-88.4375,0.0,88.4375,-16.090228510820523,0.0,0.0,-0.0
2019-12-12 05:00:00,76.64355142318934,0.0,0.1,0.10000000000000003,0.3375,125.0,125.0,125.0,0.0,201.64355142318934,20.164355142318936,0.0,-20.164355142318936
2019-12-12 06:00:00,73.8185965015796,0.0,0.1,0.3375,0.3375,0.0,0.0,0.0,-0.0,73.8185965015796,7.381859650157961,0.0,-7.381859650157961
2019-12-12 07:00:00,77.351921668824,1.2404292834890966,0.18,0.3375,0.1,-250.0,-112.81250000000001,0.0,112.81250000000001,-36.7010076146651,0.0,0.0,-0.0
2019-12-12 08:00:00,81.07966727981453,4.985756060606061,0.18,0.1,0.1,-250.0,-0.0,-0.0,0.0,76.09391121920847,13.696904019457524,0.0,-13.696904019457524
2019-12-12 09:00:00,83.24088436056371,17.96758576923077,0.18,0.1,0.1,-250.0,-0.0,-0.0,0.0,65.27329859133295,11.74919374643993,0.0,-11.74919374643993
2019-12-12 10:00:00,79.93584468057301,27.926808194444444,0.18,0.1,0.1,-250.0,-0.0,-0.0,0.0,52.009036486128565,9.36162656750314,0.0,-9.36162656750314
2019-12-12 11:00:00,50.6786334794374,34.2772356060606,0.18,0.1,0.1,0.0,0.0,0.0,-0.0,16.4013978733768,2.952251617207824,0.0,-2.952251617207824
2019-12-12 12:00:00,51.3544233426577,58.968317948717946,0.18,0.1,0.1,0.0,0.0,0.0,-0.0,-7.613894606060249,0.0,0.0,-0.0
2019-12-12 13:00:00,61.04360087988376,42.574534444444446,0.18,0.1,0.1,-250.0,-0.0,-0.0,0.0,18.469066435439316,3.3244319583790767,0.0,-3.3244319583790767
2019-12-12 14:00:00,68.08784536806344,20.687820757575757,0.18,0.1,0.1,0.0,0.0,0.0,-0.0,47.400024610487684,8.532004429887783,0.0,-8.532004429887783
2019-12-12 15:00:00,79.5069704273,11.100863846153848,0.18,0.1,0.1,0.0,0.0,0.0,-0.0,68.40610658114616,12.313099184606308,0.0,-12.313099184606308
2019-12-12 16:00:00,74.09405949843082,2.017394652128764,0.32,0.1,0.1,-250.0,-0.0,-0.0,0.0,72.07666484630207,23.06453275081666,0.0,-23.06453275081666
2019-12-12 17:00:00,78.12317013393884,0.0,0.32,0.1,0.1,-250.0,-0.0,-0.0,0.0,78.12317013393884,24.99941444286043,0.0,-24.99941444286043
2019-12-12 18:00:00,81.24860049882916,0.0,0.32,0.1,0.1,0.0,0.0,0.0,-0.0,81.24860049882916,25.99955215962533,0.0,-25.99955215962533
2019-12-12 19:00:00,82.09561266352293,0.0,0.32,0.1,0.1,-250.0,-0.0,-0.0,0.0,82.09561266352293,26.27059605232734,0.0,-26.27059605232734
2019-12-12 20:00:00,82.0313014703309,0.0,0.32,0.1,0.575,250.0,250.0,250.0,0.0,332.0313014703309,106.2500164705059,0.0,-106.2500164705059
2019-12-12 21:00:00,76.20192847217919,0.0,0.32,0.575,0.31184210526315786,-125.0,-125.0,0.0,125.0,-48.79807152782081,0.0,0.0,-0.0
2019-12-12 22:00:00,74.1732257655306,0.0,0.1,0.31184210526315786,0.1,-250.0,-100.62499999999999,0.0,100.62499999999999,-26.451774234469383,0.0,0.0,-0.0
2019-12-12 23:00:00,73.97809377792633,0.0,0.1,0.1,0.3375,125.0,125.0,125.0,0.0,198.97809377792635,19.897809377792637,0.0,-19.897809377792637
2019-12-13 00:00:00,73.12852097372806,0.0,0.1,0.3375,0.1,-250.0,-112.81250000000001,0.0,112.81250000000001,-39.683979026271956,0.0,0.0,-0.0
2019-12-13 01:00:00,73.19936301272423,0.0,0.1,0.1,0.3375,125.0,125.0,125.0,0.0,198.19936301272423,19.819936301272424,0.0,-19.819936301272424
2019-12-13 02:00:00,76.1845327625935,0.0,0.1,0.3375,0.8125,250.0,250.0,250.0,0.0,326.1845327625935,32.61845327625935,0.0,-32.61845327625935
2019-12-13 03:00:00,73.00931934731176,0.0,0.1,0.8125,0.2861842105263158,-250.0,-250.0,0.0,250.0,-176.99068065268824,0.0,0.0,-0.0
2019-12-13 04:00:00,73.00623789046993,0.0,0.1,0.2861842105263158,0.2861842105263158,0.0,0.0,0.0,-0.0,73.00623789046993,7.300623789046994,0.0,-7.300623789046994
2019-12-13 05:00:00,77.18847963641838,0.0,0.1,0.2861842105263158,0.5236842105263158,125.0,125.0,125.0,0.0,202.18847963641838,20.21884796364184,0.0,-20.21884796364184
2019-12-13 06:00:00,73.23439267140968,0.0,0.1,0.5236842105263158,0.5236842105263158,0.0,0.0,0.0,-0.0,73.23439267140968,7.3234392671409685,0.0,-7.3234392671409685
2019-12-13 07:00:00,78.9341378830781,0.5712246105919002,0.18,0.5236842105263158,0.26052631578947366,-125.0,-125.0,0.0,125.0,-46.637086727513804,0.0,0.0,-0.0
2019-12-13 08:00:00,87.40869960816076,4.523584848484848,0.18,0.26052631578947366,0.49802631578947365,125.0,125.0,125.0,0.0,207.8851147596759,37.41932065674166,0.0,-37.41932065674166
2019-12-13 09:00:00,94.51386000231788,5.85118782051282,0.18,0.49802631578947365,0.49802631578947365,0.0,0.0,0.0,-0.0,88.66267218180506,15.959280992724912,0.0,-15.959280992724912
2019-12-13 10:00:00,93.44705499467642,9.53919013888889,0.18,0.49802631578947365,0.9,250.0,211.56509695290862,211.56509695290862,0.0,295.47296180869614,53.1851331255653,0.0,-53.1851331255653
2019-12-13 11:00:00,92.54603981912791,7.97348303030303,0.18,0.9,0.37368421052631584,-250.0,-250.0,0.0,250.0,-165.4274432111751,0.0,0.0,-0.0
2019-12-13 12:00:00,90.41131901395927,9.167089230769232,0.18,0.37368421052631584,0.6111842105263159,125.0,125.0,125.0,0.0,206.24422978319004,37.12396136097421,0.0,-37.12396136097421
2019-12-13 13:00:00,115.24602945787761,13.493895555555554,0.18,0.6111842105263159,0.3480263157894738,-125.0,-125.0,0.0,125.0,-23.247866097677942,0.0,0.0,-0.0
2019-12-13 14:00:00,106.01617043077317,11.238429393939393,0.18,0.3480263157894738,0.10000000000000003,-250.0,-117.81250000000004,0.0,117.81250000000004,-23.03475896316627,0.0,0.0,-0.0
2019-12-13 15:00:00,90.39589185406076,5.740283717948717,0.18,0.10000000000000003,0.10000000000000003,0.0,0.0,0.0,-0.0,84.65560813611205,15.238009464500168,0.0,-15.238009464500168
2019-12-13 16:00:00,84.87648508293948,0.9822795625649018,0.32,0.10000000000000003,0.1,-250.0,-1.3183898417423734e-14,0.0,1.3183898417423734e-14,83.89420552037457,26.846145766519864,0.0,-26.846145766519864
2019-12-13 17:00:00,83.94126748324278,0.0,0.32,0.1,0.1,-250.0,-0.0,-0.0,0.0,83.94126748324278,26.861205594637692,0.0,-26.861205594637692
2019-12-13 18:00:00,83.06492750776566,0.0,0.32,0.1,0.1,-125.0,-0.0,-0.0,0.0,83.06492750776566,26.580776802485012,0.0,-26.580776802485012
2019-12-13 19:00:00,83.01994187602891,0.0,0.32,0.1,0.1,-250.0,-0.0,-0.0,0.0,83.01994187602891,26.566381400329252,0.0,-26.566381400329252
2019-12-13 20:00:00,79.63153193486568,0.0,0.32,0.1,0.1,-250.0,-0.0,-0.0,0.0,79.63153193486568,25.482090219157016,0.0,-25.482090219157016
2019-12-13 21:00:00,79.67069567841375,0.0,0.32,0.1,0.1,0.0,0.0,0.0,-0.0,79.67069567841375,25.4946226170924,0.0,-25.4946226170924
2019-12-13 22:00:00,79.19092225460355,0.0,0.1,0.1,0.1,0.0,0.0,0.0,-0.0,79.19092225460355,7.919092225460355,0.0,-7.919092225460355
2019-12-13 23:00:00,73.97809108286626,0.0,0.1,0.1,0.3375,125.0,125.0,125.0,0.0,198.97809108286626,19.897809108286626,0.0,-19.897809108286626
2019-12-14 00:00:00,75.29719670440092,0.0,0.12,0.3375,0.1,-250.0,-112.81250000000001,0.0,112.81250000000001,-37.5153032955991,0.0,0.0,-0.0
2019-12-14 01:00:00,75.41780666546296,0.0,0.12,0.1,0.1,0.0,0.0,0.0,-0.0,75.41780666546296,9.050136799855554,0.0,-9.050136799855554
2019-12-14 02:00:00,76.59012530018607,0.0,0.12,0.1,0.1,0.0,0.0,0.0,-0.0,76.59012530018607,9.190815036022329,0.0,-9.190815036022329
2019-12-14 03:00:00,75.9883196205339,0.0,0.12,0.1,0.1,-125.0,-0.0,-0.0,0.0,75.9883196205339,9.118598354464067,0.0,-9.118598354464067
2019-12-14 04:00:00,77.06717940798184,0.0,0.12,0.1,0.3375,125.0,125.0,125.0,0.0,202.06717940798183,24.24806152895782,0.0,-24.24806152895782
2019-12-14 05:00:00,81.2812881154434,0.0,0.12,0.3375,0.3375,0.0,0.0,0.0,-0.0,81.2812881154434,9.753754573853207,0.0,-9.753754573853207
2019-12-14 06:00:00,77.89813261811054,0.0,0.12,0.3375,0.8125,250.0,250.0,250.0,0.0,327.89813261811054,39.34777591417326,0.0,-39.34777591417326
2019-12-14 07:00:00,76.99310747572738,1.5599578920041532,0.12,0.8125,0.549342105263158,-125.0,-125.0,0.0,125.0,-49.566850416276765,0.0,0.0,-0.0
2019-12-14 08:00:00,80.2785792581686,44.225303939393946,0.12,0.549342105263158,0.549342105263158,0.0,0.0,0.0,-0.0,36.05327531877466,4.3263930382529585,0.0,-4.3263930382529585
2019-12-14 09:00:00,84.15604239088333,78.54069230769231,0.12,0.549342105263158,0.549342105263158,0.0,0.0,0.0,-0.0,5.615350083191018,0.6738420099829221,0.0,-0.6738420099829221
2019-12-14 10:00:00,88.1636467969379,58.11337666666666,0.12,0.549342105263158,0.786842105263158,125.0,125.0,125.0,0.0,155.05027013027123,18.606032415632548,0.0,-18.606032415632548
2019-12-14 11:00:00,90.07602632154745,92.95508636363637,0.12,0.786842105263158,0.9,250.0,59.55678670360106,59.55678670360106,0.0,56.67772666151214,6.801327199381457,0.0,-6.801327199381457
2019-12-14 12:00:00,84.20999351093437,82.8572773076923,0.12,0.9,0.6368421052631579,-125.0,-125.0,0.0,125.0,-123.64728379675793,0.0,0.0,-0.0
2019-12-14 13:00:00,81.23016052916762,56.370942500000005,0.12,0.6368421052631579,0.8743421052631579,125.0,125.0,125.0,0.0,149.8592180291676,17.98310616350011,0.0,-17.98310616350011
2019-12-14 14:00:00,86.77254450280958,60.51460757575757,0.12,0.8743421052631579,0.6111842105263159,-125.0,-125.0,0.0,125.0,-98.74206307294799,0.0,0.0,-0.0
2019-12-14 15:00:00,79.67695832058334,18.00603192307692,0.12,0.6111842105263159,0.9,250.0,152.00831024930747,152.00831024930747,0.0,213.67923664681388,25.641508397617663,0.0,-25.641508397617663
2019-12-14 16:00:00,77.7025468356565,3.336388618899274,0.12,0.9,0.6368421052631579,-125.0,-125.0,0.0,125.0,-50.63384178324277,0.0,0.0,-0.0
2019-12-14 17:00:00,75.85516712740315,0.0,0.12,0.6368421052631579,0.3736842105263158,-125.0,-125.0,0.0,125.0,-49.14483287259685,0.0,0.0,-0.0
2019-12-14 18:00:00,78.38785321351324,0.0,0.12,0.3736842105263158,0.10000000000000003,-250.0,-129.99999999999997,0.0,129.99999999999997,-51.61214678648673,0.0,0.0,-0.0
2019-12-14 19:00:00,80.05677962265504,0.0,0.12,0.10000000000000003,0.10000000000000003,0.0,0.0,0.0,-0.0,80.05677962265504,9.606813554718604,0.0,-9.606813554718604
2019-12-14 20:00:00,78.86719343501426,0.0,0.12,0.10000000000000003,0.1,-125.0,-1.3183898417423734e-14,0.0,1.3183898417423734e-14,78.86719343501424,9.464063212201708,0.0,-9.464063212201708
2019-12-14 21:00:00,78.48922639281113,0.0,0.12,0.1,0.1,-250.0,-0.0,-0.0,0.0,78.48922639281113,9.418707167137336,0.0,-9.418707167137336
2019-12-14 22:00:00,77.53339968457028,0.0,0.12,0.1,0.1,-125.0,-0.0,-0.0,0.0,77.53339968457028,9.304007962148434,0.0,-9.304007962148434
2019-12-14 23:00:00,77.42356919115952,0.0,0.12,0.1,0.3375,125.0,125.0,125.0,0.0,202.42356919115952,24.29082830293914,0.0,-24.29082830293914
2019-12-15 00:00:00,77.53651577351845,0.0,0.12,0.3375,0.3375,0.0,0.0,0.0,-0.0,77.53651577351845,9.304381892822214,0.0,-9.304381892822214
2019-12-15 01:00:00,80.38864777795321,0.0,0.12,0.3375,0.3375,0.0,0.0,0.0,-0.0,80.38864777795321,9.646637733354385,0.0,-9.646637733354385
2019-12-15 02:00:00,78.36745954654614,0.0,0.12,0.3375,0.1,-125.0,-112.81250000000001,0.0,112.81250000000001,-34.44504045345387,0.0,0.0,-0.0
2019-12-15 03:00:00,77.26636890393641,0.0,0.12,0.1,0.1,-125.0,-0.0,-0.0,0.0,77.26636890393641,9.271964268472368,0.0,-9.271964268472368
2019-12-15 04:00:00,80.3568305074308,0.0,0.12,0.1,0.3375,125.0,125.0,125.0,0.0,205.3568305074308,24.642819660891696,0.0,-24.642819660891696
2019-12-15 05:00:00,83.3466021097697,0.0,0.12,0.3375,0.8125,250.0,250.0,250.0,0.0,333.3466021097697,40.00159225317236,0.0,-40.00159225317236
2019-12-15 06:00:00,79.0029162267984,0.0,0.12,0.8125,0.549342105263158,-125.0,-125.0,0.0,125.0,-45.997083773201595,0.0,0.0,-0.0
2019-12-15 07:00:00,79.08261694608431,7.810610606178607,0.12,0.549342105263158,0.2861842105263159,-125.0,-125.0,0.0,125.0,-53.7279936600943,0.0,0.0,-0.0
2019-12-15 08:00:00,81.09474835740747,46.429377575757584,0.12,0.2861842105263159,0.2861842105263159,0.0,0.0,0.0,-0.0,34.665370781649884,4.159844493797986,0.0,-4.159844493797986
2019-12-15 09:00:00,81.48858742670221,78.47765384615386,0.12,0.2861842105263159,0.10000000000000003,-125.0,-88.43750000000003,0.0,88.43750000000003,-85.42656641945167,0.0,0.0,-0.0
2019-12-15 10:00:00,83.99211655285188,97.87790694444446,0.12,0.10000000000000003,0.1,-250.0,-1.3183898417423734e-14,0.0,1.3183898417423734e-14,-13.885790391592591,0.0,0.0,-0.0
2019-12-15 11:00:00,85.70613041493205,105.03016515151516,0.12,0.1,0.3375,125.0,125.0,125.0,0.0,105.67596526341688,12.681115831610025,0.0,-12.681115831610025
2019-12-15 12:00:00,85.75125198734017,102.12382948717949,0.12,0.3375,0.1,-125.0,-112.81250000000001,0.0,112.81250000000001,-129.18507749983934,0.0,0.0,-0.0
2019-12-15 13:00:00,84.24299016718841,86.51249166666668,0.12,0.1,0.1,0.0,0.0,0.0,-0.0,-2.2695014994782667,0.0,0.0,-0.0
2019-12-15 14:00:00,82.16180753085531,61.36715303030304,0.12,0.1,0.1,0.0,0.0,0.0,-0.0,20.794654500552276,2.495358540066273,0.0,-2.495358540066273
2019-12-15 15:00:00,78.28922420235534,27.880788333333328,0.12,0.1,0.1,-250.0,-0.0,-0.0,0.0,50.408435869022014,6.049012304282641,0.0,-6.049012304282641
2019-12-15 16:00:00,78.70600960713433,2.5899634527518174,0.12,0.1,0.1,-250.0,-0.0,-0.0,0.0,76.11604615438252,9.1339255385259,0.0,-9.1339255385259
2019-12-15 17:00:00,78.62365823540304,0.0,0.12,0.1,0.1,0.0,0.0,0.0,-0.0,78.62365823540304,9.434838988248364,0.0,-9.434838988248364
2019-12-15 18:00:00,79.43862245246783,0.0,0.12,0.1,0.575,250.0,250.0,250.0,0.0,329.4386224524678,39.532634694296135,0.0,-39.532634694296135
2019-12-15 19:00:00,78.97261853419411,0.0,0.12,0.575,0.8125,125.0,125.0,125.0,0.0,203.9726185341941,24.476714224103294,0.0,-24.476714224103294
2019-12-15 20:00:00,76.14652691414517,0.0,0.12,0.8125,0.549342105263158,-125.0,-125.0,0.0,125.0,-48.85347308585483,0.0,0.0,-0.0
2019-12-15 21:00:00,80.5293488035078,0.0,0.12,0.549342105263158,0.2861842105263159,-125.0,-125.0,0.0,125.0,-44.4706511964922,0.0,0.0,-0.0
2019-12-15 22:00:00,78.95520403184247,0.0,0.12,0.2861842105263159,0.10000000000000003,-125.0,-88.43750000000003,0.0,88.43750000000003,-9.482295968157558,0.0,0.0,-0.0
2019-12-15 23:00:00,77.44630588710413,0.0,0.12,0.10000000000000003,0.3375,125.0,125.0,125.0,0.0,202.44630588710413,24.293556706452495,0.0,-24.293556706452495
2019-12-16 00:00:00,77.07421482510762,0.0,0.1,0.3375,0.1,-125.0,-112.81250000000001,0.0,112.81250000000001,-35.7382851748924,0.0,0.0,-0.0
2019-12-16 01:00:00,77.99499045893411,0.0,0.1,0.1,0.1,-250.0,-0.0,-0.0,0.0,77.99499045893411,7.799499045893412,0.0,-7.799499045893412
2019-12-16 02:00:00,78.65322088481908,0.0,0.1,0.1,0.1,0.0,0.0,0.0,-0.0,78.65322088481908,7.865322088481908,0.0,-7.865322088481908
2019-12-16 03:00:00,79.27422201303429,0.0,0.1,0.1,0.3375,125.0,125.0,125.0,0.0,204.2742220130343,20.42742220130343,0.0,-20.42742220130343
2019-12-16 04:00:00,77.7475855697472,0.0,0.1,0.3375,0.8125,250.0,250.0,250.0,0.0,327.74758556974723,32.774758556974724,0.0,-32.774758556974724
2019-12-16 05:00:00,83.54798258689006,0.0,0.1,0.8125,0.549342105263158,-125.0,-125.0,0.0,125.0,-41.45201741310994,0.0,0.0,-0.0
2019-12-16 06:00:00,82.30935705625492,0.0,0.1,0.549342105263158,0.2861842105263159,-125.0,-125.0,0.0,125.0,-42.690642943745075,0.0,0.0,-0.0
2019-12-16 07:00:00,84.19596433432112,7.142575379023884,0.18,0.2861842105263159,0.2861842105263159,0.0,0.0,0.0,-0.0,77.05338895529724,13.869610011953503,0.0,-13.869610011953503
2019-12-16 08:00:00,84.69804460898702,46.016318181818185,0.18,0.2861842105263159,0.2861842105263159,0.0,0.0,0.0,-0.0,38.68172642716883,6.96271075689039,0.0,-6.96271075689039
2019-12-16 09:00:00,91.55132133141844,79.58724487179487,0.18,0.2861842105263159,0.2861842105263159,0.0,0.0,0.0,-0.0,11.96407645962357,2.1535337627322426,0.0,-2.1535337627322426
2019-12-16 10:00:00,96.72570040856023,99.0143625,0.18,0.2861842105263159,0.2861842105263159,0.0,0.0,0.0,-0.0,-2.2886620914397753,0.0,0.0,-0.0
2019-12-16 11:00:00,100.09172304455257,108.17475909090909,0.18,0.2861842105263159,0.2861842105263159,0.0,0.0,0.0,-0.0,-8.083036046356526,0.0,0.0,-0.0
2019-12-16 12:00:00,88.41283892372847,104.64043846153847,0.18,0.2861842105263159,0.2861842105263159,0.0,0.0,0.0,-0.0,-16.227599537809994,0.0,0.0,-0.0
2019-12-16 13:00:00,82.4466064588528,90.9858375,0.18,0.2861842105263159,0.2861842105263159,0.0,0.0,0.0,-0.0,-8.539231041147204,0.0,0.0,-0.0
2019-12-16 14:00:00,80.1744696990207,65.45722121212121,0.18,0.2861842105263159,0.2861842105263159,0.0,0.0,0.0,-0.0,14.717248486899493,2.6491047276419084,0.0,-2.6491047276419084
2019-12-16 15:00:00,83.55387575947944,32.165899230769234,0.18,0.2861842105263159,0.2861842105263159,0.0,0.0,0.0,-0.0,51.387976528710205,9.249835775167837,0.0,-9.249835775167837
2019-12-16 16:00:00,88.69981106531095,3.2925184644340604,0.32,0.2861842105263159,0.7611842105263158,250.0,250.0,250.0,0.0,335.4072926008769,107.3303336322806,0.0,-107.3303336322806
2019-12-16 17:00:00,81.9557717175907,0.0,0.32,0.7611842105263158,0.4980263157894737,-125.0,-125.0,0.0,125.0,-43.04422828240931,0.0,0.0,-0.0
2019-12-16 18:00:00,83.54264162667583,0.0,0.32,0.4980263157894737,0.4980263157894737,0.0,0.0,0.0,-0.0,83.54264162667583,26.733645320536265,0.0,-26.733645320536265
2019-12-16 19:00:00,86.90958142903075,0.0,0.32,0.4980263157894737,0.7355263157894737,125.0,125.0,125.0,0.0,211.90958142903077,67.81106605728985,0.0,-67.81106605728985
2019-12-16 20:00:00,80.33769096742553,0.0,0.32,0.7355263157894737,0.4723684210526316,-125.0,-125.0,0.0,125.0,-44.66230903257447,0.0,0.0,-0.0
2019-12-16 21:00:00,81.40980126147936,0.0,0.32,0.4723684210526316,0.2092105263157895,-125.0,-125.0,0.0,125.0,-43.59019873852064,0.0,0.0,-0.0
2019-12-16 22:00:00,78.15417702997898,0.0,0.1,0.2092105263157895,0.2092105263157895,0.0,0.0,0.0,-0.0,78.15417702997898,7.815417702997898,0.0,-7.815417702997898
2019-12-16 23:00:00,78.60146540292034,0.0,0.1,0.2092105263157895,0.2092105263157895,0.0,0.0,0.0,-0.0,78.60146540292034,7.8601465402920345,0.0,-7.8601465402920345
2019-12-17 00:00:00,76.98892797603676,0.0,0.1,0.2092105263157895,0.1,-125.0,-51.875000000000014,0.0,51.875000000000014,25.11392797603675,2.511392797603675,0.0,-2.511392797603675
2019-12-17 01:00:00,79.54607886371056,0.0,0.1,0.1,0.1,-250.0,-0.0,-0.0,0.0,79.54607886371056,7.954607886371057,0.0,-7.954607886371057
2019-12-17 02:00:00,78.25334008429724,0.0,0.1,0.1,0.1,0.0,0.0,0.0,-0.0,78.25334008429724,7.825334008429724,0.0,-7.825334008429724
2019-12-17 03:00:00,79.5443678119078,0.0,0.1,0.1,0.3375,125.0,125.0,125.0,0.0,204.54436781190782,20.454436781190783,0.0,-20.454436781190783
2019-12-17 04:00:00,77.12894880359059,0.0,0.1,0.3375,0.8125,250.0,250.0,250.0,0.0,327.12894880359056,32.71289488035906,0.0,-32.71289488035906
2019-12-17 05:00:00,82.26980746348842,0.0,0.1,0.8125,0.549342105263158,-125.0,-125.0,0.0,125.0,-42.73019253651158,0.0,0.0,-0.0
2019-12-17 06:00:00,81.2438972785148,0.0,0.1,0.549342105263158,0.2861842105263159,-125.0,-125.0,0.0,125.0,-43.756102721485206,0.0,0.0,-0.0
2019-12-17 07:00:00,83.45949331765543,1.7597166666666666,0.18,0.2861842105263159,0.2861842105263159,0.0,0.0,0.0,-0.0,81.69977665098877,14.705959797177977,0.0,-14.705959797177977
2019-12-17 08:00:00,92.18772149823677,8.230630303030303,0.18,0.2861842105263159,0.2861842105263159,0.0,0.0,0.0,-0.0,83.95709119520646,15.112276415137162,0.0,-15.112276415137162
2019-12-17 09:00:00,94.5405071034952,41.58787538461539,0.18,0.2861842105263159,0.2861842105263159,0.0,0.0,0.0,-0.0,52.952631718879815,9.531473709398366,0.0,-9.531473709398366
2019-12-17 10:00:00,101.08957553499124,74.45655416666666,0.18,0.2861842105263159,0.2861842105263159,0.0,0.0,0.0,-0.0,26.633021368324577,4.793943846298424,0.0,-4.793943846298424
2019-12-17 11:00:00,103.21039096149133,86.04201363636365,0.18,0.2861842105263159,0.2861842105263159,0.0,0.0,0.0,-0.0,17.16837732512768,3.0903079185229823,0.0,-3.0903079185229823
2019-12-17 12:00:00,108.38899289990322,56.62671666666666,0.18,0.2861842105263159,0.2861842105263159,0.0,0.0,0.0,-0.0,51.762276233236555,9.31720972198258,0.0,-9.31720972198258
2019-12-17 13:00:00,94.58029079795028,47.41375416666667,0.18,0.2861842105263159,0.10000000000000003,-250.0,-88.43750000000003,0.0,88.43750000000003,-41.270963368716416,0.0,0.0,-0.0
2019-12-17 14:00:00,94.94873777251114,26.383682272727274,0.18,0.10000000000000003,0.3375,125.0,125.0,125.0,0.0,193.56505549978385,34.84170998996109,0.0,-34.84170998996109
2019-12-17 15:00:00,92.09861492557691,26.774823974358977,0.18,0.3375,0.575,125.0,125.0,125.0,0.0,190.32379095121792,34.258282371219224,0.0,-34.258282371219224
2019-12-17 16:00:00,88.07437322466086,3.549464862409138,0.32,0.575,0.9,250.0,171.0526315789474,171.0526315789474,0.0,255.57753994119912,81.78481278118372,0.0,-81.78481278118372
2019-12-17 17:00:00,81.15714982187191,0.0,0.32,0.9,0.6368421052631579,-125.0,-125.0,0.0,125.0,-43.84285017812809,0.0,0.0,-0.0
2019-12-17 18:00:00,81.31669531492881,0.0,0.32,0.6368421052631579,0.6368421052631579,0.0,0.0,0.0,-0.0,81.31669531492881,26.02134250077722,0.0,-26.02134250077722
2019-12-17 19:00:00,83.14791661966741,0.0,0.32,0.6368421052631579,0.3736842105263158,-125.0,-125.0,0.0,125.0,-41.85208338033259,0.0,0.0,-0.0
2019-12-17 20:00:00,80.80335354462648,0.0,0.32,0.3736842105263158,0.1105263157894737,-125.0,-125.0,0.0,125.0,-44.196646455373525,0.0,0.0,-0.0
2019-12-17 21:00:00,79.135617145998,0.0,0.32,0.1105263157894737,0.1105263157894737,0.0,0.0,0.0,-0.0,79.135617145998,25.323397486719358,0.0,-25.323397486719358
2019-12-17 22:00:00,77.87149460187366,0.0,0.1,0.1105263157894737,0.1105263157894737,0.0,0.0,0.0,-0.0,77.87149460187366,7.787149460187367,0.0,-7.787149460187367
2019-12-17 23:00:00,78.67026886273868,0.0,0.1,0.1105263157894737,0.3480263157894737,125.0,125.0,125.0,0.0,203.67026886273868,20.36702688627387,0.0,-20.36702688627387
2019-12-18 00:00:00,77.83151458461273,0.0,0.1,0.3480263157894737,0.10000000000000003,-125.0,-117.81249999999999,0.0,117.81249999999999,-39.98098541538725,0.0,0.0,-0.0
2019-12-18 01:00:00,77.99062249106532,0.0,0.1,0.10000000000000003,0.1,-250.0,-1.3183898417423734e-14,0.0,1.3183898417423734e-14,77.99062249106531,7.799062249106531,0.0,-7.799062249106531
2019-12-18 02:00:00,75.15539312243277,0.0,0.1,0.1,0.1,0.0,0.0,0.0,-0.0,75.15539312243277,7.515539312243277,0.0,-7.515539312243277
2019-12-18 03:00:00,78.10629746794774,0.0,0.1,0.1,0.3375,125.0,125.0,125.0,0.0,203.10629746794774,20.310629746794774,0.0,-20.310629746794774
2019-12-18 04:00:00,76.94634360969506,0.0,0.1,0.3375,0.8125,250.0,250.0,250.0,0.0,326.9463436096951,32.69463436096951,0.0,-32.69463436096951
2019-12-18 05:00:00,77.34113962954694,0.0,0.1,0.8125,0.8125,0.0,0.0,0.0,-0.0,77.34113962954694,7.734113962954694,0.0,-7.734113962954694
2019-12-18 06:00:00,76.87563123961178,0.0,0.1,0.8125,0.549342105263158,-125.0,-125.0,0.0,125.0,-48.12436876038822,0.0,0.0,-0.0
2019-12-18 07:00:00,87.81122295409027,0.8830518821391484,0.18,0.549342105263158,0.2861842105263159,-125.0,-125.0,0.0,125.0,-38.07182892804887,0.0,0.0,-0.0
2019-12-18 08:00:00,91.81890946260752,8.36796606060606,0.18,0.2861842105263159,0.5236842105263159,125.0,125.0,125.0,0.0,208.45094340200146,37.52116981236026,0.0,-37.52116981236026
2019-12-18 09:00:00,116.27406669816462,36.159588974358975,0.18,0.5236842105263159,0.2605263157894738,-125.0,-125.0,0.0,125.0,-44.885522276194365,0.0,0.0,-0.0
2019-12-18 10:00:00,108.3634085967309,28.1875225,0.18,0.2605263157894738,0.10000000000000003,-125.0,-76.25000000000003,0.0,76.25000000000003,3.9258860967308777,0.706659497411558,0.0,-0.706659497411558
2019-12-18 11:00:00,100.2039668819421,82.62627727272728,0.18,0.10000000000000003,0.10000000000000003,0.0,0.0,0.0,-0.0,17.577689609214815,3.1639841296586666,0.0,-3.1639841296586666
2019-12-18 12:00:00,95.29195362094518,40.55634025641025,0.18,0.10000000000000003,0.10000000000000003,0.0,0.0,0.0,-0.0,54.73561336453493,9.852410405616286,0.0,-9.852410405616286
2019-12-18 13:00:00,93.11920152856084,27.947667499999998,0.18,0.10000000000000003,0.575,250.0,250.0,250.0,0.0,315.1715340285608,56.730876125140945,0.0,-56.730876125140945
2019-12-18 14:00:00,92.81135545517877,25.03733909090909,0.18,0.575,0.31184210526315786,-125.0,-125.0,0.0,125.0,-57.225983635730316,0.0,0.0,-0.0
2019-12-18 15:00:00,88.75663090870724,9.748546987179488,0.18,0.31184210526315786,0.5493421052631579,125.0,125.0,125.0,0.0,204.00808392152774,36.721455105874995,0.0,-36.721455105874995
2019-12-18 16:00:00,86.10475234268654,1.5361,0.32,0.5493421052631579,0.9,250.0,184.55678670360118,184.55678670360118,0.0,269.12543904628774,86.12014049481208,0.0,-86.12014049481208
2019-12-18 17:00:00,82.54397099304714,0.0,0.32,0.9,0.6368421052631579,-125.0,-125.0,0.0,125.0,-42.45602900695286,0.0,0.0,-0.0
2019-12-18 18:00:00,84.12783149748049,0.0,0.32,0.6368421052631579,0.6368421052631579,0.0,0.0,0.0,-0.0,84.12783149748049,26.920906079193756,0.0,-26.920906079193756
2019-12-18 19:00:00,83.30128173219789,0.0,0.32,0.6368421052631579,0.3736842105263158,-125.0,-125.0,0.0,125.0,-41.69871826780211,0.0,0.0,-0.0
2019-12-18 20:00:00,83.4577068146811,0.0,0.32,0.3736842105263158,0.1105263157894737,-125.0,-125.0,0.0,125.0,-41.5422931853189,0.0,0.0,-0.0
2019-12-18 21:00:00,80.91213189028358,0.0,0.32,0.1105263157894737,0.1105263157894737,0.0,0.0,0.0,-0.0,80.91213189028358,25.891882204890745,0.0,-25.891882204890745
2019-12-18 22:00:00,79.64318357640599,0.0,0.1,0.1105263157894737,0.1105263157894737,0.0,0.0,0.0,-0.0,79.64318357640599,7.964318357640599,0.0,-7.964318357640599
2019-12-18 23:00:00,76.69933927114216,0.0,0.1,0.1105263157894737,0.3480263157894737,125.0,125.0,125.0,0.0,201.69933927114215,20.169933927114215,0.0,-20.169933927114215
2019-12-19 00:00:00,77.26261454658855,0.0,0.1,0.3480263157894737,0.10000000000000003,-125.0,-117.81249999999999,0.0,117.81249999999999,-40.549885453411434,0.0,0.0,-0.0
2019-12-19 01:00:00,79.13874436832863,0.0,0.1,0.10000000000000003,0.1,-250.0,-1.3183898417423734e-14,0.0,1.3183898417423734e-14,79.13874436832862,7.913874436832862,0.0,-7.913874436832862
2019-12-19 02:00:00,80.48135866527075,0.0,0.1,0.1,0.3375,125.0,125.0,125.0,0.0,205.48135866527076,20.548135866527076,0.0,-20.548135866527076
2019-12-19 03:00:00,79.87138651287403,0.0,0.1,0.3375,0.8125,250.0,250.0,250.0,0.0,329.87138651287404,32.9871386512874,0.0,-32.9871386512874
2019-12-19 04:00:00,78.09888246062563,0.0,0.1,0.8125,0.9,125.0,46.052631578947384,46.052631578947384,0.0,124.15151403957302,12.415151403957303,0.0,-12.415151403957303
2019-12-19 05:00:00,83.06986681152179,0.0,0.1,0.9,0.9,0.0,0.0,0.0,-0.0,83.06986681152179,8.30698668115218,0.0,-8.30698668115218
2019-12-19 06:00:00,80.20750203733306,0.0,0.1,0.9,0.6368421052631579,-125.0,-125.0,0.0,125.0,-44.79249796266694,0.0,0.0,-0.0
2019-12-19 07:00:00,83.27515126863209,1.3599582424714434,0.18,0.6368421052631579,0.1105263157894737,-250.0,-250.0,0.0,250.0,-168.08480697383936,0.0,0.0,-0.0
2019-12-19 08:00:00,86.51560791061866,14.964083030303032,0.18,0.1105263157894737,0.3480263157894737,125.0,125.0,125.0,0.0,196.55152488031564,35.379274478456814,0.0,-35.379274478456814
2019-12-19 09:00:00,92.9349861365689,18.014657435897433,0.18,0.3480263157894737,0.3480263157894737,0.0,0.0,0.0,-0.0,74.92032870067146,13.485659166120863,0.0,-13.485659166120863
2019-12-19 10:00:00,92.7595098265794,28.341574305555554,0.18,0.3480263157894737,0.3480263157894737,0.0,0.0,0.0,-0.0,64.41793552102385,11.595228393784293,0.0,-11.595228393784293
2019-12-19 11:00:00,77.25773199956394,29.112541818181818,0.18,0.3480263157894737,0.10000000000000003,-250.0,-117.81249999999999,0.0,117.81249999999999,-69.66730981861787,0.0,0.0,-0.0
2019-12-19 12:00:00,95.40726142066828,26.126337499999998,0.18,0.10000000000000003,0.10000000000000003,0.0,0.0,0.0,-0.0,69.28092392066827,12.470566305720288,0.0,-12.470566305720288
2019-12-19 13:00:00,91.08911799265546,24.864644027777775,0.18,0.10000000000000003,0.575,250.0,250.0,250.0,0.0,316.2244739648777,56.92040531367798,0.0,-56.92040531367798
2019-12-19 14:00:00,89.98318977272241,32.19640606060606,0.18,0.575,0.31184210526315786,-125.0,-125.0,0.0,125.0,-67.21321628788365,0.0,0.0,-0.0
2019-12-19 15:00:00,83.62979933708456,24.199379487179485,0.18,0.31184210526315786,0.5493421052631579,125.0,125.0,125.0,0.0,184.4304198499051,33.19747557298292,0.0,-33.19747557298292
2019-12-19 16:00:00,81.50521204546176,4.894403653946002,0.32,0.5493421052631579,0.9,250.0,184.55678670360118,184.55678670360118,0.0,261.16759509511695,83.57363043043743,0.0,-83.57363043043743
2019-12-19 17:00:00,80.99510997407168,0.0,0.32,0.9,0.6368421052631579,-125.0,-125.0,0.0,125.0,-44.00489002592832,0.0,0.0,-0.0
2019-12-19 18:00:00,81.33674765377981,0.0,0.32,0.6368421052631579,0.6368421052631579,0.0,0.0,0.0,-0.0,81.33674765377981,26.027759249209538,0.0,-26.027759249209538
2019-12-19 19:00:00,83.16800163201617,0.0,0.32,0.6368421052631579,0.3736842105263158,-125.0,-125.0,0.0,125.0,-41.83199836798383,0.0,0.0,-0.0
2019-12-19 20:00:00,81.1167773826743,0.0,0.32,0.3736842105263158,0.1105263157894737,-125.0,-125.0,0.0,125.0,-43.8832226173257,0.0,0.0,-0.0
2019-12-19 21:00:00,76.65227329198268,0.0,0.32,0.1105263157894737,0.1105263157894737,0.0,0.0,0.0,-0.0,76.65227329198268,24.52872745343446,0.0,-24.52872745343446
2019-12-19 22:00:00,76.61043640218678,0.0,0.1,0.1105263157894737,0.1105263157894737,0.0,0.0,0.0,-0.0,76.61043640218678,7.661043640218678,0.0,-7.661043640218678
2019-12-19 23:00:00,76.4676794746117,0.0,0.1,0.1105263157894737,0.3480263157894737,125.0,125.0,125.0,0.0,201.4676794746117,20.14676794746117,0.0,-20.14676794746117
2019-12-20 00:00:00,75.48217114149871,0.0,0.1,0.3480263157894737,0.10000000000000003,-125.0,-117.81249999999999,0.0,117.81249999999999,-42.330328858501275,0.0,0.0,-0.0
2019-12-20 01:00:00,74.72202090299739,0.0,0.1,0.10000000000000003,0.1,-250.0,-1.3183898417423734e-14,0.0,1.3183898417423734e-14,74.72202090299737,7.472202090299738,0.0,-7.472202090299738
2019-12-20 02:00:00,75.77305544765615,0.0,0.1,0.1,0.3375,125.0,125.0,125.0,0.0,200.77305544765613,20.077305544765615,0.0,-20.077305544765615
2019-12-20 03:00:00,77.32269862914424,0.0,0.1,0.3375,0.1,-125.0,-112.81250000000001,0.0,112.81250000000001,-35.48980137085577,0.0,0.0,-0.0
2019-12-20 04:00:00,76.667857791636,0.0,0.1,0.1,0.1,-250.0,-0.0,-0.0,0.0,76.667857791636,7.6667857791636,0.0,-7.6667857791636
2019-12-20 05:00:00,80.65870732621823,0.0,0.1,0.1,0.3375,125.0,125.0,125.0,0.0,205.65870732621823,20.565870732621825,0.0,-20.565870732621825
2019-12-20 06:00:00,77.08662115326372,0.0,0.1,0.3375,0.3375,0.0,0.0,0.0,-0.0,77.08662115326372,7.708662115326373,0.0,-7.708662115326373
2019-12-20 07:00:00,81.4092626439136,2.432616243509866,0.18,0.3375,0.1,-250.0,-112.81250000000001,0.0,112.81250000000001,-33.83585359959628,0.0,0.0,-0.0
2019-12-20 08:00:00,81.54096915332217,24.11766121212121,0.18,0.1,0.3375,125.0,125.0,125.0,0.0,182.42330794120096,32.83619542941617,0.0,-32.83619542941617
2019-12-20 09:00:00,94.8500737032443,58.15991538461538,0.18,0.3375,0.3375,0.0,0.0,0.0,-0.0,36.690158318628924,6.604228497353206,0.0,-6.604228497353206
2019-12-20 10:00:00,99.34913151305675,82.24474444444444,0.18,0.3375,0.3375,0.0,0.0,0.0,-0.0,17.10438706861231,3.078789672350216,0.0,-3.078789672350216
2019-12-20 11:00:00,97.95691620264842,84.31302272727272,0.18,0.3375,0.3375,0.0,0.0,0.0,-0.0,13.643893475375691,2.4559008255676242,0.0,-2.4559008255676242
2019-12-20 12:00:00,96.19431296325638,76.48937179487179,0.18,0.3375,0.575,125.0,125.0,125.0,0.0,144.7049411683846,26.046889410309227,0.0,-26.046889410309227
2019-12-20 13:00:00,96.00961171027343,56.23489722222223,0.18,0.575,0.31184210526315786,-125.0,-125.0,0.0,125.0,-85.2252855119488,0.0,0.0,-0.0
2019-12-20 14:00:00,89.31269176158376,34.724917272727275,0.18,0.31184210526315786,0.31184210526315786,0.0,0.0,0.0,-0.0,54.58777448885649,9.825799407994168,0.0,-9.825799407994168
2019-12-20 15:00:00,81.54583233839074,15.063253333333334,0.18,0.31184210526315786,0.5493421052631579,125.0,125.0,125.0,0.0,191.4825790050574,34.46686422091033,0.0,-34.46686422091033
2019-12-20 16:00:00,82.05674371966568,2.6089548156801667,0.32,0.5493421052631579,0.9,250.0,184.55678670360118,184.55678670360118,0.0,264.0045756075867,84.48146419442774,0.0,-84.48146419442774
2019-12-20 17:00:00,81.24201163609682,0.0,0.32,0.9,0.6368421052631579,-125.0,-125.0,0.0,125.0,-43.75798836390318,0.0,0.0,-0.0
2019-12-20 18:00:00,81.44412309940442,0.0,0.32,0.6368421052631579,0.6368421052631579,0.0,0.0,0.0,-0.0,81.44412309940442,26.062119391809414,0.0,-26.062119391809414
2019-12-20 19:00:00,83.67945955019528,0.0,0.32,0.6368421052631579,0.3736842105263158,-125.0,-125.0,0.0,125.0,-41.320540449804724,0.0,0.0,-0.0
2019-12-20 20:00:00,87.27918926711594,0.0,0.32,0.3736842105263158,0.1105263157894737,-125.0,-125.0,0.0,125.0,-37.72081073288406,0.0,0.0,-0.0
2019-12-20 21:00:00,79.3341369362776,0.0,0.32,0.1105263157894737,0.1105263157894737,0.0,0.0,0.0,-0.0,79.3341369362776,25.386923819608832,0.0,-25.386923819608832
2019-12-20 22:00:00,77.90780443568316,0.0,0.1,0.1105263157894737,0.1105263157894737,0.0,0.0,0.0,-0.0,77.90780443568316,7.790780443568316,0.0,-7.790780443568316
2019-12-20 23:00:00,74.65215962614826,0.0,0.1,0.1105263157894737,0.3480263157894737,125.0,125.0,125.0,0.0,199.65215962614826,19.965215962614828,0.0,-19.965215962614828
2019-12-21 00:00:00,76.37464679782501,0.0,0.12,0.3480263157894737,0.10000000000000003,-250.0,-117.81249999999999,0.0,117.81249999999999,-41.43785320217498,0.0,0.0,-0.0
2019-12-21 01:00:00,78.78263416007549,0.0,0.12,0.10000000000000003,0.575,250.0,250.0,250.0,0.0,328.7826341600755,39.45391609920905,0.0,-39.45391609920905
2019-12-21 02:00:00,79.97343386815925,0.0,0.12,0.575,0.31184210526315786,-125.0,-125.0,0.0,125.0,-45.02656613184075,0.0,0.0,-0.0
2019-12-21 03:00:00,77.17964151070882,0.0,0.12,0.31184210526315786,0.1,-125.0,-100.62499999999999,0.0,100.62499999999999,-23.445358489291166,0.0,0.0,-0.0
2019-12-21 04:00:00,77.1306019845875,0.0,0.12,0.1,0.3375,125.0,125.0,125.0,0.0,202.13060198458749,24.2556722381505,0.0,-24.2556722381505
2019-12-21 05:00:00,82.73068207799216,0.0,0.12,0.3375,0.8125,250.0,250.0,250.0,0.0,332.7306820779921,39.927681849359054,0.0,-39.927681849359054
2019-12-21 06:00:00,79.21285278493256,0.0,0.12,0.8125,0.549342105263158,-125.0,-125.0,0.0,125.0,-45.787147215067435,0.0,0.0,-0.0
2019-12-21 07:00:00,78.1033660665648,1.1509205185617861,0.12,0.549342105263158,0.2861842105263159,-125.0,-125.0,0.0,125.0,-48.04755445199699,0.0,0.0,-0.0
2019-12-21 08:00:00,80.73317963559575,7.429165303030303,0.12,0.2861842105263159,0.2861842105263159,0.0,0.0,0.0,-0.0,73.30401433256544,8.796481719907852,0.0,-8.796481719907852
2019-12-21 09:00:00,80.60898975760799,16.89989653846154,0.12,0.2861842105263159,0.2861842105263159,0.0,0.0,0.0,-0.0,63.709093219146446,7.645091186297574,0.0,-7.645091186297574
2019-12-21 10:00:00,84.39921514078087,24.135101388888888,0.12,0.2861842105263159,0.5236842105263159,125.0,125.0,125.0,0.0,185.26411375189198,22.231693650227037,0.0,-22.231693650227037
2019-12-21 11:00:00,84.01137242778705,31.877176363636362,0.12,0.5236842105263159,0.2605263157894738,-125.0,-125.0,0.0,125.0,-72.86580393584931,0.0,0.0,-0.0
2019-12-21 12:00:00,79.80922934873742,36.61758538461538,0.12,0.2605263157894738,0.2605263157894738,0.0,0.0,0.0,-0.0,43.191643964122036,5.182997275694644,0.0,-5.182997275694644
2019-12-21 13:00:00,81.68298696491834,32.061609861111116,0.12,0.2605263157894738,0.7355263157894738,250.0,250.0,250.0,0.0,299.6213771038072,35.95456525245687,0.0,-35.95456525245687
2019-12-21 14:00:00,82.90208458707959,22.686823030303028,0.12,0.7355263157894738,0.9,250.0,86.56509695290853,86.56509695290853,0.0,146.78035850968507,17.613643021162208,0.0,-17.613643021162208
2019-12-21 15:00:00,81.97050832861002,10.449406987179488,0.12,0.9,0.9,250.0,0.0,0.0,-0.0,71.52110134143054,8.582532160971665,0.0,-8.582532160971665
2019-12-21 16:00:00,75.67828705037486,1.9244835539979235,0.12,0.9,0.6368421052631579,-125.0,-125.0,0.0,125.0,-51.246196503623054,0.0,0.0,-0.0
2019-12-21 17:00:00,77.29617817585587,0.0,0.12,0.6368421052631579,0.6368421052631579,0.0,0.0,0.0,-0.0,77.29617817585587,9.275541381102704,0.0,-9.275541381102704
2019-12-21 18:00:00,77.91239378431462,0.0,0.12,0.6368421052631579,0.1105263157894737,-250.0,-250.0,0.0,250.0,-172.08760621568538,0.0,0.0,-0.0
2019-12-21 19:00:00,80.25446955786741,0.0,0.12,0.1105263157894737,0.1,-125.0,-5.000000000000002,0.0,5.000000000000002,75.25446955786741,9.03053634694409,0.0,-9.03053634694409
2019-12-21 20:00:00,84.96425351565227,0.0,0.12,0.1,0.1,-125.0,-0.0,-0.0,0.0,84.96425351565227,10.195710421878273,0.0,-10.195710421878273
2019-12-21 21:00:00,77.88571483326311,0.0,0.12,0.1,0.1,-125.0,-0.0,-0.0,0.0,77.88571483326311,9.346285779991574,0.0,-9.346285779991574
2019-12-21 22:00:00,78.55868378089954,0.0,0.12,0.1,0.1,-125.0,-0.0,-0.0,0.0,78.55868378089954,9.427042053707945,0.0,-9.427042053707945
2019-12-21 23:00:00,79.34092722627841,0.0,0.12,0.1,0.3375,125.0,125.0,125.0,0.0,204.3409272262784,24.52091126715341,0.0,-24.52091126715341
2019-12-22 00:00:00,76.98170443014206,0.0,0.12,0.3375,0.3375,0.0,0.0,0.0,-0.0,76.98170443014206,9.237804531617046,0.0,-9.237804531617046
2019-12-22 01:00:00,76.23144205627001,0.0,0.12,0.3375,0.3375,0.0,0.0,0.0,-0.0,76.23144205627001,9.147773046752402,0.0,-9.147773046752402
2019-12-22 02:00:00,77.9554880081509,0.0,0.12,0.3375,0.1,-125.0,-112.81250000000001,0.0,112.81250000000001,-34.85701199184912,0.0,0.0,-0.0
2019-12-22 03:00:00,78.89982713698616,0.0,0.12,0.1,0.1,-125.0,-0.0,-0.0,0.0,78.89982713698616,9.467979256438339,0.0,-9.467979256438339
2019-12-22 04:00:00,79.11432205304651,0.0,0.12,0.1,0.3375,125.0,125.0,125.0,0.0,204.11432205304652,24.493718646365583,0.0,-24.493718646365583
2019-12-22 05:00:00,80.11051923595458,0.0,0.12,0.3375,0.8125,250.0,250.0,250.0,0.0,330.1105192359546,39.61326230831455,0.0,-39.61326230831455
2019-12-22 06:00:00,79.27488120789732,0.0,0.12,0.8125,0.549342105263158,-125.0,-125.0,0.0,125.0,-45.72511879210268,0.0,0.0,-0.0
2019-12-22 07:00:00,78.68674564207898,0.15132658359293874,0.12,0.549342105263158,0.2861842105263159,-125.0,-125.0,0.0,125.0,-46.46458094151396,0.0,0.0,-0.0
2019-12-22 08:00:00,79.12957119232068,2.373027024922118,0.12,0.2861842105263159,0.2861842105263159,0.0,0.0,0.0,-0.0,76.75654416739856,9.210785300087826,0.0,-9.210785300087826
2019-12-22 09:00:00,74.81340185657439,11.603614102564102,0.12,0.2861842105263159,0.2861842105263159,0.0,0.0,0.0,-0.0,63.209787754010286,7.585174530481234,0.0,-7.585174530481234
2019-12-22 10:00:00,78.58960567651147,18.528876805555555,0.12,0.2861842105263159,0.5236842105263159,125.0,125.0,125.0,0.0,185.06072887095593,22.20728746451471,0.0,-22.20728746451471
2019-12-22 11:00:00,82.28236314300877,18.833820454545453,0.12,0.5236842105263159,0.2605263157894738,-125.0,-125.0,0.0,125.0,-61.55145731153669,0.0,0.0,-0.0
2019-12-22 12:00:00,77.74654699150383,8.826686923076922,0.12,0.2605263157894738,0.7355263157894738,250.0,250.0,250.0,0.0,318.91986006842694,38.27038320821123,0.0,-38.27038320821123
2019-12-22 13:00:00,76.28586280433638,17.299109444444444,0.12,0.7355263157894738,0.9,250.0,86.56509695290853,86.56509695290853,0.0,145.55185031280047,17.466222037536056,0.0,-17.466222037536056
2019-12-22 14:00:00,71.88964961754043,14.359311969696972,0.12,0.9,0.6368421052631579,-125.0,-125.0,0.0,125.0,-67.46966235215655,0.0,0.0,-0.0
2019-12-22 15:00:00,76.60192815545987,6.883893205128205,0.12,0.6368421052631579,0.1105263157894737,-250.0,-250.0,0.0,250.0,-180.28196504966832,0.0,0.0,-0.0
2019-12-22 16:00:00,77.16428360517538,1.6373863966770512,0.12,0.1105263157894737,0.1105263157894737,0.0,0.0,0.0,-0.0,75.52689720849834,9.0632276650198,0.0,-9.0632276650198
2019-12-22 17:00:00,78.39145741105804,0.0,0.12,0.1105263157894737,0.1105263157894737,0.0,0.0,0.0,-0.0,78.39145741105804,9.406974889326964,0.0,-9.406974889326964
2019-12-22 18:00:00,77.64386428875825,0.0,0.12,0.1105263157894737,0.5855263157894737,250.0,250.0,250.0,0.0,327.64386428875827,39.31726371465099,0.0,-39.31726371465099
2019-12-22 19:00:00,81.973629116787,0.0,0.12,0.5855263157894737,0.3223684210526316,-125.0,-125.0,0.0,125.0,-43.026370883213005,0.0,0.0,-0.0
2019-12-22 20:00:00,80.8042291753553,0.0,0.12,0.3223684210526316,0.1,-250.0,-105.625,0.0,105.625,-24.820770824644697,0.0,0.0,-0.0
2019-12-22 21:00:00,79.95721712252342,0.0,0.12,0.1,0.1,-125.0,-0.0,-0.0,0.0,79.95721712252342,9.594866054702809,0.0,-9.594866054702809
2019-12-22 22:00:00,76.99365940462563,0.0,0.12,0.1,0.1,-125.0,-0.0,-0.0,0.0,76.99365940462563,9.239239128555075,0.0,-9.239239128555075
2019-12-22 23:00:00,76.2416417893673,0.0,0.12,0.1,0.3375,125.0,125.0,125.0,0.0,201.2416417893673,24.148997014724074,0.0,-24.148997014724074
2019-12-23 00:00:00,79.13341458697462,0.0,0.1,0.3375,0.1,-125.0,-112.81250000000001,0.0,112.81250000000001,-33.67908541302539,0.0,0.0,-0.0
2019-12-23 01:00:00,79.24724701888913,0.0,0.1,0.1,0.1,-250.0,-0.0,-0.0,0.0,79.24724701888913,7.924724701888913,0.0,-7.924724701888913
2019-12-23 02:00:00,78.68057707355247,0.0,0.1,0.1,0.3375,125.0,125.0,125.0,0.0,203.68057707355246,20.36805770735525,0.0,-20.36805770735525
2019-12-23 03:00:00,77.53941861027064,0.0,0.1,0.3375,0.1,-125.0,-112.81250000000001,0.0,112.81250000000001,-35.27308138972937,0.0,0.0,-0.0
2019-12-23 04:00:00,78.761603316168,0.0,0.1,0.1,0.3375,125.0,125.0,125.0,0.0,203.76160331616802,20.376160331616802,0.0,-20.376160331616802
2019-12-23 05:00:00,82.17119477916988,0.0,0.1,0.3375,0.3375,0.0,0.0,0.0,-0.0,82.17119477916988,8.217119477916988,0.0,-8.217119477916988
2019-12-23 06:00:00,79.70187919230558,0.0,0.1,0.3375,0.1,-125.0,-112.81250000000001,0.0,112.81250000000001,-33.11062080769443,0.0,0.0,-0.0
2019-12-23 07:00:00,78.35719942463508,1.204852341640706,0.18,0.1,0.1,-250.0,-0.0,-0.0,0.0,77.15234708299438,13.887422474938989,0.0,-13.887422474938989
2019-12-23 08:00:00,84.44139096892444,16.07055515151515,0.18,0.1,0.3375,125.0,125.0,125.0,0.0,193.37083581740927,34.806750447133666,0.0,-34.806750447133666
2019-12-23 09:00:00,88.27681879867447,52.91352307692308,0.18,0.3375,0.3375,0.0,0.0,0.0,-0.0,35.36329572175139,6.3653932299152505,0.0,-6.3653932299152505
2019-12-23 10:00:00,85.76149827507048,100.23188333333333,0.18,0.3375,0.3375,0.0,0.0,0.0,-0.0,-14.470385058262849,0.0,0.0,-0.0
2019-12-23 11:00:00,96.23754763895884,108.64282272727273,0.18,0.3375,0.3375,0.0,0.0,0.0,-0.0,-12.405275088313886,0.0,0.0,-0.0
2019-12-23 12:00:00,98.18709676139005,106.02301538461538,0.18,0.3375,0.575,125.0,125.0,125.0,0.0,117.16408137677467,21.08953464781944,0.0,-21.08953464781944
2019-12-23 13:00:00,93.86364051179557,90.9043013888889,0.18,0.575,0.31184210526315786,-125.0,-125.0,0.0,125.0,-122.04066087709333,0.0,0.0,-0.0
2019-12-23 14:00:00,90.62537821601383,66.30962272727272,0.18,0.31184210526315786,0.1,-250.0,-100.62499999999999,0.0,100.62499999999999,-76.30924451125888,0.0,0.0,-0.0
2019-12-23 15:00:00,87.82305157193046,33.44812974358974,0.18,0.1,0.1,0.0,0.0,0.0,-0.0,54.374921828340725,9.78748592910133,0.0,-9.78748592910133
2019-12-23 16:00:00,83.28316360677807,4.863340455607476,0.32,0.1,0.1,-250.0,-0.0,-0.0,0.0,78.4198231511706,25.094343408374595,0.0,-25.094343408374595
2019-12-23 17:00:00,79.64296462678381,0.0,0.32,0.1,0.1,-250.0,-0.0,-0.0,0.0,79.64296462678381,25.48574868057082,0.0,-25.48574868057082
2019-12-23 18:00:00,80.35228326989736,0.0,0.32,0.1,0.1,-125.0,-0.0,-0.0,0.0,80.35228326989736,25.712730646367156,0.0,-25.712730646367156
2019-12-23 19:00:00,82.63248956011272,0.0,0.32,0.1,0.1,-250.0,-0.0,-0.0,0.0,82.63248956011272,26.44239665923607,0.0,-26.44239665923607
2019-12-23 20:00:00,81.45644743316736,0.0,0.32,0.1,0.1,-250.0,-0.0,-0.0,0.0,81.45644743316736,26.066063178613554,0.0,-26.066063178613554
2019-12-23 21:00:00,77.34698949252486,0.0,0.32,0.1,0.1,0.0,0.0,0.0,-0.0,77.34698949252486,24.751036637607953,0.0,-24.751036637607953
2019-12-23 22:00:00,77.73836683099204,0.0,0.1,0.1,0.1,0.0,0.0,0.0,-0.0,77.73836683099204,7.773836683099204,0.0,-7.773836683099204
2019-12-23 23:00:00,77.78102171666866,0.0,0.1,0.1,0.3375,125.0,125.0,125.0,0.0,202.78102171666865,20.278102171666866,0.0,-20.278102171666866
2019-12-24 00:00:00,77.70376622973396,0.0,0.1,0.3375,0.1,-125.0,-112.81250000000001,0.0,112.81250000000001,-35.108733770266056,0.0,0.0,-0.0
2019-12-24 01:00:00,76.87564795468263,0.0,0.1,0.1,0.1,-250.0,-0.0,-0.0,0.0,76.87564795468263,7.687564795468264,0.0,-7.687564795468264
2019-12-24 02:00:00,75.11545472846332,0.0,0.1,0.1,0.1,0.0,0.0,0.0,-0.0,75.11545472846332,7.511545472846333,0.0,-7.511545472846333
2019-12-24 03:00:00,77.76017796003529,0.0,0.1,0.1,0.1,0.0,0.0,0.0,-0.0,77.76017796003529,7.776017796003529,0.0,-7.776017796003529
2019-12-24 04:00:00,77.52013707225888,0.0,0.1,0.1,0.1,-250.0,-0.0,-0.0,0.0,77.52013707225888,7.752013707225888,0.0,-7.752013707225888
2019-12-24 05:00:00,76.88070129387346,0.0,0.1,0.1,0.3375,125.0,125.0,125.0,0.0,201.88070129387347,20.18807012938735,0.0,-20.18807012938735
2019-12-24 06:00:00,74.60007946626612,0.0,0.1,0.3375,0.8125,250.0,250.0,250.0,0.0,324.60007946626615,32.46000794662662,0.0,-32.46000794662662
2019-12-24 07:00:00,76.4379329310812,4.316480031152648,0.18,0.8125,0.549342105263158,-125.0,-125.0,0.0,125.0,-52.878547100071444,0.0,0.0,-0.0
2019-12-24 08:00:00,78.00209870681385,39.9879253030303,0.18,0.549342105263158,0.2861842105263159,-125.0,-125.0,0.0,125.0,-86.98582659621644,0.0,0.0,-0.0
2019-12-24 09:00:00,80.52843513524454,65.74053461538462,0.18,0.2861842105263159,0.2861842105263159,0.0,0.0,0.0,-0.0,14.787900519859917,2.661822093574785,0.0,-2.661822093574785
2019-12-24 10:00:00,83.48952743920431,78.73553861111111,0.18,0.2861842105263159,0.2861842105263159,0.0,0.0,0.0,-0.0,4.753988828093199,0.8557179890567758,0.0,-0.8557179890567758
2019-12-24 11:00:00,89.49320693875462,89.86652424242425,0.18,0.2861842105263159,0.2861842105263159,0.0,0.0,0.0,-0.0,-0.3733173036696229,0.0,0.0,-0.0
2019-12-24 12:00:00,85.68504261185707,75.08582692307692,0.18,0.2861842105263159,0.2861842105263159,0.0,0.0,0.0,-0.0,10.599215688780149,1.9078588239804266,0.0,-1.9078588239804266
2019-12-24 13:00:00,85.17057743607246,60.54922638888888,0.18,0.2861842105263159,0.2861842105263159,0.0,0.0,0.0,-0.0,24.62135104718358,4.431843188493044,0.0,-4.431843188493044
2019-12-24 14:00:00,79.48511950570195,33.21231333333333,0.18,0.2861842105263159,0.2861842105263159,0.0,0.0,0.0,-0.0,46.27280617236862,8.329105111026351,0.0,-8.329105111026351
2019-12-24 15:00:00,78.1679271312774,16.87261987179487,0.18,0.2861842105263159,0.2861842105263159,0.0,0.0,0.0,-0.0,61.29530725948253,11.033155306706854,0.0,-11.033155306706854
2019-12-24 16:00:00,78.73500528525095,2.7250890706126696,0.32,0.2861842105263159,0.7611842105263158,250.0,250.0,250.0,0.0,326.0099162146383,104.32317318868425,0.0,-104.32317318868425
2019-12-24 17:00:00,78.45976962410275,0.0,0.32,0.7611842105263158,0.4980263157894737,-125.0,-125.0,0.0,125.0,-46.54023037589725,0.0,0.0,-0.0
2019-12-24 18:00:00,79.39926099307056,0.0,0.32,0.4980263157894737,0.4980263157894737,0.0,0.0,0.0,-0.0,79.39926099307056,25.407763517782577,0.0,-25.407763517782577
2019-12-24 19:00:00,76.19580520872137,0.0,0.32,0.4980263157894737,0.7355263157894737,125.0,125.0,125.0,0.0,201.19580520872137,64.38265766679083,0.0,-64.38265766679083
2019-12-24 20:00:00,77.3090238863452,0.0,0.32,0.7355263157894737,0.4723684210526316,-125.0,-125.0,0.0,125.0,-47.6909761136548,0.0,0.0,-0.0
2019-12-24 21:00:00,79.8678863607816,0.0,0.32,0.4723684210526316,0.2092105263157895,-125.0,-125.0,0.0,125.0,-45.1321136392184,0.0,0.0,-0.0
2019-12-24 22:00:00,80.08394662122203,0.0,0.1,0.2092105263157895,0.2092105263157895,0.0,0.0,0.0,-0.0,80.08394662122203,8.008394662122203,0.0,-8.008394662122203
2019-12-24 23:00:00,75.19997045882577,0.0,0.1,0.2092105263157895,0.2092105263157895,0.0,0.0,0.0,-0.0,75.19997045882577,7.519997045882578,0.0,-7.519997045882578
2019-12-25 00:00:00,76.71823629439832,0.0,0.1,0.2092105263157895,0.1,-125.0,-51.875000000000014,0.0,51.875000000000014,24.84323629439831,2.484323629439831,0.0,-2.484323629439831
2019-12-25 01:00:00,76.8620077319277,0.0,0.1,0.1,0.1,-250.0,-0.0,-0.0,0.0,76.8620077319277,7.686200773192771,0.0,-7.686200773192771
2019-12-25 02:00:00,77.67000993853952,0.0,0.1,0.1,0.3375,125.0,125.0,125.0,0.0,202.67000993853952,20.267000993853955,0.0,-20.267000993853955
2019-12-25 03:00:00,75.41284859757941,0.0,0.1,0.3375,0.1,-125.0,-112.81250000000001,0.0,112.81250000000001,-37.3996514024206,0.0,0.0,-0.0
2019-12-25 04:00:00,76.88018702755603,0.0,0.1,0.1,0.3375,125.0,125.0,125.0,0.0,201.88018702755602,20.188018702755603,0.0,-20.188018702755603
2019-12-25 05:00:00,76.82902027223209,0.0,0.1,0.3375,0.575,125.0,125.0,125.0,0.0,201.82902027223207,20.182902027223207,0.0,-20.182902027223207
2019-12-25 06:00:00,77.08824363842922,0.0,0.1,0.575,0.31184210526315786,-125.0,-125.0,0.0,125.0,-47.91175636157078,0.0,0.0,-0.0
2019-12-25 07:00:00,75.86898008037379,0.7499506749740394,0.18,0.31184210526315786,0.1,-250.0,-100.62499999999999,0.0,100.62499999999999,-25.505970594600242,0.0,0.0,-0.0
2019-12-25 08:00:00,76.42037219121568,19.368430303030305,0.18,0.1,0.3375,125.0,125.0,125.0,0.0,182.05194188818535,32.76934953987336,0.0,-32.76934953987336
2019-12-25 09:00:00,77.33559889627084,21.47542388329739,0.18,0.3375,0.3375,0.0,0.0,0.0,-0.0,55.86017501297345,10.05483150233522,0.0,-10.05483150233522
2019-12-25 10:00:00,79.85696668639359,25.569616111111113,0.18,0.3375,0.3375,0.0,0.0,0.0,-0.0,54.287350575282474,9.771723103550846,0.0,-9.771723103550846
2019-12-25 11:00:00,80.14717049105899,27.386602424242426,0.18,0.3375,0.3375,0.0,0.0,0.0,-0.0,52.76056806681656,9.496902252026981,0.0,-9.496902252026981
2019-12-25 12:00:00,77.19419732314134,20.356076794871797,0.18,0.3375,0.575,125.0,125.0,125.0,0.0,181.83812052826954,32.730861695088514,0.0,-32.730861695088514
2019-12-25 13:00:00,78.07271683754935,29.171640555555555,0.18,0.575,0.31184210526315786,-125.0,-125.0,0.0,125.0,-76.0989237180062,0.0,0.0,-0.0
2019-12-25 14:00:00,77.34280186431967,17.668278333333333,0.18,0.31184210526315786,0.31184210526315786,0.0,0.0,0.0,-0.0,59.674523530986335,10.74141423557754,0.0,-10.74141423557754
2019-12-25 15:00:00,78.03232734319258,10.385148076923077,0.18,0.31184210526315786,0.31184210526315786,0.0,0.0,0.0,-0.0,67.6471792662695,12.176492267928511,0.0,-12.176492267928511
2019-12-25 16:00:00,77.82814194646757,2.1509118769470406,0.32,0.31184210526315786,0.31184210526315786,0.0,0.0,0.0,-0.0,75.67723006952053,24.216713622246573,0.0,-24.216713622246573
2019-12-25 17:00:00,79.66491938640756,0.0,0.32,0.31184210526315786,0.31184210526315786,0.0,0.0,0.0,-0.0,79.66491938640756,25.49277420365042,0.0,-25.49277420365042
2019-12-25 18:00:00,78.66986652796231,0.0,0.32,0.31184210526315786,0.5493421052631579,125.0,125.0,125.0,0.0,203.6698665279623,65.17435728894795,0.0,-65.17435728894795
2019-12-25 19:00:00,78.18237871477352,0.0,0.32,0.5493421052631579,0.5493421052631579,0.0,0.0,0.0,-0.0,78.18237871477352,25.01836118872753,0.0,-25.01836118872753
2019-12-25 20:00:00,78.17866412490716,0.0,0.32,0.5493421052631579,0.5493421052631579,0.0,0.0,0.0,-0.0,78.17866412490716,25.01717251997029,0.0,-25.01717251997029
2019-12-25 21:00:00,76.74885350769065,0.0,0.32,0.5493421052631579,0.28618421052631576,-125.0,-125.0,0.0,125.0,-48.251146492309346,0.0,0.0,-0.0
2019-12-25 22:00:00,78.85998164442609,0.0,0.1,0.28618421052631576,0.28618421052631576,0.0,0.0,0.0,-0.0,78.85998164442609,7.885998164442609,0.0,-7.885998164442609
2019-12-25 23:00:00,78.85808290535273,0.0,0.1,0.28618421052631576,0.28618421052631576,0.0,0.0,0.0,-0.0,78.85808290535273,7.885808290535273,0.0,-7.885808290535273
2019-12-26 00:00:00,78.97773582016383,0.0,0.1,0.28618421052631576,0.10000000000000003,-125.0,-88.43749999999997,0.0,88.43749999999997,-9.459764179836142,0.0,0.0,-0.0
2019-12-26 01:00:00,74.62065376198947,0.0,0.1,0.10000000000000003,0.1,-250.0,-1.3183898417423734e-14,0.0,1.3183898417423734e-14,74.62065376198946,7.462065376198947,0.0,-7.462065376198947
2019-12-26 02:00:00,76.66010415654306,0.0,0.1,0.1,0.3375,125.0,125.0,125.0,0.0,201.66010415654307,20.16601041565431,0.0,-20.16601041565431
2019-12-26 03:00:00,77.26177455434366,0.0,0.1,0.3375,0.1,-125.0,-112.81250000000001,0.0,112.81250000000001,-35.550725445656354,0.0,0.0,-0.0
2019-12-26 04:00:00,77.17146750244538,0.0,0.1,0.1,0.3375,125.0,125.0,125.0,0.0,202.17146750244538,20.217146750244538,0.0,-20.217146750244538
2019-12-26 05:00:00,74.40992044340706,0.0,0.1,0.3375,0.575,125.0,125.0,125.0,0.0,199.40992044340706,19.940992044340707,0.0,-19.940992044340707
2019-12-26 06:00:00,79.45249485148884,0.0,0.1,0.575,0.575,0.0,0.0,0.0,-0.0,79.45249485148884,7.945249485148884,0.0,-7.945249485148884
2019-12-26 07:00:00,88.5770216419736,1.6885998701973002,0.18,0.575,0.31184210526315786,-125.0,-125.0,0.0,125.0,-38.11157822822369,0.0,0.0,-0.0
2019-12-26 08:00:00,85.34573376144446,12.874823484848486,0.18,0.31184210526315786,0.1,-250.0,-100.62499999999999,0.0,100.62499999999999,-28.154089723404013,0.0,0.0,-0.0
2019-12-26 09:00:00,87.40903989560992,60.89687230769231,0.18,0.1,0.1,-125.0,-0.0,-0.0,0.0,26.51216758791761,4.77219016582517,0.0,-4.77219016582517
2019-12-26 10:00:00,95.50204969026358,100.28320555555554,0.18,0.1,0.1,-125.0,-0.0,-0.0,0.0,-4.781155865291964,0.0,0.0,-0.0
2019-12-26 11:00:00,95.74002858863005,109.03993939393939,0.18,0.1,0.1,0.0,0.0,0.0,-0.0,-13.299910805309338,0.0,0.0,-0.0
2019-12-26 12:00:00,90.88992679579336,105.75394615384616,0.18,0.1,0.1,0.0,0.0,0.0,-0.0,-14.8640193580528,0.0,0.0,-0.0
2019-12-26 13:00:00,87.3024381610749,93.27057916666666,0.18,0.1,0.1,-250.0,-0.0,-0.0,0.0,-5.968141005591761,0.0,0.0,-0.0
2019-12-26 14:00:00,83.78744643771152,69.29212727272727,0.18,0.1,0.1,0.0,0.0,0.0,-0.0,14.495319164984252,2.6091574496971655,0.0,-2.6091574496971655
2019-12-26 15:00:00,81.28827992726704,35.17629974358974,0.18,0.1,0.575,250.0,250.0,250.0,0.0,296.1119801836773,53.300156433061915,0.0,-53.300156433061915
2019-12-26 16:00:00,79.79239244039026,5.556352808930426,0.32,0.575,0.9,250.0,171.0526315789474,171.0526315789474,0.0,245.28867121040724,78.49237478733032,0.0,-78.49237478733032
2019-12-26 17:00:00,81.0529352252638,0.0,0.32,0.9,0.6368421052631579,-125.0,-125.0,0.0,125.0,-43.947064774736205,0.0,0.0,-0.0
2019-12-26 18:00:00,81.29357531343014,0.0,0.32,0.6368421052631579,0.6368421052631579,0.0,0.0,0.0,-0.0,81.29357531343014,26.013944100297646,0.0,-26.013944100297646
2019-12-26 19:00:00,85.74601056944859,0.0,0.32,0.6368421052631579,0.3736842105263158,-125.0,-125.0,0.0,125.0,-39.253989430551414,0.0,0.0,-0.0
2019-12-26 20:00:00,79.11845538240794,0.0,0.32,0.3736842105263158,0.1105263157894737,-125.0,-125.0,0.0,125.0,-45.881544617592056,0.0,0.0,-0.0
2019-12-26 21:00:00,80.13065004894318,0.0,0.32,0.1105263157894737,0.1105263157894737,0.0,0.0,0.0,-0.0,80.13065004894318,25.64180801566182,0.0,-25.64180801566182
2019-12-26 22:00:00,76.88413690304453,0.0,0.1,0.1105263157894737,0.1105263157894737,0.0,0.0,0.0,-0.0,76.88413690304453,7.688413690304454,0.0,-7.688413690304454
2019-12-26 23:00:00,76.3933593780682,0.0,0.1,0.1105263157894737,0.3480263157894737,125.0,125.0,125.0,0.0,201.3933593780682,20.13933593780682,0.0,-20.13933593780682
2019-12-27 00:00:00,77.42346027661277,0.0,0.1,0.3480263157894737,0.10000000000000003,-125.0,-117.81249999999999,0.0,117.81249999999999,-40.389039723387214,0.0,0.0,-0.0
2019-12-27 01:00:00,77.65017946871937,0.0,0.1,0.10000000000000003,0.1,-250.0,-1.3183898417423734e-14,0.0,1.3183898417423734e-14,77.65017946871936,7.765017946871936,0.0,-7.765017946871936
2019-12-27 02:00:00,77.3823605444105,0.0,0.1,0.1,0.3375,125.0,125.0,125.0,0.0,202.38236054441052,20.238236054441053,0.0,-20.238236054441053
2019-12-27 03:00:00,77.33892486271054,0.0,0.1,0.3375,0.1,-125.0,-112.81250000000001,0.0,112.81250000000001,-35.47357513728947,0.0,0.0,-0.0
2019-12-27 04:00:00,79.5782386039814,0.0,0.1,0.1,0.1,-250.0,-0.0,-0.0,0.0,79.5782386039814,7.957823860398141,0.0,-7.957823860398141
2019-12-27 05:00:00,84.11699732878624,0.0,0.1,0.1,0.3375,125.0,125.0,125.0,0.0,209.11699732878623,20.911699732878624,0.0,-20.911699732878624
2019-12-27 06:00:00,80.00207039287938,0.0,0.1,0.3375,0.3375,0.0,0.0,0.0,-0.0,80.00207039287938,8.000207039287938,0.0,-8.000207039287938
2019-12-27 07:00:00,79.16084827959385,5.443997777777779,0.18,0.3375,0.1,-250.0,-112.81250000000001,0.0,112.81250000000001,-39.095649498183946,0.0,0.0,-0.0
2019-12-27 08:00:00,82.78594322530536,42.44267060606061,0.18,0.1,0.3375,125.0,125.0,125.0,0.0,165.34327261924474,29.76178907146405,0.0,-29.76178907146405
2019-12-27 09:00:00,85.41252375897312,78.68897692307692,0.18,0.3375,0.3375,0.0,0.0,0.0,-0.0,6.723546835896201,1.210238430461316,0.0,-1.210238430461316
2019-12-27 10:00:00,94.51930717088605,81.49905694444443,0.18,0.3375,0.1,-125.0,-112.81250000000001,0.0,112.81250000000001,-99.7922497735584,0.0,0.0,-0.0
2019-12-27 11:00:00,91.62206268805821,99.5184909090909,0.18,0.1,0.1,0.0,0.0,0.0,-0.0,-7.896428221032693,0.0,0.0,-0.0
2019-12-27 12:00:00,95.33901258003874,103.73685,0.18,0.1,0.1,0.0,0.0,0.0,-0.0,-8.397837419961263,0.0,0.0,-0.0
2019-12-27 13:00:00,94.07679773848515,90.9471375,0.18,0.1,0.1,-250.0,-0.0,-0.0,0.0,3.129660238485158,0.5633388429273285,0.0,-0.5633388429273285
2019-12-27 14:00:00,90.46008438748386,67.35491666666667,0.18,0.1,0.3375,125.0,125.0,125.0,0.0,148.10516772081718,26.658930189747092,0.0,-26.658930189747092
2019-12-27 15:00:00,83.02326178233096,32.06230923076923,0.18,0.3375,0.575,125.0,125.0,125.0,0.0,175.96095255156172,31.672971459281108,0.0,-31.672971459281108
2019-12-27 16:00:00,81.2549803072941,6.933274583333335,0.32,0.575,0.9,250.0,171.0526315789474,171.0526315789474,0.0,245.37433730290817,78.51978793693061,0.0,-78.51978793693061
2019-12-27 17:00:00,80.47833755992046,0.055802888700084964,0.32,0.9,0.6368421052631579,-125.0,-125.0,0.0,125.0,-44.577465328779624,0.0,0.0,-0.0
2019-12-27 18:00:00,81.44907226422514,0.0,0.32,0.6368421052631579,0.6368421052631579,0.0,0.0,0.0,-0.0,81.44907226422514,26.063703124552045,0.0,-26.063703124552045
2019-12-27 19:00:00,82.80573865477429,0.0,0.32,0.6368421052631579,0.3736842105263158,-125.0,-125.0,0.0,125.0,-42.19426134522571,0.0,0.0,-0.0
2019-12-27 20:00:00,78.93581724637816,0.0,0.32,0.3736842105263158,0.1105263157894737,-125.0,-125.0,0.0,125.0,-46.064182753621836,0.0,0.0,-0.0
2019-12-27 21:00:00,77.79119319325324,0.0,0.32,0.1105263157894737,0.1105263157894737,0.0,0.0,0.0,-0.0,77.79119319325324,24.893181821841036,0.0,-24.893181821841036
2019-12-27 22:00:00,78.29928157001594,0.0,0.1,0.1105263157894737,0.1105263157894737,0.0,0.0,0.0,-0.0,78.29928157001594,7.829928157001594,0.0,-7.829928157001594
2019-12-27 23:00:00,77.77579685820113,0.0,0.1,0.1105263157894737,0.3480263157894737,125.0,125.0,125.0,0.0,202.77579685820115,20.277579685820115,0.0,-20.277579685820115
2019-12-28 00:00:00,75.68576678321689,0.0,0.12,0.3480263157894737,0.3480263157894737,0.0,0.0,0.0,-0.0,75.68576678321689,9.082292013986027,0.0,-9.082292013986027
2019-12-28 01:00:00,76.21783322171662,0.0,0.12,0.3480263157894737,0.3480263157894737,0.0,0.0,0.0,-0.0,76.21783322171662,9.146139986605993,0.0,-9.146139986605993
2019-12-28 02:00:00,77.78525435623173,0.0,0.12,0.3480263157894737,0.10000000000000003,-125.0,-117.81249999999999,0.0,117.81249999999999,-40.027245643768254,0.0,0.0,-0.0
2019-12-28 03:00:00,78.01005672930403,0.0,0.12,0.10000000000000003,0.1,-125.0,-1.3183898417423734e-14,0.0,1.3183898417423734e-14,78.01005672930401,9.361206807516481,0.0,-9.361206807516481
2019-12-28 04:00:00,75.38312632618599,0.0,0.12,0.1,0.3375,125.0,125.0,125.0,0.0,200.383126326186,24.04597515914232,0.0,-24.04597515914232
2019-12-28 05:00:00,76.18404702404754,0.0,0.12,0.3375,0.8125,250.0,250.0,250.0,0.0,326.1840470240476,39.14208564288571,0.0,-39.14208564288571
2019-12-28 06:00:00,76.6362225599021,0.0,0.12,0.8125,0.549342105263158,-125.0,-125.0,0.0,125.0,-48.363777440097905,0.0,0.0,-0.0
2019-12-28 07:00:00,76.6151353117995,4.7593531373312565,0.12,0.549342105263158,0.2861842105263159,-125.0,-125.0,0.0,125.0,-53.144217825531754,0.0,0.0,-0.0
2019-12-28 08:00:00,81.26531244039957,44.57563287878789,0.12,0.2861842105263159,0.2861842105263159,0.0,0.0,0.0,-0.0,36.689679561611676,4.402761547393401,0.0,-4.402761547393401
2019-12-28 09:00:00,82.18160306988706,74.74327564102565,0.12,0.2861842105263159,0.10000000000000003,-125.0,-88.43750000000003,0.0,88.43750000000003,-80.99917257113862,0.0,0.0,-0.0
2019-12-28 10:00:00,88.63553242736477,95.634325,0.12,0.10000000000000003,0.1,-250.0,-1.3183898417423734e-14,0.0,1.3183898417423734e-14,-6.998792572635252,0.0,0.0,-0.0
2019-12-28 11:00:00,88.94591932300987,103.68620909090909,0.12,0.1,0.1,0.0,0.0,0.0,-0.0,-14.740289767899213,0.0,0.0,-0.0
2019-12-28 12:00:00,87.2852393465176,102.43276923076922,0.12,0.1,0.1,0.0,0.0,0.0,-0.0,-15.147529884251625,0.0,0.0,-0.0
2019-12-28 13:00:00,87.09731944518985,90.54965416666666,0.12,0.1,0.1,0.0,0.0,0.0,-0.0,-3.4523347214768023,0.0,0.0,-0.0
2019-12-28 14:00:00,85.24285463647671,65.32473333333334,0.12,0.1,0.1,0.0,0.0,0.0,-0.0,19.918121303143366,2.390174556377204,0.0,-2.390174556377204
2019-12-28 15:00:00,81.83833391875396,23.460775641025638,0.12,0.1,0.1,-250.0,-0.0,-0.0,0.0,58.377558277728326,7.005306993327399,0.0,-7.005306993327399
2019-12-28 16:00:00,76.07973946097808,3.5006756619937693,0.12,0.1,0.1,-250.0,-0.0,-0.0,0.0,72.57906379898431,8.709487655878117,0.0,-8.709487655878117
2019-12-28 17:00:00,74.30861176129946,0.0,0.12,0.1,0.575,250.0,250.0,250.0,0.0,324.30861176129946,38.91703341135593,0.0,-38.91703341135593
2019-12-28 18:00:00,75.08505707180089,0.0,0.12,0.575,0.31184210526315786,-125.0,-125.0,0.0,125.0,-49.91494292819911,0.0,0.0,-0.0
2019-12-28 19:00:00,78.36383061561479,0.0,0.12,0.31184210526315786,0.31184210526315786,0.0,0.0,0.0,-0.0,78.36383061561479,9.403659673873774,0.0,-9.403659673873774
2019-12-28 20:00:00,76.7657860812571,0.0,0.12,0.31184210526315786,0.1,-250.0,-100.62499999999999,0.0,100.62499999999999,-23.85921391874288,0.0,0.0,-0.0
2019-12-28 21:00:00,77.8889123132262,0.0,0.12,0.1,0.1,-250.0,-0.0,-0.0,0.0,77.8889123132262,9.346669477587144,0.0,-9.346669477587144
2019-12-28 22:00:00,76.90680106454984,0.0,0.12,0.1,0.1,-125.0,-0.0,-0.0,0.0,76.90680106454984,9.228816127745981,0.0,-9.228816127745981
2019-12-28 23:00:00,76.88950879560635,0.0,0.12,0.1,0.3375,125.0,125.0,125.0,0.0,201.88950879560633,24.226741055472758,0.0,-24.226741055472758
2019-12-29 00:00:00,76.4772878621935,0.0,0.12,0.3375,0.3375,0.0,0.0,0.0,-0.0,76.4772878621935,9.17727454346322,0.0,-9.17727454346322
2019-12-29 01:00:00,76.823151969754,0.0,0.12,0.3375,0.3375,0.0,0.0,0.0,-0.0,76.823151969754,9.218778236370479,0.0,-9.218778236370479
2019-12-29 02:00:00,73.94851384559207,0.0,0.12,0.3375,0.1,-125.0,-112.81250000000001,0.0,112.81250000000001,-38.86398615440794,0.0,0.0,-0.0
2019-12-29 03:00:00,76.21209468666707,0.0,0.12,0.1,0.1,-125.0,-0.0,-0.0,0.0,76.21209468666707,9.145451362400049,0.0,-9.145451362400049
2019-12-29 04:00:00,76.72744291308251,0.0,0.12,0.1,0.1,-125.0,-0.0,-0.0,0.0,76.72744291308251,9.207293149569901,0.0,-9.207293149569901
2019-12-29 05:00:00,76.56390940684895,0.0,0.12,0.1,0.3375,125.0,125.0,125.0,0.0,201.56390940684895,24.187669128821874,0.0,-24.187669128821874
2019-12-29 06:00:00,74.7748898452857,0.0,0.12,0.3375,0.1,-250.0,-112.81250000000001,0.0,112.81250000000001,-38.037610154714315,0.0,0.0,-0.0
2019-12-29 07:00:00,75.60164028836,0.9044710929387331,0.12,0.1,0.1,-125.0,-0.0,-0.0,0.0,74.69716919542127,8.96366030345055,0.0,-8.96366030345055
2019-12-29 08:00:00,76.32813308772751,6.803238333333334,0.12,0.1,0.1,-125.0,-0.0,-0.0,0.0,69.52489475439417,8.3429873705273,0.0,-8.3429873705273
2019-12-29 09:00:00,74.91824247339615,13.740172307692308,0.12,0.1,0.1,0.0,0.0,0.0,-0.0,61.17807016570384,7.341368419884461,0.0,-7.341368419884461
2019-12-29 10:00:00,76.20261230626708,16.44645277777778,0.12,0.1,0.1,-250.0,-0.0,-0.0,0.0,59.756159528489306,7.170739143418716,0.0,-7.170739143418716
2019-12-29 11:00:00,75.40384465932038,19.33971212121212,0.12,0.1,0.3375,125.0,125.0,125.0,0.0,181.06413253810825,21.72769590457299,0.0,-21.72769590457299
2019-12-29 12:00:00,74.35949702642225,13.559261282051283,0.12,0.3375,0.1,-125.0,-112.81250000000001,0.0,112.81250000000001,-52.01226425562905,0.0,0.0,-0.0
2019-12-29 13:00:00,76.3771690926923,12.324160555555556,0.12,0.1,0.1,0.0,0.0,0.0,-0.0,64.05300853713675,7.686361024456409,0.0,-7.686361024456409
2019-12-29 14:00:00,74.34850191083008,5.2967961363636356,0.12,0.1,0.1,0.0,0.0,0.0,-0.0,69.05170577446644,8.286204692935973,0.0,-8.286204692935973
2019-12-29 15:00:00,73.57422632836945,2.5420906482147134,0.12,0.1,0.1,-250.0,-0.0,-0.0,0.0,71.03213568015474,8.523856281618569,0.0,-8.523856281618569
2019-12-29 16:00:00,75.57709482393568,0.21313603322949118,0.12,0.1,0.1,0.0,0.0,0.0,-0.0,75.36395879070619,9.043675054884742,0.0,-9.043675054884742
2019-12-29 17:00:00,75.88833624879767,0.0,0.12,0.1,0.575,250.0,250.0,250.0,0.0,325.88833624879766,39.10660034985572,0.0,-39.10660034985572
2019-12-29 18:00:00,76.42175166254626,0.0,0.12,0.575,0.31184210526315786,-125.0,-125.0,0.0,125.0,-48.57824833745374,0.0,0.0,-0.0
2019-12-29 19:00:00,76.91256029766394,0.0,0.12,0.31184210526315786,0.31184210526315786,0.0,0.0,0.0,-0.0,76.91256029766394,9.229507235719673,0.0,-9.229507235719673
2019-12-29 20:00:00,78.16843944937237,0.0,0.12,0.31184210526315786,0.1,-250.0,-100.62499999999999,0.0,100.62499999999999,-22.456560550627614,0.0,0.0,-0.0
2019-12-29 21:00:00,78.74917521030054,0.0,0.12,0.1,0.1,-250.0,-0.0,-0.0,0.0,78.74917521030054,9.449901025236064,0.0,-9.449901025236064
2019-12-29 22:00:00,78.320501930704,0.0,0.12,0.1,0.1,-125.0,-0.0,-0.0,0.0,78.320501930704,9.39846023168448,0.0,-9.39846023168448
2019-12-29 23:00:00,77.16679353506325,0.0,0.12,0.1,0.3375,125.0,125.0,125.0,0.0,202.16679353506325,24.26001522420759,0.0,-24.26001522420759
2019-12-30 00:00:00,75.44170016500868,0.0,0.1,0.3375,0.1,-125.0,-112.81250000000001,0.0,112.81250000000001,-37.37079983499133,0.0,0.0,-0.0
2019-12-30 01:00:00,76.69772382770078,0.0,0.1,0.1,0.3375,125.0,125.0,125.0,0.0,201.69772382770077,20.169772382770077,0.0,-20.169772382770077
2019-12-30 02:00:00,77.16788249624261,0.0,0.1,0.3375,0.8125,250.0,250.0,250.0,0.0,327.1678824962426,32.716788249624265,0.0,-32.716788249624265
2019-12-30 03:00:00,77.21766686068925,0.0,0.1,0.8125,0.549342105263158,-125.0,-125.0,0.0,125.0,-47.78233313931075,0.0,0.0,-0.0
2019-12-30 04:00:00,74.02816879394426,0.0,0.1,0.549342105263158,0.9,250.0,184.5567867036011,184.5567867036011,0.0,258.58495549754537,25.858495549754537,0.0,-25.858495549754537
2019-12-30 05:00:00,76.86164858790987,0.0,0.1,0.9,0.6368421052631579,-125.0,-125.0,0.0,125.0,-48.13835141209013,0.0,0.0,-0.0
2019-12-30 06:00:00,79.48792462808123,0.0,0.1,0.6368421052631579,0.1105263157894737,-250.0,-250.0,0.0,250.0,-170.51207537191877,0.0,0.0,-0.0
2019-12-30 07:00:00,88.2758610656734,5.0031799999999995,0.18,0.1105263157894737,0.1,-125.0,-5.000000000000002,0.0,5.000000000000002,78.2726810656734,14.08908259182121,0.0,-14.08908259182121
2019-12-30 08:00:00,84.80565659390687,38.0887303030303,0.18,0.1,0.3375,125.0,125.0,125.0,0.0,171.7169262908766,30.909046732357783,0.0,-30.909046732357783
2019-12-30 09:00:00,84.7089509435014,73.94022692307692,0.18,0.3375,0.3375,0.0,0.0,0.0,-0.0,10.768724020424486,1.9383703236764074,0.0,-1.9383703236764074
2019-12-30 10:00:00,89.69141159649469,96.38091666666666,0.18,0.3375,0.3375,0.0,0.0,0.0,-0.0,-6.689505070171975,0.0,0.0,-0.0
2019-12-30 11:00:00,91.93946924277112,105.7283590909091,0.18,0.3375,0.3375,0.0,0.0,0.0,-0.0,-13.78888984813797,0.0,0.0,-0.0
2019-12-30 12:00:00,88.98118955247989,104.74255384615384,0.18,0.3375,0.575,125.0,125.0,125.0,0.0,109.23863570632605,19.66295442713869,0.0,-19.66295442713869
2019-12-30 13:00:00,88.88000954654062,91.01952777777778,0.18,0.575,0.31184210526315786,-125.0,-125.0,0.0,125.0,-127.13951823123716,0.0,0.0,-0.0
2019-12-30 14:00:00,85.5299792978858,67.90538181818182,0.18,0.31184210526315786,0.1,-250.0,-100.62499999999999,0.0,100.62499999999999,-83.000402520296,0.0,0.0,-0.0
2019-12-30 15:00:00,83.46705848378973,35.06339269230769,0.18,0.1,0.575,250.0,250.0,250.0,0.0,298.403665791482,53.71265984246676,0.0,-53.71265984246676
2019-12-30 16:00:00,82.01679411622035,6.088521793873313,0.32,0.575,0.9,250.0,171.0526315789474,171.0526315789474,0.0,246.98090390129443,79.03388924841421,0.0,-79.03388924841421
2019-12-30 17:00:00,79.83743393035682,0.0,0.32,0.9,0.6368421052631579,-125.0,-125.0,0.0,125.0,-45.16256606964318,0.0,0.0,-0.0
2019-12-30 18:00:00,81.92884081733905,0.0,0.32,0.6368421052631579,0.6368421052631579,0.0,0.0,0.0,-0.0,81.92884081733905,26.217229061548498,0.0,-26.217229061548498
2019-12-30 19:00:00,83.80196469171271,0.0,0.32,0.6368421052631579,0.3736842105263158,-125.0,-125.0,0.0,125.0,-41.19803530828729,0.0,0.0,-0.0
2019-12-30 20:00:00,82.54890989607085,0.0,0.32,0.3736842105263158,0.1105263157894737,-125.0,-125.0,0.0,125.0,-42.45109010392915,0.0,0.0,-0.0
2019-12-30 21:00:00,77.73486404945808,0.0,0.32,0.1105263157894737,0.1105263157894737,0.0,0.0,0.0,-0.0,77.73486404945808,24.875156495826587,0.0,-24.875156495826587
2019-12-30 22:00:00,76.90876329141975,0.0,0.1,0.1105263157894737,0.1105263157894737,0.0,0.0,0.0,-0.0,76.90876329141975,7.690876329141975,0.0,-7.690876329141975
2019-12-30 23:00:00,77.3911905935866,0.0,0.1,0.1105263157894737,0.3480263157894737,125.0,125.0,125.0,0.0,202.3911905935866,20.23911905935866,0.0,-20.23911905935866
2019-12-31 00:00:00,76.53640052119125,0.0,0.1,0.3480263157894737,0.10000000000000003,-125.0,-117.81249999999999,0.0,117.81249999999999,-41.27609947880873,0.0,0.0,-0.0
2019-12-31 01:00:00,77.11255870925578,0.0,0.1,0.10000000000000003,0.1,-250.0,-1.3183898417423734e-14,0.0,1.3183898417423734e-14,77.11255870925577,7.7112558709255765,0.0,-7.7112558709255765
2019-12-31 02:00:00,77.31731470241643,0.0,0.1,0.1,0.3375,125.0,125.0,125.0,0.0,202.3173147024164,20.23173147024164,0.0,-20.23173147024164
2019-12-31 03:00:00,78.8119853984943,0.0,0.1,0.3375,0.8125,250.0,250.0,250.0,0.0,328.8119853984943,32.88119853984943,0.0,-32.88119853984943
2019-12-31 04:00:00,79.1027940639687,0.0,0.1,0.8125,0.9,125.0,46.052631578947384,46.052631578947384,0.0,125.15542564291609,12.515542564291609,0.0,-12.515542564291609
2019-12-31 05:00:00,82.96951940327713,0.0,0.1,0.9,0.6368421052631579,-125.0,-125.0,0.0,125.0,-42.03048059672287,0.0,0.0,-0.0
2019-12-31 06:00:00,79.2869353810688,0.0,0.1,0.6368421052631579,0.6368421052631579,0.0,0.0,0.0,-0.0,79.2869353810688,7.928693538106881,0.0,-7.928693538106881
2019-12-31 07:00:00,79.8031825197461,5.826215140186917,0.18,0.6368421052631579,0.1105263157894737,-250.0,-250.0,0.0,250.0,-176.0230326204408,0.0,0.0,-0.0
2019-12-31 08:00:00,79.06134778140012,41.91756954545455,0.18,0.1105263157894737,0.3480263157894737,125.0,125.0,125.0,0.0,162.14377823594558,29.185880082470202,0.0,-29.185880082470202
2019-12-31 09:00:00,82.97898612694371,49.449517435897434,0.18,0.3480263157894737,0.3480263157894737,0.0,0.0,0.0,-0.0,33.529468691046276,6.035304364388329,0.0,-6.035304364388329
2019-12-31 10:00:00,83.67734750674275,68.91839777777778,0.18,0.3480263157894737,0.10000000000000003,-125.0,-117.81249999999999,0.0,117.81249999999999,-103.05355027103502,0.0,0.0,-0.0
2019-12-31 11:00:00,89.10464461785486,90.29262272727273,0.18,0.10000000000000003,0.10000000000000003,0.0,0.0,0.0,-0.0,-1.1879781094178696,0.0,0.0,-0.0
2019-12-31 12:00:00,87.64420867314715,89.08666282051283,0.18,0.10000000000000003,0.10000000000000003,0.0,0.0,0.0,-0.0,-1.4424541473656802,0.0,0.0,-0.0
2019-12-31 13:00:00,82.86092300928654,56.11697777777778,0.18,0.10000000000000003,0.1,-250.0,-1.3183898417423734e-14,0.0,1.3183898417423734e-14,26.743945231508746,4.813910141671574,0.0,-4.813910141671574
2019-12-31 14:00:00,83.37387023087352,66.5240696969697,0.18,0.1,0.3375,125.0,125.0,125.0,0.0,141.84980053390382,25.532964096102685,0.0,-25.532964096102685
2019-12-31 15:00:00,80.15243978780767,30.08182794871795,0.18,0.3375,0.1,-250.0,-112.81250000000001,0.0,112.81250000000001,-62.7418881609103,0.0,0.0,-0.0
2019-12-31 16:00:00,79.68664756258288,6.0214155555555555,0.32,0.1,0.1,-250.0,-0.0,-0.0,0.0,73.66523200702733,23.572874242248744,0.0,-23.572874242248744
2019-12-31 17:00:00,79.66167689204688,0.0,0.32,0.1,0.1,-250.0,-0.0,-0.0,0.0,79.66167689204688,25.491736605455003,0.0,-25.491736605455003
2019-12-31 18:00:00,81.10984361554505,0.0,0.32,0.1,0.1,-125.0,-0.0,-0.0,0.0,81.10984361554505,25.955149956974417,0.0,-25.955149956974417
2019-12-31 19:00:00,78.27207181397164,0.0,0.32,0.1,0.1,-250.0,-0.0,-0.0,0.0,78.27207181397164,25.047062980470923,0.0,-25.047062980470923
2019-12-31 20:00:00,77.74378923730487,0.0,0.32,0.1,0.575,250.0,250.0,250.0,0.0,327.7437892373049,104.87801255593757,0.0,-104.87801255593757
2019-12-31 21:00:00,79.86471890872394,0.0,0.32,0.575,0.31184210526315786,-125.0,-125.0,0.0,125.0,-45.135281091276056,0.0,0.0,-0.0
2019-12-31 22:00:00,78.53971886444396,0.0,0.1,0.31184210526315786,0.5493421052631579,125.0,125.0,125.0,0.0,203.53971886444396,20.3539718864444,0.0,-20.3539718864444
2019-12-31 23:00:00,75.33620003389018,0.0,0.1,0.5493421052631579,0.28618421052631576,-125.0,-125.0,0.0,125.0,-49.66379996610982,0.0,0.0,-0.0
2020-01-01 00:00:00,77.02573782439612,0.0,0.1,0.28618421052631576,0.10000000000000003,-125.0,-88.43749999999997,0.0,88.43749999999997,-11.411762175603855,0.0,0.0,-0.0
2020-01-01 01:00:00,78.16515033058435,0.0,0.1,0.10000000000000003,0.1,-250.0,-1.3183898417423734e-14,0.0,1.3183898417423734e-14,78.16515033058434,7.816515033058434,0.0,-7.816515033058434
2020-01-01 02:00:00,78.9804498390609,0.0,0.1,0.1,0.3375,125.0,125.0,125.0,0.0,203.9804498390609,20.39804498390609,0.0,-20.39804498390609
2020-01-01 03:00:00,78.50744528420795,0.0,0.1,0.3375,0.8125,250.0,250.0,250.0,0.0,328.50744528420796,32.8507445284208,0.0,-32.8507445284208
2020-01-01 04:00:00,78.21286417099856,0.0,0.1,0.8125,0.9,125.0,46.052631578947384,46.052631578947384,0.0,124.26549574994594,12.426549574994596,0.0,-12.426549574994596
2020-01-01 05:00:00,82.68304900641697,0.0,0.1,0.9,0.6368421052631579,-125.0,-125.0,0.0,125.0,-42.316950993583035,0.0,0.0,-0.0
2020-01-01 06:00:00,80.29097056215625,0.0,0.1,0.6368421052631579,0.1105263157894737,-250.0,-250.0,0.0,250.0,-169.70902943784375,0.0,0.0,-0.0
2020-01-01 07:00:00,78.7721150018832,0.5028855919003116,0.18,0.1105263157894737,0.1,-125.0,-5.000000000000002,0.0,5.000000000000002,73.26922940998288,13.18846129379692,0.0,-13.18846129379692
2020-01-01 08:00:00,76.89344049963836,21.485331287878786,0.18,0.1,0.3375,125.0,125.0,125.0,0.0,180.40810921175958,32.473459658116724,0.0,-32.473459658116724
2020-01-01 09:00:00,81.04586365564644,44.77684615384616,0.18,0.3375,0.3375,0.0,0.0,0.0,-0.0,36.269017501800285,6.528423150324051,0.0,-6.528423150324051
2020-01-01 10:00:00,81.38460811413407,52.13327375,0.18,0.3375,0.3375,0.0,0.0,0.0,-0.0,29.251334364134067,5.2652401855441315,0.0,-5.2652401855441315
2020-01-01 11:00:00,86.70169268995083,92.08991363636363,0.18,0.3375,0.3375,0.0,0.0,0.0,-0.0,-5.388220946412801,0.0,0.0,-0.0
2020-01-01 12:00:00,84.89116694622415,78.87887282051283,0.18,0.3375,0.575,125.0,125.0,125.0,0.0,131.01229412571132,23.582212942628036,0.0,-23.582212942628036
2020-01-01 13:00:00,82.19833243004454,40.991248750000004,0.18,0.575,0.31184210526315786,-125.0,-125.0,0.0,125.0,-83.79291631995545,0.0,0.0,-0.0
2020-01-01 14:00:00,78.38951723602173,24.78034121212121,0.18,0.31184210526315786,0.31184210526315786,0.0,0.0,0.0,-0.0,53.60917602390052,9.649651684302093,0.0,-9.649651684302093
2020-01-01 15:00:00,77.65126440204145,14.24281769230769,0.18,0.31184210526315786,0.31184210526315786,0.0,0.0,0.0,-0.0,63.40844670973376,11.413520407752076,0.0,-11.413520407752076
2020-01-01 16:00:00,77.61947216311948,4.19903992731049,0.32,0.31184210526315786,0.31184210526315786,0.0,0.0,0.0,-0.0,73.42043223580899,23.494538315458875,0.0,-23.494538315458875
2020-01-01 17:00:00,77.74262262013704,0.00232512036250354,0.32,0.31184210526315786,0.7868421052631578,250.0,250.0,250.0,0.0,327.74029749977456,104.87689519992786,0.0,-104.87689519992786
2020-01-01 18:00:00,78.22734002333479,0.0,0.32,0.7868421052631578,0.7868421052631578,0.0,0.0,0.0,-0.0,78.22734002333479,25.032748807467133,0.0,-25.032748807467133
2020-01-01 19:00:00,78.06310200791638,0.0,0.32,0.7868421052631578,0.7868421052631578,0.0,0.0,0.0,-0.0,78.06310200791638,24.980192642533243,0.0,-24.980192642533243
2020-01-01 20:00:00,78.18770939477204,0.0,0.32,0.7868421052631578,0.5236842105263158,-125.0,-125.0,0.0,125.0,-46.81229060522796,0.0,0.0,-0.0
2020-01-01 21:00:00,76.50633201620397,0.0,0.32,0.5236842105263158,0.26052631578947366,-125.0,-125.0,0.0,125.0,-48.49366798379603,0.0,0.0,-0.0
2020-01-01 22:00:00,76.59569250940667,0.0,0.1,0.26052631578947366,0.26052631578947366,0.0,0.0,0.0,-0.0,76.59569250940667,7.659569250940668,0.0,-7.659569250940668
2020-01-01 23:00:00,76.4620787512502,0.0,0.1,0.26052631578947366,0.26052631578947366,0.0,0.0,0.0,-0.0,76.4620787512502,7.646207875125021,0.0,-7.646207875125021
2020-01-02 00:00:00,75.75438566552221,0.0,0.1,0.26052631578947366,0.10000000000000003,-125.0,-76.24999999999997,0.0,76.24999999999997,-0.4956143344777644,0.0,0.0,-0.0
2020-01-02 01:00:00,74.42879037935703,0.0,0.1,0.10000000000000003,0.1,-250.0,-1.3183898417423734e-14,0.0,1.3183898417423734e-14,74.42879037935701,7.442879037935701,0.0,-7.442879037935701
2020-01-02 02:00:00,76.94474639555307,0.0,0.1,0.1,0.3375,125.0,125.0,125.0,0.0,201.94474639555307,20.19447463955531,0.0,-20.19447463955531
2020-01-02 03:00:00,76.5454774436313,0.0,0.1,0.3375,0.1,-125.0,-112.81250000000001,0.0,112.81250000000001,-36.267022556368715,0.0,0.0,-0.0
2020-01-02 04:00:00,76.85454064981799,0.0,0.1,0.1,0.1,-250.0,-0.0,-0.0,0.0,76.85454064981799,7.6854540649817995,0.0,-7.6854540649817995
2020-01-02 05:00:00,80.00125452907648,0.0,0.1,0.1,0.3375,125.0,125.0,125.0,0.0,205.00125452907648,20.50012545290765,0.0,-20.50012545290765
2020-01-02 06:00:00,76.82846610495605,0.0,0.1,0.3375,0.3375,0.0,0.0,0.0,-0.0,76.82846610495605,7.682846610495606,0.0,-7.682846610495606
2020-01-02 07:00:00,81.38081120065306,3.84741135384216,0.18,0.3375,0.1,-250.0,-112.81250000000001,0.0,112.81250000000001,-35.27910015318912,0.0,0.0,-0.0
2020-01-02 08:00:00,83.28261492508925,31.308518484848488,0.18,0.1,0.3375,125.0,125.0,125.0,0.0,176.97409644024077,31.855337359243336,0.0,-31.855337359243336
2020-01-02 09:00:00,82.30514074700362,52.17622435897436,0.18,0.3375,0.3375,0.0,0.0,0.0,-0.0,30.12891638802926,5.423204949845267,0.0,-5.423204949845267
2020-01-02 10:00:00,85.96265619183553,83.2945625,0.18,0.3375,0.3375,0.0,0.0,0.0,-0.0,2.668093691835537,0.4802568645303967,0.0,-0.4802568645303967
2020-01-02 11:00:00,91.32121059718058,93.64317272727273,0.18,0.3375,0.3375,0.0,0.0,0.0,-0.0,-2.321962130092146,0.0,0.0,-0.0
2020-01-02 12:00:00,91.06287098353718,103.61923974358976,0.18,0.3375,0.575,125.0,125.0,125.0,0.0,112.44363123994742,20.239853623190534,0.0,-20.239853623190534
2020-01-02 13:00:00,90.1383198535948,92.7791736111111,0.18,0.575,0.31184210526315786,-125.0,-125.0,0.0,125.0,-127.64085375751631,0.0,0.0,-0.0
2020-01-02 14:00:00,84.17387580897912,68.80002727272728,0.18,0.31184210526315786,0.31184210526315786,0.0,0.0,0.0,-0.0,15.373848536251842,2.7672927365253313,0.0,-2.7672927365253313
2020-01-02 15:00:00,82.85070612795177,37.57411999999999,0.18,0.31184210526315786,0.31184210526315786,0.0,0.0,0.0,-0.0,45.276586127951774,8.14978550303132,0.0,-8.14978550303132
2020-01-02 16:00:00,79.63468579143516,7.513484755321911,0.32,0.31184210526315786,0.7868421052631578,250.0,250.0,250.0,0.0,322.12120103611323,103.07878433155624,0.0,-103.07878433155624
2020-01-02 17:00:00,77.02839780992142,0.0,0.32,0.7868421052631578,0.5236842105263158,-125.0,-125.0,0.0,125.0,-47.971602190078585,0.0,0.0,-0.0
2020-01-02 18:00:00,76.78724378285395,0.0,0.32,0.5236842105263158,0.26052631578947366,-125.0,-125.0,0.0,125.0,-48.21275621714605,0.0,0.0,-0.0
2020-01-02 19:00:00,77.90289889348031,0.0,0.32,0.26052631578947366,0.10000000000000003,-250.0,-76.24999999999997,0.0,76.24999999999997,1.6528988934803408,0.5289276459137091,0.0,-0.5289276459137091
2020-01-02 20:00:00,77.7054834011048,0.0,0.32,0.10000000000000003,0.575,250.0,250.0,250.0,0.0,327.7054834011048,104.86575468835353,0.0,-104.86575468835353
2020-01-02 21:00:00,75.24740199030998,0.0,0.32,0.575,0.31184210526315786,-125.0,-125.0,0.0,125.0,-49.75259800969002,0.0,0.0,-0.0
2020-01-02 22:00:00,75.39024222881976,0.0,0.1,0.31184210526315786,0.1,-250.0,-100.62499999999999,0.0,100.62499999999999,-25.234757771180227,0.0,0.0,-0.0
2020-01-02 23:00:00,72.55446132940928,0.0,0.1,0.1,0.3375,125.0,125.0,125.0,0.0,197.55446132940926,19.75544613294093,0.0,-19.75544613294093
2020-01-03 00:00:00,73.82684845913862,0.0,0.1,0.3375,0.1,-250.0,-112.81250000000001,0.0,112.81250000000001,-38.9856515408614,0.0,0.0,-0.0
2020-01-03 01:00:00,73.25243257327921,0.0,0.1,0.1,0.3375,125.0,125.0,125.0,0.0,198.2524325732792,19.825243257327923,0.0,-19.825243257327923
2020-01-03 02:00:00,74.25772277184942,0.0,0.1,0.3375,0.8125,250.0,250.0,250.0,0.0,324.25772277184944,32.42577227718495,0.0,-32.42577227718495
2020-01-03 03:00:00,72.13773864051565,0.0,0.1,0.8125,0.549342105263158,-125.0,-125.0,0.0,125.0,-52.86226135948435,0.0,0.0,-0.0
2020-01-03 04:00:00,74.22206251528127,0.0,0.1,0.549342105263158,0.9,250.0,184.5567867036011,184.5567867036011,0.0,258.7788492188823,25.877884921888235,0.0,-25.877884921888235
2020-01-03 05:00:00,74.17265315960161,0.0,0.1,0.9,0.6368421052631579,-125.0,-125.0,0.0,125.0,-50.82734684039839,0.0,0.0,-0.0
2020-01-03 06:00:00,76.37634977645308,0.0,0.1,0.6368421052631579,0.6368421052631579,0.0,0.0,0.0,-0.0,76.37634977645308,7.637634977645309,0.0,-7.637634977645309
2020-01-03 07:00:00,84.83618586487732,2.117730338785047,0.18,0.6368421052631579,0.1105263157894737,-250.0,-250.0,0.0,250.0,-167.28154447390773,0.0,0.0,-0.0
2020-01-03 08:00:00,82.33664651151895,23.155109242424246,0.18,0.1105263157894737,0.3480263157894737,125.0,125.0,125.0,0.0,184.1815372690947,33.15267670843704,0.0,-33.15267670843704
2020-01-03 09:00:00,84.71749508476097,48.11051487179487,0.18,0.3480263157894737,0.3480263157894737,0.0,0.0,0.0,-0.0,36.6069802129661,6.589256438333898,0.0,-6.589256438333898
2020-01-03 10:00:00,92.6013901823081,78.51202916666666,0.18,0.3480263157894737,0.10000000000000003,-125.0,-117.81249999999999,0.0,117.81249999999999,-103.72313898435856,0.0,0.0,-0.0
2020-01-03 11:00:00,94.40687622467631,91.61484545454545,0.18,0.10000000000000003,0.10000000000000003,0.0,0.0,0.0,-0.0,2.7920307701308644,0.5025655386235556,0.0,-0.5025655386235556
2020-01-03 12:00:00,89.74632689811384,89.85825,0.18,0.10000000000000003,0.10000000000000003,0.0,0.0,0.0,-0.0,-0.11192310188616261,0.0,0.0,-0.0
2020-01-03 13:00:00,110.0482092764472,78.767475,0.18,0.10000000000000003,0.1,-250.0,-1.3183898417423734e-14,0.0,1.3183898417423734e-14,31.280734276447177,5.6305321697604915,0.0,-5.6305321697604915
2020-01-03 14:00:00,92.19555435280019,44.575718787878785,0.18,0.1,0.3375,125.0,125.0,125.0,0.0,172.6198355649214,31.07157040168585,0.0,-31.07157040168585
2020-01-03 15:00:00,85.7945422812836,24.705620384615386,0.18,0.3375,0.575,125.0,125.0,125.0,0.0,186.0889218966682,33.49600594140028,0.0,-33.49600594140028
2020-01-03 16:00:00,81.3276887849946,5.784982500000001,0.32,0.575,0.9,250.0,171.0526315789474,171.0526315789474,0.0,246.595337863942,78.91050811646144,0.0,-78.91050811646144
2020-01-03 17:00:00,79.65574901386492,0.0,0.32,0.9,0.9,250.0,0.0,0.0,-0.0,79.65574901386492,25.489839684436774,0.0,-25.489839684436774
2020-01-03 18:00:00,81.33870271129719,0.0,0.32,0.9,0.6368421052631579,-125.0,-125.0,0.0,125.0,-43.66129728870281,0.0,0.0,-0.0
2020-01-03 19:00:00,83.01245631575131,0.0,0.32,0.6368421052631579,0.3736842105263158,-125.0,-125.0,0.0,125.0,-41.98754368424869,0.0,0.0,-0.0
2020-01-03 20:00:00,82.12104694016905,0.0,0.32,0.3736842105263158,0.10000000000000003,-250.0,-129.99999999999997,0.0,129.99999999999997,-47.87895305983092,0.0,0.0,-0.0
2020-01-03 21:00:00,76.35144824958105,0.0,0.32,0.10000000000000003,0.10000000000000003,0.0,0.0,0.0,-0.0,76.35144824958105,24.432463439865938,0.0,-24.432463439865938
2020-01-03 22:00:00,78.36748978683502,0.0,0.1,0.10000000000000003,0.10000000000000003,0.0,0.0,0.0,-0.0,78.36748978683502,7.836748978683502,0.0,-7.836748978683502
2020-01-03 23:00:00,77.86785320349226,0.0,0.1,0.10000000000000003,0.3375,125.0,125.0,125.0,0.0,202.86785320349225,20.286785320349225,0.0,-20.286785320349225
2020-01-04 00:00:00,77.30316393675783,0.0,0.12,0.3375,0.3375,0.0,0.0,0.0,-0.0,77.30316393675783,9.276379672410938,0.0,-9.276379672410938
2020-01-04 01:00:00,74.06570144720602,0.0,0.12,0.3375,0.3375,0.0,0.0,0.0,-0.0,74.06570144720602,8.887884173664723,0.0,-8.887884173664723
2020-01-04 02:00:00,77.28134791180936,0.0,0.12,0.3375,0.3375,0.0,0.0,0.0,-0.0,77.28134791180936,9.273761749417123,0.0,-9.273761749417123
2020-01-04 03:00:00,76.7280833402298,0.0,0.12,0.3375,0.8125,250.0,250.0,250.0,0.0,326.7280833402298,39.207370000827574,0.0,-39.207370000827574
2020-01-04 04:00:00,77.24411635485409,0.0,0.12,0.8125,0.549342105263158,-125.0,-125.0,0.0,125.0,-47.755883645145914,0.0,0.0,-0.0
2020-01-04 05:00:00,74.85448339961685,0.0,0.12,0.549342105263158,0.549342105263158,0.0,0.0,0.0,-0.0,74.85448339961685,8.982538007954021,0.0,-8.982538007954021
2020-01-04 06:00:00,75.81827472768246,0.0,0.12,0.549342105263158,0.2861842105263159,-125.0,-125.0,0.0,125.0,-49.181725272317536,0.0,0.0,-0.0
2020-01-04 07:00:00,76.41512344616147,0.800813746105919,0.12,0.2861842105263159,0.2861842105263159,0.0,0.0,0.0,-0.0,75.61430970005556,9.073717164006666,0.0,-9.073717164006666
2020-01-04 08:00:00,79.32145799864452,20.797375606060605,0.12,0.2861842105263159,0.2861842105263159,0.0,0.0,0.0,-0.0,58.524082392583914,7.022889887110069,0.0,-7.022889887110069
2020-01-04 09:00:00,82.84831666756386,41.801014358974356,0.12,0.2861842105263159,0.2861842105263159,0.0,0.0,0.0,-0.0,41.04730230858951,4.925676277030741,0.0,-4.925676277030741
2020-01-04 10:00:00,82.50336016342429,43.14045055555555,0.12,0.2861842105263159,0.5236842105263159,125.0,125.0,125.0,0.0,164.36290960786874,19.723549152944248,0.0,-19.723549152944248
2020-01-04 11:00:00,80.92518906743449,44.887119545454546,0.12,0.5236842105263159,0.2605263157894738,-125.0,-125.0,0.0,125.0,-88.96193047802007,0.0,0.0,-0.0
2020-01-04 12:00:00,88.92737730658298,104.29738461538462,0.12,0.2605263157894738,0.2605263157894738,0.0,0.0,0.0,-0.0,-15.370007308801632,0.0,0.0,-0.0
2020-01-04 13:00:00,88.71101785965561,91.60889166666668,0.12,0.2605263157894738,0.7355263157894738,250.0,250.0,250.0,0.0,247.10212619298892,29.65225514315867,0.0,-29.65225514315867
2020-01-04 14:00:00,85.38982360763478,69.9271287878788,0.12,0.7355263157894738,0.9,250.0,86.56509695290853,86.56509695290853,0.0,102.02779177266451,12.243335012719742,0.0,-12.243335012719742
2020-01-04 15:00:00,84.11543049733427,35.500675384615384,0.12,0.9,0.6368421052631579,-125.0,-125.0,0.0,125.0,-76.38524488728112,0.0,0.0,-0.0
2020-01-04 16:00:00,75.00287099188468,5.383154184839044,0.12,0.6368421052631579,0.6368421052631579,0.0,0.0,0.0,-0.0,69.61971680704563,8.354366016845475,0.0,-8.354366016845475
2020-01-04 17:00:00,75.4684592377019,0.0,0.12,0.6368421052631579,0.3736842105263158,-125.0,-125.0,0.0,125.0,-49.53154076229811,0.0,0.0,-0.0
2020-01-04 18:00:00,73.80211323414385,0.0,0.12,0.3736842105263158,0.10000000000000003,-250.0,-129.99999999999997,0.0,129.99999999999997,-56.197886765856126,0.0,0.0,-0.0
2020-01-04 19:00:00,77.98993941924061,0.0,0.12,0.10000000000000003,0.10000000000000003,0.0,0.0,0.0,-0.0,77.98993941924061,9.358792730308874,0.0,-9.358792730308874
2020-01-04 20:00:00,76.18201046377536,0.0,0.12,0.10000000000000003,0.1,-125.0,-1.3183898417423734e-14,0.0,1.3183898417423734e-14,76.18201046377534,9.141841255653041,0.0,-9.141841255653041
2020-01-04 21:00:00,78.65981739008404,0.0,0.12,0.1,0.1,-250.0,-0.0,-0.0,0.0,78.65981739008404,9.439178086810085,0.0,-9.439178086810085
2020-01-04 22:00:00,76.54294238004704,0.0,0.12,0.1,0.1,-125.0,-0.0,-0.0,0.0,76.54294238004704,9.185153085605645,0.0,-9.185153085605645
2020-01-04 23:00:00,76.41088714219687,0.0,0.12,0.1,0.3375,125.0,125.0,125.0,0.0,201.41088714219688,24.169306457063627,0.0,-24.169306457063627
2020-01-05 00:00:00,76.24643515995132,0.0,0.12,0.3375,0.3375,0.0,0.0,0.0,-0.0,76.24643515995132,9.149572219194157,0.0,-9.149572219194157
2020-01-05 01:00:00,76.37137155508347,0.0,0.12,0.3375,0.3375,0.0,0.0,0.0,-0.0,76.37137155508347,9.164564586610016,0.0,-9.164564586610016
2020-01-05 02:00:00,76.80430223750906,0.0,0.12,0.3375,0.1,-125.0,-112.81250000000001,0.0,112.81250000000001,-36.00819776249095,0.0,0.0,-0.0
2020-01-05 03:00:00,75.03261058590196,0.0,0.12,0.1,0.1,-125.0,-0.0,-0.0,0.0,75.03261058590196,9.003913270308235,0.0,-9.003913270308235
2020-01-05 04:00:00,76.4387751158841,0.0,0.12,0.1,0.1,-125.0,-0.0,-0.0,0.0,76.4387751158841,9.172653013906091,0.0,-9.172653013906091
2020-01-05 05:00:00,76.86016625742879,0.0,0.12,0.1,0.3375,125.0,125.0,125.0,0.0,201.86016625742877,24.22321995089145,0.0,-24.22321995089145
2020-01-05 06:00:00,76.84618012748875,0.0,0.12,0.3375,0.1,-250.0,-112.81250000000001,0.0,112.81250000000001,-35.966319872511264,0.0,0.0,-0.0
2020-01-05 07:00:00,74.27629442045685,4.806881536863966,0.12,0.1,0.1,-125.0,-0.0,-0.0,0.0,69.46941288359288,8.336329546031145,0.0,-8.336329546031145
2020-01-05 08:00:00,77.50615214449887,39.63293621212121,0.12,0.1,0.1,-125.0,-0.0,-0.0,0.0,37.87321593237766,4.544785911885319,0.0,-4.544785911885319
2020-01-05 09:00:00,80.8171258383588,77.01001153846154,0.12,0.1,0.1,0.0,0.0,0.0,-0.0,3.8071142998972647,0.45685371598767177,0.0,-0.45685371598767177
2020-01-05 10:00:00,84.87006099152141,98.33387499999999,0.12,0.1,0.1,-250.0,-0.0,-0.0,0.0,-13.463814008478579,0.0,0.0,-0.0
2020-01-05 11:00:00,85.7451896435703,106.70456363636363,0.12,0.1,0.1,0.0,0.0,0.0,-0.0,-20.95937399279333,0.0,0.0,-0.0
2020-01-05 12:00:00,84.77764673663472,103.77904230769231,0.12,0.1,0.1,0.0,0.0,0.0,-0.0,-19.001395571057586,0.0,0.0,-0.0
2020-01-05 13:00:00,84.6475414486249,91.53915972222222,0.12,0.1,0.1,0.0,0.0,0.0,-0.0,-6.891618273597317,0.0,0.0,-0.0
2020-01-05 14:00:00,82.57056243065328,70.12670151515152,0.12,0.1,0.1,0.0,0.0,0.0,-0.0,12.443860915501759,1.493263309860211,0.0,-1.493263309860211
2020-01-05 15:00:00,78.85923216985982,38.2297241025641,0.12,0.1,0.1,-250.0,-0.0,-0.0,0.0,40.629508067295724,4.875540968075486,0.0,-4.875540968075486
2020-01-05 16:00:00,74.37325818549067,7.6909334722222225,0.12,0.1,0.1,0.0,0.0,0.0,-0.0,66.68232471326844,8.001878965592212,0.0,-8.001878965592212
2020-01-05 17:00:00,75.21920798988944,0.014545454545454545,0.12,0.1,0.575,250.0,250.0,250.0,0.0,325.20466253534397,39.024559504241275,0.0,-39.024559504241275
2020-01-05 18:00:00,74.5486161354432,0.0,0.12,0.575,0.31184210526315786,-125.0,-125.0,0.0,125.0,-50.4513838645568,0.0,0.0,-0.0
2020-01-05 19:00:00,77.56686441644442,0.0,0.12,0.31184210526315786,0.31184210526315786,0.0,0.0,0.0,-0.0,77.56686441644442,9.30802372997333,0.0,-9.30802372997333
2020-01-05 20:00:00,74.14441874945982,0.0,0.12,0.31184210526315786,0.1,-250.0,-100.62499999999999,0.0,100.62499999999999,-26.48058125054017,0.0,0.0,-0.0
2020-01-05 21:00:00,76.3127618994153,0.0,0.12,0.1,0.3375,125.0,125.0,125.0,0.0,201.3127618994153,24.157531427929836,0.0,-24.157531427929836
2020-01-05 22:00:00,77.0880810902358,0.0,0.12,0.3375,0.1,-250.0,-112.81250000000001,0.0,112.81250000000001,-35.72441890976421,0.0,0.0,-0.0
2020-01-05 23:00:00,76.8473187117082,0.0,0.12,0.1,0.3375,125.0,125.0,125.0,0.0,201.8473187117082,24.221678245404984,0.0,-24.221678245404984
2020-01-06 00:00:00,74.12663994171514,0.0,0.1,0.3375,0.1,-125.0,-112.81250000000001,0.0,112.81250000000001,-38.685860058284874,0.0,0.0,-0.0
2020-01-06 01:00:00,74.91529011750139,0.0,0.1,0.1,0.3375,125.0,125.0,125.0,0.0,199.9152901175014,19.991529011750142,0.0,-19.991529011750142
2020-01-06 02:00:00,76.50064052854022,0.0,0.1,0.3375,0.8125,250.0,250.0,250.0,0.0,326.5006405285402,32.65006405285402,0.0,-32.65006405285402
2020-01-06 03:00:00,76.7492459606615,0.0,0.1,0.8125,0.549342105263158,-125.0,-125.0,0.0,125.0,-48.2507540393385,0.0,0.0,-0.0
2020-01-06 04:00:00,75.92405471542186,0.0,0.1,0.549342105263158,0.9,250.0,184.5567867036011,184.5567867036011,0.0,260.48084141902297,26.048084141902297,0.0,-26.048084141902297
2020-01-06 05:00:00,74.25301526961806,0.0,0.1,0.9,0.6368421052631579,-125.0,-125.0,0.0,125.0,-50.74698473038194,0.0,0.0,-0.0
2020-01-06 06:00:00,76.89237906902258,0.0,0.1,0.6368421052631579,0.6368421052631579,0.0,0.0,0.0,-0.0,76.89237906902258,7.6892379069022585,0.0,-7.6892379069022585
2020-01-06 07:00:00,88.88648546208078,4.730940761941849,0.18,0.6368421052631579,0.1105263157894737,-250.0,-250.0,0.0,250.0,-165.84445529986107,0.0,0.0,-0.0
2020-01-06 08:00:00,111.02080065688497,40.68954212121212,0.18,0.1105263157894737,0.3480263157894737,125.0,125.0,125.0,0.0,195.33125853567284,35.15962653642111,0.0,-35.15962653642111
2020-01-06 09:00:00,103.03880003831722,75.4719576923077,0.18,0.3480263157894737,0.3480263157894737,0.0,0.0,0.0,-0.0,27.566842346009523,4.962031622281714,0.0,-4.962031622281714
2020-01-06 10:00:00,96.58358166822215,97.78744999999999,0.18,0.3480263157894737,0.10000000000000003,-125.0,-117.81249999999999,0.0,117.81249999999999,-119.01636833177783,0.0,0.0,-0.0
2020-01-06 11:00:00,99.01786631823842,106.45627272727273,0.18,0.10000000000000003,0.10000000000000003,0.0,0.0,0.0,-0.0,-7.4384064090343145,0.0,0.0,-0.0
2020-01-06 12:00:00,96.98281456880753,104.75946410256412,0.18,0.10000000000000003,0.10000000000000003,0.0,0.0,0.0,-0.0,-7.776649533756597,0.0,0.0,-0.0
2020-01-06 13:00:00,93.64889860071078,92.50400833333333,0.18,0.10000000000000003,0.1,-250.0,-1.3183898417423734e-14,0.0,1.3183898417423734e-14,1.1448902673774353,0.20608024812793835,0.0,-0.20608024812793835
2020-01-06 14:00:00,92.17221986746914,70.79043787878788,0.18,0.1,0.3375,125.0,125.0,125.0,0.0,146.38178198868127,26.348720757962628,0.0,-26.348720757962628
2020-01-06 15:00:00,93.89293748576256,38.72781429487179,0.18,0.3375,0.575,125.0,125.0,125.0,0.0,180.16512319089077,32.429722174360336,0.0,-32.429722174360336
2020-01-06 16:00:00,84.68407686628898,7.50352168224299,0.32,0.575,0.9,250.0,171.0526315789474,171.0526315789474,0.0,248.2331867629934,79.43461976415789,0.0,-79.43461976415789
2020-01-06 17:00:00,84.05066399522872,0.05347776833758142,0.32,0.9,0.6368421052631579,-125.0,-125.0,0.0,125.0,-41.00281377310887,0.0,0.0,-0.0
2020-01-06 18:00:00,79.94953507718756,0.0,0.32,0.6368421052631579,0.6368421052631579,0.0,0.0,0.0,-0.0,79.94953507718756,25.58385122470002,0.0,-25.58385122470002
2020-01-06 19:00:00,84.39245602525234,0.0,0.32,0.6368421052631579,0.3736842105263158,-125.0,-125.0,0.0,125.0,-40.60754397474766,0.0,0.0,-0.0
2020-01-06 20:00:00,83.55922673237315,0.0,0.32,0.3736842105263158,0.1105263157894737,-125.0,-125.0,0.0,125.0,-41.44077326762685,0.0,0.0,-0.0
2020-01-06 21:00:00,80.45447288169292,0.0,0.32,0.1105263157894737,0.1105263157894737,0.0,0.0,0.0,-0.0,80.45447288169292,25.745431322141737,0.0,-25.745431322141737
2020-01-06 22:00:00,78.29605598278154,0.0,0.1,0.1105263157894737,0.1105263157894737,0.0,0.0,0.0,-0.0,78.29605598278154,7.829605598278154,0.0,-7.829605598278154
2020-01-06 23:00:00,79.23503860207201,0.0,0.1,0.1105263157894737,0.3480263157894737,125.0,125.0,125.0,0.0,204.235038602072,20.4235038602072,0.0,-20.4235038602072
2020-01-07 00:00:00,78.22441717251992,0.0,0.1,0.3480263157894737,0.10000000000000003,-125.0,-117.81249999999999,0.0,117.81249999999999,-39.588082827480065,0.0,0.0,-0.0
2020-01-07 01:00:00,78.42975158703585,0.0,0.1,0.10000000000000003,0.1,-250.0,-1.3183898417423734e-14,0.0,1.3183898417423734e-14,78.42975158703584,7.8429751587035845,0.0,-7.8429751587035845
2020-01-07 02:00:00,77.12830369408579,0.0,0.1,0.1,0.3375,125.0,125.0,125.0,0.0,202.1283036940858,20.21283036940858,0.0,-20.21283036940858
2020-01-07 03:00:00,78.17402602668966,0.0,0.1,0.3375,0.8125,250.0,250.0,250.0,0.0,328.17402602668966,32.81740260266897,0.0,-32.81740260266897
2020-01-07 04:00:00,78.15805294141383,0.0,0.1,0.8125,0.9,125.0,46.052631578947384,46.052631578947384,0.0,124.21068452036121,12.421068452036122,0.0,-12.421068452036122
2020-01-07 05:00:00,78.12542261337138,0.0,0.1,0.9,0.6368421052631579,-125.0,-125.0,0.0,125.0,-46.874577386628616,0.0,0.0,-0.0
2020-01-07 06:00:00,77.59824210439773,0.0,0.1,0.6368421052631579,0.6368421052631579,0.0,0.0,0.0,-0.0,77.59824210439773,7.759824210439773,0.0,-7.759824210439773
2020-01-07 07:00:00,84.99477420470949,2.031787843977155,0.18,0.6368421052631579,0.1105263157894737,-250.0,-250.0,0.0,250.0,-167.03701363926768,0.0,0.0,-0.0
2020-01-07 08:00:00,94.3332869586036,10.73814,0.18,0.1105263157894737,0.3480263157894737,125.0,125.0,125.0,0.0,208.5951469586036,37.547126452548646,0.0,-37.547126452548646
2020-01-07 09:00:00,92.1161330873306,24.214893205128206,0.18,0.3480263157894737,0.3480263157894737,0.0,0.0,0.0,-0.0,67.90123988220239,12.22222317879643,0.0,-12.22222317879643
2020-01-07 10:00:00,92.85559992799112,36.32541125,0.18,0.3480263157894737,0.10000000000000003,-125.0,-117.81249999999999,0.0,117.81249999999999,-61.282311322008866,0.0,0.0,-0.0
2020-01-07 11:00:00,96.5523855680884,42.581790000000005,0.18,0.10000000000000003,0.10000000000000003,0.0,0.0,0.0,-0.0,53.97059556808839,9.71470720225591,0.0,-9.71470720225591
2020-01-07 12:00:00,89.4111696412855,40.04583076923076,0.18,0.10000000000000003,0.10000000000000003,0.0,0.0,0.0,-0.0,49.365338872054735,8.885760996969852,0.0,-8.885760996969852
2020-01-07 13:00:00,91.33931140939403,36.778370833333334,0.18,0.10000000000000003,0.1,-250.0,-1.3183898417423734e-14,0.0,1.3183898417423734e-14,54.56094057606068,9.820969303690923,0.0,-9.820969303690923
2020-01-07 14:00:00,90.93886485858239,20.781688484848484,0.18,0.1,0.3375,125.0,125.0,125.0,0.0,195.1571763737339,35.1282917472721,0.0,-35.1282917472721
2020-01-07 15:00:00,87.11198002216639,14.584169358974359,0.18,0.3375,0.575,125.0,125.0,125.0,0.0,197.52781066319204,35.555005919374565,0.0,-35.555005919374565
2020-01-07 16:00:00,85.17179772617699,3.877922611630322,0.32,0.575,0.9,250.0,171.0526315789474,171.0526315789474,0.0,252.34650669349406,80.7508821419181,0.0,-80.7508821419181
2020-01-07 17:00:00,86.53615686800384,0.058128009062588505,0.32,0.9,0.6368421052631579,-125.0,-125.0,0.0,125.0,-38.52197114105874,0.0,0.0,-0.0
2020-01-07 18:00:00,86.58411078087718,0.0,0.32,0.6368421052631579,0.6368421052631579,0.0,0.0,0.0,-0.0,86.58411078087718,27.7069154498807,0.0,-27.7069154498807
2020-01-07 19:00:00,88.74028558604995,0.0,0.32,0.6368421052631579,0.3736842105263158,-125.0,-125.0,0.0,125.0,-36.25971441395005,0.0,0.0,-0.0
2020-01-07 20:00:00,86.13474209361799,0.0,0.32,0.3736842105263158,0.1105263157894737,-125.0,-125.0,0.0,125.0,-38.86525790638201,0.0,0.0,-0.0
2020-01-07 21:00:00,84.91169180584386,0.0,0.32,0.1105263157894737,0.1105263157894737,0.0,0.0,0.0,-0.0,84.91169180584386,27.171741377870035,0.0,-27.171741377870035
2020-01-07 22:00:00,82.14660616710209,0.0,0.1,0.1105263157894737,0.3480263157894737,125.0,125.0,125.0,0.0,207.1466061671021,20.714660616710212,0.0,-20.714660616710212
2020-01-07 23:00:00,81.25567578887075,0.0,0.1,0.3480263157894737,0.3480263157894737,0.0,0.0,0.0,-0.0,81.25567578887075,8.125567578887075,0.0,-8.125567578887075
2020-01-08 00:00:00,80.32395036301173,0.0,0.1,0.3480263157894737,0.3480263157894737,0.0,0.0,0.0,-0.0,80.32395036301173,8.032395036301173,0.0,-8.032395036301173
2020-01-08 01:00:00,81.93656827255171,0.0,0.1,0.3480263157894737,0.10000000000000003,-250.0,-117.81249999999999,0.0,117.81249999999999,-35.875931727448275,0.0,0.0,-0.0
2020-01-08 02:00:00,83.27760517073564,0.0,0.1,0.10000000000000003,0.10000000000000003,0.0,0.0,0.0,-0.0,83.27760517073564,8.327760517073564,0.0,-8.327760517073564
2020-01-08 03:00:00,82.4026130984157,0.0,0.1,0.10000000000000003,0.3375,125.0,125.0,125.0,0.0,207.4026130984157,20.74026130984157,0.0,-20.74026130984157
2020-01-08 04:00:00,80.13962232953801,0.0,0.1,0.3375,0.8125,250.0,250.0,250.0,0.0,330.13962232953804,33.01396223295381,0.0,-33.01396223295381
2020-01-08 05:00:00,85.79365884026457,0.0,0.1,0.8125,0.8125,0.0,0.0,0.0,-0.0,85.79365884026457,8.579365884026457,0.0,-8.579365884026457
2020-01-08 06:00:00,83.17734663241582,0.0,0.1,0.8125,0.549342105263158,-125.0,-125.0,0.0,125.0,-41.82265336758418,0.0,0.0,-0.0
2020-01-08 07:00:00,86.1120322637942,1.1040758047767394,0.18,0.549342105263158,0.2861842105263159,-125.0,-125.0,0.0,125.0,-39.992043540982536,0.0,0.0,-0.0
2020-01-08 08:00:00,89.34372155679074,4.4286590909090915,0.18,0.2861842105263159,0.5236842105263159,125.0,125.0,125.0,0.0,209.91506246588165,37.784711243858695,0.0,-37.784711243858695
2020-01-08 09:00:00,86.55055403636476,10.68070826923077,0.18,0.5236842105263159,0.10000000000000003,-250.0,-201.25000000000003,0.0,201.25000000000003,-125.38015423286603,0.0,0.0,-0.0
2020-01-08 10:00:00,88.24706889836175,12.295931111111111,0.18,0.10000000000000003,0.1,-250.0,-1.3183898417423734e-14,0.0,1.3183898417423734e-14,75.95113778725062,13.67120480170511,0.0,-13.67120480170511
2020-01-08 11:00:00,87.0976280039662,16.582087727272725,0.18,0.1,0.1,0.0,0.0,0.0,-0.0,70.51554027669347,12.692797249804824,0.0,-12.692797249804824
2020-01-08 12:00:00,86.17303896834161,27.113738205128207,0.18,0.1,0.1,0.0,0.0,0.0,-0.0,59.05930076321341,10.630674137378413,0.0,-10.630674137378413
2020-01-08 13:00:00,85.37338194487165,23.447616111111113,0.18,0.1,0.575,250.0,250.0,250.0,0.0,311.9257658337605,56.14663785007689,0.0,-56.14663785007689
2020-01-08 14:00:00,88.00423533575673,18.435519696969696,0.18,0.575,0.31184210526315786,-125.0,-125.0,0.0,125.0,-55.43128436121296,0.0,0.0,-0.0
2020-01-08 15:00:00,88.76413947917098,11.891910641025643,0.18,0.31184210526315786,0.5493421052631579,125.0,125.0,125.0,0.0,201.87222883814533,36.33700119086616,0.0,-36.33700119086616
2020-01-08 16:00:00,80.75528004508925,2.660063564382139,0.32,0.5493421052631579,0.9,250.0,184.55678670360118,184.55678670360118,0.0,262.6520031843083,84.04864101897866,0.0,-84.04864101897866
2020-01-08 17:00:00,82.74149762525097,0.0,0.32,0.9,0.6368421052631579,-125.0,-125.0,0.0,125.0,-42.25850237474903,0.0,0.0,-0.0
2020-01-08 18:00:00,84.55632936809569,0.0,0.32,0.6368421052631579,0.6368421052631579,0.0,0.0,0.0,-0.0,84.55632936809569,27.058025397790622,0.0,-27.058025397790622
2020-01-08 19:00:00,88.707168593518,0.0,0.32,0.6368421052631579,0.3736842105263158,-125.0,-125.0,0.0,125.0,-36.292831406481994,0.0,0.0,-0.0
2020-01-08 20:00:00,87.91786698579043,0.0,0.32,0.3736842105263158,0.1105263157894737,-125.0,-125.0,0.0,125.0,-37.082133014209575,0.0,0.0,-0.0
2020-01-08 21:00:00,80.72132435159854,0.0,0.32,0.1105263157894737,0.1105263157894737,0.0,0.0,0.0,-0.0,80.72132435159854,25.830823792511534,0.0,-25.830823792511534
2020-01-08 22:00:00,78.50885651197865,0.0,0.1,0.1105263157894737,0.3480263157894737,125.0,125.0,125.0,0.0,203.50885651197865,20.350885651197867,0.0,-20.350885651197867
2020-01-08 23:00:00,78.84327740884964,0.0,0.1,0.3480263157894737,0.3480263157894737,0.0,0.0,0.0,-0.0,78.84327740884964,7.884327740884965,0.0,-7.884327740884965
2020-01-09 00:00:00,78.44810595478879,0.0,0.1,0.3480263157894737,0.10000000000000003,-125.0,-117.81249999999999,0.0,117.81249999999999,-39.3643940452112,0.0,0.0,-0.0
2020-01-09 01:00:00,79.23393095129242,0.0,0.1,0.10000000000000003,0.1,-250.0,-1.3183898417423734e-14,0.0,1.3183898417423734e-14,79.23393095129241,7.923393095129241,0.0,-7.923393095129241
2020-01-09 02:00:00,76.74015443628583,0.0,0.1,0.1,0.1,0.0,0.0,0.0,-0.0,76.74015443628583,7.6740154436285835,0.0,-7.6740154436285835
2020-01-09 03:00:00,79.38780899881728,0.0,0.1,0.1,0.3375,125.0,125.0,125.0,0.0,204.38780899881726,20.438780899881728,0.0,-20.438780899881728
2020-01-09 04:00:00,78.61555970121047,0.0,0.1,0.3375,0.8125,250.0,250.0,250.0,0.0,328.6155597012105,32.86155597012105,0.0,-32.86155597012105
2020-01-09 05:00:00,83.0895985549613,0.0,0.1,0.8125,0.8125,0.0,0.0,0.0,-0.0,83.0895985549613,8.30895985549613,0.0,-8.30895985549613
2020-01-09 06:00:00,77.77691597780142,0.0,0.1,0.8125,0.549342105263158,-125.0,-125.0,0.0,125.0,-47.22308402219858,0.0,0.0,-0.0
2020-01-09 07:00:00,84.64394360687946,1.0428270119418483,0.18,0.549342105263158,0.2861842105263159,-125.0,-125.0,0.0,125.0,-41.39888340506239,0.0,0.0,-0.0
2020-01-09 08:00:00,88.16581473394238,5.126157575757575,0.18,0.2861842105263159,0.5236842105263159,125.0,125.0,125.0,0.0,208.0396571581848,37.44713828847326,0.0,-37.44713828847326
2020-01-09 09:00:00,87.84295590722348,9.71460858974359,0.18,0.5236842105263159,0.10000000000000003,-250.0,-201.25000000000003,0.0,201.25000000000003,-123.12165268252014,0.0,0.0,-0.0
2020-01-09 10:00:00,103.23758642551213,19.45230777777778,0.18,0.10000000000000003,0.1,-250.0,-1.3183898417423734e-14,0.0,1.3183898417423734e-14,83.78527864773434,15.081350156592181,0.0,-15.081350156592181
2020-01-09 11:00:00,98.11677174519878,13.804153636363635,0.18,0.1,0.1,0.0,0.0,0.0,-0.0,84.31261810883514,15.176271259590324,0.0,-15.176271259590324
2020-01-09 12:00:00,96.33675074491485,31.69421525641026,0.18,0.1,0.1,0.0,0.0,0.0,-0.0,64.64253548850459,11.635656387930826,0.0,-11.635656387930826
2020-01-09 13:00:00,96.27058455379706,47.518844722222234,0.18,0.1,0.575,250.0,250.0,250.0,0.0,298.7517398315748,53.775313169683464,0.0,-53.775313169683464
2020-01-09 14:00:00,89.71133921100474,39.85020863636364,0.18,0.575,0.31184210526315786,-125.0,-125.0,0.0,125.0,-75.1388694253589,0.0,0.0,-0.0
2020-01-09 15:00:00,85.87857970133146,47.51886153846154,0.18,0.31184210526315786,0.5493421052631579,125.0,125.0,125.0,0.0,163.3597181628699,29.404749269316582,0.0,-29.404749269316582
2020-01-09 16:00:00,82.9620763719273,8.924914027777778,0.32,0.5493421052631579,0.9,250.0,184.55678670360118,184.55678670360118,0.0,258.5939490477507,82.75006369528022,0.0,-82.75006369528022
2020-01-09 17:00:00,78.9875048489771,0.10230529595015576,0.32,0.9,0.6368421052631579,-125.0,-125.0,0.0,125.0,-46.114800446973064,0.0,0.0,-0.0
2020-01-09 18:00:00,80.45988862928439,0.0,0.32,0.6368421052631579,0.6368421052631579,0.0,0.0,0.0,-0.0,80.45988862928439,25.747164361371006,0.0,-25.747164361371006
2020-01-09 19:00:00,80.52086259279538,0.0,0.32,0.6368421052631579,0.3736842105263158,-125.0,-125.0,0.0,125.0,-44.47913740720462,0.0,0.0,-0.0
2020-01-09 20:00:00,79.57032633766357,0.0,0.32,0.3736842105263158,0.1105263157894737,-125.0,-125.0,0.0,125.0,-45.42967366233643,0.0,0.0,-0.0
2020-01-09 21:00:00,78.40987293305685,0.0,0.32,0.1105263157894737,0.1105263157894737,0.0,0.0,0.0,-0.0,78.40987293305685,25.09115933857819,0.0,-25.09115933857819
2020-01-09 22:00:00,77.87674434594253,0.0,0.1,0.1105263157894737,0.1105263157894737,0.0,0.0,0.0,-0.0,77.87674434594253,7.787674434594253,0.0,-7.787674434594253
2020-01-09 23:00:00,75.83854150814072,0.0,0.1,0.1105263157894737,0.3480263157894737,125.0,125.0,125.0,0.0,200.83854150814074,20.083854150814076,0.0,-20.083854150814076
2020-01-10 00:00:00,76.68842933923646,0.0,0.1,0.3480263157894737,0.10000000000000003,-125.0,-117.81249999999999,0.0,117.81249999999999,-41.12407066076352,0.0,0.0,-0.0
2020-01-10 01:00:00,77.96088531001426,0.0,0.1,0.10000000000000003,0.1,-250.0,-1.3183898417423734e-14,0.0,1.3183898417423734e-14,77.96088531001425,7.796088531001425,0.0,-7.796088531001425
2020-01-10 02:00:00,77.90875798573036,0.0,0.1,0.1,0.3375,125.0,125.0,125.0,0.0,202.90875798573035,20.290875798573037,0.0,-20.290875798573037
2020-01-10 03:00:00,78.79184070618723,0.0,0.1,0.3375,0.8125,250.0,250.0,250.0,0.0,328.79184070618726,32.87918407061873,0.0,-32.87918407061873
2020-01-10 04:00:00,77.12903261171947,0.0,0.1,0.8125,0.9,125.0,46.052631578947384,46.052631578947384,0.0,123.18166419066685,12.318166419066685,0.0,-12.318166419066685
2020-01-10 05:00:00,81.93127685697924,0.0,0.1,0.9,0.9,0.0,0.0,0.0,-0.0,81.93127685697924,8.193127685697924,0.0,-8.193127685697924
2020-01-10 06:00:00,80.14695624339826,0.0,0.1,0.9,0.6368421052631579,-125.0,-125.0,0.0,125.0,-44.853043756601735,0.0,0.0,-0.0
2020-01-10 07:00:00,80.36065837379842,4.096412958203531,0.18,0.6368421052631579,0.3736842105263158,-125.0,-125.0,0.0,125.0,-48.735754584405115,0.0,0.0,-0.0
2020-01-10 08:00:00,80.6631168536591,40.818447575757574,0.18,0.3736842105263158,0.3736842105263158,0.0,0.0,0.0,-0.0,39.84466927790153,7.172040470022275,0.0,-7.172040470022275
2020-01-10 09:00:00,88.24018891726104,79.73822307692308,0.18,0.3736842105263158,0.3736842105263158,0.0,0.0,0.0,-0.0,8.50196584033796,1.5303538512608326,0.0,-1.5303538512608326
2020-01-10 10:00:00,94.09183290616994,99.88702083333334,0.18,0.3736842105263158,0.3736842105263158,0.0,0.0,0.0,-0.0,-5.795187927163397,0.0,0.0,-0.0
2020-01-10 11:00:00,94.61911058520022,109.65119393939393,0.18,0.3736842105263158,0.3736842105263158,0.0,0.0,0.0,-0.0,-15.032083354193716,0.0,0.0,-0.0
2020-01-10 12:00:00,95.9384577267282,108.87176538461539,0.18,0.3736842105263158,0.6111842105263158,125.0,125.0,125.0,0.0,112.06669234211282,20.172004621580307,0.0,-20.172004621580307
2020-01-10 13:00:00,95.54678225947255,95.35397083333334,0.18,0.6111842105263158,0.6111842105263158,0.0,0.0,0.0,-0.0,0.19281142613921531,0.03470605670505875,0.0,-0.03470605670505875
2020-01-10 14:00:00,94.87693868869388,73.08190757575757,0.18,0.6111842105263158,0.6111842105263158,0.0,0.0,0.0,-0.0,21.795031112936314,3.9231056003285363,0.0,-3.9231056003285363
2020-01-10 15:00:00,94.66765313036295,39.92379923076923,0.18,0.6111842105263158,0.8486842105263157,125.0,125.0,125.0,0.0,179.74385389959372,32.353893701926864,0.0,-32.353893701926864
2020-01-10 16:00:00,86.41656525267304,6.3600844444444435,0.32,0.8486842105263157,0.9,250.0,27.008310249307534,27.008310249307534,0.0,107.06479105753613,34.26073313841156,0.0,-34.26073313841156
2020-01-10 17:00:00,81.55060348111543,0.06255168507504956,0.32,0.9,0.6368421052631579,-125.0,-125.0,0.0,125.0,-43.51194820395962,0.0,0.0,-0.0
2020-01-10 18:00:00,79.94543750999414,0.0,0.32,0.6368421052631579,0.6368421052631579,0.0,0.0,0.0,-0.0,79.94543750999414,25.582540003198122,0.0,-25.582540003198122
2020-01-10 19:00:00,83.52820283687394,0.0,0.32,0.6368421052631579,0.3736842105263158,-125.0,-125.0,0.0,125.0,-41.471797163126055,0.0,0.0,-0.0
2020-01-10 20:00:00,80.53408474527082,0.0,0.32,0.3736842105263158,0.1105263157894737,-125.0,-125.0,0.0,125.0,-44.46591525472918,0.0,0.0,-0.0
2020-01-10 21:00:00,78.0320657934203,0.0,0.32,0.1105263157894737,0.1105263157894737,0.0,0.0,0.0,-0.0,78.0320657934203,24.970261053894497,0.0,-24.970261053894497
2020-01-10 22:00:00,79.30854630958395,0.0,0.1,0.1105263157894737,0.1105263157894737,0.0,0.0,0.0,-0.0,79.30854630958395,7.930854630958395,0.0,-7.930854630958395
2020-01-10 23:00:00,78.97991402135925,0.0,0.1,0.1105263157894737,0.3480263157894737,125.0,125.0,125.0,0.0,203.97991402135926,20.39799140213593,0.0,-20.39799140213593
2020-01-11 00:00:00,77.92793849469214,0.0,0.12,0.3480263157894737,0.3480263157894737,0.0,0.0,0.0,-0.0,77.92793849469214,9.351352619363057,0.0,-9.351352619363057
2020-01-11 01:00:00,76.84104874489407,0.0,0.12,0.3480263157894737,0.3480263157894737,0.0,0.0,0.0,-0.0,76.84104874489407,9.220925849387287,0.0,-9.220925849387287
2020-01-11 02:00:00,76.6682257332449,0.0,0.12,0.3480263157894737,0.10000000000000003,-125.0,-117.81249999999999,0.0,117.81249999999999,-41.14427426675509,0.0,0.0,-0.0
2020-01-11 03:00:00,77.92340737813119,0.0,0.12,0.10000000000000003,0.1,-125.0,-1.3183898417423734e-14,0.0,1.3183898417423734e-14,77.92340737813117,9.35080888537574,0.0,-9.35080888537574
2020-01-11 04:00:00,77.36442980021575,0.0,0.12,0.1,0.3375,125.0,125.0,125.0,0.0,202.36442980021576,24.28373157602589,0.0,-24.28373157602589
2020-01-11 05:00:00,77.85435632968213,0.0,0.12,0.3375,0.8125,250.0,250.0,250.0,0.0,327.8543563296821,39.34252275956185,0.0,-39.34252275956185
2020-01-11 06:00:00,76.01179048933653,0.0,0.12,0.8125,0.549342105263158,-125.0,-125.0,0.0,125.0,-48.98820951066347,0.0,0.0,-0.0
2020-01-11 07:00:00,76.90428481333893,4.514143625389408,0.12,0.549342105263158,0.2861842105263159,-125.0,-125.0,0.0,125.0,-52.609858812050476,0.0,0.0,-0.0
2020-01-11 08:00:00,82.20176851323833,39.677034772727275,0.12,0.2861842105263159,0.10000000000000003,-250.0,-88.43750000000003,0.0,88.43750000000003,-45.91276625948897,0.0,0.0,-0.0
2020-01-11 09:00:00,85.22057498669086,75.50367307692308,0.12,0.10000000000000003,0.10000000000000003,0.0,0.0,0.0,-0.0,9.716901909767785,1.1660282291721342,0.0,-1.1660282291721342
2020-01-11 10:00:00,88.38870571819889,97.61260555555556,0.12,0.10000000000000003,0.1,-250.0,-1.3183898417423734e-14,0.0,1.3183898417423734e-14,-9.223899837356681,0.0,0.0,-0.0
2020-01-11 11:00:00,90.95298781999308,106.94772424242424,0.12,0.1,0.1,0.0,0.0,0.0,-0.0,-15.99473642243116,0.0,0.0,-0.0
2020-01-11 12:00:00,94.03383892946928,99.25064948717949,0.12,0.1,0.1,0.0,0.0,0.0,-0.0,-5.216810557710204,0.0,0.0,-0.0
2020-01-11 13:00:00,85.86058728199775,50.07235083333333,0.12,0.1,0.1,0.0,0.0,0.0,-0.0,35.78823644866442,4.29458837383973,0.0,-4.29458837383973
2020-01-11 14:00:00,84.80226365178633,52.7347196969697,0.12,0.1,0.1,0.0,0.0,0.0,-0.0,32.067543954816635,3.8481052745779962,0.0,-3.8481052745779962
2020-01-11 15:00:00,85.39634706423664,38.61632294871795,0.12,0.1,0.1,-250.0,-0.0,-0.0,0.0,46.780024115518685,5.613602893862242,0.0,-5.613602893862242
2020-01-11 16:00:00,79.26127910080551,9.092273204828661,0.12,0.1,0.1,-250.0,-0.0,-0.0,0.0,70.16900589597685,8.420280707517222,0.0,-8.420280707517222
2020-01-11 17:00:00,78.042383929314,0.8698177286887567,0.12,0.1,0.1,0.0,0.0,0.0,-0.0,77.17256620062524,9.260707944075028,0.0,-9.260707944075028
2020-01-11 18:00:00,76.4670290677322,0.0,0.12,0.1,0.575,250.0,250.0,250.0,0.0,326.4670290677322,39.17604348812786,0.0,-39.17604348812786
2020-01-11 19:00:00,78.04072269729524,0.0,0.12,0.575,0.31184210526315786,-125.0,-125.0,0.0,125.0,-46.95927730270476,0.0,0.0,-0.0
2020-01-11 20:00:00,78.88159870802009,0.0,0.12,0.31184210526315786,0.1,-250.0,-100.62499999999999,0.0,100.62499999999999,-21.743401291979893,0.0,0.0,-0.0
2020-01-11 21:00:00,79.41294339271745,0.0,0.12,0.1,0.1,-250.0,-0.0,-0.0,0.0,79.41294339271745,9.529553207126094,0.0,-9.529553207126094
2020-01-11 22:00:00,78.6802209188575,0.0,0.12,0.1,0.1,-125.0,-0.0,-0.0,0.0,78.6802209188575,9.4416265102629,0.0,-9.4416265102629
2020-01-11 23:00:00,77.40478213115033,0.0,0.12,0.1,0.3375,125.0,125.0,125.0,0.0,202.40478213115034,24.28857385573804,0.0,-24.28857385573804
2020-01-12 00:00:00,77.9239778455713,0.0,0.12,0.3375,0.3375,0.0,0.0,0.0,-0.0,77.9239778455713,9.350877341468555,0.0,-9.350877341468555
2020-01-12 01:00:00,77.82401463138997,0.0,0.12,0.3375,0.3375,0.0,0.0,0.0,-0.0,77.82401463138997,9.338881755766796,0.0,-9.338881755766796
2020-01-12 02:00:00,78.61696462885848,0.0,0.12,0.3375,0.1,-125.0,-112.81250000000001,0.0,112.81250000000001,-34.19553537114153,0.0,0.0,-0.0
2020-01-12 03:00:00,77.58858060515095,0.0,0.12,0.1,0.1,-125.0,-0.0,-0.0,0.0,77.58858060515095,9.310629672618115,0.0,-9.310629672618115
2020-01-12 04:00:00,76.68984038790637,0.0,0.12,0.1,0.3375,125.0,125.0,125.0,0.0,201.68984038790637,24.202780846548762,0.0,-24.202780846548762
2020-01-12 05:00:00,78.03568049715396,0.0,0.12,0.3375,0.8125,250.0,250.0,250.0,0.0,328.035680497154,39.364281659658474,0.0,-39.364281659658474
2020-01-12 06:00:00,78.6003634204616,0.0,0.12,0.8125,0.549342105263158,-125.0,-125.0,0.0,125.0,-46.399636579538395,0.0,0.0,-0.0
2020-01-12 07:00:00,77.6561863183213,2.5959143159397713,0.12,0.549342105263158,0.2861842105263159,-125.0,-125.0,0.0,125.0,-49.93972799761846,0.0,0.0,-0.0
2020-01-12 08:00:00,74.23376994586452,16.03276181818182,0.12,0.2861842105263159,0.10000000000000003,-250.0,-88.43750000000003,0.0,88.43750000000003,-30.23649187231733,0.0,0.0,-0.0
2020-01-12 09:00:00,76.90097630856896,29.51465205128205,0.12,0.10000000000000003,0.10000000000000003,0.0,0.0,0.0,-0.0,47.38632425728691,5.686358910874429,0.0,-5.686358910874429
2020-01-12 10:00:00,82.55263795697975,63.60442722222223,0.12,0.10000000000000003,0.1,-250.0,-1.3183898417423734e-14,0.0,1.3183898417423734e-14,18.94821073475751,2.273785288170901,0.0,-2.273785288170901
2020-01-12 11:00:00,82.26412736032326,85.47390151515152,0.12,0.1,0.1,0.0,0.0,0.0,-0.0,-3.209774154828267,0.0,0.0,-0.0
2020-01-12 12:00:00,77.33429758002373,40.91817999999999,0.12,0.1,0.1,0.0,0.0,0.0,-0.0,36.41611758002374,4.369934109602848,0.0,-4.369934109602848
2020-01-12 13:00:00,71.93093746264289,52.27325138888889,0.12,0.1,0.1,0.0,0.0,0.0,-0.0,19.657686073754,2.35892232885048,0.0,-2.35892232885048
2020-01-12 14:00:00,79.4156824578617,77.11201363636364,0.12,0.1,0.1,0.0,0.0,0.0,-0.0,2.3036688214980643,0.27644025857976773,0.0,-0.27644025857976773
2020-01-12 15:00:00,75.8420441052123,43.166658461538454,0.12,0.1,0.1,-250.0,-0.0,-0.0,0.0,32.67538564367384,3.921046277240861,0.0,-3.921046277240861
2020-01-12 16:00:00,72.800972233873,9.370235944963655,0.12,0.1,0.1,0.0,0.0,0.0,-0.0,63.430736288909344,7.611688354669121,0.0,-7.611688354669121
2020-01-12 17:00:00,72.09736012539787,0.05347776833758142,0.12,0.1,0.575,250.0,250.0,250.0,0.0,322.0438823570603,38.645265882847234,0.0,-38.645265882847234
2020-01-12 18:00:00,77.46675642457429,0.0,0.12,0.575,0.31184210526315786,-125.0,-125.0,0.0,125.0,-47.533243575425715,0.0,0.0,-0.0
2020-01-12 19:00:00,77.74532064002103,0.0,0.12,0.31184210526315786,0.31184210526315786,0.0,0.0,0.0,-0.0,77.74532064002103,9.329438476802524,0.0,-9.329438476802524
2020-01-12 20:00:00,74.95954631146786,0.0,0.12,0.31184210526315786,0.1,-250.0,-100.62499999999999,0.0,100.62499999999999,-25.665453688532125,0.0,0.0,-0.0
2020-01-12 21:00:00,74.35366836940683,0.0,0.12,0.1,0.3375,125.0,125.0,125.0,0.0,199.35366836940682,23.92244020432882,0.0,-23.92244020432882
2020-01-12 22:00:00,75.69302229656363,0.0,0.12,0.3375,0.1,-250.0,-112.81250000000001,0.0,112.81250000000001,-37.11947770343639,0.0,0.0,-0.0
2020-01-12 23:00:00,74.9665707832599,0.0,0.12,0.1,0.3375,125.0,125.0,125.0,0.0,199.9665707832599,23.995988493991188,0.0,-23.995988493991188
2020-01-13 00:00:00,74.4830382931105,0.0,0.1,0.3375,0.1,-250.0,-112.81250000000001,0.0,112.81250000000001,-38.32946170688952,0.0,0.0,-0.0
2020-01-13 01:00:00,72.65139433412477,0.0,0.1,0.1,0.3375,125.0,125.0,125.0,0.0,197.65139433412477,19.76513943341248,0.0,-19.76513943341248
2020-01-13 02:00:00,73.66267044309828,0.0,0.1,0.3375,0.8125,250.0,250.0,250.0,0.0,323.66267044309825,32.36626704430983,0.0,-32.36626704430983
2020-01-13 03:00:00,73.8088959773119,0.0,0.1,0.8125,0.2861842105263158,-250.0,-250.0,0.0,250.0,-176.19110402268808,0.0,0.0,-0.0
2020-01-13 04:00:00,73.36616366662889,0.0,0.1,0.2861842105263158,0.10000000000000003,-125.0,-88.4375,0.0,88.4375,-15.071336333371107,0.0,0.0,-0.0
2020-01-13 05:00:00,73.05673626971146,0.0,0.1,0.10000000000000003,0.3375,125.0,125.0,125.0,0.0,198.05673626971145,19.805673626971146,0.0,-19.805673626971146
2020-01-13 06:00:00,73.2174947995925,0.0,0.1,0.3375,0.8125,250.0,250.0,250.0,0.0,323.2174947995925,32.32174947995925,0.0,-32.32174947995925
2020-01-13 07:00:00,85.28854886808054,5.043326205867082,0.18,0.8125,0.549342105263158,-125.0,-125.0,0.0,125.0,-44.75477733778655,0.0,0.0,-0.0
2020-01-13 08:00:00,87.68802089426148,41.588844242424244,0.18,0.549342105263158,0.2861842105263159,-125.0,-125.0,0.0,125.0,-78.90082334816276,0.0,0.0,-0.0
2020-01-13 09:00:00,85.98233796029272,77.30732692307691,0.18,0.2861842105263159,0.10000000000000003,-250.0,-88.43750000000003,0.0,88.43750000000003,-79.76248896278422,0.0,0.0,-0.0
2020-01-13 10:00:00,78.59838397426091,99.09807083333334,0.18,0.10000000000000003,0.1,-125.0,-1.3183898417423734e-14,0.0,1.3183898417423734e-14,-20.49968685907244,0.0,0.0,-0.0
2020-01-13 11:00:00,87.59859975710154,109.18726666666666,0.18,0.1,0.1,0.0,0.0,0.0,-0.0,-21.58866690956512,0.0,0.0,-0.0
2020-01-13 12:00:00,87.57913080954485,108.44677692307692,0.18,0.1,0.1,0.0,0.0,0.0,-0.0,-20.867646113532075,0.0,0.0,-0.0
2020-01-13 13:00:00,118.46549417869215,83.99699833333334,0.18,0.1,0.1,-250.0,-0.0,-0.0,0.0,34.46849584535882,6.2043292521645865,0.0,-6.2043292521645865
2020-01-13 14:00:00,81.23007288575496,51.59760545454546,0.18,0.1,0.3375,125.0,125.0,125.0,0.0,154.6324674312095,27.83384413761771,0.0,-27.83384413761771
2020-01-13 15:00:00,112.19712223167888,33.30260551282051,0.18,0.3375,0.1,-250.0,-112.81250000000001,0.0,112.81250000000001,-33.917983281141645,0.0,0.0,-0.0
2020-01-13 16:00:00,72.57045147024498,3.290633005581516,0.32,0.1,0.1,-250.0,-0.0,-0.0,0.0,69.27981846466346,22.16954190869231,0.0,-22.16954190869231
2020-01-13 17:00:00,72.91355337790807,0.027901444350042482,0.32,0.1,0.575,250.0,250.0,250.0,0.0,322.88565193355805,103.32340861873858,0.0,-103.32340861873858
2020-01-13 18:00:00,72.35444362215677,0.0,0.32,0.575,0.31184210526315786,-125.0,-125.0,0.0,125.0,-52.645556377843235,0.0,0.0,-0.0
2020-01-13 19:00:00,73.72054582037627,0.0,0.32,0.31184210526315786,0.5493421052631579,125.0,125.0,125.0,0.0,198.7205458203763,63.59057466252041,0.0,-63.59057466252041
2020-01-13 20:00:00,73.75113562863875,0.0,0.32,0.5493421052631579,0.28618421052631576,-125.0,-125.0,0.0,125.0,-51.24886437136125,0.0,0.0,-0.0
2020-01-13 21:00:00,70.37662954398189,0.0,0.32,0.28618421052631576,0.10000000000000003,-125.0,-88.43749999999997,0.0,88.43749999999997,-18.06087045601808,0.0,0.0,-0.0
2020-01-13 22:00:00,67.8815698461518,0.0,0.1,0.10000000000000003,0.10000000000000003,0.0,0.0,0.0,-0.0,67.8815698461518,6.788156984615181,0.0,-6.788156984615181
2020-01-13 23:00:00,64.91146354545117,0.0,0.1,0.10000000000000003,0.3375,125.0,125.0,125.0,0.0,189.91146354545117,18.99114635454512,0.0,-18.99114635454512
2020-01-14 00:00:00,66.37136035172465,0.0,0.1,0.3375,0.1,-250.0,-112.81250000000001,0.0,112.81250000000001,-46.44113964827537,0.0,0.0,-0.0
2020-01-14 01:00:00,66.8498871617725,0.0,0.1,0.1,0.3375,125.0,125.0,125.0,0.0,191.8498871617725,19.18498871617725,0.0,-19.18498871617725
2020-01-14 02:00:00,67.68372999108436,0.0,0.1,0.3375,0.8125,250.0,250.0,250.0,0.0,317.68372999108436,31.768372999108436,0.0,-31.768372999108436
2020-01-14 03:00:00,66.29623990027939,0.0,0.1,0.8125,0.2861842105263158,-250.0,-250.0,0.0,250.0,-183.70376009972063,0.0,0.0,-0.0
2020-01-14 04:00:00,68.0977744772096,0.0,0.1,0.2861842105263158,0.2861842105263158,0.0,0.0,0.0,-0.0,68.0977744772096,6.80977744772096,0.0,-6.80977744772096
2020-01-14 05:00:00,71.98383305485979,0.0,0.1,0.2861842105263158,0.5236842105263158,125.0,125.0,125.0,0.0,196.9838330548598,19.69838330548598,0.0,-19.69838330548598
2020-01-14 06:00:00,69.81029199259557,0.0,0.1,0.5236842105263158,0.26052631578947366,-125.0,-125.0,0.0,125.0,-55.189708007404434,0.0,0.0,-0.0
2020-01-14 07:00:00,71.49913078666071,7.166702023624091,0.18,0.26052631578947366,0.26052631578947366,0.0,0.0,0.0,-0.0,64.33242876303662,11.57983717734659,0.0,-11.57983717734659
2020-01-14 08:00:00,75.2367073339699,31.924343181818184,0.18,0.26052631578947366,0.26052631578947366,0.0,0.0,0.0,-0.0,43.312364152151716,7.7962255473873086,0.0,-7.7962255473873086
2020-01-14 09:00:00,87.74243305647641,52.14220782051281,0.18,0.26052631578947366,0.26052631578947366,0.0,0.0,0.0,-0.0,35.600225235963606,6.408040542473449,0.0,-6.408040542473449
2020-01-14 10:00:00,86.7202757210353,75.64388333333333,0.18,0.26052631578947366,0.26052631578947366,0.0,0.0,0.0,-0.0,11.076392387701972,1.993750629786355,0.0,-1.993750629786355
2020-01-14 11:00:00,87.86657631666543,84.86833636363636,0.18,0.26052631578947366,0.26052631578947366,0.0,0.0,0.0,-0.0,2.9982399530290706,0.5396831915452327,0.0,-0.5396831915452327
2020-01-14 12:00:00,86.91747859839622,99.86393461538462,0.18,0.26052631578947366,0.26052631578947366,0.0,0.0,0.0,-0.0,-12.946456016988407,0.0,0.0,-0.0
2020-01-14 13:00:00,88.05150976654312,94.49116666666667,0.18,0.26052631578947366,0.26052631578947366,0.0,0.0,0.0,-0.0,-6.439656900123552,0.0,0.0,-0.0
2020-01-14 14:00:00,106.55618136941074,72.39950454545455,0.18,0.26052631578947366,0.26052631578947366,0.0,0.0,0.0,-0.0,34.15667682395619,6.148201828312114,0.0,-6.148201828312114
2020-01-14 15:00:00,88.92902219688237,50.92667243589744,0.18,0.26052631578947366,0.26052631578947366,0.0,0.0,0.0,-0.0,38.002349760984934,6.840422956977288,0.0,-6.840422956977288
2020-01-14 16:00:00,84.48113024136892,13.797841944444444,0.32,0.26052631578947366,0.7355263157894736,250.0,250.0,250.0,0.0,320.6832882969245,102.61865225501585,0.0,-102.61865225501585
2020-01-14 17:00:00,78.7926835020405,0.2877570093457944,0.32,0.7355263157894736,0.7355263157894736,0.0,0.0,0.0,-0.0,78.50492649269471,25.121576477662305,0.0,-25.121576477662305
2020-01-14 18:00:00,78.32130676578323,0.0,0.32,0.7355263157894736,0.9,125.0,86.56509695290866,86.56509695290866,0.0,164.8864037186919,52.76364918998141,0.0,-52.76364918998141
2020-01-14 19:00:00,80.34481585353572,0.0,0.32,0.9,0.6368421052631579,-125.0,-125.0,0.0,125.0,-44.65518414646428,0.0,0.0,-0.0
2020-01-14 20:00:00,78.83905619400349,0.0,0.32,0.6368421052631579,0.3736842105263158,-125.0,-125.0,0.0,125.0,-46.16094380599651,0.0,0.0,-0.0
2020-01-14 21:00:00,76.12203538758284,0.0,0.32,0.3736842105263158,0.1105263157894737,-125.0,-125.0,0.0,125.0,-48.87796461241716,0.0,0.0,-0.0
2020-01-14 22:00:00,75.65785524407333,0.0,0.1,0.1105263157894737,0.1105263157894737,0.0,0.0,0.0,-0.0,75.65785524407333,7.5657855244073335,0.0,-7.5657855244073335
2020-01-14 23:00:00,75.69206176059377,0.0,0.1,0.1105263157894737,0.3480263157894737,125.0,125.0,125.0,0.0,200.6920617605938,20.06920617605938,0.0,-20.06920617605938
2020-01-15 00:00:00,74.94881185059228,0.0,0.1,0.3480263157894737,0.10000000000000003,-250.0,-117.81249999999999,0.0,117.81249999999999,-42.86368814940771,0.0,0.0,-0.0
2020-01-15 01:00:00,74.6641056344619,0.0,0.1,0.10000000000000003,0.3375,125.0,125.0,125.0,0.0,199.66410563446192,19.966410563446193,0.0,-19.966410563446193
2020-01-15 02:00:00,76.8288085541409,0.0,0.1,0.3375,0.8125,250.0,250.0,250.0,0.0,326.8288085541409,32.68288085541409,0.0,-32.68288085541409
2020-01-15 03:00:00,75.73264583455423,0.0,0.1,0.8125,0.549342105263158,-125.0,-125.0,0.0,125.0,-49.26735416544577,0.0,0.0,-0.0
2020-01-15 04:00:00,76.39226895078606,0.0,0.1,0.549342105263158,0.9,250.0,184.5567867036011,184.5567867036011,0.0,260.94905565438717,26.09490556543872,0.0,-26.09490556543872
2020-01-15 05:00:00,77.51826563374692,0.0,0.1,0.9,0.6368421052631579,-125.0,-125.0,0.0,125.0,-47.48173436625308,0.0,0.0,-0.0
2020-01-15 06:00:00,77.11980875792143,0.0,0.1,0.6368421052631579,0.6368421052631579,0.0,0.0,0.0,-0.0,77.11980875792143,7.711980875792143,0.0,-7.711980875792143
2020-01-15 07:00:00,79.39128500354566,3.220303968068535,0.18,0.6368421052631579,0.1105263157894737,-250.0,-250.0,0.0,250.0,-173.82901896452287,0.0,0.0,-0.0
2020-01-15 08:00:00,79.66863928344837,15.392858636363634,0.18,0.1105263157894737,0.3480263157894737,125.0,125.0,125.0,0.0,189.27578064708473,34.06964051647525,0.0,-34.06964051647525
2020-01-15 09:00:00,85.01649509863047,53.8582958974359,0.18,0.3480263157894737,0.3480263157894737,0.0,0.0,0.0,-0.0,31.15819920119457,5.608475856215023,0.0,-5.608475856215023
2020-01-15 10:00:00,84.87661270523559,88.85722916666667,0.18,0.3480263157894737,0.10000000000000003,-125.0,-117.81249999999999,0.0,117.81249999999999,-121.79311646143107,0.0,0.0,-0.0
2020-01-15 11:00:00,89.44125236892987,75.10176818181819,0.18,0.10000000000000003,0.10000000000000003,0.0,0.0,0.0,-0.0,14.33948418711168,2.5811071536801022,0.0,-2.5811071536801022
2020-01-15 12:00:00,87.62220223159756,70.86497948717948,0.18,0.10000000000000003,0.10000000000000003,0.0,0.0,0.0,-0.0,16.757222744418073,3.016300093995253,0.0,-3.016300093995253
2020-01-15 13:00:00,89.65963590267528,58.59730416666667,0.18,0.10000000000000003,0.1,-250.0,-1.3183898417423734e-14,0.0,1.3183898417423734e-14,31.062331736008595,5.591219712481547,0.0,-5.591219712481547
2020-01-15 14:00:00,91.8683181720636,35.406991363636365,0.18,0.1,0.3375,125.0,125.0,125.0,0.0,181.46132680842723,32.6630388255169,0.0,-32.6630388255169
2020-01-15 15:00:00,97.46803067641594,21.560185705128205,0.18,0.3375,0.575,125.0,125.0,125.0,0.0,200.90784497128772,36.163412094831784,0.0,-36.163412094831784
2020-01-15 16:00:00,89.92982690417604,10.88269013888889,0.32,0.575,0.9,250.0,171.0526315789474,171.0526315789474,0.0,250.09976834423455,80.03192587015506,0.0,-80.03192587015506
2020-01-15 17:00:00,82.44051088991232,0.2207306711979609,0.32,0.9,0.6368421052631579,-125.0,-125.0,0.0,125.0,-42.78021978128564,0.0,0.0,-0.0
2020-01-15 18:00:00,77.1173490770224,0.0,0.32,0.6368421052631579,0.6368421052631579,0.0,0.0,0.0,-0.0,77.1173490770224,24.67755170464717,0.0,-24.67755170464717
2020-01-15 19:00:00,79.83808846082745,0.0,0.32,0.6368421052631579,0.3736842105263158,-125.0,-125.0,0.0,125.0,-45.16191153917255,0.0,0.0,-0.0
2020-01-15 20:00:00,79.29002400003827,0.0,0.32,0.3736842105263158,0.10000000000000003,-250.0,-129.99999999999997,0.0,129.99999999999997,-50.7099759999617,0.0,0.0,-0.0
2020-01-15 21:00:00,76.79302928169945,0.0,0.32,0.10000000000000003,0.10000000000000003,0.0,0.0,0.0,-0.0,76.79302928169945,24.573769370143822,0.0,-24.573769370143822
2020-01-15 22:00:00,75.49264302180353,0.0,0.1,0.10000000000000003,0.10000000000000003,0.0,0.0,0.0,-0.0,75.49264302180353,7.549264302180354,0.0,-7.549264302180354
2020-01-15 23:00:00,74.6884730835012,0.0,0.1,0.10000000000000003,0.3375,125.0,125.0,125.0,0.0,199.6884730835012,19.96884730835012,0.0,-19.96884730835012
2020-01-16 00:00:00,75.59046245162938,0.0,0.1,0.3375,0.1,-250.0,-112.81250000000001,0.0,112.81250000000001,-37.222037548370636,0.0,0.0,-0.0
2020-01-16 01:00:00,74.0937363459056,0.0,0.1,0.1,0.3375,125.0,125.0,125.0,0.0,199.0937363459056,19.909373634590562,0.0,-19.909373634590562
2020-01-16 02:00:00,74.33253264758038,0.0,0.1,0.3375,0.8125,250.0,250.0,250.0,0.0,324.33253264758036,32.43325326475804,0.0,-32.43325326475804
2020-01-16 03:00:00,73.4965582512767,0.0,0.1,0.8125,0.2861842105263158,-250.0,-250.0,0.0,250.0,-176.5034417487233,0.0,0.0,-0.0
2020-01-16 04:00:00,74.01683789027221,0.0,0.1,0.2861842105263158,0.10000000000000003,-125.0,-88.4375,0.0,88.4375,-14.420662109727786,0.0,0.0,-0.0
2020-01-16 05:00:00,73.52017786324686,0.0,0.1,0.10000000000000003,0.3375,125.0,125.0,125.0,0.0,198.52017786324686,19.852017786324687,0.0,-19.852017786324687
2020-01-16 06:00:00,78.79527517551203,0.0,0.1,0.3375,0.8125,250.0,250.0,250.0,0.0,328.795275175512,32.8795275175512,0.0,-32.8795275175512
2020-01-16 07:00:00,83.7759271581131,0.820032554517134,0.18,0.8125,0.549342105263158,-125.0,-125.0,0.0,125.0,-42.044105396404035,0.0,0.0,-0.0
2020-01-16 08:00:00,83.8758240326791,4.390346212121213,0.18,0.549342105263158,0.2861842105263159,-125.0,-125.0,0.0,125.0,-45.51452217944211,0.0,0.0,-0.0
2020-01-16 09:00:00,88.45906098856689,4.2198717948717945,0.18,0.2861842105263159,0.10000000000000003,-250.0,-88.43750000000003,0.0,88.43750000000003,-4.1983108063049315,0.0,0.0,-0.0
2020-01-16 10:00:00,90.57866549925852,2.9657354166666665,0.18,0.10000000000000003,0.1,-250.0,-1.3183898417423734e-14,0.0,1.3183898417423734e-14,87.61293008259184,15.770327414866532,0.0,-15.770327414866532
2020-01-16 11:00:00,85.95487796594777,4.368503030303031,0.18,0.1,0.1,0.0,0.0,0.0,-0.0,81.58637493564474,14.685547488416052,0.0,-14.685547488416052
2020-01-16 12:00:00,82.70427269924849,12.908374487179488,0.18,0.1,0.1,0.0,0.0,0.0,-0.0,69.795898212069,12.56326167817242,0.0,-12.56326167817242
2020-01-16 13:00:00,87.65867115122474,20.41005986111111,0.18,0.1,0.1,-250.0,-0.0,-0.0,0.0,67.24861129011363,12.104750032220453,0.0,-12.104750032220453
2020-01-16 14:00:00,84.1851148867042,26.511333636363634,0.18,0.1,0.1,0.0,0.0,0.0,-0.0,57.67378125034057,10.381280625061303,0.0,-10.381280625061303
2020-01-16 15:00:00,88.539406996483,42.349829487179484,0.18,0.1,0.575,250.0,250.0,250.0,0.0,296.1895775093035,53.314123951674624,0.0,-53.314123951674624
2020-01-16 16:00:00,83.45932511807548,11.184755554257528,0.32,0.575,0.9,250.0,171.0526315789474,171.0526315789474,0.0,243.32720114276535,77.86470436568491,0.0,-77.86470436568491
2020-01-16 17:00:00,80.21539481522642,0.23716227697536107,0.32,0.9,0.6368421052631579,-125.0,-125.0,0.0,125.0,-45.02176746174894,0.0,0.0,-0.0
2020-01-16 18:00:00,81.3322322679991,0.0,0.32,0.6368421052631579,0.6368421052631579,0.0,0.0,0.0,-0.0,81.3322322679991,26.026314325759714,0.0,-26.026314325759714
2020-01-16 19:00:00,82.77992333821867,0.0,0.32,0.6368421052631579,0.3736842105263158,-125.0,-125.0,0.0,125.0,-42.220076661781334,0.0,0.0,-0.0
2020-01-16 20:00:00,77.20404163180002,0.0,0.32,0.3736842105263158,0.10000000000000003,-250.0,-129.99999999999997,0.0,129.99999999999997,-52.79595836819995,0.0,0.0,-0.0
2020-01-16 21:00:00,77.38843302257231,0.0,0.32,0.10000000000000003,0.10000000000000003,0.0,0.0,0.0,-0.0,77.38843302257231,24.76429856722314,0.0,-24.76429856722314
2020-01-16 22:00:00,75.52359649314135,0.0,0.1,0.10000000000000003,0.10000000000000003,0.0,0.0,0.0,-0.0,75.52359649314135,7.552359649314136,0.0,-7.552359649314136
2020-01-16 23:00:00,74.08447617864459,0.0,0.1,0.10000000000000003,0.3375,125.0,125.0,125.0,0.0,199.0844761786446,19.90844761786446,0.0,-19.90844761786446
2020-01-17 00:00:00,74.38672946355926,0.0,0.1,0.3375,0.1,-250.0,-112.81250000000001,0.0,112.81250000000001,-38.42577053644075,0.0,0.0,-0.0
2020-01-17 01:00:00,74.98291069506882,0.0,0.1,0.1,0.3375,125.0,125.0,125.0,0.0,199.98291069506882,19.998291069506884,0.0,-19.998291069506884
2020-01-17 02:00:00,76.15077199163842,0.0,0.1,0.3375,0.8125,250.0,250.0,250.0,0.0,326.1507719916384,32.61507719916384,0.0,-32.61507719916384
2020-01-17 03:00:00,76.26836019253824,0.0,0.1,0.8125,0.549342105263158,-125.0,-125.0,0.0,125.0,-48.73163980746176,0.0,0.0,-0.0
2020-01-17 04:00:00,74.79539484625472,0.0,0.1,0.549342105263158,0.2861842105263159,-125.0,-125.0,0.0,125.0,-50.20460515374528,0.0,0.0,-0.0
2020-01-17 05:00:00,77.82230615987649,0.0,0.1,0.2861842105263159,0.7611842105263158,250.0,250.0,250.0,0.0,327.82230615987646,32.78223061598765,0.0,-32.78223061598765
2020-01-17 06:00:00,78.54229997218934,0.0,0.1,0.7611842105263158,0.9,250.0,73.06094182825485,73.06094182825485,0.0,151.6032418004442,15.160324180044421,0.0,-15.160324180044421
2020-01-17 07:00:00,84.93625894804133,1.5996158099688473,0.18,0.9,0.6368421052631579,-125.0,-125.0,0.0,125.0,-41.663356861927525,0.0,0.0,-0.0
2020-01-17 08:00:00,86.18058556555405,7.431559696969697,0.18,0.6368421052631579,0.9,250.0,138.50415512465375,138.50415512465375,0.0,217.25318099323812,39.10557257878286,0.0,-39.10557257878286
2020-01-17 09:00:00,83.31392997270642,17.410264615384616,0.18,0.9,0.6368421052631579,-125.0,-125.0,0.0,125.0,-59.0963346426782,0.0,0.0,-0.0
2020-01-17 10:00:00,85.77757254949289,30.077567222222218,0.18,0.6368421052631579,0.3736842105263158,-125.0,-125.0,0.0,125.0,-69.29999467272933,0.0,0.0,-0.0
2020-01-17 11:00:00,86.48163008620958,36.098550151515155,0.18,0.3736842105263158,0.3736842105263158,0.0,0.0,0.0,-0.0,50.38307993469442,9.068954388244995,0.0,-9.068954388244995
2020-01-17 12:00:00,83.81942650604543,45.293438461538464,0.18,0.3736842105263158,0.6111842105263158,125.0,125.0,125.0,0.0,163.52598804450696,29.43467784801125,0.0,-29.43467784801125
2020-01-17 13:00:00,81.80991427266355,61.9236298611111,0.18,0.6111842105263158,0.3480263157894737,-125.0,-125.0,0.0,125.0,-105.11371558844755,0.0,0.0,-0.0
2020-01-17 14:00:00,84.94222654808908,69.17532272727273,0.18,0.3480263157894737,0.3480263157894737,0.0,0.0,0.0,-0.0,15.766903820816353,2.8380426877469436,0.0,-2.8380426877469436
2020-01-17 15:00:00,82.85167360822895,33.32629602564103,0.18,0.3480263157894737,0.10000000000000003,-250.0,-117.81249999999999,0.0,117.81249999999999,-68.28712241741206,0.0,0.0,-0.0
2020-01-17 16:00:00,80.48697196935417,9.719193888888888,0.32,0.10000000000000003,0.1,-250.0,-1.3183898417423734e-14,0.0,1.3183898417423734e-14,70.76777808046528,22.64568898574889,0.0,-22.64568898574889
2020-01-17 17:00:00,77.65397536678027,0.13020674030019827,0.32,0.1,0.1,-250.0,-0.0,-0.0,0.0,77.52376862648008,24.807605960473627,0.0,-24.807605960473627
2020-01-17 18:00:00,76.13637528283684,0.0,0.32,0.1,0.1,0.0,0.0,0.0,-0.0,76.13637528283684,24.36364009050779,0.0,-24.36364009050779
2020-01-17 19:00:00,78.97112349664226,0.0,0.32,0.1,0.1,-250.0,-0.0,-0.0,0.0,78.97112349664226,25.270759518925527,0.0,-25.270759518925527
2020-01-17 20:00:00,78.88734544961858,0.0,0.32,0.1,0.575,250.0,250.0,250.0,0.0,328.8873454496186,105.24395054387794,0.0,-105.24395054387794
2020-01-17 21:00:00,77.33209469706448,0.0,0.32,0.575,0.31184210526315786,-125.0,-125.0,0.0,125.0,-47.66790530293552,0.0,0.0,-0.0
2020-01-17 22:00:00,73.19287986784882,0.0,0.1,0.31184210526315786,0.5493421052631579,125.0,125.0,125.0,0.0,198.19287986784883,19.819287986784886,0.0,-19.819287986784886
2020-01-17 23:00:00,75.64017998238329,0.0,0.1,0.5493421052631579,0.28618421052631576,-125.0,-125.0,0.0,125.0,-49.35982001761671,0.0,0.0,-0.0
2020-01-18 00:00:00,73.96099843828011,0.0,0.12,0.28618421052631576,0.10000000000000003,-125.0,-88.43749999999997,0.0,88.43749999999997,-14.476501561719857,0.0,0.0,-0.0
2020-01-18 01:00:00,74.80571125423606,0.0,0.12,0.10000000000000003,0.10000000000000003,0.0,0.0,0.0,-0.0,74.80571125423606,8.976685350508326,0.0,-8.976685350508326
2020-01-18 02:00:00,72.15812320634922,0.0,0.12,0.10000000000000003,0.10000000000000003,0.0,0.0,0.0,-0.0,72.15812320634922,8.658974784761906,0.0,-8.658974784761906
2020-01-18 03:00:00,73.83284790111826,0.0,0.12,0.10000000000000003,0.1,-125.0,-1.3183898417423734e-14,0.0,1.3183898417423734e-14,73.83284790111824,8.859941748134188,0.0,-8.859941748134188
2020-01-18 04:00:00,74.54407209783069,0.0,0.12,0.1,0.3375,125.0,125.0,125.0,0.0,199.54407209783068,23.94528865173968,0.0,-23.94528865173968
2020-01-18 05:00:00,74.8918154655234,0.0,0.12,0.3375,0.8125,250.0,250.0,250.0,0.0,324.8918154655234,38.9870178558628,0.0,-38.9870178558628
2020-01-18 06:00:00,74.02014633612416,0.0,0.12,0.8125,0.549342105263158,-125.0,-125.0,0.0,125.0,-50.97985366387584,0.0,0.0,-0.0
2020-01-18 07:00:00,71.29522143487458,4.603710555555556,0.12,0.549342105263158,0.2861842105263159,-125.0,-125.0,0.0,125.0,-58.308489120680974,0.0,0.0,-0.0
2020-01-18 08:00:00,76.38168751409758,41.569327575757576,0.12,0.2861842105263159,0.2861842105263159,0.0,0.0,0.0,-0.0,34.81235993834,4.1774831926008,0.0,-4.1774831926008
2020-01-18 09:00:00,60.366116338554214,78.9743435897436,0.12,0.2861842105263159,0.2861842105263159,0.0,0.0,0.0,-0.0,-18.608227251189383,0.0,0.0,-0.0
2020-01-18 10:00:00,45.17690172352071,78.11010416666666,0.12,0.2861842105263159,0.10000000000000003,-125.0,-88.43750000000003,0.0,88.43750000000003,-121.37070244314597,0.0,0.0,-0.0
2020-01-18 11:00:00,44.223414195285564,92.40082272727273,0.12,0.10000000000000003,0.10000000000000003,0.0,0.0,0.0,-0.0,-48.17740853198716,0.0,0.0,-0.0
2020-01-18 12:00:00,61.72908297851672,101.11050769230769,0.12,0.10000000000000003,0.10000000000000003,0.0,0.0,0.0,-0.0,-39.38142471379097,0.0,0.0,-0.0
2020-01-18 13:00:00,65.57076338143953,101.50616163194445,0.12,0.10000000000000003,0.10000000000000003,0.0,0.0,0.0,-0.0,-35.93539825050492,0.0,0.0,-0.0
2020-01-18 14:00:00,68.66217035483504,63.73257305871211,0.12,0.10000000000000003,0.10000000000000003,0.0,0.0,0.0,-0.0,4.929597296122928,0.5915516755347514,0.0,-0.5915516755347514
2020-01-18 15:00:00,67.5255939550108,30.388260384615386,0.12,0.10000000000000003,0.1,-250.0,-1.3183898417423734e-14,0.0,1.3183898417423734e-14,37.137333570395406,4.456480028447449,0.0,-4.456480028447449
2020-01-18 16:00:00,78.05329711069963,8.162753888888888,0.12,0.1,0.1,-250.0,-0.0,-0.0,0.0,69.89054322181074,8.386865186617289,0.0,-8.386865186617289
2020-01-18 17:00:00,77.15272316703658,0.13956103086944208,0.12,0.1,0.575,250.0,250.0,250.0,0.0,327.0131621361671,39.241579456340055,0.0,-39.241579456340055
2020-01-18 18:00:00,77.21995567474879,0.0,0.12,0.575,0.31184210526315786,-125.0,-125.0,0.0,125.0,-47.78004432525121,0.0,0.0,-0.0
2020-01-18 19:00:00,76.31514782871035,0.0,0.12,0.31184210526315786,0.31184210526315786,0.0,0.0,0.0,-0.0,76.31514782871035,9.157817739445242,0.0,-9.157817739445242
2020-01-18 20:00:00,74.8994701404656,0.0,0.12,0.31184210526315786,0.1,-250.0,-100.62499999999999,0.0,100.62499999999999,-25.72552985953439,0.0,0.0,-0.0
2020-01-18 21:00:00,77.95300521017444,0.0,0.12,0.1,0.1,-250.0,-0.0,-0.0,0.0,77.95300521017444,9.354360625220933,0.0,-9.354360625220933
2020-01-18 22:00:00,77.59662109649611,0.0,0.12,0.1,0.1,-125.0,-0.0,-0.0,0.0,77.59662109649611,9.311594531579532,0.0,-9.311594531579532
2020-01-18 23:00:00,77.1006401931402,0.0,0.12,0.1,0.1,0.0,0.0,0.0,-0.0,77.1006401931402,9.252076823176823,0.0,-9.252076823176823
2020-01-19 00:00:00,74.6535362970363,0.0,0.12,0.1,0.1,-250.0,-0.0,-0.0,0.0,74.6535362970363,8.958424355644356,0.0,-8.958424355644356
2020-01-19 01:00:00,76.02283638583638,0.0,0.12,0.1,0.1,0.0,0.0,0.0,-0.0,76.02283638583638,9.122740366300366,0.0,-9.122740366300366
2020-01-19 02:00:00,76.33077951139771,0.0,0.12,0.1,0.1,0.0,0.0,0.0,-0.0,76.33077951139771,9.159693541367725,0.0,-9.159693541367725
2020-01-19 03:00:00,76.81753939895574,0.0,0.12,0.1,0.1,-125.0,-0.0,-0.0,0.0,76.81753939895574,9.218104727874689,0.0,-9.218104727874689
2020-01-19 04:00:00,73.20217314907316,0.0,0.12,0.1,0.1,-125.0,-0.0,-0.0,0.0,73.20217314907316,8.784260777888779,0.0,-8.784260777888779
2020-01-19 05:00:00,75.94116365301365,0.0,0.12,0.1,0.3375,125.0,125.0,125.0,0.0,200.94116365301363,24.112939638361635,0.0,-24.112939638361635
2020-01-19 06:00:00,75.44682810650889,0.0,0.12,0.3375,0.1,-250.0,-112.81250000000001,0.0,112.81250000000001,-37.365671893491125,0.0,0.0,-0.0
2020-01-19 07:00:00,74.88320763684438,1.1754321586188994,0.12,0.1,0.1,-125.0,-0.0,-0.0,0.0,73.70777547822547,8.844933057387056,0.0,-8.844933057387056
2020-01-19 08:00:00,74.5991656802511,6.384064848484849,0.12,0.1,0.1,0.0,0.0,0.0,-0.0,68.21510083176625,8.18581209981195,0.0,-8.18581209981195
2020-01-19 09:00:00,73.05348267836565,13.97529064102564,0.12,0.1,0.1,0.0,0.0,0.0,-0.0,59.07819203734002,7.089383044480802,0.0,-7.089383044480802
2020-01-19 10:00:00,78.31674142140308,26.253005277777778,0.12,0.1,0.1,-250.0,-0.0,-0.0,0.0,52.063736143625306,6.247648337235036,0.0,-6.247648337235036
2020-01-19 11:00:00,79.55692544577671,36.85613045454546,0.12,0.1,0.1,0.0,0.0,0.0,-0.0,42.700794991231255,5.124095398947751,0.0,-5.124095398947751
2020-01-19 12:00:00,66.63363307842222,42.8342658974359,0.12,0.1,0.1,0.0,0.0,0.0,-0.0,23.799367180986323,2.8559240617183588,0.0,-2.8559240617183588
2020-01-19 13:00:00,70.98351304258777,48.16852652777777,0.12,0.1,0.1,0.0,0.0,0.0,-0.0,22.814986514810002,2.7377983817772003,0.0,-2.7377983817772003
2020-01-19 14:00:00,72.1085441159522,27.233767424242423,0.12,0.1,0.1,0.0,0.0,0.0,-0.0,44.874776691709776,5.384973203005173,0.0,-5.384973203005173
2020-01-19 15:00:00,74.06620925140737,12.448106666666668,0.12,0.1,0.1,-250.0,-0.0,-0.0,0.0,61.618102584740704,7.3941723101688845,0.0,-7.3941723101688845
2020-01-19 16:00:00,78.10070729970498,5.843890160955348,0.12,0.1,0.1,-250.0,-0.0,-0.0,0.0,72.25681713874962,8.670818056649955,0.0,-8.670818056649955
2020-01-19 17:00:00,76.47226147790498,0.09765505522514868,0.12,0.1,0.575,250.0,250.0,250.0,0.0,326.37460642267985,39.16495277072158,0.0,-39.16495277072158
2020-01-19 18:00:00,77.67049836195571,0.0,0.12,0.575,0.31184210526315786,-125.0,-125.0,0.0,125.0,-47.32950163804429,0.0,0.0,-0.0
2020-01-19 19:00:00,77.54765160177534,0.0,0.12,0.31184210526315786,0.31184210526315786,0.0,0.0,0.0,-0.0,77.54765160177534,9.30571819221304,0.0,-9.30571819221304
2020-01-19 20:00:00,76.51741738722686,0.0,0.12,0.31184210526315786,0.1,-250.0,-100.62499999999999,0.0,100.62499999999999,-24.10758261277313,0.0,0.0,-0.0
2020-01-19 21:00:00,77.90662343154538,0.0,0.12,0.1,0.1,-250.0,-0.0,-0.0,0.0,77.90662343154538,9.348794811785446,0.0,-9.348794811785446
2020-01-19 22:00:00,76.05445326873699,0.0,0.12,0.1,0.1,-125.0,-0.0,-0.0,0.0,76.05445326873699,9.12653439224844,0.0,-9.12653439224844
2020-01-19 23:00:00,77.29284664787032,0.0,0.12,0.1,0.3375,125.0,125.0,125.0,0.0,202.2928466478703,24.275141597744437,0.0,-24.275141597744437
2020-01-20 00:00:00,76.87417886827379,0.0,0.1,0.3375,0.1,-125.0,-112.81250000000001,0.0,112.81250000000001,-35.93832113172623,0.0,0.0,-0.0
2020-01-20 01:00:00,75.4434381309362,0.0,0.1,0.1,0.1,-250.0,-0.0,-0.0,0.0,75.4434381309362,7.5443438130936205,0.0,-7.5443438130936205
2020-01-20 02:00:00,74.65956473959798,0.0,0.1,0.1,0.3375,125.0,125.0,125.0,0.0,199.65956473959798,19.9659564739598,0.0,-19.9659564739598
2020-01-20 03:00:00,76.15755827802967,0.0,0.1,0.3375,0.1,-125.0,-112.81250000000001,0.0,112.81250000000001,-36.654941721970346,0.0,0.0,-0.0
2020-01-20 04:00:00,75.66476328847376,0.0,0.1,0.1,0.3375,125.0,125.0,125.0,0.0,200.66476328847375,20.066476328847376,0.0,-20.066476328847376
2020-01-20 05:00:00,75.42958590762083,0.0,0.1,0.3375,0.575,125.0,125.0,125.0,0.0,200.42958590762083,20.042958590762083,0.0,-20.042958590762083
2020-01-20 06:00:00,75.52562772070654,0.0,0.1,0.575,0.575,0.0,0.0,0.0,-0.0,75.52562772070654,7.5525627720706545,0.0,-7.5525627720706545
2020-01-20 07:00:00,83.10078950457692,1.2408506749740393,0.18,0.575,0.31184210526315786,-125.0,-125.0,0.0,125.0,-43.14006117039712,0.0,0.0,-0.0
2020-01-20 08:00:00,83.39361055008658,6.868961818181817,0.18,0.31184210526315786,0.1,-250.0,-100.62499999999999,0.0,100.62499999999999,-24.100351268095224,0.0,0.0,-0.0
2020-01-20 09:00:00,78.31606475063298,13.48956923076923,0.18,0.1,0.1,-125.0,-0.0,-0.0,0.0,64.82649551986374,11.668769193575473,0.0,-11.668769193575473
2020-01-20 10:00:00,80.36870594409531,15.438900694444447,0.18,0.1,0.1,-125.0,-0.0,-0.0,0.0,64.92980524965087,11.687364944937157,0.0,-11.687364944937157
2020-01-20 11:00:00,78.8474364705405,20.419824848484847,0.18,0.1,0.1,0.0,0.0,0.0,-0.0,58.42761162205565,10.516970091970016,0.0,-10.516970091970016
2020-01-20 12:00:00,78.90615668556471,28.984051666666666,0.18,0.1,0.1,0.0,0.0,0.0,-0.0,49.922105018898044,8.985978903401648,0.0,-8.985978903401648
2020-01-20 13:00:00,81.39676735059423,36.9004425,0.18,0.1,0.1,-250.0,-0.0,-0.0,0.0,44.496324850594235,8.009338473106961,0.0,-8.009338473106961
2020-01-20 14:00:00,79.46634182276058,17.11638,0.18,0.1,0.3375,125.0,125.0,125.0,0.0,187.34996182276058,33.7229931280969,0.0,-33.7229931280969
2020-01-20 15:00:00,75.52651083178725,12.9878791025641,0.18,0.3375,0.3375,0.0,0.0,0.0,-0.0,62.53863172922315,11.256953711260167,0.0,-11.256953711260167
2020-01-20 16:00:00,79.88055200604462,5.046785555555555,0.32,0.3375,0.575,125.0,125.0,125.0,0.0,199.83376645048907,63.9468052641565,0.0,-63.9468052641565
2020-01-20 17:00:00,79.73417815002351,1.0523454545454545,0.32,0.575,0.31184210526315786,-125.0,-125.0,0.0,125.0,-46.31816730452195,0.0,0.0,-0.0
2020-01-20 18:00:00,80.35483325295803,0.0,0.32,0.31184210526315786,0.5493421052631579,125.0,125.0,125.0,0.0,205.35483325295803,65.71354664094657,0.0,-65.71354664094657
2020-01-20 19:00:00,78.23496304240493,0.0,0.32,0.5493421052631579,0.5493421052631579,0.0,0.0,0.0,-0.0,78.23496304240493,25.035188173569576,0.0,-25.035188173569576
2020-01-20 20:00:00,82.53429266097808,0.0,0.32,0.5493421052631579,0.5493421052631579,0.0,0.0,0.0,-0.0,82.53429266097808,26.410973651512986,0.0,-26.410973651512986
2020-01-20 21:00:00,78.82376627174837,0.0,0.32,0.5493421052631579,0.28618421052631576,-125.0,-125.0,0.0,125.0,-46.17623372825163,0.0,0.0,-0.0
2020-01-20 22:00:00,77.7386221025902,0.0,0.1,0.28618421052631576,0.28618421052631576,0.0,0.0,0.0,-0.0,77.7386221025902,7.77386221025902,0.0,-7.77386221025902
2020-01-20 23:00:00,76.74901416060045,0.0,0.1,0.28618421052631576,0.28618421052631576,0.0,0.0,0.0,-0.0,76.74901416060045,7.674901416060045,0.0,-7.674901416060045
2020-01-21 00:00:00,75.39143609812905,0.0,0.1,0.28618421052631576,0.10000000000000003,-125.0,-88.43749999999997,0.0,88.43749999999997,-13.046063901870923,0.0,0.0,-0.0
2020-01-21 01:00:00,77.19264868958994,0.0,0.1,0.10000000000000003,0.1,-250.0,-1.3183898417423734e-14,0.0,1.3183898417423734e-14,77.19264868958993,7.7192648689589936,0.0,-7.7192648689589936
2020-01-21 02:00:00,77.60201016555446,0.0,0.1,0.1,0.3375,125.0,125.0,125.0,0.0,202.60201016555447,20.26020101655545,0.0,-20.26020101655545
2020-01-21 03:00:00,78.56643043890394,0.0,0.1,0.3375,0.1,-125.0,-112.81250000000001,0.0,112.81250000000001,-34.24606956109608,0.0,0.0,-0.0
2020-01-21 04:00:00,76.06110174236927,0.0,0.1,0.1,0.1,-250.0,-0.0,-0.0,0.0,76.06110174236927,7.606110174236928,0.0,-7.606110174236928
2020-01-21 05:00:00,81.42143568149426,0.0,0.1,0.1,0.3375,125.0,125.0,125.0,0.0,206.42143568149424,20.642143568149425,0.0,-20.642143568149425
2020-01-21 06:00:00,78.93291793182578,0.0,0.1,0.3375,0.3375,0.0,0.0,0.0,-0.0,78.93291793182578,7.893291793182579,0.0,-7.893291793182579
2020-01-21 07:00:00,88.21296624099041,0.47955607476635514,0.18,0.3375,0.1,-250.0,-112.81250000000001,0.0,112.81250000000001,-25.079089833775953,0.0,0.0,-0.0
2020-01-21 08:00:00,89.01665696727923,8.525688323421129,0.18,0.1,0.1,-250.0,-0.0,-0.0,0.0,80.49096864385811,14.488374355894459,0.0,-14.488374355894459
2020-01-21 09:00:00,94.02172832189237,29.025932179487178,0.18,0.1,0.1,-250.0,-0.0,-0.0,0.0,64.9957961424052,11.699243305632935,0.0,-11.699243305632935
2020-01-21 10:00:00,98.74703415555398,35.332446527777776,0.18,0.1,0.1,-125.0,-0.0,-0.0,0.0,63.4145876277762,11.414625772999715,0.0,-11.414625772999715
2020-01-21 11:00:00,99.70214049948036,35.06463909090909,0.18,0.1,0.1,0.0,0.0,0.0,-0.0,64.63750140857127,11.634750253542828,0.0,-11.634750253542828
2020-01-21 12:00:00,93.04008759215942,25.921006666666663,0.18,0.1,0.1,0.0,0.0,0.0,-0.0,67.11908092549277,12.081434566588698,0.0,-12.081434566588698
2020-01-21 13:00:00,88.71565532934657,15.844512083333333,0.18,0.1,0.1,-250.0,-0.0,-0.0,0.0,72.87114324601325,13.116805784282384,0.0,-13.116805784282384
2020-01-21 14:00:00,83.11808761004073,16.885682954545455,0.18,0.1,0.3375,125.0,125.0,125.0,0.0,191.23240465549526,34.42183283798914,0.0,-34.42183283798914
2020-01-21 15:00:00,84.95441432057873,8.346961666666667,0.18,0.3375,0.1,-250.0,-112.81250000000001,0.0,112.81250000000001,-36.20504734608795,0.0,0.0,-0.0
2020-01-21 16:00:00,81.06603319106735,5.942972013888888,0.32,0.1,0.1,-250.0,-0.0,-0.0,0.0,75.12306117717846,24.039379576697108,0.0,-24.039379576697108
2020-01-21 17:00:00,75.34138294666435,0.1092806570376664,0.32,0.1,0.1,-250.0,-0.0,-0.0,0.0,75.23210228962668,24.074272732680537,0.0,-24.074272732680537
2020-01-21 18:00:00,76.2881383167711,0.0,0.32,0.1,0.1,0.0,0.0,0.0,-0.0,76.2881383167711,24.412204261366753,0.0,-24.412204261366753
2020-01-21 19:00:00,79.21772391321186,0.0,0.32,0.1,0.1,-250.0,-0.0,-0.0,0.0,79.21772391321186,25.349671652227794,0.0,-25.349671652227794
2020-01-21 20:00:00,75.55105081413568,0.0,0.32,0.1,0.575,250.0,250.0,250.0,0.0,325.5510508141357,104.17633626052343,0.0,-104.17633626052343
2020-01-21 21:00:00,71.17523865569544,0.0,0.32,0.575,0.31184210526315786,-125.0,-125.0,0.0,125.0,-53.82476134430456,0.0,0.0,-0.0
2020-01-21 22:00:00,68.8612025636574,0.0,0.1,0.31184210526315786,0.1,-250.0,-100.62499999999999,0.0,100.62499999999999,-31.763797436342585,0.0,0.0,-0.0
2020-01-21 23:00:00,68.63330388095768,0.0,0.1,0.1,0.3375,125.0,125.0,125.0,0.0,193.63330388095767,19.36333038809577,0.0,-19.36333038809577
2020-01-22 00:00:00,69.0985870108028,0.0,0.1,0.3375,0.1,-250.0,-112.81250000000001,0.0,112.81250000000001,-43.71391298919721,0.0,0.0,-0.0
2020-01-22 01:00:00,67.88940952783882,0.0,0.1,0.1,0.3375,125.0,125.0,125.0,0.0,192.88940952783884,19.288940952783886,0.0,-19.288940952783886
2020-01-22 02:00:00,67.00318792992742,0.0,0.1,0.3375,0.8125,250.0,250.0,250.0,0.0,317.00318792992744,31.700318792992746,0.0,-31.700318792992746
2020-01-22 03:00:00,68.57161553485653,0.0,0.1,0.8125,0.2861842105263158,-250.0,-250.0,0.0,250.0,-181.42838446514347,0.0,0.0,-0.0
2020-01-22 04:00:00,69.21118101550653,0.0,0.1,0.2861842105263158,0.10000000000000003,-125.0,-88.4375,0.0,88.4375,-19.226318984493474,0.0,0.0,-0.0
2020-01-22 05:00:00,73.56051591318874,0.0,0.1,0.10000000000000003,0.1,-125.0,-1.3183898417423734e-14,0.0,1.3183898417423734e-14,73.56051591318872,7.356051591318873,0.0,-7.356051591318873
2020-01-22 06:00:00,68.35651328008258,0.0,0.1,0.1,0.1,-250.0,-0.0,-0.0,0.0,68.35651328008258,6.835651328008258,0.0,-6.835651328008258
2020-01-22 07:00:00,73.106145874589,1.546696884735203,0.18,0.1,0.1,-250.0,-0.0,-0.0,0.0,71.5594489898538,12.880700818173684,0.0,-12.880700818173684
2020-01-22 08:00:00,98.57380390767854,11.756539393939393,0.18,0.1,0.3375,125.0,125.0,125.0,0.0,211.81726451373913,38.12710761247304,0.0,-38.12710761247304
2020-01-22 09:00:00,77.66780366585441,28.167093974358977,0.18,0.3375,0.575,125.0,125.0,125.0,0.0,174.50070969149544,31.41012774446918,0.0,-31.41012774446918
2020-01-22 10:00:00,88.34968986317575,35.479418333333335,0.18,0.575,0.31184210526315786,-125.0,-125.0,0.0,125.0,-72.12972847015757,0.0,0.0,-0.0
2020-01-22 11:00:00,97.81782866490374,95.57728636363636,0.18,0.31184210526315786,0.31184210526315786,0.0,0.0,0.0,-0.0,2.240542301267382,0.40329761422812876,0.0,-0.40329761422812876
2020-01-22 12:00:00,112.6789685244547,104.59799615384615,0.18,0.31184210526315786,0.5493421052631579,125.0,125.0,125.0,0.0,133.08097237060855,23.954575026709538,0.0,-23.954575026709538
2020-01-22 13:00:00,120.2113919668737,89.70730833333334,0.18,0.5493421052631579,0.28618421052631576,-125.0,-125.0,0.0,125.0,-94.49591636645964,0.0,0.0,-0.0
2020-01-22 14:00:00,118.69109666849094,78.11104545454545,0.18,0.28618421052631576,0.28618421052631576,0.0,0.0,0.0,-0.0,40.580051213945495,7.304409218510189,0.0,-7.304409218510189
2020-01-22 15:00:00,133.06117704283216,47.555184615384626,0.18,0.28618421052631576,0.28618421052631576,0.0,0.0,0.0,-0.0,85.50599242744752,15.391078636940554,0.0,-15.391078636940554
2020-01-22 16:00:00,91.36479703836494,13.088116666666666,0.32,0.28618421052631576,0.7611842105263158,250.0,250.0,250.0,0.0,328.27668037169826,105.04853771894345,0.0,-105.04853771894345
2020-01-22 17:00:00,78.39902076758759,0.23797530444633247,0.32,0.7611842105263158,0.4980263157894737,-125.0,-125.0,0.0,125.0,-46.83895453685875,0.0,0.0,-0.0
2020-01-22 18:00:00,77.04400936402223,0.0,0.32,0.4980263157894737,0.9,250.0,211.5650969529086,211.5650969529086,0.0,288.6091063169308,92.35491402141787,0.0,-92.35491402141787
2020-01-22 19:00:00,75.59054377330936,0.0,0.32,0.9,0.6368421052631579,-125.0,-125.0,0.0,125.0,-49.40945622669064,0.0,0.0,-0.0
2020-01-22 20:00:00,74.6837810919688,0.0,0.32,0.6368421052631579,0.3736842105263158,-125.0,-125.0,0.0,125.0,-50.3162189080312,0.0,0.0,-0.0
2020-01-22 21:00:00,71.96992117405648,0.0,0.32,0.3736842105263158,0.1105263157894737,-125.0,-125.0,0.0,125.0,-53.03007882594352,0.0,0.0,-0.0
2020-01-22 22:00:00,71.79547213108295,0.0,0.1,0.1105263157894737,0.1105263157894737,0.0,0.0,0.0,-0.0,71.79547213108295,7.179547213108295,0.0,-7.179547213108295
2020-01-22 23:00:00,70.41618395357371,0.0,0.1,0.1105263157894737,0.3480263157894737,125.0,125.0,125.0,0.0,195.4161839535737,19.54161839535737,0.0,-19.54161839535737
2020-01-23 00:00:00,68.79621468968254,0.0,0.1,0.3480263157894737,0.10000000000000003,-250.0,-117.81249999999999,0.0,117.81249999999999,-49.01628531031744,0.0,0.0,-0.0
2020-01-23 01:00:00,69.8228666636438,0.0,0.1,0.10000000000000003,0.3375,125.0,125.0,125.0,0.0,194.8228666636438,19.48228666636438,0.0,-19.48228666636438
2020-01-23 02:00:00,69.84033777712237,0.0,0.1,0.3375,0.8125,250.0,250.0,250.0,0.0,319.8403377771224,31.98403377771224,0.0,-31.98403377771224
2020-01-23 03:00:00,70.42929962474747,0.0,0.1,0.8125,0.2861842105263158,-250.0,-250.0,0.0,250.0,-179.57070037525253,0.0,0.0,-0.0
2020-01-23 04:00:00,68.27423153998457,0.0,0.1,0.2861842105263158,0.2861842105263158,0.0,0.0,0.0,-0.0,68.27423153998457,6.827423153998457,0.0,-6.827423153998457
2020-01-23 05:00:00,69.9892608552531,0.0,0.1,0.2861842105263158,0.5236842105263158,125.0,125.0,125.0,0.0,194.9892608552531,19.498926085525312,0.0,-19.498926085525312
2020-01-23 06:00:00,71.28239615637435,0.0,0.1,0.5236842105263158,0.5236842105263158,0.0,0.0,0.0,-0.0,71.28239615637435,7.128239615637435,0.0,-7.128239615637435
2020-01-23 07:00:00,88.93629963228689,3.554483143821392,0.18,0.5236842105263158,0.26052631578947366,-125.0,-125.0,0.0,125.0,-39.6181835115345,0.0,0.0,-0.0
2020-01-23 08:00:00,92.46447302179371,27.05139712121212,0.18,0.26052631578947366,0.49802631578947365,125.0,125.0,125.0,0.0,190.4130759005816,34.27435366210469,0.0,-34.27435366210469
2020-01-23 09:00:00,100.1663768212436,34.6981067948718,0.18,0.49802631578947365,0.49802631578947365,0.0,0.0,0.0,-0.0,65.46827002637181,11.784288604746926,0.0,-11.784288604746926
2020-01-23 10:00:00,97.54032425024,50.195402083333335,0.18,0.49802631578947365,0.7355263157894736,125.0,125.0,125.0,0.0,172.34492216690666,31.022085990043198,0.0,-31.022085990043198
2020-01-23 11:00:00,98.97200680173567,78.5080406060606,0.18,0.7355263157894736,0.4723684210526315,-125.0,-125.0,0.0,125.0,-104.53603380432493,0.0,0.0,-0.0
2020-01-23 12:00:00,87.54790751404803,57.787370512820516,0.18,0.4723684210526315,0.4723684210526315,0.0,0.0,0.0,-0.0,29.76053700122752,5.356896660220953,0.0,-5.356896660220953
2020-01-23 13:00:00,87.50541424428228,31.672454166666668,0.18,0.4723684210526315,0.4723684210526315,0.0,0.0,0.0,-0.0,55.83296007761561,10.049932813970809,0.0,-10.049932813970809
2020-01-23 14:00:00,80.05445832931939,27.7424403030303,0.18,0.4723684210526315,0.7098684210526315,125.0,125.0,125.0,0.0,177.31201802628908,31.916163244732033,0.0,-31.916163244732033
2020-01-23 15:00:00,82.59646200444571,25.430186153846154,0.18,0.7098684210526315,0.4467105263157894,-125.0,-125.0,0.0,125.0,-67.83372414940044,0.0,0.0,-0.0
2020-01-23 16:00:00,82.62334128758856,6.958575555555556,0.32,0.4467105263157894,0.4467105263157894,0.0,0.0,0.0,-0.0,75.664765732033,24.21272503425056,0.0,-24.21272503425056
2020-01-23 17:00:00,75.00779719262248,0.17670914755026904,0.32,0.4467105263157894,0.1835526315789473,-125.0,-125.0,0.0,125.0,-50.16891195492779,0.0,0.0,-0.0
2020-01-23 18:00:00,75.20063162203697,0.0,0.32,0.1835526315789473,0.1835526315789473,0.0,0.0,0.0,-0.0,75.20063162203697,24.064202119051828,0.0,-24.064202119051828
2020-01-23 19:00:00,76.9933933018569,0.0,0.32,0.1835526315789473,0.1,-250.0,-39.687499999999964,0.0,39.687499999999964,37.30589330185693,11.93788585659422,0.0,-11.93788585659422
2020-01-23 20:00:00,74.6797522417036,0.0,0.32,0.1,0.3375,125.0,125.0,125.0,0.0,199.6797522417036,63.89752071734515,0.0,-63.89752071734515
2020-01-23 21:00:00,71.433899635006,0.0,0.32,0.3375,0.1,-125.0,-112.81250000000001,0.0,112.81250000000001,-41.378600364994014,0.0,0.0,-0.0
2020-01-23 22:00:00,71.63526115332976,0.0,0.1,0.1,0.1,0.0,0.0,0.0,-0.0,71.63526115332976,7.163526115332977,0.0,-7.163526115332977
2020-01-23 23:00:00,71.84434853680601,0.0,0.1,0.1,0.3375,125.0,125.0,125.0,0.0,196.84434853680602,19.684434853680603,0.0,-19.684434853680603
2020-01-24 00:00:00,70.2545888348549,0.0,0.1,0.3375,0.1,-250.0,-112.81250000000001,0.0,112.81250000000001,-42.557911165145114,0.0,0.0,-0.0
2020-01-24 01:00:00,69.62399041930387,0.0,0.1,0.1,0.3375,125.0,125.0,125.0,0.0,194.62399041930388,19.46239904193039,0.0,-19.46239904193039
2020-01-24 02:00:00,69.71193447145191,0.0,0.1,0.3375,0.8125,250.0,250.0,250.0,0.0,319.7119344714519,31.971193447145193,0.0,-31.971193447145193
2020-01-24 03:00:00,70.68771654288709,0.0,0.1,0.8125,0.2861842105263158,-250.0,-250.0,0.0,250.0,-179.31228345711293,0.0,0.0,-0.0
2020-01-24 04:00:00,69.95904218658157,0.0,0.1,0.2861842105263158,0.2861842105263158,0.0,0.0,0.0,-0.0,69.95904218658157,6.995904218658158,0.0,-6.995904218658158
2020-01-24 05:00:00,70.70764402313047,0.0,0.1,0.2861842105263158,0.5236842105263158,125.0,125.0,125.0,0.0,195.70764402313046,19.570764402313046,0.0,-19.570764402313046
2020-01-24 06:00:00,70.38943090907493,0.0,0.1,0.5236842105263158,0.5236842105263158,0.0,0.0,0.0,-0.0,70.38943090907493,7.038943090907494,0.0,-7.038943090907494
2020-01-24 07:00:00,83.55444328535997,5.425628194444445,0.18,0.5236842105263158,0.26052631578947366,-125.0,-125.0,0.0,125.0,-46.87118490908448,0.0,0.0,-0.0
2020-01-24 08:00:00,80.99662176725386,42.24507515151515,0.18,0.26052631578947366,0.49802631578947365,125.0,125.0,125.0,0.0,163.7515466157387,29.475278390832965,0.0,-29.475278390832965
2020-01-24 09:00:00,85.65053534885345,64.79047410256409,0.18,0.49802631578947365,0.49802631578947365,0.0,0.0,0.0,-0.0,20.860061246289362,3.754811024332085,0.0,-3.754811024332085
2020-01-24 10:00:00,88.48729468039888,84.51427083333333,0.18,0.49802631578947365,0.7355263157894736,125.0,125.0,125.0,0.0,128.97302384706555,23.2151442924718,0.0,-23.2151442924718
2020-01-24 11:00:00,87.79068222223519,86.27353484848484,0.18,0.7355263157894736,0.4723684210526315,-125.0,-125.0,0.0,125.0,-123.48285262624965,0.0,0.0,-0.0
2020-01-24 12:00:00,77.7390747478142,103.02506794871793,0.18,0.4723684210526315,0.4723684210526315,0.0,0.0,0.0,-0.0,-25.285993200903732,0.0,0.0,-0.0
2020-01-24 13:00:00,84.89615649275962,82.04215694444444,0.18,0.4723684210526315,0.4723684210526315,0.0,0.0,0.0,-0.0,2.8539995483151728,0.5137199186967311,0.0,-0.5137199186967311
2020-01-24 14:00:00,91.22163663959263,50.592044848484846,0.18,0.4723684210526315,0.7098684210526315,125.0,125.0,125.0,0.0,165.62959179110777,29.813326522399397,0.0,-29.813326522399397
2020-01-24 15:00:00,84.40554226836736,21.54756871794872,0.18,0.7098684210526315,0.7098684210526315,0.0,0.0,0.0,-0.0,62.857973550418635,11.314435239075355,0.0,-11.314435239075355
2020-01-24 16:00:00,78.8438341635022,4.626839722222223,0.32,0.7098684210526315,0.9,125.0,100.0692520775624,100.0692520775624,0.0,174.28624651884235,55.77159888602955,0.0,-55.77159888602955
2020-01-24 17:00:00,79.26293485260807,0.3650438969130558,0.32,0.9,0.9,250.0,0.0,0.0,-0.0,78.89789095569502,25.247325105822405,0.0,-25.247325105822405
2020-01-24 18:00:00,75.51967686650725,0.0,0.32,0.9,0.6368421052631579,-125.0,-125.0,0.0,125.0,-49.480323133492746,0.0,0.0,-0.0
2020-01-24 19:00:00,75.58889769055023,0.0,0.32,0.6368421052631579,0.3736842105263158,-125.0,-125.0,0.0,125.0,-49.411102309449774,0.0,0.0,-0.0
2020-01-24 20:00:00,75.37334321979051,0.0,0.32,0.3736842105263158,0.3736842105263158,0.0,0.0,0.0,-0.0,75.37334321979051,24.119469830332964,0.0,-24.119469830332964
2020-01-24 21:00:00,73.8143630622714,0.0,0.32,0.3736842105263158,0.1105263157894737,-125.0,-125.0,0.0,125.0,-51.1856369377286,0.0,0.0,-0.0
2020-01-24 22:00:00,73.65177955422104,0.0,0.1,0.1105263157894737,0.1105263157894737,0.0,0.0,0.0,-0.0,73.65177955422104,7.365177955422104,0.0,-7.365177955422104
2020-01-24 23:00:00,70.76318476534944,0.0,0.1,0.1105263157894737,0.3480263157894737,125.0,125.0,125.0,0.0,195.76318476534942,19.576318476534944,0.0,-19.576318476534944
2020-01-25 00:00:00,70.20210261043177,0.0,0.12,0.3480263157894737,0.10000000000000003,-250.0,-117.81249999999999,0.0,117.81249999999999,-47.61039738956822,0.0,0.0,-0.0
2020-01-25 01:00:00,70.05576944253853,0.0,0.12,0.10000000000000003,0.10000000000000003,0.0,0.0,0.0,-0.0,70.05576944253853,8.406692333104624,0.0,-8.406692333104624
2020-01-25 02:00:00,72.38286597788289,0.0,0.12,0.10000000000000003,0.10000000000000003,0.0,0.0,0.0,-0.0,72.38286597788289,8.685943917345947,0.0,-8.685943917345947
2020-01-25 03:00:00,70.57405248195563,0.0,0.12,0.10000000000000003,0.1,-125.0,-1.3183898417423734e-14,0.0,1.3183898417423734e-14,70.57405248195562,8.468886297834674,0.0,-8.468886297834674
2020-01-25 04:00:00,69.71987854328368,0.0,0.12,0.1,0.1,-125.0,-0.0,-0.0,0.0,69.71987854328368,8.366385425194041,0.0,-8.366385425194041
2020-01-25 05:00:00,72.60274880063795,0.0,0.12,0.1,0.3375,125.0,125.0,125.0,0.0,197.60274880063795,23.712329856076554,0.0,-23.712329856076554
2020-01-25 06:00:00,70.74751147289008,0.0,0.12,0.3375,0.1,-250.0,-112.81250000000001,0.0,112.81250000000001,-42.06498852710993,0.0,0.0,-0.0
2020-01-25 07:00:00,71.38767099351274,2.090465446521288,0.12,0.1,0.1,-125.0,-0.0,-0.0,0.0,69.29720554699145,8.315664665638973,0.0,-8.315664665638973
2020-01-25 08:00:00,76.3147085030021,31.868573939393944,0.12,0.1,0.1,-125.0,-0.0,-0.0,0.0,44.446134563608155,5.333536147632978,0.0,-5.333536147632978
2020-01-25 09:00:00,79.70198217527833,49.58616051282051,0.12,0.1,0.1,0.0,0.0,0.0,-0.0,30.11582166245782,3.613898599494938,0.0,-3.613898599494938
2020-01-25 10:00:00,81.43490381781567,61.320517361111115,0.12,0.1,0.1,-250.0,-0.0,-0.0,0.0,20.11438645670455,2.413726374804546,0.0,-2.413726374804546
2020-01-25 11:00:00,81.43385010587413,47.48925121212121,0.12,0.1,0.3375,125.0,125.0,125.0,0.0,158.94459889375293,19.07335186725035,0.0,-19.07335186725035
2020-01-25 12:00:00,67.10178840818963,36.22418,0.12,0.3375,0.1,-125.0,-112.81250000000001,0.0,112.81250000000001,-81.93489159181038,0.0,0.0,-0.0
2020-01-25 13:00:00,74.30396176172817,88.53669166666667,0.12,0.1,0.1,0.0,0.0,0.0,-0.0,-14.232729904938495,0.0,0.0,-0.0
2020-01-25 14:00:00,76.79176885421488,62.44451545454546,0.12,0.1,0.1,0.0,0.0,0.0,-0.0,14.34725339966942,1.7216704079603302,0.0,-1.7216704079603302
2020-01-25 15:00:00,78.09831237218815,26.31931269230769,0.12,0.1,0.1,-250.0,-0.0,-0.0,0.0,51.77899967988046,6.213479961585654,0.0,-6.213479961585654
2020-01-25 16:00:00,73.43770729080667,8.93689388888889,0.12,0.1,0.1,-250.0,-0.0,-0.0,0.0,64.50081340191778,7.740097608230133,0.0,-7.740097608230133
2020-01-25 17:00:00,69.05697254480157,0.08489379779099405,0.12,0.1,0.575,250.0,250.0,250.0,0.0,318.9720787470106,38.27664944964127,0.0,-38.27664944964127
2020-01-25 18:00:00,71.21822910599332,0.0,0.12,0.575,0.31184210526315786,-125.0,-125.0,0.0,125.0,-53.781770894006684,0.0,0.0,-0.0
2020-01-25 19:00:00,72.71816806469532,0.0,0.12,0.31184210526315786,0.31184210526315786,0.0,0.0,0.0,-0.0,72.71816806469532,8.726180167763438,0.0,-8.726180167763438
2020-01-25 20:00:00,70.79524853160605,0.0,0.12,0.31184210526315786,0.1,-250.0,-100.62499999999999,0.0,100.62499999999999,-29.829751468393937,0.0,0.0,-0.0
2020-01-25 21:00:00,72.3779758780536,0.0,0.12,0.1,0.3375,125.0,125.0,125.0,0.0,197.3779758780536,23.685357105366432,0.0,-23.685357105366432
2020-01-25 22:00:00,72.56807142171198,0.0,0.12,0.3375,0.1,-250.0,-112.81250000000001,0.0,112.81250000000001,-40.24442857828804,0.0,0.0,-0.0
2020-01-25 23:00:00,71.29835778938008,0.0,0.12,0.1,0.1,0.0,0.0,0.0,-0.0,71.29835778938008,8.555802934725609,0.0,-8.555802934725609
2020-01-26 00:00:00,71.57730308426119,0.0,0.12,0.1,0.1,-250.0,-0.0,-0.0,0.0,71.57730308426119,8.589276370111342,0.0,-8.589276370111342
2020-01-26 01:00:00,69.40348670310621,0.0,0.12,0.1,0.1,0.0,0.0,0.0,-0.0,69.40348670310621,8.328418404372744,0.0,-8.328418404372744
2020-01-26 02:00:00,68.35795075151688,0.0,0.12,0.1,0.1,0.0,0.0,0.0,-0.0,68.35795075151688,8.202954090182025,0.0,-8.202954090182025
2020-01-26 03:00:00,72.24783358417132,0.0,0.12,0.1,0.1,-125.0,-0.0,-0.0,0.0,72.24783358417132,8.669740030100558,0.0,-8.669740030100558
2020-01-26 04:00:00,69.52775997090852,0.0,0.12,0.1,0.1,-125.0,-0.0,-0.0,0.0,69.52775997090852,8.343331196509022,0.0,-8.343331196509022
2020-01-26 05:00:00,70.23014007166006,0.0,0.12,0.1,0.3375,125.0,125.0,125.0,0.0,195.23014007166006,23.427616808599208,0.0,-23.427616808599208
2020-01-26 06:00:00,69.66839913108473,0.0,0.12,0.3375,0.1,-250.0,-112.81250000000001,0.0,112.81250000000001,-43.14410086891529,0.0,0.0,-0.0
2020-01-26 07:00:00,71.14136339144439,4.497057792056075,0.12,0.1,0.1,-125.0,-0.0,-0.0,0.0,66.64430559938832,7.997316671926598,0.0,-7.997316671926598
2020-01-26 08:00:00,72.286270929878,42.98861060606061,0.12,0.1,0.1,-125.0,-0.0,-0.0,0.0,29.29766032381739,3.5157192388580865,0.0,-3.5157192388580865
2020-01-26 09:00:00,78.14829174354671,82.33190512820512,0.12,0.1,0.1,0.0,0.0,0.0,-0.0,-4.183613384658415,0.0,0.0,-0.0
2020-01-26 10:00:00,80.74705770117372,105.37105833333334,0.12,0.1,0.1,-250.0,-0.0,-0.0,0.0,-24.62400063215962,0.0,0.0,-0.0
2020-01-26 11:00:00,84.27918489427836,115.47474545454544,0.12,0.1,0.1,0.0,0.0,0.0,-0.0,-31.195560560267083,0.0,0.0,-0.0
2020-01-26 12:00:00,69.97962623257885,115.0333782051282,0.12,0.1,0.1,0.0,0.0,0.0,-0.0,-45.05375197254935,0.0,0.0,-0.0
2020-01-26 13:00:00,71.37582481829695,86.86540666666667,0.12,0.1,0.1,0.0,0.0,0.0,-0.0,-15.489581848369724,0.0,0.0,-0.0
2020-01-26 14:00:00,76.4061235153378,79.48274424242423,0.12,0.1,0.1,0.0,0.0,0.0,-0.0,-3.0766207270864356,0.0,0.0,-0.0
2020-01-26 15:00:00,76.98585993706848,54.304217692307695,0.12,0.1,0.1,-250.0,-0.0,-0.0,0.0,22.681642244760788,2.7217970693712945,0.0,-2.7217970693712945
2020-01-26 16:00:00,77.11196871914126,14.491817083333332,0.12,0.1,0.1,-250.0,-0.0,-0.0,0.0,62.62015163580793,7.514418196296951,0.0,-7.514418196296951
2020-01-26 17:00:00,71.46048983790625,0.8201454545454546,0.12,0.1,0.575,250.0,250.0,250.0,0.0,320.6403443833608,38.476841326003296,0.0,-38.476841326003296
2020-01-26 18:00:00,73.40944371700019,0.0,0.12,0.575,0.31184210526315786,-125.0,-125.0,0.0,125.0,-51.59055628299981,0.0,0.0,-0.0
2020-01-26 19:00:00,74.54270901427834,0.0,0.12,0.31184210526315786,0.31184210526315786,0.0,0.0,0.0,-0.0,74.54270901427834,8.945125081713401,0.0,-8.945125081713401
2020-01-26 20:00:00,70.84274176636956,0.0,0.12,0.31184210526315786,0.1,-250.0,-100.62499999999999,0.0,100.62499999999999,-29.78225823363043,0.0,0.0,-0.0
2020-01-26 21:00:00,74.79312704877609,0.0,0.12,0.1,0.3375,125.0,125.0,125.0,0.0,199.79312704877609,23.97517524585313,0.0,-23.97517524585313
2020-01-26 22:00:00,72.59561070935187,0.0,0.12,0.3375,0.1,-250.0,-112.81250000000001,0.0,112.81250000000001,-40.21688929064814,0.0,0.0,-0.0
2020-01-26 23:00:00,70.54190094636611,0.0,0.12,0.1,0.1,0.0,0.0,0.0,-0.0,70.54190094636611,8.465028113563934,0.0,-8.465028113563934
2020-01-27 00:00:00,71.27746725716919,0.0,0.1,0.1,0.1,-250.0,-0.0,-0.0,0.0,71.27746725716919,7.12774672571692,0.0,-7.12774672571692
2020-01-27 01:00:00,70.85354381412814,0.0,0.1,0.1,0.3375,125.0,125.0,125.0,0.0,195.85354381412816,19.585354381412817,0.0,-19.585354381412817
2020-01-27 02:00:00,70.70094566850649,0.0,0.1,0.3375,0.8125,250.0,250.0,250.0,0.0,320.7009456685065,32.07009456685065,0.0,-32.07009456685065
2020-01-27 03:00:00,70.66255776868992,0.0,0.1,0.8125,0.2861842105263158,-250.0,-250.0,0.0,250.0,-179.3374422313101,0.0,0.0,-0.0
2020-01-27 04:00:00,70.7399688791822,0.0,0.1,0.2861842105263158,0.2861842105263158,0.0,0.0,0.0,-0.0,70.7399688791822,7.07399688791822,0.0,-7.07399688791822
2020-01-27 05:00:00,70.40312351534448,0.0,0.1,0.2861842105263158,0.5236842105263158,125.0,125.0,125.0,0.0,195.40312351534448,19.54031235153445,0.0,-19.54031235153445
2020-01-27 06:00:00,70.75246467642556,0.0,0.1,0.5236842105263158,0.26052631578947366,-125.0,-125.0,0.0,125.0,-54.24753532357444,0.0,0.0,-0.0
2020-01-27 07:00:00,78.22115912111308,5.860196797767394,0.18,0.26052631578947366,0.26052631578947366,0.0,0.0,0.0,-0.0,72.36096232334569,13.024973218202224,0.0,-13.024973218202224
2020-01-27 08:00:00,84.20555652507042,30.889497878787882,0.18,0.26052631578947366,0.26052631578947366,0.0,0.0,0.0,-0.0,53.31605864628254,9.596890556330857,0.0,-9.596890556330857
2020-01-27 09:00:00,86.08219324366722,81.90965384615384,0.18,0.26052631578947366,0.26052631578947366,0.0,0.0,0.0,-0.0,4.1725393975133755,0.7510570915524075,0.0,-0.7510570915524075
2020-01-27 10:00:00,81.08059726393189,104.66554583333334,0.18,0.26052631578947366,0.26052631578947366,0.0,0.0,0.0,-0.0,-23.584948569401448,0.0,0.0,-0.0
2020-01-27 11:00:00,80.86912246120015,93.66801363636364,0.18,0.26052631578947366,0.26052631578947366,0.0,0.0,0.0,-0.0,-12.79889117516349,0.0,0.0,-0.0
2020-01-27 12:00:00,95.75204552317246,107.50053461538461,0.18,0.26052631578947366,0.26052631578947366,0.0,0.0,0.0,-0.0,-11.748489092212154,0.0,0.0,-0.0
2020-01-27 13:00:00,88.91347987481358,87.45960555555557,0.18,0.26052631578947366,0.26052631578947366,0.0,0.0,0.0,-0.0,1.4538743192580057,0.261697377466441,0.0,-0.261697377466441
2020-01-27 14:00:00,85.729542777286,58.73086060606061,0.18,0.26052631578947366,0.26052631578947366,0.0,0.0,0.0,-0.0,26.99868217122539,4.85976279082057,0.0,-4.85976279082057
2020-01-27 15:00:00,83.77739412029936,27.557851794871794,0.18,0.26052631578947366,0.26052631578947366,0.0,0.0,0.0,-0.0,56.21954232542757,10.119517618576962,0.0,-10.119517618576962
2020-01-27 16:00:00,82.68756222040265,10.94333201388889,0.32,0.26052631578947366,0.49802631578947365,125.0,125.0,125.0,0.0,196.74423020651375,62.9581536660844,0.0,-62.9581536660844
2020-01-27 17:00:00,79.65076296430908,0.24894647408666098,0.32,0.49802631578947365,0.23486842105263156,-125.0,-125.0,0.0,125.0,-45.598183509777584,0.0,0.0,-0.0
2020-01-27 18:00:00,79.72603698627091,0.0,0.32,0.23486842105263156,0.1,-125.0,-64.06249999999999,0.0,64.06249999999999,15.663536986270927,5.012331835606696,0.0,-5.012331835606696
2020-01-27 19:00:00,79.12253224388773,0.0,0.32,0.1,0.1,-250.0,-0.0,-0.0,0.0,79.12253224388773,25.319210318044075,0.0,-25.319210318044075
2020-01-27 20:00:00,78.29213342590437,0.0,0.32,0.1,0.3375,125.0,125.0,125.0,0.0,203.29213342590435,65.0534826962894,0.0,-65.0534826962894
2020-01-27 21:00:00,71.70491024541228,0.0,0.32,0.3375,0.1,-125.0,-112.81250000000001,0.0,112.81250000000001,-41.107589754587735,0.0,0.0,-0.0
2020-01-27 22:00:00,71.8973069287156,0.0,0.1,0.1,0.1,0.0,0.0,0.0,-0.0,71.8973069287156,7.18973069287156,0.0,-7.18973069287156
2020-01-27 23:00:00,71.70432625858587,0.0,0.1,0.1,0.3375,125.0,125.0,125.0,0.0,196.70432625858587,19.670432625858588,0.0,-19.670432625858588
2020-01-28 00:00:00,70.01705887633301,0.0,0.1,0.3375,0.1,-250.0,-112.81250000000001,0.0,112.81250000000001,-42.795441123667004,0.0,0.0,-0.0
2020-01-28 01:00:00,69.52254685457181,0.0,0.1,0.1,0.3375,125.0,125.0,125.0,0.0,194.52254685457183,19.452254685457184,0.0,-19.452254685457184
2020-01-28 02:00:00,70.91069262396333,0.0,0.1,0.3375,0.8125,250.0,250.0,250.0,0.0,320.9106926239633,32.09106926239633,0.0,-32.09106926239633
2020-01-28 03:00:00,70.67512777255948,0.0,0.1,0.8125,0.2861842105263158,-250.0,-250.0,0.0,250.0,-179.32487222744052,0.0,0.0,-0.0
2020-01-28 04:00:00,72.16062136255051,0.0,0.1,0.2861842105263158,0.2861842105263158,0.0,0.0,0.0,-0.0,72.16062136255051,7.216062136255052,0.0,-7.216062136255052
2020-01-28 05:00:00,70.17667975029578,0.0,0.1,0.2861842105263158,0.5236842105263158,125.0,125.0,125.0,0.0,195.17667975029576,19.51766797502958,0.0,-19.51766797502958
2020-01-28 06:00:00,70.7116779270431,0.0,0.1,0.5236842105263158,0.26052631578947366,-125.0,-125.0,0.0,125.0,-54.2883220729569,0.0,0.0,-0.0
2020-01-28 07:00:00,82.92831916937597,1.6300833333333333,0.18,0.26052631578947366,0.26052631578947366,0.0,0.0,0.0,-0.0,81.29823583604264,14.633682450487674,0.0,-14.633682450487674
2020-01-28 08:00:00,85.57761051641931,9.538304090909092,0.18,0.26052631578947366,0.49802631578947365,125.0,125.0,125.0,0.0,201.03930642551023,36.18707515659184,0.0,-36.18707515659184
2020-01-28 09:00:00,89.96832924011159,46.81598307692308,0.18,0.49802631578947365,0.49802631578947365,0.0,0.0,0.0,-0.0,43.152346163188504,7.767422309373931,0.0,-7.767422309373931
2020-01-28 10:00:00,111.46776824863402,43.721486034527516,0.18,0.49802631578947365,0.7355263157894736,125.0,125.0,125.0,0.0,192.7462822141065,34.69433079853916,0.0,-34.69433079853916
2020-01-28 11:00:00,104.68705145664289,68.59802605494194,0.18,0.7355263157894736,0.4723684210526315,-125.0,-125.0,0.0,125.0,-88.91097459829905,0.0,0.0,-0.0
2020-01-28 12:00:00,83.69750868310729,59.344941289240346,0.18,0.4723684210526315,0.4723684210526315,0.0,0.0,0.0,-0.0,24.35256739386694,4.383462130896049,0.0,-4.383462130896049
2020-01-28 13:00:00,84.90312314590444,86.76128504672897,0.18,0.4723684210526315,0.4723684210526315,0.0,0.0,0.0,-0.0,-1.858161900824527,0.0,0.0,-0.0
2020-01-28 14:00:00,81.94420309306828,76.04306145567828,0.18,0.4723684210526315,0.7098684210526315,125.0,125.0,125.0,0.0,130.90114163739,23.5622054947302,0.0,-23.5622054947302
2020-01-28 15:00:00,79.97231858859453,56.07707404744788,0.18,0.7098684210526315,0.4467105263157894,-125.0,-125.0,0.0,125.0,-101.10475545885335,0.0,0.0,-0.0
2020-01-28 16:00:00,87.52110717530282,15.379896157840081,0.32,0.4467105263157894,0.4467105263157894,0.0,0.0,0.0,-0.0,72.14121101746274,23.085187525588076,0.0,-23.085187525588076
2020-01-28 17:00:00,80.2543410905455,1.3997224582271313,0.32,0.4467105263157894,0.1835526315789473,-125.0,-125.0,0.0,125.0,-46.14538136768164,0.0,0.0,-0.0
2020-01-28 18:00:00,76.74920628635938,0.0,0.32,0.1835526315789473,0.1835526315789473,0.0,0.0,0.0,-0.0,76.74920628635938,24.559746011635003,0.0,-24.559746011635003
2020-01-28 19:00:00,78.88618630105418,0.0,0.32,0.1835526315789473,0.1,-250.0,-39.687499999999964,0.0,39.687499999999964,39.19868630105422,12.54357961633735,0.0,-12.54357961633735
2020-01-28 20:00:00,81.92721584339061,0.0,0.32,0.1,0.3375,125.0,125.0,125.0,0.0,206.92721584339063,66.216709069885,0.0,-66.216709069885
2020-01-28 21:00:00,75.72391790336748,0.0,0.32,0.3375,0.1,-125.0,-112.81250000000001,0.0,112.81250000000001,-37.088582096632535,0.0,0.0,-0.0
2020-01-28 22:00:00,72.4684965036938,0.0,0.1,0.1,0.1,0.0,0.0,0.0,-0.0,72.4684965036938,7.246849650369381,0.0,-7.246849650369381
2020-01-28 23:00:00,72.40096754482487,0.0,0.1,0.1,0.3375,125.0,125.0,125.0,0.0,197.40096754482488,19.74009675448249,0.0,-19.74009675448249
2020-01-29 00:00:00,71.26710415137596,0.0,0.1,0.3375,0.1,-250.0,-112.81250000000001,0.0,112.81250000000001,-41.545395848624054,0.0,0.0,-0.0
2020-01-29 01:00:00,73.16035000226155,0.0,0.1,0.1,0.3375,125.0,125.0,125.0,0.0,198.16035000226157,19.816035000226158,0.0,-19.816035000226158
2020-01-29 02:00:00,72.6853443453812,0.0,0.1,0.3375,0.8125,250.0,250.0,250.0,0.0,322.68534434538117,32.26853443453812,0.0,-32.26853443453812
2020-01-29 03:00:00,71.53550647010239,0.0,0.1,0.8125,0.2861842105263158,-250.0,-250.0,0.0,250.0,-178.4644935298976,0.0,0.0,-0.0
2020-01-29 04:00:00,73.24405116954047,0.0,0.1,0.2861842105263158,0.10000000000000003,-125.0,-88.4375,0.0,88.4375,-15.19344883045953,0.0,0.0,-0.0
2020-01-29 05:00:00,77.17942018381619,0.0,0.1,0.10000000000000003,0.3375,125.0,125.0,125.0,0.0,202.1794201838162,20.21794201838162,0.0,-20.21794201838162
2020-01-29 06:00:00,74.57426573371914,0.0,0.1,0.3375,0.3375,0.0,0.0,0.0,-0.0,74.57426573371914,7.457426573371915,0.0,-7.457426573371915
2020-01-29 07:00:00,75.42471576599071,9.254366562824506,0.18,0.3375,0.1,-250.0,-112.81250000000001,0.0,112.81250000000001,-46.6421507968338,0.0,0.0,-0.0
2020-01-29 08:00:00,80.20108715604361,31.916927216086094,0.18,0.1,0.3375,125.0,125.0,125.0,0.0,173.28415993995753,31.191148789192354,0.0,-31.191148789192354
2020-01-29 09:00:00,83.61405779246546,64.47791277258567,0.18,0.3375,0.3375,0.0,0.0,0.0,-0.0,19.13614501987979,3.4445061035783624,0.0,-3.4445061035783624
2020-01-29 10:00:00,102.92662069334784,88.1679828660436,0.18,0.3375,0.3375,0.0,0.0,0.0,-0.0,14.758637827304241,2.6565548089147635,0.0,-2.6565548089147635
2020-01-29 11:00:00,105.88050916094234,112.43119512885868,0.18,0.3375,0.3375,0.0,0.0,0.0,-0.0,-6.550685967916337,0.0,0.0,-0.0
2020-01-29 12:00:00,88.82570621404557,104.5309038102085,0.18,0.3375,0.575,125.0,125.0,125.0,0.0,109.29480240383707,19.673064432690673,0.0,-19.673064432690673
2020-01-29 13:00:00,91.15283868992009,107.83531527777778,0.18,0.575,0.31184210526315786,-125.0,-125.0,0.0,125.0,-141.6824765878577,0.0,0.0,-0.0
2020-01-29 14:00:00,95.14868552875652,75.49400484848485,0.18,0.31184210526315786,0.31184210526315786,0.0,0.0,0.0,-0.0,19.654680680271667,3.5378425224489,0.0,-3.5378425224489
2020-01-29 15:00:00,84.05996315619417,24.094199871794874,0.18,0.31184210526315786,0.5493421052631579,125.0,125.0,125.0,0.0,184.96576328439932,33.29383739119188,0.0,-33.29383739119188
2020-01-29 16:00:00,89.0915608929344,15.016164583333333,0.32,0.5493421052631579,0.9,250.0,184.55678670360118,184.55678670360118,0.0,258.6321830132022,82.76229856422471,0.0,-82.76229856422471
2020-01-29 17:00:00,84.10823890020407,1.0142363636363636,0.32,0.9,0.6368421052631579,-125.0,-125.0,0.0,125.0,-41.905997463432286,0.0,0.0,-0.0
2020-01-29 18:00:00,81.2356663206326,0.0,0.32,0.6368421052631579,0.6368421052631579,0.0,0.0,0.0,-0.0,81.2356663206326,25.995413222602433,0.0,-25.995413222602433
2020-01-29 19:00:00,80.5890733026165,0.0,0.32,0.6368421052631579,0.3736842105263158,-125.0,-125.0,0.0,125.0,-44.4109266973835,0.0,0.0,-0.0
2020-01-29 20:00:00,79.8862427735417,0.0,0.32,0.3736842105263158,0.10000000000000003,-250.0,-129.99999999999997,0.0,129.99999999999997,-50.113757226458276,0.0,0.0,-0.0
2020-01-29 21:00:00,74.7842552309981,0.0,0.32,0.10000000000000003,0.10000000000000003,0.0,0.0,0.0,-0.0,74.7842552309981,23.93096167391939,0.0,-23.93096167391939
2020-01-29 22:00:00,76.10473751628821,0.0,0.1,0.10000000000000003,0.10000000000000003,0.0,0.0,0.0,-0.0,76.10473751628821,7.610473751628821,0.0,-7.610473751628821
2020-01-29 23:00:00,74.65951803187107,0.0,0.1,0.10000000000000003,0.3375,125.0,125.0,125.0,0.0,199.65951803187107,19.96595180318711,0.0,-19.96595180318711
2020-01-30 00:00:00,75.55508517678595,0.0,0.1,0.3375,0.1,-250.0,-112.81250000000001,0.0,112.81250000000001,-37.25741482321406,0.0,0.0,-0.0
2020-01-30 01:00:00,71.77962243032091,0.0,0.1,0.1,0.3375,125.0,125.0,125.0,0.0,196.7796224303209,19.67796224303209,0.0,-19.67796224303209
2020-01-30 02:00:00,73.70916762455222,0.0,0.1,0.3375,0.8125,250.0,250.0,250.0,0.0,323.7091676245522,32.370916762455224,0.0,-32.370916762455224
2020-01-30 03:00:00,73.63574964005387,0.0,0.1,0.8125,0.549342105263158,-125.0,-125.0,0.0,125.0,-51.364250359946126,0.0,0.0,-0.0
2020-01-30 04:00:00,72.73139730274916,0.0,0.1,0.549342105263158,0.786842105263158,125.0,125.0,125.0,0.0,197.73139730274914,19.773139730274917,0.0,-19.773139730274917
2020-01-30 05:00:00,73.17833155758602,0.0,0.1,0.786842105263158,0.786842105263158,0.0,0.0,0.0,-0.0,73.17833155758602,7.317833155758603,0.0,-7.317833155758603
2020-01-30 06:00:00,72.09366141334877,0.0,0.1,0.786842105263158,0.26052631578947383,-250.0,-250.0,0.0,250.0,-177.90633858665123,0.0,0.0,-0.0
2020-01-30 07:00:00,84.95981822263073,3.910003472222222,0.18,0.26052631578947383,0.26052631578947383,0.0,0.0,0.0,-0.0,81.0498147504085,14.588966655073529,0.0,-14.588966655073529
2020-01-30 08:00:00,89.6123095620194,8.364703787878788,0.18,0.26052631578947383,0.4980263157894738,125.0,125.0,125.0,0.0,206.24760577414062,37.12456903934531,0.0,-37.12456903934531
2020-01-30 09:00:00,95.40078631310234,46.171948717948716,0.18,0.4980263157894738,0.4980263157894738,0.0,0.0,0.0,-0.0,49.22883759515363,8.861190767127653,0.0,-8.861190767127653
2020-01-30 10:00:00,104.98566389343107,92.07909583333334,0.18,0.4980263157894738,0.4980263157894738,0.0,0.0,0.0,-0.0,12.906568060097726,2.3231822508175908,0.0,-2.3231822508175908
2020-01-30 11:00:00,96.1986265628657,99.66404696969698,0.18,0.4980263157894738,0.7355263157894738,125.0,125.0,125.0,0.0,121.53457959316871,21.87622432677037,0.0,-21.87622432677037
2020-01-30 12:00:00,96.93264351119011,115.61766139468008,0.18,0.7355263157894738,0.4723684210526317,-125.0,-125.0,0.0,125.0,-143.68501788349,0.0,0.0,-0.0
2020-01-30 13:00:00,101.41834978324117,105.0296329179647,0.18,0.4723684210526317,0.4723684210526317,0.0,0.0,0.0,-0.0,-3.6112831347235357,0.0,0.0,-0.0
2020-01-30 14:00:00,97.14846698447005,78.02369696969697,0.18,0.4723684210526317,0.7098684210526317,125.0,125.0,125.0,0.0,144.12477001477308,25.94245860265915,0.0,-25.94245860265915
2020-01-30 15:00:00,92.93769725193854,47.617243553798225,0.18,0.7098684210526317,0.4467105263157896,-125.0,-125.0,0.0,125.0,-79.67954630185969,0.0,0.0,-0.0
2020-01-30 16:00:00,90.06230207935413,16.82270877985462,0.32,0.4467105263157896,0.18355263157894752,-125.0,-125.0,0.0,125.0,-51.760406700500496,0.0,0.0,-0.0
2020-01-30 17:00:00,79.30719133350311,0.5498909090909091,0.32,0.18355263157894752,0.10000000000000002,-250.0,-39.687500000000064,0.0,39.687500000000064,39.06980042441214,12.502336135811886,0.0,-12.502336135811886
2020-01-30 18:00:00,77.93927364392242,0.0,0.32,0.10000000000000002,0.10000000000000002,0.0,0.0,0.0,-0.0,77.93927364392242,24.940567566055176,0.0,-24.940567566055176
2020-01-30 19:00:00,79.9221619931786,0.0,0.32,0.10000000000000002,0.1,-250.0,-6.591949208711867e-15,0.0,6.591949208711867e-15,79.9221619931786,25.575091837817155,0.0,-25.575091837817155
2020-01-30 20:00:00,78.22963649955244,0.0,0.32,0.1,0.575,250.0,250.0,250.0,0.0,328.22963649955244,105.03348367985679,0.0,-105.03348367985679
2020-01-30 21:00:00,76.4376579902457,0.0,0.32,0.575,0.31184210526315786,-125.0,-125.0,0.0,125.0,-48.5623420097543,0.0,0.0,-0.0
2020-01-30 22:00:00,75.90709719592495,0.0,0.1,0.31184210526315786,0.1,-250.0,-100.62499999999999,0.0,100.62499999999999,-24.717902804075038,0.0,0.0,-0.0
2020-01-30 23:00:00,70.94761347606283,0.0,0.1,0.1,0.3375,125.0,125.0,125.0,0.0,195.94761347606283,19.594761347606283,0.0,-19.594761347606283
2020-01-31 00:00:00,72.93232029959329,0.0,0.1,0.3375,0.1,-250.0,-112.81250000000001,0.0,112.81250000000001,-39.88017970040673,0.0,0.0,-0.0
2020-01-31 01:00:00,72.3564337217366,0.0,0.1,0.1,0.3375,125.0,125.0,125.0,0.0,197.3564337217366,19.735643372173662,0.0,-19.735643372173662
2020-01-31 02:00:00,73.9454087312994,0.0,0.1,0.3375,0.8125,250.0,250.0,250.0,0.0,323.9454087312994,32.39454087312994,0.0,-32.39454087312994
2020-01-31 03:00:00,72.65505692374126,0.0,0.1,0.8125,0.2861842105263158,-250.0,-250.0,0.0,250.0,-177.34494307625874,0.0,0.0,-0.0
2020-01-31 04:00:00,75.3028633500405,0.0,0.1,0.2861842105263158,0.2861842105263158,0.0,0.0,0.0,-0.0,75.3028633500405,7.53028633500405,0.0,-7.53028633500405
2020-01-31 05:00:00,77.910109539118,0.0,0.1,0.2861842105263158,0.7611842105263158,250.0,250.0,250.0,0.0,327.910109539118,32.7910109539118,0.0,-32.7910109539118
2020-01-31 06:00:00,77.87899111803952,0.0,0.1,0.7611842105263158,0.23486842105263162,-250.0,-250.0,0.0,250.0,-172.12100888196048,0.0,0.0,-0.0
2020-01-31 07:00:00,76.31318743948414,5.231620833333333,0.18,0.23486842105263162,0.23486842105263162,0.0,0.0,0.0,-0.0,71.0815666061508,12.794681989107143,0.0,-12.794681989107143
2020-01-31 08:00:00,79.43871169452053,30.593767272727277,0.18,0.23486842105263162,0.4723684210526316,125.0,125.0,125.0,0.0,173.84494442179326,31.292089995922787,0.0,-31.292089995922787
2020-01-31 09:00:00,82.74879936029802,62.37543717948718,0.18,0.4723684210526316,0.10000000000000009,-250.0,-176.87499999999997,0.0,176.87499999999997,-156.5016378191891,0.0,0.0,-0.0
2020-01-31 10:00:00,59.63746225525181,92.44588750000001,0.18,0.10000000000000009,0.1,-250.0,-3.95516952522712e-14,0.0,3.95516952522712e-14,-32.80842524474824,0.0,0.0,-0.0
2020-01-31 11:00:00,77.27227561781048,110.48549999999999,0.18,0.1,0.1,0.0,0.0,0.0,-0.0,-33.21322438218951,0.0,0.0,-0.0
2020-01-31 12:00:00,90.21705177059387,110.6995064102564,0.18,0.1,0.1,0.0,0.0,0.0,-0.0,-20.482454639662535,0.0,0.0,-0.0
2020-01-31 13:00:00,81.92755062912272,100.95425277777777,0.18,0.1,0.1,-250.0,-0.0,-0.0,0.0,-19.026702148655048,0.0,0.0,-0.0
2020-01-31 14:00:00,86.56766401090421,82.1455606060606,0.18,0.1,0.3375,125.0,125.0,125.0,0.0,129.4221034048436,23.295978612871846,0.0,-23.295978612871846
2020-01-31 15:00:00,80.84889414866772,51.98129333333333,0.18,0.3375,0.3375,0.0,0.0,0.0,-0.0,28.86760081533439,5.19616814676019,0.0,-5.19616814676019
2020-01-31 16:00:00,86.35134015020748,15.010616666666666,0.32,0.3375,0.3375,0.0,0.0,0.0,-0.0,71.34072348354081,22.82903151473306,0.0,-22.82903151473306
2020-01-31 17:00:00,84.60209792557413,1.1028,0.32,0.3375,0.3375,0.0,0.0,0.0,-0.0,83.49929792557413,26.71977533618372,0.0,-26.71977533618372
2020-01-31 18:00:00,81.61273114343186,0.0,0.32,0.3375,0.575,125.0,125.0,125.0,0.0,206.61273114343186,66.1160739658982,0.0,-66.1160739658982
2020-01-31 19:00:00,85.651188319374,0.0,0.32,0.575,0.575,0.0,0.0,0.0,-0.0,85.651188319374,27.40838026219968,0.0,-27.40838026219968
2020-01-31 20:00:00,84.72218629087708,0.0,0.32,0.575,0.575,0.0,0.0,0.0,-0.0,84.72218629087708,27.111099613080665,0.0,-27.111099613080665
2020-01-31 21:00:00,80.90850460723833,0.0,0.32,0.575,0.31184210526315786,-125.0,-125.0,0.0,125.0,-44.09149539276167,0.0,0.0,-0.0
2020-01-31 22:00:00,81.36653977066364,0.0,0.1,0.31184210526315786,0.5493421052631579,125.0,125.0,125.0,0.0,206.36653977066362,20.636653977066363,0.0,-20.636653977066363
2020-01-31 23:00:00,80.32001128577056,0.0,0.1,0.5493421052631579,0.28618421052631576,-125.0,-125.0,0.0,125.0,-44.67998871422944,0.0,0.0,-0.0
2020-02-01 00:00:00,79.77324121339012,0.0,0.12,0.28618421052631576,0.28618421052631576,0.0,0.0,0.0,-0.0,79.77324121339012,9.572788945606815,0.0,-9.572788945606815
2020-02-01 01:00:00,78.11849830545232,0.0,0.12,0.28618421052631576,0.28618421052631576,0.0,0.0,0.0,-0.0,78.11849830545232,9.374219796654279,0.0,-9.374219796654279
2020-02-01 02:00:00,79.16844399632676,0.0,0.12,0.28618421052631576,0.28618421052631576,0.0,0.0,0.0,-0.0,79.16844399632676,9.50021327955921,0.0,-9.50021327955921
2020-02-01 03:00:00,79.93114613539291,0.0,0.12,0.28618421052631576,0.10000000000000003,-125.0,-88.43749999999997,0.0,88.43749999999997,-8.506353864607064,0.0,0.0,-0.0
2020-02-01 04:00:00,81.04399275240112,0.0,0.12,0.10000000000000003,0.3375,125.0,125.0,125.0,0.0,206.04399275240112,24.725279130288133,0.0,-24.725279130288133
2020-02-01 05:00:00,78.6769204862915,0.0,0.12,0.3375,0.8125,250.0,250.0,250.0,0.0,328.67692048629146,39.44123045835497,0.0,-39.44123045835497
2020-02-01 06:00:00,78.92271890033633,0.0,0.12,0.8125,0.549342105263158,-125.0,-125.0,0.0,125.0,-46.077281099663665,0.0,0.0,-0.0
2020-02-01 07:00:00,79.68186064190499,7.524800555555555,0.12,0.549342105263158,0.2861842105263159,-125.0,-125.0,0.0,125.0,-52.84293991365057,0.0,0.0,-0.0
2020-02-01 08:00:00,84.04245305129523,43.307183939393944,0.12,0.2861842105263159,0.10000000000000003,-250.0,-88.43750000000003,0.0,88.43750000000003,-47.70223088809875,0.0,0.0,-0.0
2020-02-01 09:00:00,83.15173096806218,37.691674871794866,0.12,0.10000000000000003,0.10000000000000003,0.0,0.0,0.0,-0.0,45.460056096267316,5.455206731552078,0.0,-5.455206731552078
2020-02-01 10:00:00,89.5661011768738,86.5154763888889,0.12,0.10000000000000003,0.1,-250.0,-1.3183898417423734e-14,0.0,1.3183898417423734e-14,3.050624787984888,0.36607497455818655,0.0,-0.36607497455818655
2020-02-01 11:00:00,93.08855577850045,107.74953636363638,0.12,0.1,0.1,0.0,0.0,0.0,-0.0,-14.660980585135931,0.0,0.0,-0.0
2020-02-01 12:00:00,88.81732459439591,114.3051076923077,0.12,0.1,0.1,0.0,0.0,0.0,-0.0,-25.487783097911787,0.0,0.0,-0.0
2020-02-01 13:00:00,89.73061026061306,103.12150000000001,0.12,0.1,0.1,0.0,0.0,0.0,-0.0,-13.39088973938695,0.0,0.0,-0.0
2020-02-01 14:00:00,87.82290211845027,83.19860757575758,0.12,0.1,0.1,0.0,0.0,0.0,-0.0,4.624294542692695,0.5549153451231233,0.0,-0.5549153451231233
2020-02-01 15:00:00,83.73047079522755,52.55591192307691,0.12,0.1,0.1,-250.0,-0.0,-0.0,0.0,31.174558872150634,3.740947064658076,0.0,-3.740947064658076
2020-02-01 16:00:00,82.30521127854668,17.31415611111111,0.12,0.1,0.1,-250.0,-0.0,-0.0,0.0,64.99105516743558,7.798926620092269,0.0,-7.798926620092269
2020-02-01 17:00:00,81.56139420110337,1.504481818181818,0.12,0.1,0.1,0.0,0.0,0.0,-0.0,80.05691238292155,9.606829485950586,0.0,-9.606829485950586
2020-02-01 18:00:00,79.05197282706408,0.0,0.12,0.1,0.575,250.0,250.0,250.0,0.0,329.0519728270641,39.486236739247694,0.0,-39.486236739247694
2020-02-01 19:00:00,81.86089598795293,0.0,0.12,0.575,0.8125,125.0,125.0,125.0,0.0,206.86089598795292,24.823307518554348,0.0,-24.823307518554348
2020-02-01 20:00:00,82.27919104553287,0.0,0.12,0.8125,0.549342105263158,-125.0,-125.0,0.0,125.0,-42.72080895446713,0.0,0.0,-0.0
2020-02-01 21:00:00,81.73097400660166,0.0,0.12,0.549342105263158,0.2861842105263159,-125.0,-125.0,0.0,125.0,-43.269025993398344,0.0,0.0,-0.0
2020-02-01 22:00:00,80.80853966867237,0.0,0.12,0.2861842105263159,0.2861842105263159,0.0,0.0,0.0,-0.0,80.80853966867237,9.697024760240684,0.0,-9.697024760240684
2020-02-01 23:00:00,80.45398787624157,0.0,0.12,0.2861842105263159,0.5236842105263159,125.0,125.0,125.0,0.0,205.45398787624157,24.654478545148987,0.0,-24.654478545148987
2020-02-02 00:00:00,78.38718884873194,0.0,0.12,0.5236842105263159,0.2605263157894738,-125.0,-125.0,0.0,125.0,-46.61281115126806,0.0,0.0,-0.0
2020-02-02 01:00:00,77.80564997347614,0.0,0.12,0.2605263157894738,0.7355263157894738,250.0,250.0,250.0,0.0,327.80564997347614,39.33667799681714,0.0,-39.33667799681714
2020-02-02 02:00:00,79.22381747949666,0.0,0.12,0.7355263157894738,0.4723684210526317,-125.0,-125.0,0.0,125.0,-45.77618252050334,0.0,0.0,-0.0
2020-02-02 03:00:00,79.00845841137698,0.0,0.12,0.4723684210526317,0.9,250.0,225.06925207756228,225.06925207756228,0.0,304.07771048893926,36.48932525867271,0.0,-36.48932525867271
2020-02-02 04:00:00,77.9345000723133,0.0,0.12,0.9,0.6368421052631579,-125.0,-125.0,0.0,125.0,-47.0654999276867,0.0,0.0,-0.0
2020-02-02 05:00:00,80.85602706134621,0.0,0.12,0.6368421052631579,0.3736842105263158,-125.0,-125.0,0.0,125.0,-44.14397293865379,0.0,0.0,-0.0
2020-02-02 06:00:00,80.2033490265124,0.0,0.12,0.3736842105263158,0.10000000000000003,-250.0,-129.99999999999997,0.0,129.99999999999997,-49.79665097348757,0.0,0.0,-0.0
2020-02-02 07:00:00,78.46432594504172,2.9119114583333334,0.12,0.10000000000000003,0.1,-125.0,-1.3183898417423734e-14,0.0,1.3183898417423734e-14,75.55241448670837,9.066289738405004,0.0,-9.066289738405004
2020-02-02 08:00:00,77.36665776126816,8.475658181818183,0.12,0.1,0.1,0.0,0.0,0.0,-0.0,68.89099957944998,8.266919949533998,0.0,-8.266919949533998
2020-02-02 09:00:00,82.05613386922141,56.247059615384615,0.12,0.1,0.1,0.0,0.0,0.0,-0.0,25.809074253836798,3.097088910460416,0.0,-3.097088910460416
2020-02-02 10:00:00,83.00101144200755,43.195998194444435,0.12,0.1,0.1,-250.0,-0.0,-0.0,0.0,39.80501324756312,4.776601589707574,0.0,-4.776601589707574
2020-02-02 11:00:00,78.41194773188401,57.15219727272727,0.12,0.1,0.1,0.0,0.0,0.0,-0.0,21.25975045915674,2.551170055098809,0.0,-2.551170055098809
2020-02-02 12:00:00,89.73320593835791,101.54976538461538,0.12,0.1,0.1,0.0,0.0,0.0,-0.0,-11.816559446257472,0.0,0.0,-0.0
2020-02-02 13:00:00,88.511798239769,114.51729166666667,0.12,0.1,0.1,0.0,0.0,0.0,-0.0,-26.005493426897658,0.0,0.0,-0.0
2020-02-02 14:00:00,87.30872484987464,93.23205606060606,0.12,0.1,0.1,0.0,0.0,0.0,-0.0,-5.923331210731419,0.0,0.0,-0.0
2020-02-02 15:00:00,82.6408676258193,58.89933948717949,0.12,0.1,0.1,-250.0,-0.0,-0.0,0.0,23.741528138639808,2.848983376636777,0.0,-2.848983376636777
2020-02-02 16:00:00,80.82556164920358,19.8797575,0.12,0.1,0.1,-250.0,-0.0,-0.0,0.0,60.94580414920358,7.3134964979044295,0.0,-7.3134964979044295
2020-02-02 17:00:00,81.02314976732151,1.314066666666667,0.12,0.1,0.1,0.0,0.0,0.0,-0.0,79.70908310065485,9.565089972078582,0.0,-9.565089972078582
2020-02-02 18:00:00,78.95491761942127,0.0,0.12,0.1,0.575,250.0,250.0,250.0,0.0,328.9549176194213,39.47459011433055,0.0,-39.47459011433055
2020-02-02 19:00:00,84.32763510634854,0.0,0.12,0.575,0.8125,125.0,125.0,125.0,0.0,209.32763510634854,25.119316212761824,0.0,-25.119316212761824
2020-02-02 20:00:00,81.66140356468215,0.0,0.12,0.8125,0.549342105263158,-125.0,-125.0,0.0,125.0,-43.338596435317854,0.0,0.0,-0.0
2020-02-02 21:00:00,82.62569857655234,0.0,0.12,0.549342105263158,0.2861842105263159,-125.0,-125.0,0.0,125.0,-42.37430142344766,0.0,0.0,-0.0
2020-02-02 22:00:00,83.59355644139141,0.0,0.12,0.2861842105263159,0.2861842105263159,0.0,0.0,0.0,-0.0,83.59355644139141,10.031226772966969,0.0,-10.031226772966969
2020-02-02 23:00:00,81.3367319565618,0.0,0.12,0.2861842105263159,0.5236842105263159,125.0,125.0,125.0,0.0,206.3367319565618,24.760407834787415,0.0,-24.760407834787415
2020-02-03 00:00:00,80.36826982553917,0.0,0.1,0.5236842105263159,0.5236842105263159,0.0,0.0,0.0,-0.0,80.36826982553917,8.036826982553917,0.0,-8.036826982553917
2020-02-03 01:00:00,79.50373660115677,0.0,0.1,0.5236842105263159,0.2605263157894738,-125.0,-125.0,0.0,125.0,-45.496263398843226,0.0,0.0,-0.0
2020-02-03 02:00:00,82.71113757665286,0.0,0.1,0.2605263157894738,0.10000000000000003,-250.0,-76.25000000000003,0.0,76.25000000000003,6.461137576652831,0.6461137576652831,0.0,-0.6461137576652831
2020-02-03 03:00:00,80.5570857239094,0.0,0.1,0.10000000000000003,0.3375,125.0,125.0,125.0,0.0,205.55708572390938,20.55570857239094,0.0,-20.55570857239094
2020-02-03 04:00:00,80.05410009876518,0.0,0.1,0.3375,0.8125,250.0,250.0,250.0,0.0,330.05410009876516,33.00541000987652,0.0,-33.00541000987652
2020-02-03 05:00:00,79.6823009586711,0.0,0.1,0.8125,0.2861842105263158,-250.0,-250.0,0.0,250.0,-170.3176990413289,0.0,0.0,-0.0
2020-02-03 06:00:00,89.55079900594501,0.0,0.1,0.2861842105263158,0.2861842105263158,0.0,0.0,0.0,-0.0,89.55079900594501,8.955079900594502,0.0,-8.955079900594502
2020-02-03 07:00:00,87.40919013706603,11.712511527777778,0.18,0.2861842105263158,0.2861842105263158,0.0,0.0,0.0,-0.0,75.69667860928826,13.625402149671885,0.0,-13.625402149671885
2020-02-03 08:00:00,92.37109359419661,55.329253030303036,0.18,0.2861842105263158,0.5236842105263158,125.0,125.0,125.0,0.0,162.04184056389357,29.16753130150084,0.0,-29.16753130150084
2020-02-03 09:00:00,100.04996689247088,93.39987179487179,0.18,0.5236842105263158,0.26052631578947366,-125.0,-125.0,0.0,125.0,-118.34990490240091,0.0,0.0,-0.0
2020-02-03 10:00:00,104.58815946413232,118.20907083333333,0.18,0.26052631578947366,0.26052631578947366,0.0,0.0,0.0,-0.0,-13.62091136920101,0.0,0.0,-0.0
2020-02-03 11:00:00,104.10209657602519,129.67276818181818,0.18,0.26052631578947366,0.26052631578947366,0.0,0.0,0.0,-0.0,-25.570671605792995,0.0,0.0,-0.0
2020-02-03 12:00:00,103.76976733440458,130.02204743589743,0.18,0.26052631578947366,0.26052631578947366,0.0,0.0,0.0,-0.0,-26.252280101492858,0.0,0.0,-0.0
2020-02-03 13:00:00,102.0284380179711,117.86482916666667,0.18,0.26052631578947366,0.26052631578947366,0.0,0.0,0.0,-0.0,-15.836391148695569,0.0,0.0,-0.0
2020-02-03 14:00:00,102.72249706425755,96.0363393939394,0.18,0.26052631578947366,0.26052631578947366,0.0,0.0,0.0,-0.0,6.686157670318153,1.2035083806572675,0.0,-1.2035083806572675
2020-02-03 15:00:00,96.67400050822295,61.363028846153846,0.18,0.26052631578947366,0.26052631578947366,0.0,0.0,0.0,-0.0,35.3109716620691,6.355974899172438,0.0,-6.355974899172438
2020-02-03 16:00:00,89.27909409990612,20.925687500000002,0.32,0.26052631578947366,0.7355263157894736,250.0,250.0,250.0,0.0,318.3534065999061,101.87309011196996,0.0,-101.87309011196996
2020-02-03 17:00:00,86.51810128807792,1.384134090909091,0.32,0.7355263157894736,0.4723684210526315,-125.0,-125.0,0.0,125.0,-39.86603280283117,0.0,0.0,-0.0
2020-02-03 18:00:00,84.38555946720301,0.0,0.32,0.4723684210526315,0.4723684210526315,0.0,0.0,0.0,-0.0,84.38555946720301,27.003379029504963,0.0,-27.003379029504963
2020-02-03 19:00:00,89.15693175404944,0.0,0.32,0.4723684210526315,0.7098684210526315,125.0,125.0,125.0,0.0,214.15693175404942,68.53021816129582,0.0,-68.53021816129582
2020-02-03 20:00:00,88.76493670366156,0.0,0.32,0.7098684210526315,0.4467105263157894,-125.0,-125.0,0.0,125.0,-36.23506329633844,0.0,0.0,-0.0
2020-02-03 21:00:00,83.89498503770353,0.0,0.32,0.4467105263157894,0.1835526315789473,-125.0,-125.0,0.0,125.0,-41.105014962296465,0.0,0.0,-0.0
2020-02-03 22:00:00,81.834357979406,0.0,0.1,0.1835526315789473,0.4210526315789473,125.0,125.0,125.0,0.0,206.83435797940598,20.6834357979406,0.0,-20.6834357979406
2020-02-03 23:00:00,81.4811971362953,0.0,0.1,0.4210526315789473,0.6585526315789473,125.0,125.0,125.0,0.0,206.4811971362953,20.64811971362953,0.0,-20.64811971362953
2020-02-04 00:00:00,83.77374451029775,0.0,0.1,0.6585526315789473,0.6585526315789473,0.0,0.0,0.0,-0.0,83.77374451029775,8.377374451029775,0.0,-8.377374451029775
2020-02-04 01:00:00,83.16621117065372,0.0,0.1,0.6585526315789473,0.1322368421052631,-250.0,-250.0,0.0,250.0,-166.83378882934628,0.0,0.0,-0.0
2020-02-04 02:00:00,81.75491870084915,0.0,0.1,0.1322368421052631,0.1322368421052631,0.0,0.0,0.0,-0.0,81.75491870084915,8.175491870084915,0.0,-8.175491870084915
2020-02-04 03:00:00,82.51149849725923,0.0,0.1,0.1322368421052631,0.3697368421052631,125.0,125.0,125.0,0.0,207.51149849725923,20.751149849725923,0.0,-20.751149849725923
2020-02-04 04:00:00,83.38607279883554,0.0,0.1,0.3697368421052631,0.844736842105263,250.0,250.0,250.0,0.0,333.3860727988355,33.338607279883554,0.0,-33.338607279883554
2020-02-04 05:00:00,87.5025970208496,0.0,0.1,0.844736842105263,0.581578947368421,-125.0,-125.0,0.0,125.0,-37.497402979150394,0.0,0.0,-0.0
2020-02-04 06:00:00,83.07387981305381,0.0,0.1,0.581578947368421,0.3184210526315789,-125.0,-125.0,0.0,125.0,-41.92612018694619,0.0,0.0,-0.0
2020-02-04 07:00:00,90.95356657074784,12.08838375,0.18,0.3184210526315789,0.5559210526315789,125.0,125.0,125.0,0.0,203.86518282074783,36.69573290773461,0.0,-36.69573290773461
2020-02-04 08:00:00,93.48579149457369,56.312377272727275,0.18,0.5559210526315789,0.2927631578947368,-125.0,-125.0,0.0,125.0,-87.82658577815359,0.0,0.0,-0.0
2020-02-04 09:00:00,101.40429075747407,93.31429358974358,0.18,0.2927631578947368,0.2927631578947368,0.0,0.0,0.0,-0.0,8.089997167730488,1.4561994901914876,0.0,-1.4561994901914876
2020-02-04 10:00:00,114.14206356071611,118.45495972222223,0.18,0.2927631578947368,0.2927631578947368,0.0,0.0,0.0,-0.0,-4.312896161506117,0.0,0.0,-0.0
2020-02-04 11:00:00,110.2165086177917,121.7844606060606,0.18,0.2927631578947368,0.2927631578947368,0.0,0.0,0.0,-0.0,-11.567951988268902,0.0,0.0,-0.0
2020-02-04 12:00:00,107.27486176910728,107.62743205128206,0.18,0.2927631578947368,0.2927631578947368,0.0,0.0,0.0,-0.0,-0.35257028217478137,0.0,0.0,-0.0
2020-02-04 13:00:00,101.63166160705258,98.15667916666666,0.18,0.2927631578947368,0.2927631578947368,0.0,0.0,0.0,-0.0,3.474982440385915,0.6254968392694646,0.0,-0.6254968392694646
2020-02-04 14:00:00,101.56546051568512,89.52363939393939,0.18,0.2927631578947368,0.2927631578947368,0.0,0.0,0.0,-0.0,12.041821121745727,2.167527801914231,0.0,-2.167527801914231
2020-02-04 15:00:00,93.32091158134243,58.41226307692307,0.18,0.2927631578947368,0.2927631578947368,0.0,0.0,0.0,-0.0,34.90864850441936,6.2835567307954845,0.0,-6.2835567307954845
2020-02-04 16:00:00,91.76192988968164,22.392964583333335,0.32,0.2927631578947368,0.7677631578947368,250.0,250.0,250.0,0.0,319.3689653063483,102.19806889803145,0.0,-102.19806889803145
2020-02-04 17:00:00,88.18084687322958,1.321309090909091,0.32,0.7677631578947368,0.5046052631578948,-125.0,-125.0,0.0,125.0,-38.14046221767951,0.0,0.0,-0.0
2020-02-04 18:00:00,86.52612631590549,0.0,0.32,0.5046052631578948,0.2414473684210527,-125.0,-125.0,0.0,125.0,-38.473873684094514,0.0,0.0,-0.0
2020-02-04 19:00:00,86.84775078902386,0.0,0.32,0.2414473684210527,0.2414473684210527,0.0,0.0,0.0,-0.0,86.84775078902386,27.79128025248764,0.0,-27.79128025248764
2020-02-04 20:00:00,86.90140201592884,0.0,0.32,0.2414473684210527,0.1,-250.0,-67.18750000000003,0.0,67.18750000000003,19.71390201592881,6.3084486450972195,0.0,-6.3084486450972195
2020-02-04 21:00:00,85.07582537081399,0.0,0.32,0.1,0.1,0.0,0.0,0.0,-0.0,85.07582537081399,27.224264118660475,0.0,-27.224264118660475
2020-02-04 22:00:00,84.16387540275262,0.0,0.1,0.1,0.3375,125.0,125.0,125.0,0.0,209.16387540275264,20.916387540275267,0.0,-20.916387540275267
2020-02-04 23:00:00,82.57663948271728,0.0,0.1,0.3375,0.3375,0.0,0.0,0.0,-0.0,82.57663948271728,8.257663948271729,0.0,-8.257663948271729
2020-02-05 00:00:00,83.01974477663495,0.0,0.1,0.3375,0.3375,0.0,0.0,0.0,-0.0,83.01974477663495,8.301974477663496,0.0,-8.301974477663496
2020-02-05 01:00:00,82.32873694627955,0.0,0.1,0.3375,0.1,-250.0,-112.81250000000001,0.0,112.81250000000001,-30.483763053720466,0.0,0.0,-0.0
2020-02-05 02:00:00,83.8308715627688,0.0,0.1,0.1,0.1,0.0,0.0,0.0,-0.0,83.8308715627688,8.383087156276881,0.0,-8.383087156276881
2020-02-05 03:00:00,83.18194407012615,0.0,0.1,0.1,0.3375,125.0,125.0,125.0,0.0,208.18194407012615,20.818194407012616,0.0,-20.818194407012616
2020-02-05 04:00:00,79.70563135591736,0.0,0.1,0.3375,0.8125,250.0,250.0,250.0,0.0,329.7056313559174,32.97056313559174,0.0,-32.97056313559174
2020-02-05 05:00:00,82.87735838376115,0.0,0.1,0.8125,0.549342105263158,-125.0,-125.0,0.0,125.0,-42.12264161623885,0.0,0.0,-0.0
2020-02-05 06:00:00,83.53778700429986,0.0,0.1,0.549342105263158,0.2861842105263159,-125.0,-125.0,0.0,125.0,-41.46221299570014,0.0,0.0,-0.0
2020-02-05 07:00:00,92.75101768351915,10.176754583333334,0.18,0.2861842105263159,0.2861842105263159,0.0,0.0,0.0,-0.0,82.57426310018582,14.863367358033447,0.0,-14.863367358033447
2020-02-05 08:00:00,90.60374370987242,43.83453848484848,0.18,0.2861842105263159,0.2861842105263159,0.0,0.0,0.0,-0.0,46.76920522502394,8.418456940504308,0.0,-8.418456940504308
2020-02-05 09:00:00,92.9891374630716,84.22197307692308,0.18,0.2861842105263159,0.2861842105263159,0.0,0.0,0.0,-0.0,8.767164386148522,1.578089589506734,0.0,-1.578089589506734
2020-02-05 10:00:00,93.92240145691528,108.8209236111111,0.18,0.2861842105263159,0.2861842105263159,0.0,0.0,0.0,-0.0,-14.898522154195817,0.0,0.0,-0.0
2020-02-05 11:00:00,101.00438117801053,118.1641787878788,0.18,0.2861842105263159,0.2861842105263159,0.0,0.0,0.0,-0.0,-17.159797609868264,0.0,0.0,-0.0
2020-02-05 12:00:00,96.69994274759966,117.11221923076923,0.18,0.2861842105263159,0.2861842105263159,0.0,0.0,0.0,-0.0,-20.412276483169563,0.0,0.0,-0.0
2020-02-05 13:00:00,95.79911882354493,105.21344305555556,0.18,0.2861842105263159,0.2861842105263159,0.0,0.0,0.0,-0.0,-9.414324232010628,0.0,0.0,-0.0
2020-02-05 14:00:00,93.59817543408589,88.00108333333333,0.18,0.2861842105263159,0.2861842105263159,0.0,0.0,0.0,-0.0,5.597092100752562,1.007476578135461,0.0,-1.007476578135461
2020-02-05 15:00:00,90.7095337770155,51.555309487179485,0.18,0.2861842105263159,0.2861842105263159,0.0,0.0,0.0,-0.0,39.15422428983601,7.047760372170481,0.0,-7.047760372170481
2020-02-05 16:00:00,84.83694431126409,11.988412152777778,0.32,0.2861842105263159,0.7611842105263158,250.0,250.0,250.0,0.0,322.8485321584863,103.31153029071562,0.0,-103.31153029071562
2020-02-05 17:00:00,84.00429580034621,2.6668727272727275,0.32,0.7611842105263158,0.4980263157894737,-125.0,-125.0,0.0,125.0,-43.66257692692652,0.0,0.0,-0.0
2020-02-05 18:00:00,82.49339085388509,0.0,0.32,0.4980263157894737,0.4980263157894737,0.0,0.0,0.0,-0.0,82.49339085388509,26.39788507324323,0.0,-26.39788507324323
2020-02-05 19:00:00,85.70152926331718,0.0,0.32,0.4980263157894737,0.7355263157894737,125.0,125.0,125.0,0.0,210.70152926331718,67.4244893642615,0.0,-67.4244893642615
2020-02-05 20:00:00,87.95600796756419,0.0,0.32,0.7355263157894737,0.4723684210526316,-125.0,-125.0,0.0,125.0,-37.04399203243581,0.0,0.0,-0.0
2020-02-05 21:00:00,80.71924307228824,0.0,0.32,0.4723684210526316,0.2092105263157895,-125.0,-125.0,0.0,125.0,-44.280756927711764,0.0,0.0,-0.0
2020-02-05 22:00:00,79.59389774438176,0.0,0.1,0.2092105263157895,0.2092105263157895,0.0,0.0,0.0,-0.0,79.59389774438176,7.9593897744381765,0.0,-7.9593897744381765
2020-02-05 23:00:00,80.36063951295124,0.0,0.1,0.2092105263157895,0.2092105263157895,0.0,0.0,0.0,-0.0,80.36063951295124,8.036063951295125,0.0,-8.036063951295125
2020-02-06 00:00:00,80.0425146131357,0.0,0.1,0.2092105263157895,0.2092105263157895,0.0,0.0,0.0,-0.0,80.0425146131357,8.00425146131357,0.0,-8.00425146131357
2020-02-06 01:00:00,80.45883257763448,0.0,0.1,0.2092105263157895,0.2092105263157895,0.0,0.0,0.0,-0.0,80.45883257763448,8.045883257763448,0.0,-8.045883257763448
2020-02-06 02:00:00,77.51399716792429,0.0,0.1,0.2092105263157895,0.1,-250.0,-51.875000000000014,0.0,51.875000000000014,25.638997167924273,2.5638997167924273,0.0,-2.5638997167924273
2020-02-06 03:00:00,81.84574230685591,0.0,0.1,0.1,0.3375,125.0,125.0,125.0,0.0,206.84574230685593,20.684574230685595,0.0,-20.684574230685595
2020-02-06 04:00:00,81.15438927953166,0.0,0.1,0.3375,0.8125,250.0,250.0,250.0,0.0,331.15438927953164,33.115438927953164,0.0,-33.115438927953164
2020-02-06 05:00:00,84.89765351469315,0.0,0.1,0.8125,0.549342105263158,-125.0,-125.0,0.0,125.0,-40.10234648530685,0.0,0.0,-0.0
2020-02-06 06:00:00,81.68010261212325,0.0,0.1,0.549342105263158,0.2861842105263159,-125.0,-125.0,0.0,125.0,-43.31989738787675,0.0,0.0,-0.0
2020-02-06 07:00:00,88.80980804354287,11.665475833333334,0.18,0.2861842105263159,0.2861842105263159,0.0,0.0,0.0,-0.0,77.14433221020954,13.885979797837717,0.0,-13.885979797837717
2020-02-06 08:00:00,93.32026866791675,53.15322333333333,0.18,0.2861842105263159,0.2861842105263159,0.0,0.0,0.0,-0.0,40.16704533458342,7.230068160225016,0.0,-7.230068160225016
2020-02-06 09:00:00,102.59623192859281,86.18410128205129,0.18,0.2861842105263159,0.2861842105263159,0.0,0.0,0.0,-0.0,16.412130646541527,2.954183516377475,0.0,-2.954183516377475
2020-02-06 10:00:00,106.95588999154155,109.32643055555555,0.18,0.2861842105263159,0.2861842105263159,0.0,0.0,0.0,-0.0,-2.370540564013993,0.0,0.0,-0.0
2020-02-06 11:00:00,108.35368157851539,116.13131,0.18,0.2861842105263159,0.2861842105263159,0.0,0.0,0.0,-0.0,-7.777628421484607,0.0,0.0,-0.0
2020-02-06 12:00:00,103.60217397202717,118.37874615384615,0.18,0.2861842105263159,0.2861842105263159,0.0,0.0,0.0,-0.0,-14.776572181818977,0.0,0.0,-0.0
2020-02-06 13:00:00,100.09210083499401,108.7607625,0.18,0.2861842105263159,0.2861842105263159,0.0,0.0,0.0,-0.0,-8.668661665005985,0.0,0.0,-0.0
2020-02-06 14:00:00,94.7310568889956,90.44712121212122,0.18,0.2861842105263159,0.2861842105263159,0.0,0.0,0.0,-0.0,4.283935676874378,0.771108421837388,0.0,-0.771108421837388
2020-02-06 15:00:00,93.23048335776856,58.48512051282051,0.18,0.2861842105263159,0.2861842105263159,0.0,0.0,0.0,-0.0,34.745362844948055,6.25416531209065,0.0,-6.25416531209065
2020-02-06 16:00:00,87.62114322759804,20.519088194444443,0.32,0.2861842105263159,0.7611842105263158,250.0,250.0,250.0,0.0,317.1020550331536,101.47265761060915,0.0,-101.47265761060915
2020-02-06 17:00:00,85.10024543990323,1.58244696969697,0.32,0.7611842105263158,0.4980263157894737,-125.0,-125.0,0.0,125.0,-41.48220152979374,0.0,0.0,-0.0
2020-02-06 18:00:00,85.65976468973078,0.0,0.32,0.4980263157894737,0.4980263157894737,0.0,0.0,0.0,-0.0,85.65976468973078,27.41112470071385,0.0,-27.41112470071385
2020-02-06 19:00:00,87.03128032782713,0.0,0.32,0.4980263157894737,0.7355263157894737,125.0,125.0,125.0,0.0,212.03128032782712,67.85000970490468,0.0,-67.85000970490468
2020-02-06 20:00:00,87.55428149495597,0.0,0.32,0.7355263157894737,0.4723684210526316,-125.0,-125.0,0.0,125.0,-37.44571850504403,0.0,0.0,-0.0
2020-02-06 21:00:00,83.16460391841282,0.0,0.32,0.4723684210526316,0.2092105263157895,-125.0,-125.0,0.0,125.0,-41.83539608158718,0.0,0.0,-0.0
2020-02-06 22:00:00,81.52359435448344,0.0,0.1,0.2092105263157895,0.2092105263157895,0.0,0.0,0.0,-0.0,81.52359435448344,8.152359435448345,0.0,-8.152359435448345
2020-02-06 23:00:00,80.38042721580615,0.0,0.1,0.2092105263157895,0.2092105263157895,0.0,0.0,0.0,-0.0,80.38042721580615,8.038042721580615,0.0,-8.038042721580615
2020-02-07 00:00:00,80.28582505367389,0.0,0.1,0.2092105263157895,0.2092105263157895,0.0,0.0,0.0,-0.0,80.28582505367389,8.028582505367389,0.0,-8.028582505367389
2020-02-07 01:00:00,83.12632353176782,0.0,0.1,0.2092105263157895,0.2092105263157895,0.0,0.0,0.0,-0.0,83.12632353176782,8.312632353176783,0.0,-8.312632353176783
2020-02-07 02:00:00,81.96035427079208,0.0,0.1,0.2092105263157895,0.1,-250.0,-51.875000000000014,0.0,51.875000000000014,30.085354270792067,3.008535427079207,0.0,-3.008535427079207
2020-02-07 03:00:00,81.86694475777202,0.0,0.1,0.1,0.3375,125.0,125.0,125.0,0.0,206.86694475777202,20.6866944757772,0.0,-20.6866944757772
2020-02-07 04:00:00,81.48160955176799,0.0,0.1,0.3375,0.8125,250.0,250.0,250.0,0.0,331.481609551768,33.1481609551768,0.0,-33.1481609551768
2020-02-07 05:00:00,87.09817819009471,0.0,0.1,0.8125,0.549342105263158,-125.0,-125.0,0.0,125.0,-37.901821809905286,0.0,0.0,-0.0
2020-02-07 06:00:00,85.25659821976384,0.0,0.1,0.549342105263158,0.2861842105263159,-125.0,-125.0,0.0,125.0,-39.743401780236155,0.0,0.0,-0.0
2020-02-07 07:00:00,87.55421600624958,11.670980833333333,0.18,0.2861842105263159,0.2861842105263159,0.0,0.0,0.0,-0.0,75.88323517291624,13.658982331124923,0.0,-13.658982331124923
2020-02-07 08:00:00,92.23158455198366,52.182865151515145,0.18,0.2861842105263159,0.2861842105263159,0.0,0.0,0.0,-0.0,40.048719400468514,7.208769492084333,0.0,-7.208769492084333
2020-02-07 09:00:00,98.0893851602705,86.25022820512821,0.18,0.2861842105263159,0.2861842105263159,0.0,0.0,0.0,-0.0,11.839156955142286,2.1310482519256113,0.0,-2.1310482519256113
2020-02-07 10:00:00,105.53671358455877,108.31338472222222,0.18,0.2861842105263159,0.2861842105263159,0.0,0.0,0.0,-0.0,-2.776671137663456,0.0,0.0,-0.0
2020-02-07 11:00:00,114.86918093686614,118.07262727272727,0.18,0.2861842105263159,0.2861842105263159,0.0,0.0,0.0,-0.0,-3.2034463358611305,0.0,0.0,-0.0
2020-02-07 12:00:00,107.11664622557575,117.88994230769231,0.18,0.2861842105263159,0.2861842105263159,0.0,0.0,0.0,-0.0,-10.773296082116559,0.0,0.0,-0.0
2020-02-07 13:00:00,110.02250450106392,106.976225,0.18,0.2861842105263159,0.2861842105263159,0.0,0.0,0.0,-0.0,3.046279501063921,0.5483303101915058,0.0,-0.5483303101915058
2020-02-07 14:00:00,113.6527287118761,88.61900606060607,0.18,0.2861842105263159,0.2861842105263159,0.0,0.0,0.0,-0.0,25.033722651270025,4.506070077228604,0.0,-4.506070077228604
2020-02-07 15:00:00,100.54462093062335,57.6034482051282,0.18,0.2861842105263159,0.2861842105263159,0.0,0.0,0.0,-0.0,42.94117272549515,7.729411090589127,0.0,-7.729411090589127
2020-02-07 16:00:00,88.60467684110347,20.290419444444442,0.32,0.2861842105263159,0.7611842105263158,250.0,250.0,250.0,0.0,318.31425739665906,101.8605623669309,0.0,-101.8605623669309
2020-02-07 17:00:00,86.65871349531618,2.461850552251487,0.32,0.7611842105263158,0.4980263157894737,-125.0,-125.0,0.0,125.0,-40.80313705693531,0.0,0.0,-0.0
2020-02-07 18:00:00,84.52320697559773,0.0,0.32,0.4980263157894737,0.4980263157894737,0.0,0.0,0.0,-0.0,84.52320697559773,27.047426232191274,0.0,-27.047426232191274
2020-02-07 19:00:00,87.1967147165755,0.0,0.32,0.4980263157894737,0.7355263157894737,125.0,125.0,125.0,0.0,212.1967147165755,67.90294870930417,0.0,-67.90294870930417
2020-02-07 20:00:00,84.96821771388953,0.0,0.32,0.7355263157894737,0.4723684210526316,-125.0,-125.0,0.0,125.0,-40.03178228611047,0.0,0.0,-0.0
2020-02-07 21:00:00,80.71904523000408,0.0,0.32,0.4723684210526316,0.2092105263157895,-125.0,-125.0,0.0,125.0,-44.280954769995915,0.0,0.0,-0.0
2020-02-07 22:00:00,79.6552959450022,0.0,0.1,0.2092105263157895,0.2092105263157895,0.0,0.0,0.0,-0.0,79.6552959450022,7.96552959450022,0.0,-7.96552959450022
2020-02-07 23:00:00,82.12010011913407,0.0,0.1,0.2092105263157895,0.2092105263157895,0.0,0.0,0.0,-0.0,82.12010011913407,8.212010011913407,0.0,-8.212010011913407
2020-02-08 00:00:00,79.47785400290815,0.0,0.12,0.2092105263157895,0.1,-125.0,-51.875000000000014,0.0,51.875000000000014,27.60285400290813,3.312342480348976,0.0,-3.312342480348976
2020-02-08 01:00:00,78.2927433670842,0.0,0.12,0.1,0.1,-250.0,-0.0,-0.0,0.0,78.2927433670842,9.395129204050104,0.0,-9.395129204050104
2020-02-08 02:00:00,79.43425004914393,0.0,0.12,0.1,0.1,0.0,0.0,0.0,-0.0,79.43425004914393,9.532110005897271,0.0,-9.532110005897271
2020-02-08 03:00:00,79.90561479255877,0.0,0.12,0.1,0.1,0.0,0.0,0.0,-0.0,79.90561479255877,9.588673775107052,0.0,-9.588673775107052
2020-02-08 04:00:00,80.9666351388427,0.0,0.12,0.1,0.1,-125.0,-0.0,-0.0,0.0,80.9666351388427,9.715996216661123,0.0,-9.715996216661123
2020-02-08 05:00:00,78.54387823906163,0.0,0.12,0.1,0.3375,125.0,125.0,125.0,0.0,203.54387823906163,24.425265388687393,0.0,-24.425265388687393
2020-02-08 06:00:00,78.93289951628071,0.0,0.12,0.3375,0.1,-250.0,-112.81250000000001,0.0,112.81250000000001,-33.8796004837193,0.0,0.0,-0.0
2020-02-08 07:00:00,81.64919687777922,10.186866458333334,0.12,0.1,0.1,-125.0,-0.0,-0.0,0.0,71.46233041944589,8.575479650333506,0.0,-8.575479650333506
2020-02-08 08:00:00,85.35963656669924,50.10493363636363,0.12,0.1,0.1,0.0,0.0,0.0,-0.0,35.254702930335604,4.230564351640273,0.0,-4.230564351640273
2020-02-08 09:00:00,86.39006026907788,68.34075230769231,0.12,0.1,0.1,0.0,0.0,0.0,-0.0,18.049307961385566,2.1659169553662676,0.0,-2.1659169553662676
2020-02-08 10:00:00,91.45448690946561,104.67977777777777,0.12,0.1,0.1,-250.0,-0.0,-0.0,0.0,-13.225290868312157,0.0,0.0,-0.0
2020-02-08 11:00:00,94.14318680510397,119.7716181818182,0.12,0.1,0.1,0.0,0.0,0.0,-0.0,-25.628431376714232,0.0,0.0,-0.0
2020-02-08 12:00:00,95.10098845652234,119.54951538461539,0.12,0.1,0.1,-250.0,-0.0,-0.0,0.0,-24.448526928093045,0.0,0.0,-0.0
2020-02-08 13:00:00,92.36450072633244,110.63810000000001,0.12,0.1,0.1,0.0,0.0,0.0,-0.0,-18.27359927366757,0.0,0.0,-0.0
2020-02-08 14:00:00,91.18189233852576,90.0052106060606,0.12,0.1,0.1,0.0,0.0,0.0,-0.0,1.1766817324651555,0.14120180789581865,0.0,-0.14120180789581865
2020-02-08 15:00:00,88.73088526813366,58.16789743589744,0.12,0.1,0.1,-250.0,-0.0,-0.0,0.0,30.562987832236225,3.667558539868347,0.0,-3.667558539868347
2020-02-08 16:00:00,83.120081130646,22.580708333333334,0.12,0.1,0.1,-250.0,-0.0,-0.0,0.0,60.539372797312666,7.26472473567752,0.0,-7.26472473567752
2020-02-08 17:00:00,79.58786860659812,2.028290909090909,0.12,0.1,0.1,0.0,0.0,0.0,-0.0,77.55957769750721,9.307149323700864,0.0,-9.307149323700864
2020-02-08 18:00:00,79.3133145584827,0.0,0.12,0.1,0.575,250.0,250.0,250.0,0.0,329.3133145584827,39.51759774701792,0.0,-39.51759774701792
2020-02-08 19:00:00,82.27869032602165,0.0,0.12,0.575,0.8125,125.0,125.0,125.0,0.0,207.27869032602166,24.8734428391226,0.0,-24.8734428391226
2020-02-08 20:00:00,81.58141240500271,0.0,0.12,0.8125,0.549342105263158,-125.0,-125.0,0.0,125.0,-43.41858759499729,0.0,0.0,-0.0
2020-02-08 21:00:00,83.06139265862947,0.0,0.12,0.549342105263158,0.2861842105263159,-125.0,-125.0,0.0,125.0,-41.93860734137053,0.0,0.0,-0.0
2020-02-08 22:00:00,81.59298274662012,0.0,0.12,0.2861842105263159,0.2861842105263159,0.0,0.0,0.0,-0.0,81.59298274662012,9.791157929594414,0.0,-9.791157929594414
2020-02-08 23:00:00,78.90907186301374,0.0,0.12,0.2861842105263159,0.5236842105263159,125.0,125.0,125.0,0.0,203.90907186301374,24.469088623561646,0.0,-24.469088623561646
2020-02-09 00:00:00,80.99294824796502,0.0,0.12,0.5236842105263159,0.5236842105263159,0.0,0.0,0.0,-0.0,80.99294824796502,9.719153789755802,0.0,-9.719153789755802
2020-02-09 01:00:00,79.74903669729096,0.0,0.12,0.5236842105263159,0.2605263157894738,-125.0,-125.0,0.0,125.0,-45.25096330270904,0.0,0.0,-0.0
2020-02-09 02:00:00,81.41623794960437,0.0,0.12,0.2605263157894738,0.7355263157894738,250.0,250.0,250.0,0.0,331.41623794960435,39.769948553952524,0.0,-39.769948553952524
2020-02-09 03:00:00,79.73486721154414,0.0,0.12,0.7355263157894738,0.9,250.0,86.56509695290853,86.56509695290853,0.0,166.29996416445266,19.95599569973432,0.0,-19.95599569973432
2020-02-09 04:00:00,79.75140021700683,0.0,0.12,0.9,0.6368421052631579,-125.0,-125.0,0.0,125.0,-45.24859978299317,0.0,0.0,-0.0
2020-02-09 05:00:00,82.71698103824463,0.0,0.12,0.6368421052631579,0.3736842105263158,-125.0,-125.0,0.0,125.0,-42.283018961755374,0.0,0.0,-0.0
2020-02-09 06:00:00,80.05113814719472,0.0,0.12,0.3736842105263158,0.10000000000000003,-250.0,-129.99999999999997,0.0,129.99999999999997,-49.94886185280525,0.0,0.0,-0.0
2020-02-09 07:00:00,77.99167141136375,14.756409444444445,0.12,0.10000000000000003,0.1,-125.0,-1.3183898417423734e-14,0.0,1.3183898417423734e-14,63.235261966919296,7.588231436030315,0.0,-7.588231436030315
2020-02-09 08:00:00,84.4319271296422,58.56611818181818,0.12,0.1,0.1,0.0,0.0,0.0,-0.0,25.86580894782402,3.1038970737388825,0.0,-3.1038970737388825
2020-02-09 09:00:00,87.3110148178247,95.76679102564103,0.12,0.1,0.1,0.0,0.0,0.0,-0.0,-8.455776207816328,0.0,0.0,-0.0
2020-02-09 10:00:00,91.94915988551334,120.20988055555556,0.12,0.1,0.1,-250.0,-0.0,-0.0,0.0,-28.260720670042218,0.0,0.0,-0.0
2020-02-09 11:00:00,92.51194551097386,130.7386227272727,0.12,0.1,0.1,0.0,0.0,0.0,-0.0,-38.22667721629885,0.0,0.0,-0.0
2020-02-09 12:00:00,89.81962105855247,129.52532564102563,0.12,0.1,0.1,-250.0,-0.0,-0.0,0.0,-39.70570458247316,0.0,0.0,-0.0
2020-02-09 13:00:00,92.08732912014885,119.15900833333335,0.12,0.1,0.1,0.0,0.0,0.0,-0.0,-27.071679213184495,0.0,0.0,-0.0
2020-02-09 14:00:00,87.68549276937456,97.46742727272728,0.12,0.1,0.1,0.0,0.0,0.0,-0.0,-9.781934503352716,0.0,0.0,-0.0
2020-02-09 15:00:00,86.05193409330242,63.81354743589744,0.12,0.1,0.1,-250.0,-0.0,-0.0,0.0,22.23838665740498,2.6686063988885977,0.0,-2.6686063988885977
2020-02-09 16:00:00,79.77676907838644,23.333481388888888,0.12,0.1,0.1,-250.0,-0.0,-0.0,0.0,56.44328768949755,6.773194522739706,0.0,-6.773194522739706
2020-02-09 17:00:00,80.27457179296886,1.9829636363636363,0.12,0.1,0.1,0.0,0.0,0.0,-0.0,78.29160815660522,9.394992978792626,0.0,-9.394992978792626
2020-02-09 18:00:00,81.98771752319668,0.0,0.12,0.1,0.575,250.0,250.0,250.0,0.0,331.9877175231967,39.838526102783604,0.0,-39.838526102783604
2020-02-09 19:00:00,81.64772317887541,0.0,0.12,0.575,0.8125,125.0,125.0,125.0,0.0,206.64772317887542,24.79772678146505,0.0,-24.79772678146505
2020-02-09 20:00:00,81.11418824885351,0.0,0.12,0.8125,0.549342105263158,-125.0,-125.0,0.0,125.0,-43.88581175114649,0.0,0.0,-0.0
2020-02-09 21:00:00,82.80412076103136,0.0,0.12,0.549342105263158,0.2861842105263159,-125.0,-125.0,0.0,125.0,-42.195879238968644,0.0,0.0,-0.0
2020-02-09 22:00:00,81.24880871679359,0.0,0.12,0.2861842105263159,0.2861842105263159,0.0,0.0,0.0,-0.0,81.24880871679359,9.749857046015231,0.0,-9.749857046015231
2020-02-09 23:00:00,82.02890830184619,0.0,0.12,0.2861842105263159,0.5236842105263159,125.0,125.0,125.0,0.0,207.02890830184617,24.84346899622154,0.0,-24.84346899622154
2020-02-10 00:00:00,78.89622856642005,0.0,0.1,0.5236842105263159,0.5236842105263159,0.0,0.0,0.0,-0.0,78.89622856642005,7.8896228566420055,0.0,-7.8896228566420055
2020-02-10 01:00:00,78.85982719130375,0.0,0.1,0.5236842105263159,0.2605263157894738,-125.0,-125.0,0.0,125.0,-46.14017280869625,0.0,0.0,-0.0
2020-02-10 02:00:00,81.00696923336663,0.0,0.1,0.2605263157894738,0.10000000000000003,-250.0,-76.25000000000003,0.0,76.25000000000003,4.756969233366604,0.4756969233366604,0.0,-0.4756969233366604
2020-02-10 03:00:00,79.97760423488474,0.0,0.1,0.10000000000000003,0.3375,125.0,125.0,125.0,0.0,204.97760423488472,20.497760423488472,0.0,-20.497760423488472
2020-02-10 04:00:00,80.10358793401548,0.0,0.1,0.3375,0.8125,250.0,250.0,250.0,0.0,330.1035879340155,33.01035879340155,0.0,-33.01035879340155
2020-02-10 05:00:00,77.93474240898757,0.0,0.1,0.8125,0.549342105263158,-125.0,-125.0,0.0,125.0,-47.065257591012426,0.0,0.0,-0.0
2020-02-10 06:00:00,81.10400655606794,0.0,0.1,0.549342105263158,0.2861842105263159,-125.0,-125.0,0.0,125.0,-43.895993443932056,0.0,0.0,-0.0
2020-02-10 07:00:00,92.79226441217945,15.656031944444445,0.18,0.2861842105263159,0.2861842105263159,0.0,0.0,0.0,-0.0,77.136232467735,13.8845218441923,0.0,-13.8845218441923
2020-02-10 08:00:00,89.1890429704466,58.752015151515145,0.18,0.2861842105263159,0.2861842105263159,0.0,0.0,0.0,-0.0,30.437027818931448,5.478665007407661,0.0,-5.478665007407661
2020-02-10 09:00:00,86.38900878060159,93.35894615384616,0.18,0.2861842105263159,0.2861842105263159,0.0,0.0,0.0,-0.0,-6.969937373244576,0.0,0.0,-0.0
2020-02-10 10:00:00,89.766349314735,118.5460125,0.18,0.2861842105263159,0.2861842105263159,0.0,0.0,0.0,-0.0,-28.779663185265008,0.0,0.0,-0.0
2020-02-10 11:00:00,102.45736808304228,127.94685303030305,0.18,0.2861842105263159,0.2861842105263159,0.0,0.0,0.0,-0.0,-25.489484947260763,0.0,0.0,-0.0
2020-02-10 12:00:00,99.96532812904555,127.49325384615385,0.18,0.2861842105263159,0.2861842105263159,0.0,0.0,0.0,-0.0,-27.527925717108303,0.0,0.0,-0.0
2020-02-10 13:00:00,103.99653027116807,115.64612916666665,0.18,0.2861842105263159,0.2861842105263159,0.0,0.0,0.0,-0.0,-11.649598895498585,0.0,0.0,-0.0
2020-02-10 14:00:00,104.68250338675612,95.36354545454546,0.18,0.2861842105263159,0.2861842105263159,0.0,0.0,0.0,-0.0,9.318957932210665,1.6774124277979197,0.0,-1.6774124277979197
2020-02-10 15:00:00,105.3612136234241,63.3426858974359,0.18,0.2861842105263159,0.2861842105263159,0.0,0.0,0.0,-0.0,42.01852772598821,7.563334990677877,0.0,-7.563334990677877
2020-02-10 16:00:00,90.67642403905948,22.999560972222223,0.32,0.2861842105263159,0.7611842105263158,250.0,250.0,250.0,0.0,317.67686306683726,101.65659618138793,0.0,-101.65659618138793
2020-02-10 17:00:00,89.35336486958953,2.397009090909091,0.32,0.7611842105263158,0.4980263157894737,-125.0,-125.0,0.0,125.0,-38.04364422131957,0.0,0.0,-0.0
2020-02-10 18:00:00,85.49887224210084,0.0,0.32,0.4980263157894737,0.4980263157894737,0.0,0.0,0.0,-0.0,85.49887224210084,27.35963911747227,0.0,-27.35963911747227
2020-02-10 19:00:00,89.6171783770215,0.0,0.32,0.4980263157894737,0.7355263157894737,125.0,125.0,125.0,0.0,214.6171783770215,68.67749708064689,0.0,-68.67749708064689
2020-02-10 20:00:00,86.76589325521014,0.0,0.32,0.7355263157894737,0.4723684210526316,-125.0,-125.0,0.0,125.0,-38.234106744789855,0.0,0.0,-0.0
2020-02-10 21:00:00,82.5915917849017,0.0,0.32,0.4723684210526316,0.2092105263157895,-125.0,-125.0,0.0,125.0,-42.408408215098305,0.0,0.0,-0.0
2020-02-10 22:00:00,79.11047817886187,0.0,0.1,0.2092105263157895,0.2092105263157895,0.0,0.0,0.0,-0.0,79.11047817886187,7.911047817886187,0.0,-7.911047817886187
2020-02-10 23:00:00,80.10403986913174,0.0,0.1,0.2092105263157895,0.2092105263157895,0.0,0.0,0.0,-0.0,80.10403986913174,8.010403986913174,0.0,-8.010403986913174
2020-02-11 00:00:00,79.2351903778594,0.0,0.1,0.2092105263157895,0.2092105263157895,0.0,0.0,0.0,-0.0,79.2351903778594,7.92351903778594,0.0,-7.92351903778594
2020-02-11 01:00:00,79.07549869763616,0.0,0.1,0.2092105263157895,0.2092105263157895,0.0,0.0,0.0,-0.0,79.07549869763616,7.907549869763617,0.0,-7.907549869763617
2020-02-11 02:00:00,81.98263998543808,0.0,0.1,0.2092105263157895,0.2092105263157895,0.0,0.0,0.0,-0.0,81.98263998543808,8.198263998543808,0.0,-8.198263998543808
2020-02-11 03:00:00,80.24976654690732,0.0,0.1,0.2092105263157895,0.4467105263157895,125.0,125.0,125.0,0.0,205.24976654690732,20.524976654690732,0.0,-20.524976654690732
2020-02-11 04:00:00,81.08601732875499,0.0,0.1,0.4467105263157895,0.9,250.0,238.57340720221606,238.57340720221606,0.0,319.659424530971,31.965942453097103,0.0,-31.965942453097103
2020-02-11 05:00:00,86.56695478564541,0.0,0.1,0.9,0.6368421052631579,-125.0,-125.0,0.0,125.0,-38.43304521435459,0.0,0.0,-0.0
2020-02-11 06:00:00,81.92868593566321,0.0,0.1,0.6368421052631579,0.6368421052631579,0.0,0.0,0.0,-0.0,81.92868593566321,8.192868593566322,0.0,-8.192868593566322
2020-02-11 07:00:00,86.1480240488997,15.394081388888885,0.18,0.6368421052631579,0.6368421052631579,0.0,0.0,0.0,-0.0,70.75394266001081,12.735709678801944,0.0,-12.735709678801944
2020-02-11 08:00:00,89.24752577088175,58.39161818181819,0.18,0.6368421052631579,0.6368421052631579,0.0,0.0,0.0,-0.0,30.855907589063563,5.554063366031441,0.0,-5.554063366031441
2020-02-11 09:00:00,96.12682060769757,93.17896923076923,0.18,0.6368421052631579,0.6368421052631579,0.0,0.0,0.0,-0.0,2.947851376928341,0.5306132478471014,0.0,-0.5306132478471014
2020-02-11 10:00:00,104.29575344925478,117.31136562500001,0.18,0.6368421052631579,0.6368421052631579,0.0,0.0,0.0,-0.0,-13.015612175745233,0.0,0.0,-0.0
2020-02-11 11:00:00,108.68665697325913,125.9900303030303,0.18,0.6368421052631579,0.6368421052631579,0.0,0.0,0.0,-0.0,-17.303373329771162,0.0,0.0,-0.0
2020-02-11 12:00:00,104.94508897200974,125.66694230769232,0.18,0.6368421052631579,0.6368421052631579,0.0,0.0,0.0,-0.0,-20.72185333568258,0.0,0.0,-0.0
2020-02-11 13:00:00,106.34730526589324,115.07066250000001,0.18,0.6368421052631579,0.6368421052631579,0.0,0.0,0.0,-0.0,-8.723357234106771,0.0,0.0,-0.0
2020-02-11 14:00:00,101.78000332879539,94.46880303030302,0.18,0.6368421052631579,0.6368421052631579,0.0,0.0,0.0,-0.0,7.311200298492366,1.3160160537286258,0.0,-1.3160160537286258
2020-02-11 15:00:00,97.5133804846656,62.47191410256411,0.18,0.6368421052631579,0.8743421052631579,125.0,125.0,125.0,0.0,160.0414663821015,28.80746394877827,0.0,-28.80746394877827
2020-02-11 16:00:00,92.84286369556492,23.31911375,0.32,0.8743421052631579,0.9,250.0,13.504155124653739,13.504155124653739,0.0,83.02790507021865,26.56892962246997,0.0,-26.56892962246997
2020-02-11 17:00:00,89.2666479811864,2.1286579545454547,0.32,0.9,0.6368421052631579,-125.0,-125.0,0.0,125.0,-37.862009973359065,0.0,0.0,-0.0
2020-02-11 18:00:00,87.73717591757271,0.0,0.32,0.6368421052631579,0.6368421052631579,0.0,0.0,0.0,-0.0,87.73717591757271,28.07589629362327,0.0,-28.07589629362327
2020-02-11 19:00:00,88.9296544724292,0.0,0.32,0.6368421052631579,0.3736842105263158,-125.0,-125.0,0.0,125.0,-36.070345527570794,0.0,0.0,-0.0
2020-02-11 20:00:00,87.4856922228138,0.0,0.32,0.3736842105263158,0.1105263157894737,-125.0,-125.0,0.0,125.0,-37.514307777186204,0.0,0.0,-0.0
2020-02-11 21:00:00,84.12563821541579,0.0,0.32,0.1105263157894737,0.1105263157894737,0.0,0.0,0.0,-0.0,84.12563821541579,26.920204228933052,0.0,-26.920204228933052
2020-02-11 22:00:00,80.88464520595677,0.0,0.1,0.1105263157894737,0.3480263157894737,125.0,125.0,125.0,0.0,205.88464520595676,20.58846452059568,0.0,-20.58846452059568
2020-02-11 23:00:00,81.58052685813077,0.0,0.1,0.3480263157894737,0.3480263157894737,0.0,0.0,0.0,-0.0,81.58052685813077,8.158052685813077,0.0,-8.158052685813077
2020-02-12 00:00:00,79.64901879542957,0.0,0.1,0.3480263157894737,0.3480263157894737,0.0,0.0,0.0,-0.0,79.64901879542957,7.964901879542957,0.0,-7.964901879542957
2020-02-12 01:00:00,78.11237730914293,0.0,0.1,0.3480263157894737,0.10000000000000003,-250.0,-117.81249999999999,0.0,117.81249999999999,-39.70012269085706,0.0,0.0,-0.0
2020-02-12 02:00:00,79.5103209921288,0.0,0.1,0.10000000000000003,0.10000000000000003,0.0,0.0,0.0,-0.0,79.5103209921288,7.95103209921288,0.0,-7.95103209921288
2020-02-12 03:00:00,79.78664379971555,0.0,0.1,0.10000000000000003,0.3375,125.0,125.0,125.0,0.0,204.78664379971553,20.478664379971555,0.0,-20.478664379971555
2020-02-12 04:00:00,81.94399463218532,0.0,0.1,0.3375,0.8125,250.0,250.0,250.0,0.0,331.9439946321853,33.19439946321853,0.0,-33.19439946321853
2020-02-12 05:00:00,77.30201316620476,0.0,0.1,0.8125,0.549342105263158,-125.0,-125.0,0.0,125.0,-47.69798683379524,0.0,0.0,-0.0
2020-02-12 06:00:00,83.57584351022093,0.0,0.1,0.549342105263158,0.2861842105263159,-125.0,-125.0,0.0,125.0,-41.424156489779065,0.0,0.0,-0.0
2020-02-12 07:00:00,88.83398309975972,14.868555694444444,0.18,0.2861842105263159,0.2861842105263159,0.0,0.0,0.0,-0.0,73.96542740531528,13.31377693295675,0.0,-13.31377693295675
2020-02-12 08:00:00,87.22246200683043,54.9953296969697,0.18,0.2861842105263159,0.2861842105263159,0.0,0.0,0.0,-0.0,32.22713230986073,5.800883815774931,0.0,-5.800883815774931
2020-02-12 09:00:00,92.80912045631263,88.3184717948718,0.18,0.2861842105263159,0.2861842105263159,0.0,0.0,0.0,-0.0,4.490648661440829,0.8083167590593493,0.0,-0.8083167590593493
2020-02-12 10:00:00,116.77879580417392,110.55216666666666,0.18,0.2861842105263159,0.2861842105263159,0.0,0.0,0.0,-0.0,6.22662913750726,1.1207932447513067,0.0,-1.1207932447513067
2020-02-12 11:00:00,99.86853540211608,122.52656751628433,0.18,0.2861842105263159,0.2861842105263159,0.0,0.0,0.0,-0.0,-22.65803211416825,0.0,0.0,-0.0
2020-02-12 12:00:00,102.25739902573409,122.23150333093697,0.18,0.2861842105263159,0.2861842105263159,0.0,0.0,0.0,-0.0,-19.974104305202886,0.0,0.0,-0.0
2020-02-12 13:00:00,98.09472661035369,107.74151527777776,0.18,0.2861842105263159,0.2861842105263159,0.0,0.0,0.0,-0.0,-9.646788667424076,0.0,0.0,-0.0
2020-02-12 14:00:00,101.76570726923924,89.55409696969699,0.18,0.2861842105263159,0.2861842105263159,0.0,0.0,0.0,-0.0,12.211610299542258,2.1980898539176064,0.0,-2.1980898539176064
2020-02-12 15:00:00,90.86169166985778,58.446779487179484,0.18,0.2861842105263159,0.2861842105263159,0.0,0.0,0.0,-0.0,32.41491218267829,5.834684192882093,0.0,-5.834684192882093
2020-02-12 16:00:00,87.6599151515868,25.523686805555556,0.32,0.2861842105263159,0.7611842105263158,250.0,250.0,250.0,0.0,312.13622834603126,99.88359307073,0.0,-99.88359307073
2020-02-12 17:00:00,87.43877015515544,3.1860706060606065,0.32,0.7611842105263158,0.4980263157894737,-125.0,-125.0,0.0,125.0,-40.74730045090517,0.0,0.0,-0.0
2020-02-12 18:00:00,83.95283646726092,0.0,0.32,0.4980263157894737,0.4980263157894737,0.0,0.0,0.0,-0.0,83.95283646726092,26.864907669523497,0.0,-26.864907669523497
2020-02-12 19:00:00,86.34449136467998,0.0,0.32,0.4980263157894737,0.7355263157894737,125.0,125.0,125.0,0.0,211.34449136467998,67.6302372366976,0.0,-67.6302372366976
2020-02-12 20:00:00,87.2128343778549,0.0,0.32,0.7355263157894737,0.4723684210526316,-125.0,-125.0,0.0,125.0,-37.787165622145096,0.0,0.0,-0.0
2020-02-12 21:00:00,81.0992700595996,0.0,0.32,0.4723684210526316,0.2092105263157895,-125.0,-125.0,0.0,125.0,-43.900729940400396,0.0,0.0,-0.0
2020-02-12 22:00:00,80.98056264309052,0.0,0.1,0.2092105263157895,0.2092105263157895,0.0,0.0,0.0,-0.0,80.98056264309052,8.098056264309053,0.0,-8.098056264309053
2020-02-12 23:00:00,79.4896731127393,0.0,0.1,0.2092105263157895,0.2092105263157895,0.0,0.0,0.0,-0.0,79.4896731127393,7.94896731127393,0.0,-7.94896731127393
2020-02-13 00:00:00,78.9590705655435,0.0,0.1,0.2092105263157895,0.2092105263157895,0.0,0.0,0.0,-0.0,78.9590705655435,7.89590705655435,0.0,-7.89590705655435
2020-02-13 01:00:00,79.60793788004096,0.0,0.1,0.2092105263157895,0.2092105263157895,0.0,0.0,0.0,-0.0,79.60793788004096,7.960793788004096,0.0,-7.960793788004096
2020-02-13 02:00:00,78.98730281104454,0.0,0.1,0.2092105263157895,0.1,-250.0,-51.875000000000014,0.0,51.875000000000014,27.11230281104453,2.711230281104453,0.0,-2.711230281104453
2020-02-13 03:00:00,79.4217514422543,0.0,0.1,0.1,0.3375,125.0,125.0,125.0,0.0,204.4217514422543,20.44217514422543,0.0,-20.44217514422543
2020-02-13 04:00:00,79.00738127119311,0.0,0.1,0.3375,0.3375,0.0,0.0,0.0,-0.0,79.00738127119311,7.900738127119311,0.0,-7.900738127119311
2020-02-13 05:00:00,79.32762087016317,0.0,0.1,0.3375,0.575,125.0,125.0,125.0,0.0,204.32762087016317,20.432762087016318,0.0,-20.432762087016318
2020-02-13 06:00:00,79.67434219148737,0.0,0.1,0.575,0.31184210526315786,-125.0,-125.0,0.0,125.0,-45.32565780851263,0.0,0.0,-0.0
2020-02-13 07:00:00,79.26817056590555,15.36074138888889,0.18,0.31184210526315786,0.5493421052631579,125.0,125.0,125.0,0.0,188.90742917701667,34.003337251863,0.0,-34.003337251863
2020-02-13 08:00:00,89.33858170906197,53.93072212121212,0.18,0.5493421052631579,0.28618421052631576,-125.0,-125.0,0.0,125.0,-89.59214041215014,0.0,0.0,-0.0
2020-02-13 09:00:00,91.66462993567544,89.40219743589743,0.18,0.28618421052631576,0.28618421052631576,0.0,0.0,0.0,-0.0,2.2624324997780008,0.40723784996004014,0.0,-0.40723784996004014
2020-02-13 10:00:00,112.44305978306859,111.03790277777777,0.18,0.28618421052631576,0.28618421052631576,0.0,0.0,0.0,-0.0,1.4051570052908176,0.25292826095234716,0.0,-0.25292826095234716
2020-02-13 11:00:00,106.32180130400765,120.4652318181818,0.18,0.28618421052631576,0.28618421052631576,0.0,0.0,0.0,-0.0,-14.143430514174156,0.0,0.0,-0.0
2020-02-13 12:00:00,97.6719540317527,119.94075641025641,0.18,0.28618421052631576,0.28618421052631576,0.0,0.0,0.0,-0.0,-22.268802378503707,0.0,0.0,-0.0
2020-02-13 13:00:00,95.51788528336049,110.37431944444444,0.18,0.28618421052631576,0.28618421052631576,0.0,0.0,0.0,-0.0,-14.856434161083953,0.0,0.0,-0.0
2020-02-13 14:00:00,93.27164071479588,92.38602727272728,0.18,0.28618421052631576,0.28618421052631576,0.0,0.0,0.0,-0.0,0.8856134420686033,0.15941041957234858,0.0,-0.15941041957234858
2020-02-13 15:00:00,91.96430135964364,62.818533333333335,0.18,0.28618421052631576,0.28618421052631576,0.0,0.0,0.0,-0.0,29.145768026310307,5.2462382447358555,0.0,-5.2462382447358555
2020-02-13 16:00:00,87.89323553428709,23.913325625,0.32,0.28618421052631576,0.7611842105263158,250.0,250.0,250.0,0.0,313.9799099092871,100.47357117097187,0.0,-100.47357117097187
2020-02-13 17:00:00,84.74830028357356,2.6435999999999997,0.32,0.7611842105263158,0.4980263157894737,-125.0,-125.0,0.0,125.0,-42.89529971642645,0.0,0.0,-0.0
2020-02-13 18:00:00,83.57232799630948,0.0,0.32,0.4980263157894737,0.4980263157894737,0.0,0.0,0.0,-0.0,83.57232799630948,26.743144958819034,0.0,-26.743144958819034
2020-02-13 19:00:00,85.01698424291422,0.0,0.32,0.4980263157894737,0.7355263157894737,125.0,125.0,125.0,0.0,210.01698424291422,67.20543495773255,0.0,-67.20543495773255
2020-02-13 20:00:00,82.13673216261571,0.0,0.32,0.7355263157894737,0.4723684210526316,-125.0,-125.0,0.0,125.0,-42.863267837384285,0.0,0.0,-0.0
2020-02-13 21:00:00,81.19895464140957,0.0,0.32,0.4723684210526316,0.2092105263157895,-125.0,-125.0,0.0,125.0,-43.80104535859043,0.0,0.0,-0.0
2020-02-13 22:00:00,81.04410529880994,0.0,0.1,0.2092105263157895,0.2092105263157895,0.0,0.0,0.0,-0.0,81.04410529880994,8.104410529880994,0.0,-8.104410529880994
2020-02-13 23:00:00,79.35713272864065,0.0,0.1,0.2092105263157895,0.2092105263157895,0.0,0.0,0.0,-0.0,79.35713272864065,7.935713272864065,0.0,-7.935713272864065
2020-02-14 00:00:00,78.15805388665723,0.0,0.1,0.2092105263157895,0.2092105263157895,0.0,0.0,0.0,-0.0,78.15805388665723,7.815805388665723,0.0,-7.815805388665723
2020-02-14 01:00:00,78.37389314657523,0.0,0.1,0.2092105263157895,0.4467105263157895,125.0,125.0,125.0,0.0,203.37389314657523,20.337389314657525,0.0,-20.337389314657525
2020-02-14 02:00:00,79.99512881035157,0.0,0.1,0.4467105263157895,0.1835526315789474,-125.0,-125.0,0.0,125.0,-45.004871189648426,0.0,0.0,-0.0
2020-02-14 03:00:00,79.97250761392192,0.0,0.1,0.1835526315789474,0.4210526315789474,125.0,125.0,125.0,0.0,204.97250761392192,20.497250761392195,0.0,-20.497250761392195
2020-02-14 04:00:00,77.52836864857134,0.0,0.1,0.4210526315789474,0.6585526315789474,125.0,125.0,125.0,0.0,202.52836864857136,20.252836864857137,0.0,-20.252836864857137
2020-02-14 05:00:00,78.96686556209853,0.0,0.1,0.6585526315789474,0.3953947368421053,-125.0,-125.0,0.0,125.0,-46.03313443790147,0.0,0.0,-0.0
2020-02-14 06:00:00,77.5363497716278,0.0,0.1,0.3953947368421053,0.8703947368421052,250.0,250.0,250.0,0.0,327.5363497716278,32.75363497716278,0.0,-32.75363497716278
2020-02-14 07:00:00,79.87849167887644,8.44275888888889,0.18,0.8703947368421052,0.6072368421052632,-125.0,-125.0,0.0,125.0,-53.564267210012446,0.0,0.0,-0.0
2020-02-14 08:00:00,85.85900093689816,22.78389787878788,0.18,0.6072368421052632,0.6072368421052632,0.0,0.0,0.0,-0.0,63.07510305811027,11.35351855045985,0.0,-11.35351855045985
2020-02-14 09:00:00,88.75957067068076,78.64752538461538,0.18,0.6072368421052632,0.6072368421052632,0.0,0.0,0.0,-0.0,10.112045286065381,1.8201681514917685,0.0,-1.8201681514917685
2020-02-14 10:00:00,95.2283882338631,89.27150555555556,0.18,0.6072368421052632,0.6072368421052632,0.0,0.0,0.0,-0.0,5.956882678307537,1.0722388820953566,0.0,-1.0722388820953566
2020-02-14 11:00:00,98.12576078847883,115.89284545454547,0.18,0.6072368421052632,0.6072368421052632,0.0,0.0,0.0,-0.0,-17.767084666066637,0.0,0.0,-0.0
2020-02-14 12:00:00,90.3871240771566,119.49468461538461,0.18,0.6072368421052632,0.6072368421052632,0.0,0.0,0.0,-0.0,-29.107560538228014,0.0,0.0,-0.0
2020-02-14 13:00:00,122.7453615265499,104.21092499999999,0.18,0.6072368421052632,0.6072368421052632,0.0,0.0,0.0,-0.0,18.53443652654991,3.336198574778984,0.0,-3.336198574778984
2020-02-14 14:00:00,108.74447903972013,91.93102121212121,0.18,0.6072368421052632,0.6072368421052632,0.0,0.0,0.0,-0.0,16.813457827598924,3.0264224089678065,0.0,-3.0264224089678065
2020-02-14 15:00:00,101.43326850280121,61.765000000000015,0.18,0.6072368421052632,0.8447368421052632,125.0,125.0,125.0,0.0,164.6682685028012,29.640288330504216,0.0,-29.640288330504216
2020-02-14 16:00:00,87.3621686586867,24.37426111111111,0.32,0.8447368421052632,0.9,250.0,29.08587257617726,29.08587257617726,0.0,92.07378012375284,29.46360963960091,0.0,-29.46360963960091
2020-02-14 17:00:00,82.99518181916045,2.8947402435570653,0.32,0.9,0.6368421052631579,-125.0,-125.0,0.0,125.0,-44.899558424396616,0.0,0.0,-0.0
2020-02-14 18:00:00,81.4113562266858,0.0,0.32,0.6368421052631579,0.6368421052631579,0.0,0.0,0.0,-0.0,81.4113562266858,26.051633992539454,0.0,-26.051633992539454
2020-02-14 19:00:00,83.2207028443907,0.0,0.32,0.6368421052631579,0.3736842105263158,-125.0,-125.0,0.0,125.0,-41.7792971556093,0.0,0.0,-0.0
2020-02-14 20:00:00,84.35285667161044,0.0,0.32,0.3736842105263158,0.1105263157894737,-125.0,-125.0,0.0,125.0,-40.64714332838956,0.0,0.0,-0.0
2020-02-14 21:00:00,79.26705326309278,0.0,0.32,0.1105263157894737,0.1105263157894737,0.0,0.0,0.0,-0.0,79.26705326309278,25.36545704418969,0.0,-25.36545704418969
2020-02-14 22:00:00,80.15341436949531,0.0,0.1,0.1105263157894737,0.1105263157894737,0.0,0.0,0.0,-0.0,80.15341436949531,8.015341436949532,0.0,-8.015341436949532
2020-02-14 23:00:00,77.63867007995928,0.0,0.1,0.1105263157894737,0.3480263157894737,125.0,125.0,125.0,0.0,202.6386700799593,20.26386700799593,0.0,-20.26386700799593
2020-02-15 00:00:00,77.49966018801555,0.0,0.12,0.3480263157894737,0.3480263157894737,0.0,0.0,0.0,-0.0,77.49966018801555,9.299959222561865,0.0,-9.299959222561865
2020-02-15 01:00:00,78.22278650039553,0.0,0.12,0.3480263157894737,0.3480263157894737,0.0,0.0,0.0,-0.0,78.22278650039553,9.386734380047463,0.0,-9.386734380047463
2020-02-15 02:00:00,78.49945754735214,0.0,0.12,0.3480263157894737,0.10000000000000003,-125.0,-117.81249999999999,0.0,117.81249999999999,-39.31304245264785,0.0,0.0,-0.0
2020-02-15 03:00:00,77.46104225349063,0.0,0.12,0.10000000000000003,0.1,-125.0,-1.3183898417423734e-14,0.0,1.3183898417423734e-14,77.46104225349062,9.295325070418874,0.0,-9.295325070418874
2020-02-15 04:00:00,78.00189631547373,0.0,0.12,0.1,0.3375,125.0,125.0,125.0,0.0,203.00189631547374,24.36022755785685,0.0,-24.36022755785685
2020-02-15 05:00:00,78.31333839445946,0.0,0.12,0.3375,0.8125,250.0,250.0,250.0,0.0,328.3133383944595,39.397600607335136,0.0,-39.397600607335136
2020-02-15 06:00:00,77.39389378307033,0.0,0.12,0.8125,0.549342105263158,-125.0,-125.0,0.0,125.0,-47.606106216929675,0.0,0.0,-0.0
2020-02-15 07:00:00,81.14077535278132,11.6810375,0.12,0.549342105263158,0.2861842105263159,-125.0,-125.0,0.0,125.0,-55.540262147218684,0.0,0.0,-0.0
2020-02-15 08:00:00,78.25166898873121,34.58612696969698,0.12,0.2861842105263159,0.10000000000000003,-250.0,-88.43750000000003,0.0,88.43750000000003,-44.771957980965794,0.0,0.0,-0.0
2020-02-15 09:00:00,91.61406499974464,82.99462820512821,0.12,0.10000000000000003,0.10000000000000003,0.0,0.0,0.0,-0.0,8.619436794616433,1.034332415353972,0.0,-1.034332415353972
2020-02-15 10:00:00,90.92064043771626,81.00580555555555,0.12,0.10000000000000003,0.1,-250.0,-1.3183898417423734e-14,0.0,1.3183898417423734e-14,9.914834882160692,1.189780185859283,0.0,-1.189780185859283
2020-02-15 11:00:00,91.74142679238685,95.14736515151513,0.12,0.1,0.1,0.0,0.0,0.0,-0.0,-3.4059383591282852,0.0,0.0,-0.0
2020-02-15 12:00:00,94.78333277329688,115.25484358974359,0.12,0.1,0.1,0.0,0.0,0.0,-0.0,-20.47151081644671,0.0,0.0,-0.0
2020-02-15 13:00:00,93.35567719679595,107.56435833333335,0.12,0.1,0.1,0.0,0.0,0.0,-0.0,-14.208681136537393,0.0,0.0,-0.0
2020-02-15 14:00:00,87.78754795275046,83.32005303030303,0.12,0.1,0.1,0.0,0.0,0.0,-0.0,4.467494922447429,0.5360993906936915,0.0,-0.5360993906936915
2020-02-15 15:00:00,89.99448168328969,56.77650423076924,0.12,0.1,0.1,-250.0,-0.0,-0.0,0.0,33.21797745252045,3.986157294302454,0.0,-3.986157294302454
2020-02-15 16:00:00,83.10776713780588,22.69242152777778,0.12,0.1,0.1,-250.0,-0.0,-0.0,0.0,60.4153456100281,7.249841473203372,0.0,-7.249841473203372
2020-02-15 17:00:00,80.15643068723494,3.0848227272727273,0.12,0.1,0.1,0.0,0.0,0.0,-0.0,77.07160795996222,9.248592955195466,0.0,-9.248592955195466
2020-02-15 18:00:00,81.76420263519239,0.0,0.12,0.1,0.575,250.0,250.0,250.0,0.0,331.7642026351924,39.811704316223086,0.0,-39.811704316223086
2020-02-15 19:00:00,81.02652985043143,0.0,0.12,0.575,0.8125,125.0,125.0,125.0,0.0,206.02652985043142,24.723183582051767,0.0,-24.723183582051767
2020-02-15 20:00:00,80.24302660373091,0.0,0.12,0.8125,0.549342105263158,-125.0,-125.0,0.0,125.0,-44.75697339626909,0.0,0.0,-0.0
2020-02-15 21:00:00,79.1851513450747,0.0,0.12,0.549342105263158,0.2861842105263159,-125.0,-125.0,0.0,125.0,-45.8148486549253,0.0,0.0,-0.0
2020-02-15 22:00:00,79.7624559143516,0.0,0.12,0.2861842105263159,0.10000000000000003,-125.0,-88.43750000000003,0.0,88.43750000000003,-8.675044085648423,0.0,0.0,-0.0
2020-02-15 23:00:00,79.18219662348776,0.0,0.12,0.10000000000000003,0.3375,125.0,125.0,125.0,0.0,204.18219662348776,24.50186359481853,0.0,-24.50186359481853
2020-02-16 00:00:00,79.22570830097418,0.0,0.12,0.3375,0.3375,0.0,0.0,0.0,-0.0,79.22570830097418,9.5070849961169,0.0,-9.5070849961169
2020-02-16 01:00:00,76.68151439205137,0.0,0.12,0.3375,0.3375,0.0,0.0,0.0,-0.0,76.68151439205137,9.201781727046164,0.0,-9.201781727046164
2020-02-16 02:00:00,78.99256264713327,0.0,0.12,0.3375,0.1,-125.0,-112.81250000000001,0.0,112.81250000000001,-33.819937352866745,0.0,0.0,-0.0
2020-02-16 03:00:00,79.63378686426414,0.0,0.12,0.1,0.1,-125.0,-0.0,-0.0,0.0,79.63378686426414,9.556054423711696,0.0,-9.556054423711696
2020-02-16 04:00:00,77.6505421978447,0.0,0.12,0.1,0.1,-125.0,-0.0,-0.0,0.0,77.6505421978447,9.318065063741363,0.0,-9.318065063741363
2020-02-16 05:00:00,78.7605594208703,0.0,0.12,0.1,0.3375,125.0,125.0,125.0,0.0,203.7605594208703,24.451267130504434,0.0,-24.451267130504434
2020-02-16 06:00:00,77.63102611985185,0.013076923076923078,0.12,0.3375,0.1,-250.0,-112.81250000000001,0.0,112.81250000000001,-35.194550803225084,0.0,0.0,-0.0
2020-02-16 07:00:00,77.53383587053499,24.684205347222218,0.12,0.1,0.1,-125.0,-0.0,-0.0,0.0,52.84963052331277,6.341955662797532,0.0,-6.341955662797532
2020-02-16 08:00:00,84.2550705043535,64.94877272727273,0.12,0.1,0.1,0.0,0.0,0.0,-0.0,19.306297777080772,2.3167557332496926,0.0,-2.3167557332496926
2020-02-16 09:00:00,86.07013515048858,88.86218846153847,0.12,0.1,0.1,0.0,0.0,0.0,-0.0,-2.7920533110498837,0.0,0.0,-0.0
2020-02-16 10:00:00,89.2777344350598,110.81809166666666,0.12,0.1,0.1,-250.0,-0.0,-0.0,0.0,-21.540357231606862,0.0,0.0,-0.0
2020-02-16 11:00:00,92.84126760578434,121.51765606060607,0.12,0.1,0.1,0.0,0.0,0.0,-0.0,-28.676388454821733,0.0,0.0,-0.0
2020-02-16 12:00:00,92.39226804795182,124.09953076923077,0.12,0.1,0.1,-250.0,-0.0,-0.0,0.0,-31.70726272127895,0.0,0.0,-0.0
2020-02-16 13:00:00,90.1251589718052,103.93860694444446,0.12,0.1,0.1,0.0,0.0,0.0,-0.0,-13.813447972639253,0.0,0.0,-0.0
2020-02-16 14:00:00,88.21198500995439,86.3765515151515,0.12,0.1,0.1,0.0,0.0,0.0,-0.0,1.835433494802885,0.2202520193763462,0.0,-0.2202520193763462
2020-02-16 15:00:00,82.75563970838085,50.29517538461538,0.12,0.1,0.1,-250.0,-0.0,-0.0,0.0,32.46046432376547,3.8952557188518564,0.0,-3.8952557188518564
2020-02-16 16:00:00,84.42669071964256,23.93783666666667,0.12,0.1,0.1,-250.0,-0.0,-0.0,0.0,60.488854052975896,7.258662486357107,0.0,-7.258662486357107
2020-02-16 17:00:00,81.1826386160767,2.3325757575757575,0.12,0.1,0.1,0.0,0.0,0.0,-0.0,78.85006285850095,9.462007543020114,0.0,-9.462007543020114
2020-02-16 18:00:00,79.64096534547858,0.0,0.12,0.1,0.575,250.0,250.0,250.0,0.0,329.64096534547855,39.556915841457425,0.0,-39.556915841457425
2020-02-16 19:00:00,80.54266632986193,0.0,0.12,0.575,0.8125,125.0,125.0,125.0,0.0,205.54266632986193,24.665119959583432,0.0,-24.665119959583432
2020-02-16 20:00:00,80.6201324212477,0.0,0.12,0.8125,0.549342105263158,-125.0,-125.0,0.0,125.0,-44.3798675787523,0.0,0.0,-0.0
2020-02-16 21:00:00,79.32642842409783,0.0,0.12,0.549342105263158,0.2861842105263159,-125.0,-125.0,0.0,125.0,-45.67357157590217,0.0,0.0,-0.0
2020-02-16 22:00:00,79.16575863333215,0.0,0.12,0.2861842105263159,0.10000000000000003,-125.0,-88.43750000000003,0.0,88.43750000000003,-9.271741366667882,0.0,0.0,-0.0
2020-02-16 23:00:00,76.77189881518838,0.0,0.12,0.10000000000000003,0.3375,125.0,125.0,125.0,0.0,201.77189881518837,24.212627857822604,0.0,-24.212627857822604
2020-02-17 00:00:00,76.28462660538631,0.0,0.1,0.3375,0.1,-125.0,-112.81250000000001,0.0,112.81250000000001,-36.52787339461371,0.0,0.0,-0.0
2020-02-17 01:00:00,77.44496535005274,0.0,0.1,0.1,0.1,-250.0,-0.0,-0.0,0.0,77.44496535005274,7.744496535005275,0.0,-7.744496535005275
2020-02-17 02:00:00,77.04413270402931,0.0,0.1,0.1,0.3375,125.0,125.0,125.0,0.0,202.04413270402932,20.204413270402934,0.0,-20.204413270402934
2020-02-17 03:00:00,75.92584342919488,0.0,0.1,0.3375,0.1,-125.0,-112.81250000000001,0.0,112.81250000000001,-36.88665657080513,0.0,0.0,-0.0
2020-02-17 04:00:00,77.55241556624694,0.0,0.1,0.1,0.3375,125.0,125.0,125.0,0.0,202.55241556624694,20.255241556624696,0.0,-20.255241556624696
2020-02-17 05:00:00,77.74789664565583,0.0,0.1,0.3375,0.3375,0.0,0.0,0.0,-0.0,77.74789664565583,7.774789664565583,0.0,-7.774789664565583
2020-02-17 06:00:00,77.49625707468104,0.0,0.1,0.3375,0.8125,250.0,250.0,250.0,0.0,327.496257074681,32.749625707468105,0.0,-32.749625707468105
2020-02-17 07:00:00,77.17301253764595,18.575784583333334,0.18,0.8125,0.549342105263158,-125.0,-125.0,0.0,125.0,-66.40277204568739,0.0,0.0,-0.0
2020-02-17 08:00:00,77.80073768789707,52.59155060606061,0.18,0.549342105263158,0.2861842105263159,-125.0,-125.0,0.0,125.0,-99.79081291816354,0.0,0.0,-0.0
2020-02-17 09:00:00,86.28151739291853,98.04870641025641,0.18,0.2861842105263159,0.2861842105263159,0.0,0.0,0.0,-0.0,-11.767189017337884,0.0,0.0,-0.0
2020-02-17 10:00:00,92.49377640644462,122.2792,0.18,0.2861842105263159,0.2861842105263159,0.0,0.0,0.0,-0.0,-29.78542359355538,0.0,0.0,-0.0
2020-02-17 11:00:00,92.32999274878608,131.94003484848483,0.18,0.2861842105263159,0.2861842105263159,0.0,0.0,0.0,-0.0,-39.610042099698745,0.0,0.0,-0.0
2020-02-17 12:00:00,90.6821495504744,132.15157564102563,0.18,0.2861842105263159,0.2861842105263159,0.0,0.0,0.0,-0.0,-41.469426090551224,0.0,0.0,-0.0
2020-02-17 13:00:00,90.4017215744055,118.7322138888889,0.18,0.2861842105263159,0.2861842105263159,0.0,0.0,0.0,-0.0,-28.330492314483394,0.0,0.0,-0.0
2020-02-17 14:00:00,86.24845150256432,97.70730151515153,0.18,0.2861842105263159,0.2861842105263159,0.0,0.0,0.0,-0.0,-11.458850012587206,0.0,0.0,-0.0
2020-02-17 15:00:00,85.66972019723016,62.56380179487179,0.18,0.2861842105263159,0.2861842105263159,0.0,0.0,0.0,-0.0,23.10591840235837,4.159065312424507,0.0,-4.159065312424507
2020-02-17 16:00:00,80.42924399612053,20.03158388888889,0.32,0.2861842105263159,0.7611842105263158,250.0,250.0,250.0,0.0,310.3976601072317,99.32725123431413,0.0,-99.32725123431413
2020-02-17 17:00:00,82.17165555397611,5.654531212121213,0.32,0.7611842105263158,0.4980263157894737,-125.0,-125.0,0.0,125.0,-48.482875658145105,0.0,0.0,-0.0
2020-02-17 18:00:00,80.98927711106204,0.0,0.32,0.4980263157894737,0.4980263157894737,0.0,0.0,0.0,-0.0,80.98927711106204,25.916568675539853,0.0,-25.916568675539853
2020-02-17 19:00:00,81.55153818522383,0.0,0.32,0.4980263157894737,0.7355263157894737,125.0,125.0,125.0,0.0,206.55153818522382,66.09649221927162,0.0,-66.09649221927162
2020-02-17 20:00:00,79.6543727009421,0.0,0.32,0.7355263157894737,0.4723684210526316,-125.0,-125.0,0.0,125.0,-45.345627299057895,0.0,0.0,-0.0
2020-02-17 21:00:00,78.84850869000272,0.0,0.32,0.4723684210526316,0.2092105263157895,-125.0,-125.0,0.0,125.0,-46.15149130999728,0.0,0.0,-0.0
2020-02-17 22:00:00,80.45708769886399,0.0,0.1,0.2092105263157895,0.2092105263157895,0.0,0.0,0.0,-0.0,80.45708769886399,8.0457087698864,0.0,-8.0457087698864
2020-02-17 23:00:00,77.59569333140732,0.0,0.1,0.2092105263157895,0.2092105263157895,0.0,0.0,0.0,-0.0,77.59569333140732,7.759569333140732,0.0,-7.759569333140732
2020-02-18 00:00:00,78.91936968025243,0.0,0.1,0.2092105263157895,0.1,-125.0,-51.875000000000014,0.0,51.875000000000014,27.044369680252416,2.7044369680252416,0.0,-2.7044369680252416
2020-02-18 01:00:00,77.04665042193245,0.0,0.1,0.1,0.1,-250.0,-0.0,-0.0,0.0,77.04665042193245,7.704665042193246,0.0,-7.704665042193246
2020-02-18 02:00:00,77.40900407869647,0.0,0.1,0.1,0.3375,125.0,125.0,125.0,0.0,202.40900407869646,20.240900407869646,0.0,-20.240900407869646
2020-02-18 03:00:00,79.24570838857124,0.0,0.1,0.3375,0.1,-125.0,-112.81250000000001,0.0,112.81250000000001,-33.56679161142877,0.0,0.0,-0.0
2020-02-18 04:00:00,78.62876573548188,0.0,0.1,0.1,0.3375,125.0,125.0,125.0,0.0,203.62876573548186,20.36287657354819,0.0,-20.36287657354819
2020-02-18 05:00:00,75.84632446568816,0.0,0.1,0.3375,0.575,125.0,125.0,125.0,0.0,200.84632446568816,20.08463244656882,0.0,-20.08463244656882
2020-02-18 06:00:00,78.23958203548258,0.0,0.1,0.575,0.31184210526315786,-125.0,-125.0,0.0,125.0,-46.760417964517416,0.0,0.0,-0.0
2020-02-18 07:00:00,82.01497228269652,17.05802861111111,0.18,0.31184210526315786,0.5493421052631579,125.0,125.0,125.0,0.0,189.9569436715854,34.19224986088537,0.0,-34.19224986088537
2020-02-18 08:00:00,82.98715438997833,65.48915303030304,0.18,0.5493421052631579,0.28618421052631576,-125.0,-125.0,0.0,125.0,-107.50199864032471,0.0,0.0,-0.0
2020-02-18 09:00:00,94.70801542625018,99.31863205128207,0.18,0.28618421052631576,0.28618421052631576,0.0,0.0,0.0,-0.0,-4.610616625031881,0.0,0.0,-0.0
2020-02-18 10:00:00,104.21588107973572,121.8632611111111,0.18,0.28618421052631576,0.28618421052631576,0.0,0.0,0.0,-0.0,-17.647380031375377,0.0,0.0,-0.0
2020-02-18 11:00:00,103.91758821989743,129.5088015151515,0.18,0.28618421052631576,0.28618421052631576,0.0,0.0,0.0,-0.0,-25.59121329525408,0.0,0.0,-0.0
2020-02-18 12:00:00,101.99512348243397,128.60464358974357,0.18,0.28618421052631576,0.28618421052631576,0.0,0.0,0.0,-0.0,-26.609520107309606,0.0,0.0,-0.0
2020-02-18 13:00:00,101.23101812815808,117.18663333333335,0.18,0.28618421052631576,0.28618421052631576,0.0,0.0,0.0,-0.0,-15.955615205175263,0.0,0.0,-0.0
2020-02-18 14:00:00,95.60010029751416,97.76883636363637,0.18,0.28618421052631576,0.28618421052631576,0.0,0.0,0.0,-0.0,-2.1687360661222073,0.0,0.0,-0.0
2020-02-18 15:00:00,94.74424045936783,66.63067179487179,0.18,0.28618421052631576,0.28618421052631576,0.0,0.0,0.0,-0.0,28.113568664496043,5.060442359609287,0.0,-5.060442359609287
2020-02-18 16:00:00,89.77058830182064,26.974695555555556,0.32,0.28618421052631576,0.7611842105263158,250.0,250.0,250.0,0.0,312.79589274626505,100.09468567880482,0.0,-100.09468567880482
2020-02-18 17:00:00,86.41827926726216,3.6267145454545453,0.32,0.7611842105263158,0.4980263157894737,-125.0,-125.0,0.0,125.0,-42.20843527819238,0.0,0.0,-0.0
2020-02-18 18:00:00,84.77973221656754,0.0,0.32,0.4980263157894737,0.4980263157894737,0.0,0.0,0.0,-0.0,84.77973221656754,27.129514309301612,0.0,-27.129514309301612
2020-02-18 19:00:00,83.3903384901967,0.0,0.32,0.4980263157894737,0.7355263157894737,125.0,125.0,125.0,0.0,208.3903384901967,66.68490831686294,0.0,-66.68490831686294
2020-02-18 20:00:00,83.89915338488113,0.0,0.32,0.7355263157894737,0.4723684210526316,-125.0,-125.0,0.0,125.0,-41.10084661511887,0.0,0.0,-0.0
2020-02-18 21:00:00,80.02078280999096,0.0,0.32,0.4723684210526316,0.2092105263157895,-125.0,-125.0,0.0,125.0,-44.97921719000904,0.0,0.0,-0.0
2020-02-18 22:00:00,79.75608447621066,0.0,0.1,0.2092105263157895,0.2092105263157895,0.0,0.0,0.0,-0.0,79.75608447621066,7.975608447621067,0.0,-7.975608447621067
2020-02-18 23:00:00,77.2598709317652,0.0,0.1,0.2092105263157895,0.2092105263157895,0.0,0.0,0.0,-0.0,77.2598709317652,7.725987093176521,0.0,-7.725987093176521
2020-02-19 00:00:00,76.42662696709598,0.0,0.1,0.2092105263157895,0.1,-125.0,-51.875000000000014,0.0,51.875000000000014,24.55162696709597,2.455162696709597,0.0,-2.455162696709597
2020-02-19 01:00:00,78.37754992365691,0.0,0.1,0.1,0.1,-250.0,-0.0,-0.0,0.0,78.37754992365691,7.837754992365692,0.0,-7.837754992365692
2020-02-19 02:00:00,78.55321592036427,0.0,0.1,0.1,0.3375,125.0,125.0,125.0,0.0,203.55321592036427,20.35532159203643,0.0,-20.35532159203643
2020-02-19 03:00:00,76.9086008261863,0.0,0.1,0.3375,0.1,-125.0,-112.81250000000001,0.0,112.81250000000001,-35.90389917381371,0.0,0.0,-0.0
2020-02-19 04:00:00,76.42535492045178,0.0,0.1,0.1,0.3375,125.0,125.0,125.0,0.0,201.42535492045178,20.14253549204518,0.0,-20.14253549204518
2020-02-19 05:00:00,78.70464132756419,0.0,0.1,0.3375,0.575,125.0,125.0,125.0,0.0,203.7046413275642,20.37046413275642,0.0,-20.37046413275642
2020-02-19 06:00:00,78.50063199539775,0.02769230769230769,0.1,0.575,0.31184210526315786,-125.0,-125.0,0.0,125.0,-46.52706031229455,0.0,0.0,-0.0
2020-02-19 07:00:00,78.60547078319969,15.068414166666665,0.18,0.31184210526315786,0.5493421052631579,125.0,125.0,125.0,0.0,188.53705661653302,33.936670190975946,0.0,-33.936670190975946
2020-02-19 08:00:00,85.75530720314555,60.57631212121212,0.18,0.5493421052631579,0.28618421052631576,-125.0,-125.0,0.0,125.0,-99.82100491806656,0.0,0.0,-0.0
2020-02-19 09:00:00,89.87176552362452,95.81897692307692,0.18,0.28618421052631576,0.28618421052631576,0.0,0.0,0.0,-0.0,-5.947211399452399,0.0,0.0,-0.0
2020-02-19 10:00:00,114.7418829894403,119.05287361111111,0.18,0.28618421052631576,0.28618421052631576,0.0,0.0,0.0,-0.0,-4.310990621670811,0.0,0.0,-0.0
2020-02-19 11:00:00,100.67979361409279,128.2037893939394,0.18,0.28618421052631576,0.28618421052631576,0.0,0.0,0.0,-0.0,-27.5239957798466,0.0,0.0,-0.0
2020-02-19 12:00:00,101.03307661226852,126.49565512820513,0.18,0.28618421052631576,0.28618421052631576,0.0,0.0,0.0,-0.0,-25.462578515936613,0.0,0.0,-0.0
2020-02-19 13:00:00,111.97166650537345,113.90086805555556,0.18,0.28618421052631576,0.28618421052631576,0.0,0.0,0.0,-0.0,-1.929201550182114,0.0,0.0,-0.0
2020-02-19 14:00:00,121.05974186437498,94.04147424242424,0.18,0.28618421052631576,0.28618421052631576,0.0,0.0,0.0,-0.0,27.01826762195074,4.863288171951133,0.0,-4.863288171951133
2020-02-19 15:00:00,93.64877457639366,56.62058846153847,0.18,0.28618421052631576,0.28618421052631576,0.0,0.0,0.0,-0.0,37.028186114855195,6.665073500673935,0.0,-6.665073500673935
2020-02-19 16:00:00,90.28505711205793,23.441473194444445,0.32,0.28618421052631576,0.7611842105263158,250.0,250.0,250.0,0.0,316.8435839176135,101.38994685363632,0.0,-101.38994685363632
2020-02-19 17:00:00,84.06987521148415,3.6432460606060606,0.32,0.7611842105263158,0.4980263157894737,-125.0,-125.0,0.0,125.0,-44.573370849121915,0.0,0.0,-0.0
2020-02-19 18:00:00,83.68671148323233,0.0,0.32,0.4980263157894737,0.4980263157894737,0.0,0.0,0.0,-0.0,83.68671148323233,26.779747674634347,0.0,-26.779747674634347
2020-02-19 19:00:00,84.8751524732828,0.0,0.32,0.4980263157894737,0.7355263157894737,125.0,125.0,125.0,0.0,209.8751524732828,67.1600487914505,0.0,-67.1600487914505
2020-02-19 20:00:00,97.55863239758983,0.0,0.32,0.7355263157894737,0.4723684210526316,-125.0,-125.0,0.0,125.0,-27.441367602410168,0.0,0.0,-0.0
2020-02-19 21:00:00,79.92829476641562,0.0,0.32,0.4723684210526316,0.2092105263157895,-125.0,-125.0,0.0,125.0,-45.07170523358438,0.0,0.0,-0.0
2020-02-19 22:00:00,78.93151298789174,0.0,0.1,0.2092105263157895,0.2092105263157895,0.0,0.0,0.0,-0.0,78.93151298789174,7.893151298789174,0.0,-7.893151298789174
2020-02-19 23:00:00,79.10990214542485,0.0,0.1,0.2092105263157895,0.2092105263157895,0.0,0.0,0.0,-0.0,79.10990214542485,7.910990214542486,0.0,-7.910990214542486
2020-02-20 00:00:00,78.62256453722259,0.0,0.1,0.2092105263157895,0.1,-125.0,-51.875000000000014,0.0,51.875000000000014,26.747564537222573,2.6747564537222575,0.0,-2.6747564537222575
2020-02-20 01:00:00,78.9570836539481,0.0,0.1,0.1,0.1,-250.0,-0.0,-0.0,0.0,78.9570836539481,7.89570836539481,0.0,-7.89570836539481
2020-02-20 02:00:00,75.99342584995134,0.0,0.1,0.1,0.3375,125.0,125.0,125.0,0.0,200.99342584995134,20.099342584995135,0.0,-20.099342584995135
2020-02-20 03:00:00,79.10578152720417,0.0,0.1,0.3375,0.1,-125.0,-112.81250000000001,0.0,112.81250000000001,-33.70671847279584,0.0,0.0,-0.0
2020-02-20 04:00:00,79.03578427003784,0.0,0.1,0.1,0.3375,125.0,125.0,125.0,0.0,204.03578427003782,20.403578427003783,0.0,-20.403578427003783
2020-02-20 05:00:00,77.19601869561905,0.0,0.1,0.3375,0.575,125.0,125.0,125.0,0.0,202.19601869561905,20.219601869561906,0.0,-20.219601869561906
2020-02-20 06:00:00,78.26469953576337,0.40716923076923073,0.1,0.575,0.31184210526315786,-125.0,-125.0,0.0,125.0,-47.14246969500586,0.0,0.0,-0.0
2020-02-20 07:00:00,56.23333462378159,11.390143888888888,0.18,0.31184210526315786,0.5493421052631579,125.0,125.0,125.0,0.0,169.8431907348927,30.571774332280683,0.0,-30.571774332280683
2020-02-20 08:00:00,62.0042820599604,47.611122424242424,0.18,0.5493421052631579,0.28618421052631576,-125.0,-125.0,0.0,125.0,-110.60684036428202,0.0,0.0,-0.0
2020-02-20 09:00:00,100.67017419803969,84.11038461538462,0.18,0.28618421052631576,0.28618421052631576,0.0,0.0,0.0,-0.0,16.55978958265507,2.980762124877913,0.0,-2.980762124877913
2020-02-20 10:00:00,108.77385980893797,120.15082916666667,0.18,0.28618421052631576,0.28618421052631576,0.0,0.0,0.0,-0.0,-11.376969357728697,0.0,0.0,-0.0
2020-02-20 11:00:00,103.0663347507646,126.41429090909091,0.18,0.28618421052631576,0.28618421052631576,0.0,0.0,0.0,-0.0,-23.347956158326312,0.0,0.0,-0.0
2020-02-20 12:00:00,100.99648675609374,120.37256282051281,0.18,0.28618421052631576,0.28618421052631576,0.0,0.0,0.0,-0.0,-19.376076064419067,0.0,0.0,-0.0
2020-02-20 13:00:00,96.66978595806243,103.8035875,0.18,0.28618421052631576,0.28618421052631576,0.0,0.0,0.0,-0.0,-7.133801541937572,0.0,0.0,-0.0
2020-02-20 14:00:00,104.58292344471387,83.82538333333333,0.18,0.28618421052631576,0.28618421052631576,0.0,0.0,0.0,-0.0,20.757540111380536,3.7363572200484962,0.0,-3.7363572200484962
2020-02-20 15:00:00,90.6567715205154,47.30335871794871,0.18,0.28618421052631576,0.28618421052631576,0.0,0.0,0.0,-0.0,43.353412802566694,7.8036143044620045,0.0,-7.8036143044620045
2020-02-20 16:00:00,85.47080211396569,20.593769583333334,0.32,0.28618421052631576,0.7611842105263158,250.0,250.0,250.0,0.0,314.8770325306324,100.76065040980237,0.0,-100.76065040980237
2020-02-20 17:00:00,81.05580602079029,3.4434882575757566,0.32,0.7611842105263158,0.4980263157894737,-125.0,-125.0,0.0,125.0,-47.387682236785466,0.0,0.0,-0.0
2020-02-20 18:00:00,83.55799543882138,0.0,0.32,0.4980263157894737,0.4980263157894737,0.0,0.0,0.0,-0.0,83.55799543882138,26.738558540422844,0.0,-26.738558540422844
2020-02-20 19:00:00,83.74271508669636,0.0,0.32,0.4980263157894737,0.7355263157894737,125.0,125.0,125.0,0.0,208.74271508669636,66.79766882774284,0.0,-66.79766882774284
2020-02-20 20:00:00,84.0674694573102,0.0,0.32,0.7355263157894737,0.4723684210526316,-125.0,-125.0,0.0,125.0,-40.932530542689804,0.0,0.0,-0.0
2020-02-20 21:00:00,79.35751070751786,0.0,0.32,0.4723684210526316,0.2092105263157895,-125.0,-125.0,0.0,125.0,-45.64248929248214,0.0,0.0,-0.0
2020-02-20 22:00:00,79.72539389330471,0.0,0.1,0.2092105263157895,0.2092105263157895,0.0,0.0,0.0,-0.0,79.72539389330471,7.972539389330471,0.0,-7.972539389330471
2020-02-20 23:00:00,78.66530630766928,0.0,0.1,0.2092105263157895,0.2092105263157895,0.0,0.0,0.0,-0.0,78.66530630766928,7.8665306307669285,0.0,-7.8665306307669285
2020-02-21 00:00:00,78.61882080424064,0.0,0.1,0.2092105263157895,0.1,-125.0,-51.875000000000014,0.0,51.875000000000014,26.743820804240627,2.674382080424063,0.0,-2.674382080424063
2020-02-21 01:00:00,77.39787307845064,0.0,0.1,0.1,0.1,-250.0,-0.0,-0.0,0.0,77.39787307845064,7.739787307845065,0.0,-7.739787307845065
2020-02-21 02:00:00,77.93974116107427,0.0,0.1,0.1,0.3375,125.0,125.0,125.0,0.0,202.93974116107427,20.293974116107428,0.0,-20.293974116107428
2020-02-21 03:00:00,78.61407900209548,0.0,0.1,0.3375,0.1,-125.0,-112.81250000000001,0.0,112.81250000000001,-34.198420997904535,0.0,0.0,-0.0
2020-02-21 04:00:00,78.97653770911923,0.0,0.1,0.1,0.3375,125.0,125.0,125.0,0.0,203.9765377091192,20.397653770911923,0.0,-20.397653770911923
2020-02-21 05:00:00,76.86150175616159,0.0,0.1,0.3375,0.575,125.0,125.0,125.0,0.0,201.8615017561616,20.186150175616163,0.0,-20.186150175616163
2020-02-21 06:00:00,77.07298939655031,0.5554153846153846,0.1,0.575,0.31184210526315786,-125.0,-125.0,0.0,125.0,-48.482425988065074,0.0,0.0,-0.0
2020-02-21 07:00:00,82.31042628442445,23.423721666666665,0.18,0.31184210526315786,0.5493421052631579,125.0,125.0,125.0,0.0,183.8867046177578,33.099606831196404,0.0,-33.099606831196404
2020-02-21 08:00:00,87.84177459408762,64.15659848484849,0.18,0.5493421052631579,0.28618421052631576,-125.0,-125.0,0.0,125.0,-101.31482389076086,0.0,0.0,-0.0
2020-02-21 09:00:00,94.14717246775152,71.13654948717948,0.18,0.28618421052631576,0.28618421052631576,0.0,0.0,0.0,-0.0,23.010622980572037,4.141912136502967,0.0,-4.141912136502967
2020-02-21 10:00:00,95.15618247432714,100.721925,0.18,0.28618421052631576,0.28618421052631576,0.0,0.0,0.0,-0.0,-5.56574252567286,0.0,0.0,-0.0
2020-02-21 11:00:00,111.26417184747082,130.32634545454545,0.18,0.28618421052631576,0.28618421052631576,0.0,0.0,0.0,-0.0,-19.062173607074627,0.0,0.0,-0.0
2020-02-21 12:00:00,112.01153216634913,124.4187923076923,0.18,0.28618421052631576,0.28618421052631576,0.0,0.0,0.0,-0.0,-12.407260141343173,0.0,0.0,-0.0
2020-02-21 13:00:00,100.56700519490347,116.68681249999999,0.18,0.28618421052631576,0.28618421052631576,0.0,0.0,0.0,-0.0,-16.119807305096515,0.0,0.0,-0.0
2020-02-21 14:00:00,112.4185885442586,97.35266363636364,0.18,0.28618421052631576,0.28618421052631576,0.0,0.0,0.0,-0.0,15.065924907894953,2.7118664834210913,0.0,-2.7118664834210913
2020-02-21 15:00:00,92.29907539375645,68.37003846153847,0.18,0.28618421052631576,0.28618421052631576,0.0,0.0,0.0,-0.0,23.929036932217983,4.3072266477992365,0.0,-4.3072266477992365
2020-02-21 16:00:00,89.29781809440469,25.899156388888887,0.32,0.28618421052631576,0.7611842105263158,250.0,250.0,250.0,0.0,313.3986617055158,100.28757174576505,0.0,-100.28757174576505
2020-02-21 17:00:00,87.26569383919177,4.312,0.32,0.7611842105263158,0.4980263157894737,-125.0,-125.0,0.0,125.0,-42.04630616080823,0.0,0.0,-0.0
2020-02-21 18:00:00,84.44761135411642,0.0,0.32,0.4980263157894737,0.4980263157894737,0.0,0.0,0.0,-0.0,84.44761135411642,27.023235633317256,0.0,-27.023235633317256
2020-02-21 19:00:00,84.55079948836418,0.0,0.32,0.4980263157894737,0.7355263157894737,125.0,125.0,125.0,0.0,209.5507994883642,67.05625583627655,0.0,-67.05625583627655
2020-02-21 20:00:00,84.48583191861111,0.0,0.32,0.7355263157894737,0.4723684210526316,-125.0,-125.0,0.0,125.0,-40.51416808138889,0.0,0.0,-0.0
2020-02-21 21:00:00,82.34834654833718,0.0,0.32,0.4723684210526316,0.2092105263157895,-125.0,-125.0,0.0,125.0,-42.651653451662824,0.0,0.0,-0.0
2020-02-21 22:00:00,80.15485473638914,0.0,0.1,0.2092105263157895,0.2092105263157895,0.0,0.0,0.0,-0.0,80.15485473638914,8.015485473638915,0.0,-8.015485473638915
2020-02-21 23:00:00,78.53987819194361,0.0,0.1,0.2092105263157895,0.2092105263157895,0.0,0.0,0.0,-0.0,78.53987819194361,7.853987819194362,0.0,-7.853987819194362
2020-02-22 00:00:00,79.0614179519894,0.0,0.12,0.2092105263157895,0.2092105263157895,0.0,0.0,0.0,-0.0,79.0614179519894,9.487370154238727,0.0,-9.487370154238727
2020-02-22 01:00:00,77.26474501765813,0.0,0.12,0.2092105263157895,0.2092105263157895,0.0,0.0,0.0,-0.0,77.26474501765813,9.271769402118975,0.0,-9.271769402118975
2020-02-22 02:00:00,79.69764274321659,0.0,0.12,0.2092105263157895,0.2092105263157895,0.0,0.0,0.0,-0.0,79.69764274321659,9.56371712918599,0.0,-9.56371712918599
2020-02-22 03:00:00,77.79245552977265,0.0,0.12,0.2092105263157895,0.6842105263157895,250.0,250.0,250.0,0.0,327.79245552977267,39.33509466357272,0.0,-39.33509466357272
2020-02-22 04:00:00,78.131349615412,0.0,0.12,0.6842105263157895,0.6842105263157895,0.0,0.0,0.0,-0.0,78.131349615412,9.375761953849441,0.0,-9.375761953849441
2020-02-22 05:00:00,77.87692434418085,0.0,0.12,0.6842105263157895,0.1578947368421053,-250.0,-250.0,0.0,250.0,-172.12307565581915,0.0,0.0,-0.0
2020-02-22 06:00:00,78.98448832605763,0.0,0.12,0.1578947368421053,0.1578947368421053,0.0,0.0,0.0,-0.0,78.98448832605763,9.478138599126915,0.0,-9.478138599126915
2020-02-22 07:00:00,76.15280220585241,9.148994305555554,0.12,0.1578947368421053,0.1,-125.0,-27.500000000000018,0.0,27.500000000000018,39.50380790029685,4.740456948035622,0.0,-4.740456948035622
2020-02-22 08:00:00,84.5250437007907,62.48672803030302,0.12,0.1,0.1,0.0,0.0,0.0,-0.0,22.038315670487684,2.644597880458522,0.0,-2.644597880458522
2020-02-22 09:00:00,87.50459052001177,94.31458076923076,0.12,0.1,0.1,0.0,0.0,0.0,-0.0,-6.809990249218984,0.0,0.0,-0.0
2020-02-22 10:00:00,93.37719704314458,116.55617638888889,0.12,0.1,0.1,-250.0,-0.0,-0.0,0.0,-23.17897934574431,0.0,0.0,-0.0
2020-02-22 11:00:00,94.71869502847527,125.76439090909092,0.12,0.1,0.1,0.0,0.0,0.0,-0.0,-31.045695880615654,0.0,0.0,-0.0
2020-02-22 12:00:00,96.29115816915427,122.80746923076923,0.12,0.1,0.1,-250.0,-0.0,-0.0,0.0,-26.516311061614957,0.0,0.0,-0.0
2020-02-22 13:00:00,95.21603791214655,112.7763986111111,0.12,0.1,0.1,0.0,0.0,0.0,-0.0,-17.56036069896456,0.0,0.0,-0.0
2020-02-22 14:00:00,92.5353188926893,93.76121818181818,0.12,0.1,0.1,0.0,0.0,0.0,-0.0,-1.2258992891288756,0.0,0.0,-0.0
2020-02-22 15:00:00,92.78086283719836,64.81579615384615,0.12,0.1,0.1,-250.0,-0.0,-0.0,0.0,27.965066683352205,3.3558080020022647,0.0,-3.3558080020022647
2020-02-22 16:00:00,81.29259222214915,26.86755875,0.12,0.1,0.1,-250.0,-0.0,-0.0,0.0,54.42503347214915,6.531004016657898,0.0,-6.531004016657898
2020-02-22 17:00:00,80.88781255996356,4.214063636363637,0.12,0.1,0.1,0.0,0.0,0.0,-0.0,76.67374892359993,9.200849870831991,0.0,-9.200849870831991
2020-02-22 18:00:00,79.1554936552744,0.0,0.12,0.1,0.575,250.0,250.0,250.0,0.0,329.1554936552744,39.49865923863293,0.0,-39.49865923863293
2020-02-22 19:00:00,82.17602803682355,0.0,0.12,0.575,0.8125,125.0,125.0,125.0,0.0,207.17602803682354,24.861123364418823,0.0,-24.861123364418823
2020-02-22 20:00:00,80.1750787846494,0.0,0.12,0.8125,0.549342105263158,-125.0,-125.0,0.0,125.0,-44.8249212153506,0.0,0.0,-0.0
2020-02-22 21:00:00,80.55983191007479,0.0,0.12,0.549342105263158,0.2861842105263159,-125.0,-125.0,0.0,125.0,-44.44016808992521,0.0,0.0,-0.0
2020-02-22 22:00:00,79.09180558225232,0.0,0.12,0.2861842105263159,0.2861842105263159,0.0,0.0,0.0,-0.0,79.09180558225232,9.491016669870278,0.0,-9.491016669870278
2020-02-22 23:00:00,79.69821299253525,0.0,0.12,0.2861842105263159,0.10000000000000003,-125.0,-88.43750000000003,0.0,88.43750000000003,-8.739287007464782,0.0,0.0,-0.0
2020-02-23 00:00:00,76.7936844823889,0.0,0.12,0.10000000000000003,0.1,-125.0,-1.3183898417423734e-14,0.0,1.3183898417423734e-14,76.79368448238888,9.215242137886666,0.0,-9.215242137886666
2020-02-23 01:00:00,77.76423723672809,0.0,0.12,0.1,0.575,250.0,250.0,250.0,0.0,327.7642372367281,39.33170846840737,0.0,-39.33170846840737
2020-02-23 02:00:00,76.44327319366482,0.0,0.12,0.575,0.31184210526315786,-125.0,-125.0,0.0,125.0,-48.55672680633518,0.0,0.0,-0.0
2020-02-23 03:00:00,78.24059884320347,0.0,0.12,0.31184210526315786,0.7868421052631578,250.0,250.0,250.0,0.0,328.2405988432035,39.38887186118442,0.0,-39.38887186118442
2020-02-23 04:00:00,77.74795307843138,0.0,0.12,0.7868421052631578,0.9,250.0,59.55678670360118,59.55678670360118,0.0,137.30473978203256,16.476568773843905,0.0,-16.476568773843905
2020-02-23 05:00:00,78.52249735493525,0.0,0.12,0.9,0.6368421052631579,-125.0,-125.0,0.0,125.0,-46.477502645064746,0.0,0.0,-0.0
2020-02-23 06:00:00,77.0520090347329,0.5701141025641022,0.12,0.6368421052631579,0.3736842105263158,-125.0,-125.0,0.0,125.0,-48.5181050678312,0.0,0.0,-0.0
2020-02-23 07:00:00,78.75497189046183,22.577303055555557,0.12,0.3736842105263158,0.3736842105263158,0.0,0.0,0.0,-0.0,56.17766883490627,6.741320260188752,0.0,-6.741320260188752
2020-02-23 08:00:00,80.31487863326119,40.22818075757576,0.12,0.3736842105263158,0.6111842105263158,125.0,125.0,125.0,0.0,165.08669787568545,19.81040374508225,0.0,-19.81040374508225
2020-02-23 09:00:00,78.2322915865053,26.119131794871798,0.12,0.6111842105263158,0.3480263157894737,-125.0,-125.0,0.0,125.0,-72.8868402083665,0.0,0.0,-0.0
2020-02-23 10:00:00,77.588275752453,46.51765416666666,0.12,0.3480263157894737,0.3480263157894737,0.0,0.0,0.0,-0.0,31.07062158578634,3.728474590294361,0.0,-3.728474590294361
2020-02-23 11:00:00,85.29345059540644,103.47400909090908,0.12,0.3480263157894737,0.3480263157894737,0.0,0.0,0.0,-0.0,-18.180558495502638,0.0,0.0,-0.0
2020-02-23 12:00:00,86.63070271378054,116.36480769230769,0.12,0.3480263157894737,0.10000000000000003,-125.0,-117.81249999999999,0.0,117.81249999999999,-147.54660497852714,0.0,0.0,-0.0
2020-02-23 13:00:00,88.4201646354985,113.66118333333333,0.12,0.10000000000000003,0.10000000000000003,0.0,0.0,0.0,-0.0,-25.241018697834832,0.0,0.0,-0.0
2020-02-23 14:00:00,84.88531497239381,95.07068636363637,0.12,0.10000000000000003,0.10000000000000003,0.0,0.0,0.0,-0.0,-10.185371391242555,0.0,0.0,-0.0
2020-02-23 15:00:00,82.26614499518715,64.24762564102564,0.12,0.10000000000000003,0.1,-250.0,-1.3183898417423734e-14,0.0,1.3183898417423734e-14,18.018519354161498,2.1622223224993795,0.0,-2.1622223224993795
2020-02-23 16:00:00,82.7389373074207,26.98109222222222,0.12,0.1,0.1,0.0,0.0,0.0,-0.0,55.75784508519848,6.690941410223818,0.0,-6.690941410223818
2020-02-23 17:00:00,78.75823242882053,4.313648787878789,0.12,0.1,0.1,0.0,0.0,0.0,-0.0,74.44458364094174,8.933350036913009,0.0,-8.933350036913009
2020-02-23 18:00:00,78.20155044564332,0.0,0.12,0.1,0.575,250.0,250.0,250.0,0.0,328.2015504456433,39.384186053477194,0.0,-39.384186053477194
2020-02-23 19:00:00,80.03150286522482,0.0,0.12,0.575,0.8125,125.0,125.0,125.0,0.0,205.0315028652248,24.603780343826976,0.0,-24.603780343826976
2020-02-23 20:00:00,80.8045920572336,0.0,0.12,0.8125,0.549342105263158,-125.0,-125.0,0.0,125.0,-44.195407942766394,0.0,0.0,-0.0
2020-02-23 21:00:00,79.83928325962242,0.0,0.12,0.549342105263158,0.2861842105263159,-125.0,-125.0,0.0,125.0,-45.16071674037758,0.0,0.0,-0.0
2020-02-23 22:00:00,79.64083393536326,0.0,0.12,0.2861842105263159,0.10000000000000003,-125.0,-88.43750000000003,0.0,88.43750000000003,-8.796666064636767,0.0,0.0,-0.0
2020-02-23 23:00:00,76.25999829043418,0.0,0.12,0.10000000000000003,0.3375,125.0,125.0,125.0,0.0,201.25999829043417,24.1511997948521,0.0,-24.1511997948521
2020-02-24 00:00:00,78.44819649901147,0.0,0.1,0.3375,0.1,-125.0,-112.81250000000001,0.0,112.81250000000001,-34.36430350098854,0.0,0.0,-0.0
2020-02-24 01:00:00,76.67083068096018,0.0,0.1,0.1,0.1,-250.0,-0.0,-0.0,0.0,76.67083068096018,7.6670830680960185,0.0,-7.6670830680960185
2020-02-24 02:00:00,78.5398629569078,0.0,0.1,0.1,0.3375,125.0,125.0,125.0,0.0,203.5398629569078,20.35398629569078,0.0,-20.35398629569078
2020-02-24 03:00:00,75.32319369683756,0.0,0.1,0.3375,0.1,-125.0,-112.81250000000001,0.0,112.81250000000001,-37.48930630316245,0.0,0.0,-0.0
2020-02-24 04:00:00,77.73925509392551,0.0,0.1,0.1,0.3375,125.0,125.0,125.0,0.0,202.73925509392552,20.273925509392555,0.0,-20.273925509392555
2020-02-24 05:00:00,76.08002801798816,0.0,0.1,0.3375,0.575,125.0,125.0,125.0,0.0,201.08002801798816,20.10800280179882,0.0,-20.10800280179882
2020-02-24 06:00:00,78.28014623857426,0.52634358974359,0.1,0.575,0.31184210526315786,-125.0,-125.0,0.0,125.0,-47.24619735116933,0.0,0.0,-0.0
2020-02-24 07:00:00,79.3695526219364,25.79364513888889,0.18,0.31184210526315786,0.1,-250.0,-100.62499999999999,0.0,100.62499999999999,-47.04909251695247,0.0,0.0,-0.0
2020-02-24 08:00:00,88.57041628320013,67.43688636363636,0.18,0.1,0.1,-125.0,-0.0,-0.0,0.0,21.13352991956377,3.8040353855214786,0.0,-3.8040353855214786
2020-02-24 09:00:00,98.7715411281983,101.37373076923078,0.18,0.1,0.1,0.0,0.0,0.0,-0.0,-2.6021896410324814,0.0,0.0,-0.0
2020-02-24 10:00:00,116.25276609696921,123.71840416666667,0.18,0.1,0.1,-250.0,-0.0,-0.0,0.0,-7.465638069697462,0.0,0.0,-0.0
2020-02-24 11:00:00,110.1061126576551,133.21050151515152,0.18,0.1,0.1,0.0,0.0,0.0,-0.0,-23.104388857496417,0.0,0.0,-0.0
2020-02-24 12:00:00,100.89462335147536,130.8419976923077,0.18,0.1,0.1,0.0,0.0,0.0,-0.0,-29.94737434083234,0.0,0.0,-0.0
2020-02-24 13:00:00,105.0968872620848,119.31318055555556,0.18,0.1,0.1,-250.0,-0.0,-0.0,0.0,-14.216293293470756,0.0,0.0,-0.0
2020-02-24 14:00:00,108.10036133821173,100.18943181818182,0.18,0.1,0.3375,125.0,125.0,125.0,0.0,132.91092952002992,23.923967313605385,0.0,-23.923967313605385
2020-02-24 15:00:00,93.18667180057788,69.5759076923077,0.18,0.3375,0.575,125.0,125.0,125.0,0.0,148.6107641082702,26.749937539488634,0.0,-26.749937539488634
2020-02-24 16:00:00,84.29865677858884,29.504071944444444,0.32,0.575,0.9,250.0,171.0526315789474,171.0526315789474,0.0,225.8472164130918,72.27110925218938,0.0,-72.27110925218938
2020-02-24 17:00:00,84.00203553761209,4.571527575757576,0.32,0.9,0.6368421052631579,-125.0,-125.0,0.0,125.0,-45.56949203814548,0.0,0.0,-0.0
2020-02-24 18:00:00,83.14220528322198,0.0,0.32,0.6368421052631579,0.6368421052631579,0.0,0.0,0.0,-0.0,83.14220528322198,26.605505690631034,0.0,-26.605505690631034
2020-02-24 19:00:00,84.35169332438598,0.0,0.32,0.6368421052631579,0.3736842105263158,-125.0,-125.0,0.0,125.0,-40.64830667561402,0.0,0.0,-0.0
2020-02-24 20:00:00,83.93567783998876,0.0,0.32,0.3736842105263158,0.10000000000000003,-250.0,-129.99999999999997,0.0,129.99999999999997,-46.064322160011216,0.0,0.0,-0.0
2020-02-24 21:00:00,77.1799209315441,0.0,0.32,0.10000000000000003,0.10000000000000003,0.0,0.0,0.0,-0.0,77.1799209315441,24.697574698094115,0.0,-24.697574698094115
2020-02-24 22:00:00,78.34262670672958,0.0,0.1,0.10000000000000003,0.10000000000000003,0.0,0.0,0.0,-0.0,78.34262670672958,7.834262670672958,0.0,-7.834262670672958
2020-02-24 23:00:00,77.18482593462127,0.0,0.1,0.10000000000000003,0.3375,125.0,125.0,125.0,0.0,202.18482593462127,20.218482593462127,0.0,-20.218482593462127
2020-02-25 00:00:00,76.41107780963985,0.0,0.1,0.3375,0.1,-125.0,-112.81250000000001,0.0,112.81250000000001,-36.401422190360165,0.0,0.0,-0.0
2020-02-25 01:00:00,75.20895030689486,0.0,0.1,0.1,0.1,-250.0,-0.0,-0.0,0.0,75.20895030689486,7.520895030689487,0.0,-7.520895030689487
2020-02-25 02:00:00,77.72295013482334,0.0,0.1,0.1,0.3375,125.0,125.0,125.0,0.0,202.72295013482335,20.272295013482335,0.0,-20.272295013482335
2020-02-25 03:00:00,75.69607268359495,0.0,0.1,0.3375,0.1,-125.0,-112.81250000000001,0.0,112.81250000000001,-37.116427316405066,0.0,0.0,-0.0
2020-02-25 04:00:00,77.60491459874667,0.0,0.1,0.1,0.3375,125.0,125.0,125.0,0.0,202.6049145987467,20.26049145987467,0.0,-20.26049145987467
2020-02-25 05:00:00,72.9353548926994,0.0,0.1,0.3375,0.575,125.0,125.0,125.0,0.0,197.9353548926994,19.793535489269942,0.0,-19.793535489269942
2020-02-25 06:00:00,76.59676309129614,0.7260130769230769,0.1,0.575,0.31184210526315786,-125.0,-125.0,0.0,125.0,-49.12924998562694,0.0,0.0,-0.0
2020-02-25 07:00:00,80.15410161573804,25.790140833333336,0.18,0.31184210526315786,0.5493421052631579,125.0,125.0,125.0,0.0,179.36396078240472,32.285512940832845,0.0,-32.285512940832845
2020-02-25 08:00:00,88.51641619846372,67.14702272727273,0.18,0.5493421052631579,0.28618421052631576,-125.0,-125.0,0.0,125.0,-103.63060652880901,0.0,0.0,-0.0
2020-02-25 09:00:00,92.4989382078787,101.1445076923077,0.18,0.28618421052631576,0.28618421052631576,0.0,0.0,0.0,-0.0,-8.645569484429004,0.0,0.0,-0.0
2020-02-25 10:00:00,98.38090443792258,122.36540000000001,0.18,0.28618421052631576,0.28618421052631576,0.0,0.0,0.0,-0.0,-23.984495562077427,0.0,0.0,-0.0
2020-02-25 11:00:00,107.36668965926528,130.7813,0.18,0.28618421052631576,0.28618421052631576,0.0,0.0,0.0,-0.0,-23.41461034073471,0.0,0.0,-0.0
2020-02-25 12:00:00,111.6487321166218,129.21288076923076,0.18,0.28618421052631576,0.28618421052631576,0.0,0.0,0.0,-0.0,-17.564148652608964,0.0,0.0,-0.0
2020-02-25 13:00:00,108.37631406942813,119.58976041666666,0.18,0.28618421052631576,0.28618421052631576,0.0,0.0,0.0,-0.0,-11.21344634723853,0.0,0.0,-0.0
2020-02-25 14:00:00,98.10557003032973,98.82764545454546,0.18,0.28618421052631576,0.28618421052631576,0.0,0.0,0.0,-0.0,-0.7220754242157312,0.0,0.0,-0.0
2020-02-25 15:00:00,97.29098597002083,68.89208076923077,0.18,0.28618421052631576,0.28618421052631576,0.0,0.0,0.0,-0.0,28.398905200790054,5.11180293614221,0.0,-5.11180293614221
2020-02-25 16:00:00,83.91592605852456,29.55502875,0.32,0.28618421052631576,0.7611842105263158,250.0,250.0,250.0,0.0,304.36089730852456,97.39548713872786,0.0,-97.39548713872786
2020-02-25 17:00:00,87.36709997849431,4.376477878787878,0.32,0.7611842105263158,0.4980263157894737,-125.0,-125.0,0.0,125.0,-42.00937790029357,0.0,0.0,-0.0
2020-02-25 18:00:00,86.31785352533521,0.0,0.32,0.4980263157894737,0.4980263157894737,0.0,0.0,0.0,-0.0,86.31785352533521,27.621713128107267,0.0,-27.621713128107267
2020-02-25 19:00:00,86.04420551811266,0.0,0.32,0.4980263157894737,0.7355263157894737,125.0,125.0,125.0,0.0,211.04420551811268,67.53414576579605,0.0,-67.53414576579605
2020-02-25 20:00:00,86.62783897832443,0.0,0.32,0.7355263157894737,0.4723684210526316,-125.0,-125.0,0.0,125.0,-38.372161021675566,0.0,0.0,-0.0
2020-02-25 21:00:00,80.54672605268755,0.0,0.32,0.4723684210526316,0.2092105263157895,-125.0,-125.0,0.0,125.0,-44.453273947312454,0.0,0.0,-0.0
2020-02-25 22:00:00,79.59450818665293,0.0,0.1,0.2092105263157895,0.2092105263157895,0.0,0.0,0.0,-0.0,79.59450818665293,7.959450818665293,0.0,-7.959450818665293
2020-02-25 23:00:00,77.14823181518312,0.0,0.1,0.2092105263157895,0.2092105263157895,0.0,0.0,0.0,-0.0,77.14823181518312,7.714823181518312,0.0,-7.714823181518312
2020-02-26 00:00:00,79.00556741550501,0.0,0.1,0.2092105263157895,0.1,-125.0,-51.875000000000014,0.0,51.875000000000014,27.130567415505,2.7130567415505,0.0,-2.7130567415505
2020-02-26 01:00:00,77.19623962269895,0.0,0.1,0.1,0.1,-250.0,-0.0,-0.0,0.0,77.19623962269895,7.719623962269896,0.0,-7.719623962269896
2020-02-26 02:00:00,76.08630738988614,0.0,0.1,0.1,0.3375,125.0,125.0,125.0,0.0,201.08630738988614,20.108630738988616,0.0,-20.108630738988616
2020-02-26 03:00:00,75.21856402755871,0.0,0.1,0.3375,0.1,-125.0,-112.81250000000001,0.0,112.81250000000001,-37.5939359724413,0.0,0.0,-0.0
2020-02-26 04:00:00,75.88305732411419,0.0,0.1,0.1,0.3375,125.0,125.0,125.0,0.0,200.8830573241142,20.08830573241142,0.0,-20.08830573241142
2020-02-26 05:00:00,75.7065882956377,0.0,0.1,0.3375,0.3375,0.0,0.0,0.0,-0.0,75.7065882956377,7.5706588295637705,0.0,-7.5706588295637705
2020-02-26 06:00:00,77.3161009258014,0.8701025641025638,0.1,0.3375,0.8125,250.0,250.0,250.0,0.0,326.4459983616988,32.64459983616988,0.0,-32.64459983616988
2020-02-26 07:00:00,82.16415674857758,25.530616666666663,0.18,0.8125,0.549342105263158,-125.0,-125.0,0.0,125.0,-68.36645991808908,0.0,0.0,-0.0
2020-02-26 08:00:00,86.81566895457875,64.6690696969697,0.18,0.549342105263158,0.2861842105263159,-125.0,-125.0,0.0,125.0,-102.85340074239095,0.0,0.0,-0.0
2020-02-26 09:00:00,88.96520782933425,94.88479615384615,0.18,0.2861842105263159,0.2861842105263159,0.0,0.0,0.0,-0.0,-5.919588324511906,0.0,0.0,-0.0
2020-02-26 10:00:00,95.66069957460273,114.30110833333333,0.18,0.2861842105263159,0.2861842105263159,0.0,0.0,0.0,-0.0,-18.6404087587306,0.0,0.0,-0.0
2020-02-26 11:00:00,99.76385768658616,122.76508636363637,0.18,0.2861842105263159,0.2861842105263159,0.0,0.0,0.0,-0.0,-23.001228677050207,0.0,0.0,-0.0
2020-02-26 12:00:00,97.71486034644006,121.95611923076923,0.18,0.2861842105263159,0.2861842105263159,0.0,0.0,0.0,-0.0,-24.24125888432917,0.0,0.0,-0.0
2020-02-26 13:00:00,97.195153646409,112.7381875,0.18,0.2861842105263159,0.2861842105263159,0.0,0.0,0.0,-0.0,-15.543033853590998,0.0,0.0,-0.0
2020-02-26 14:00:00,95.2575389723817,94.41813787878787,0.18,0.2861842105263159,0.2861842105263159,0.0,0.0,0.0,-0.0,0.8394010935938212,0.15109219684688782,0.0,-0.15109219684688782
2020-02-26 15:00:00,94.78186084642319,65.44491153846154,0.18,0.2861842105263159,0.2861842105263159,0.0,0.0,0.0,-0.0,29.336949307961646,5.280650875433096,0.0,-5.280650875433096
2020-02-26 16:00:00,86.32166641260984,28.33077,0.32,0.2861842105263159,0.7611842105263158,250.0,250.0,250.0,0.0,307.99089641260986,98.55708685203516,0.0,-98.55708685203516
2020-02-26 17:00:00,82.79429907825578,4.890407272727273,0.32,0.7611842105263158,0.4980263157894737,-125.0,-125.0,0.0,125.0,-47.0961081944715,0.0,0.0,-0.0
2020-02-26 18:00:00,84.54269924098789,0.0,0.32,0.4980263157894737,0.4980263157894737,0.0,0.0,0.0,-0.0,84.54269924098789,27.053663757116123,0.0,-27.053663757116123
2020-02-26 19:00:00,85.69262345953213,0.0,0.32,0.4980263157894737,0.7355263157894737,125.0,125.0,125.0,0.0,210.69262345953211,67.42163950705027,0.0,-67.42163950705027
2020-02-26 20:00:00,85.17423258186935,0.0,0.32,0.7355263157894737,0.4723684210526316,-125.0,-125.0,0.0,125.0,-39.82576741813065,0.0,0.0,-0.0
2020-02-26 21:00:00,78.19723022229189,0.0,0.32,0.4723684210526316,0.2092105263157895,-125.0,-125.0,0.0,125.0,-46.80276977770811,0.0,0.0,-0.0
2020-02-26 22:00:00,78.18110537440297,0.0,0.1,0.2092105263157895,0.2092105263157895,0.0,0.0,0.0,-0.0,78.18110537440297,7.8181105374402975,0.0,-7.8181105374402975
2020-02-26 23:00:00,78.74686284068517,0.0,0.1,0.2092105263157895,0.2092105263157895,0.0,0.0,0.0,-0.0,78.74686284068517,7.874686284068517,0.0,-7.874686284068517
2020-02-27 00:00:00,77.59834297830022,0.0,0.1,0.2092105263157895,0.1,-125.0,-51.875000000000014,0.0,51.875000000000014,25.72334297830021,2.572334297830021,0.0,-2.572334297830021
2020-02-27 01:00:00,74.93496857299431,0.0,0.1,0.1,0.1,-250.0,-0.0,-0.0,0.0,74.93496857299431,7.493496857299431,0.0,-7.493496857299431
2020-02-27 02:00:00,76.31779819444193,0.0,0.1,0.1,0.3375,125.0,125.0,125.0,0.0,201.31779819444193,20.131779819444194,0.0,-20.131779819444194
2020-02-27 03:00:00,76.91305456345262,0.0,0.1,0.3375,0.1,-125.0,-112.81250000000001,0.0,112.81250000000001,-35.899445436547396,0.0,0.0,-0.0
2020-02-27 04:00:00,76.84612895637211,0.0,0.1,0.1,0.3375,125.0,125.0,125.0,0.0,201.84612895637213,20.184612895637216,0.0,-20.184612895637216
2020-02-27 05:00:00,74.9276740400877,0.0,0.1,0.3375,0.3375,0.0,0.0,0.0,-0.0,74.9276740400877,7.49276740400877,0.0,-7.49276740400877
2020-02-27 06:00:00,75.49182218302826,0.5478974358974353,0.1,0.3375,0.8125,250.0,250.0,250.0,0.0,324.94392474713084,32.49439247471309,0.0,-32.49439247471309
2020-02-27 07:00:00,80.58809566861937,26.333759583333332,0.18,0.8125,0.549342105263158,-125.0,-125.0,0.0,125.0,-70.74566391471396,0.0,0.0,-0.0
2020-02-27 08:00:00,89.54201364921745,66.29491515151516,0.18,0.549342105263158,0.2861842105263159,-125.0,-125.0,0.0,125.0,-101.7529015022977,0.0,0.0,-0.0
2020-02-27 09:00:00,93.3676494089619,98.20347692307692,0.18,0.2861842105263159,0.2861842105263159,0.0,0.0,0.0,-0.0,-4.835827514115024,0.0,0.0,-0.0
2020-02-27 10:00:00,100.77802852114576,117.71365416666667,0.18,0.2861842105263159,0.2861842105263159,0.0,0.0,0.0,-0.0,-16.935625645520915,0.0,0.0,-0.0
2020-02-27 11:00:00,105.21039810173887,123.89252272727272,0.18,0.2861842105263159,0.2861842105263159,0.0,0.0,0.0,-0.0,-18.682124625533845,0.0,0.0,-0.0
2020-02-27 12:00:00,101.95010209855685,124.83323461538461,0.18,0.2861842105263159,0.2861842105263159,0.0,0.0,0.0,-0.0,-22.883132516827757,0.0,0.0,-0.0
2020-02-27 13:00:00,97.87204696870333,114.22871249999999,0.18,0.2861842105263159,0.2861842105263159,0.0,0.0,0.0,-0.0,-16.356665531296656,0.0,0.0,-0.0
2020-02-27 14:00:00,102.49281643289288,96.49583181818183,0.18,0.2861842105263159,0.2861842105263159,0.0,0.0,0.0,-0.0,5.996984614711053,1.0794572306479895,0.0,-1.0794572306479895
2020-02-27 15:00:00,94.53684943105398,67.65004615384615,0.18,0.2861842105263159,0.2861842105263159,0.0,0.0,0.0,-0.0,26.886803277207832,4.83962458989741,0.0,-4.83962458989741
2020-02-27 16:00:00,92.45580173955578,28.266914027777776,0.32,0.2861842105263159,0.7611842105263158,250.0,250.0,250.0,0.0,314.188887711778,100.54044406776897,0.0,-100.54044406776897
2020-02-27 17:00:00,88.20074848837605,5.128490151515151,0.32,0.7611842105263158,0.4980263157894737,-125.0,-125.0,0.0,125.0,-41.9277416631391,0.0,0.0,-0.0
2020-02-27 18:00:00,85.16289195399773,0.01076923076923077,0.32,0.4980263157894737,0.4980263157894737,0.0,0.0,0.0,-0.0,85.1521227232285,27.248679271433122,0.0,-27.248679271433122
2020-02-27 19:00:00,87.04471010822225,0.0,0.32,0.4980263157894737,0.7355263157894737,125.0,125.0,125.0,0.0,212.04471010822226,67.85430723463112,0.0,-67.85430723463112
2020-02-27 20:00:00,87.20933723214273,0.0,0.32,0.7355263157894737,0.4723684210526316,-125.0,-125.0,0.0,125.0,-37.79066276785727,0.0,0.0,-0.0
2020-02-27 21:00:00,82.1716685459094,0.0,0.32,0.4723684210526316,0.2092105263157895,-125.0,-125.0,0.0,125.0,-42.8283314540906,0.0,0.0,-0.0
2020-02-27 22:00:00,82.3703710177217,0.0,0.1,0.2092105263157895,0.2092105263157895,0.0,0.0,0.0,-0.0,82.3703710177217,8.23703710177217,0.0,-8.23703710177217
2020-02-27 23:00:00,81.0394539741188,0.0,0.1,0.2092105263157895,0.2092105263157895,0.0,0.0,0.0,-0.0,81.0394539741188,8.10394539741188,0.0,-8.10394539741188
2020-02-28 00:00:00,80.78632431242914,0.0,0.1,0.2092105263157895,0.2092105263157895,0.0,0.0,0.0,-0.0,80.78632431242914,8.078632431242914,0.0,-8.078632431242914
2020-02-28 01:00:00,81.33475416332278,0.0,0.1,0.2092105263157895,0.2092105263157895,0.0,0.0,0.0,-0.0,81.33475416332278,8.13347541633228,0.0,-8.13347541633228
2020-02-28 02:00:00,81.32963032065555,0.0,0.1,0.2092105263157895,0.1,-250.0,-51.875000000000014,0.0,51.875000000000014,29.45463032065554,2.945463032065554,0.0,-2.945463032065554
2020-02-28 03:00:00,80.38120866133627,0.0,0.1,0.1,0.3375,125.0,125.0,125.0,0.0,205.38120866133627,20.538120866133628,0.0,-20.538120866133628
2020-02-28 04:00:00,80.17796672868083,0.0,0.1,0.3375,0.575,125.0,125.0,125.0,0.0,205.17796672868081,20.517796672868084,0.0,-20.517796672868084
2020-02-28 05:00:00,81.32147837710397,0.0,0.1,0.575,0.9,250.0,171.0526315789474,171.0526315789474,0.0,252.37410995605137,25.23741099560514,0.0,-25.23741099560514
2020-02-28 06:00:00,81.36679251233552,0.6299330218068536,0.1,0.9,0.6368421052631579,-125.0,-125.0,0.0,125.0,-44.26314050947133,0.0,0.0,-0.0
2020-02-28 07:00:00,84.200927413718,17.255373194444445,0.18,0.6368421052631579,0.6368421052631579,0.0,0.0,0.0,-0.0,66.94555421927356,12.05019975946924,0.0,-12.05019975946924
2020-02-28 08:00:00,95.75349667254532,43.55911181818181,0.18,0.6368421052631579,0.6368421052631579,0.0,0.0,0.0,-0.0,52.19438485436351,9.394989273785432,0.0,-9.394989273785432
2020-02-28 09:00:00,102.70632571995495,80.11952307692307,0.18,0.6368421052631579,0.6368421052631579,0.0,0.0,0.0,-0.0,22.586802643031874,4.065624475745737,0.0,-4.065624475745737
2020-02-28 10:00:00,101.2255457107214,97.61460833333332,0.18,0.6368421052631579,0.6368421052631579,0.0,0.0,0.0,-0.0,3.6109373773880833,0.6499687279298549,0.0,-0.6499687279298549
2020-02-28 11:00:00,101.61516951214206,96.34935454545456,0.18,0.6368421052631579,0.6368421052631579,0.0,0.0,0.0,-0.0,5.2658149666875005,0.9478466940037501,0.0,-0.9478466940037501
2020-02-28 12:00:00,98.94514216305112,99.08607692307692,0.18,0.6368421052631579,0.6368421052631579,0.0,0.0,0.0,-0.0,-0.1409347600258002,0.0,0.0,-0.0
2020-02-28 13:00:00,98.39277431644128,88.887925,0.18,0.6368421052631579,0.6368421052631579,0.0,0.0,0.0,-0.0,9.50484931644128,1.7108728769594304,0.0,-1.7108728769594304
2020-02-28 14:00:00,125.14300053481053,74.09613181818182,0.18,0.6368421052631579,0.6368421052631579,0.0,0.0,0.0,-0.0,51.04686871662871,9.188436368993168,0.0,-9.188436368993168
2020-02-28 15:00:00,115.39983443952886,58.042096923076926,0.18,0.6368421052631579,0.8743421052631579,125.0,125.0,125.0,0.0,182.35773751645195,32.82439275296135,0.0,-32.82439275296135
2020-02-28 16:00:00,97.02768475711177,25.493858333333332,0.32,0.8743421052631579,0.9,250.0,13.504155124653739,13.504155124653739,0.0,85.03798154843217,27.212154095498295,0.0,-27.212154095498295
2020-02-28 17:00:00,89.838561179217,4.754950845369584,0.32,0.9,0.6368421052631579,-125.0,-125.0,0.0,125.0,-39.91638966615258,0.0,0.0,-0.0
2020-02-28 18:00:00,86.02982599062686,0.011804457225017974,0.32,0.6368421052631579,0.6368421052631579,0.0,0.0,0.0,-0.0,86.01802153340185,27.525766890688594,0.0,-27.525766890688594
2020-02-28 19:00:00,87.87697186086102,0.0,0.32,0.6368421052631579,0.3736842105263158,-125.0,-125.0,0.0,125.0,-37.12302813913898,0.0,0.0,-0.0
2020-02-28 20:00:00,87.67523822413997,0.0,0.32,0.3736842105263158,0.1105263157894737,-125.0,-125.0,0.0,125.0,-37.324761775860026,0.0,0.0,-0.0
2020-02-28 21:00:00,81.6465275231229,0.0,0.32,0.1105263157894737,0.1105263157894737,0.0,0.0,0.0,-0.0,81.6465275231229,26.12688880739933,0.0,-26.12688880739933
2020-02-28 22:00:00,82.18903229020587,0.0,0.1,0.1105263157894737,0.3480263157894737,125.0,125.0,125.0,0.0,207.1890322902059,20.71890322902059,0.0,-20.71890322902059
2020-02-28 23:00:00,82.64613780759542,0.0,0.1,0.3480263157894737,0.3480263157894737,0.0,0.0,0.0,-0.0,82.64613780759542,8.264613780759543,0.0,-8.264613780759543
